case_id,activity,timestamp,transition,duration_days
case_0001,A,2025-01-11 17:39:58,start,0.0
case_0001,B,2025-01-12 14:15:06,A→B,0.8577320653421732
case_0002,A,2025-02-09 04:00:36,start,0.0
case_0002,B,2025-02-12 13:04:45,A→B,3.3778767771708966
case_0002,C,2025-02-14 21:11:37,B→C,2.3381015938318206
case_0002,D,2025-02-20 09:18:22,C→D,5.504686582802278
case_0003,A,2025-01-14 13:55:11,start,0.0
case_0003,B,2025-01-15 12:39:50,A→B,0.9476778239029752
case_0003,A,2025-01-17 10:09:13,B→A,1.8954038030774414
case_0003,B,2025-01-21 05:20:48,A→B,3.7997151537536284
case_0003,C,2025-01-22 01:45:12,B→C,0.8502761346586478
case_0003,D,2025-01-23 17:32:00,C→D,1.6575041730861901
case_0004,A,2025-02-03 19:15:48,start,0.0
case_0004,B,2025-02-08 12:44:52,A→B,4.728511217619809
case_0004,C,2025-02-13 03:24:48,B→C,4.611073825893543
case_0004,B,2025-02-17 15:43:56,C→B,4.513276084453786
case_0004,A,2025-02-20 02:49:54,B→A,2.4624813167168895
case_0004,B,2025-02-22 18:34:53,A→B,2.6562360805039305
case_0004,C,2025-02-27 05:48:55,B→C,4.468086873947186
case_0004,D,2025-02-27 05:58:18,C→D,0.006512941646096948
case_0005,A,2025-02-01 03:54:48,start,0.0
case_0005,B,2025-02-02 07:20:04,A→B,1.1425494400975917
case_0005,D,2025-02-27 00:13:29,B→D,24.703762987467293
case_0006,A,2025-02-13 19:17:35,start,0.0
case_0006,B,2025-02-15 05:21:16,A→B,1.4192315470272057
case_0006,D,2025-02-23 19:41:12,B→D,8.5971760034331
case_0007,A,2025-02-07 06:08:49,start,0.0
case_0007,B,2025-02-09 01:19:45,A→B,1.7992572944452299
case_0007,C,2025-02-12 13:03:38,B→C,3.4888006658415414
case_0007,B,2025-02-12 17:26:39,C→B,0.18265566868581828
case_0007,C,2025-02-15 08:08:55,B→C,2.612688463836161
case_0007,D,2025-02-19 03:57:37,C→D,3.8254781747410576
case_0008,A,2025-02-09 13:50:04,start,0.0
case_0008,B,2025-02-10 08:44:48,A→B,0.7880097839054958
case_0008,C,2025-02-11 02:43:12,B→C,0.7488874862338148
case_0008,D,2025-02-16 11:54:00,C→D,5.382502038882855
case_0009,A,2025-02-06 09:48:46,start,0.0
case_0009,C,2025-02-11 08:07:27,A→C,4.929639139758165
case_0009,D,2025-02-18 04:26:55,C→D,6.846858328847493
case_0010,A,2025-01-08 16:48:57,start,0.0
case_0010,B,2025-01-08 21:52:45,A→B,0.21097330910796497
case_0010,C,2025-01-09 01:59:28,B→C,0.17133134336410183
case_0010,D,2025-01-09 17:53:59,C→D,0.6628495568965749
case_0011,A,2025-01-19 19:40:48,start,0.0
case_0011,B,2025-01-22 07:04:51,A→B,2.4750262177829776
case_0011,C,2025-01-23 16:39:13,B→C,1.398868548640237
case_0011,D,2025-01-25 15:22:45,C→D,1.946899352531669
case_0012,A,2025-02-09 00:14:21,start,0.0
case_0012,C,2025-02-10 19:34:25,A→C,1.8056006629346497
case_0012,D,2025-02-20 12:28:50,C→D,9.70445598087012
case_0013,A,2025-01-07 02:25:39,start,0.0
case_0013,B,2025-01-08 04:17:04,A→B,1.0773697736111991
case_0013,A,2025-01-09 21:55:59,B→A,1.7353588494740153
case_0013,B,2025-01-10 12:36:35,A→B,0.6115339590531228
case_0013,C,2025-01-12 23:14:59,B→C,2.4433253285896095
case_0013,B,2025-01-23 08:11:01,C→B,10.37225593953278
case_0013,C,2025-01-23 23:18:26,B→C,0.6301440207100235
case_0013,B,2025-01-26 21:47:14,C→B,2.936669606453588
case_0013,A,2025-01-28 20:08:47,B→A,1.9316250619907578
case_0013,B,2025-01-29 18:12:43,A→B,0.9194077032208554
case_0013,D,2025-01-31 05:35:56,B→D,1.4744520838595143
case_0014,A,2025-01-11 01:39:58,start,0.0
case_0014,C,2025-01-14 15:15:39,A→C,3.5664525357932226
case_0014,D,2025-01-23 10:18:48,C→D,8.793853043357336
case_0015,A,2025-02-07 16:45:51,start,0.0
case_0015,C,2025-02-16 12:35:03,A→C,8.82583827100501
case_0015,B,2025-02-17 18:52:13,C→B,1.2619159004412985
case_0015,C,2025-02-22 01:16:20,B→C,4.266751518744018
case_0015,D,2025-02-22 17:05:45,C→D,0.6593169956479521
case_0016,A,2025-01-22 08:57:33,start,0.0
case_0016,C,2025-01-27 16:03:13,A→C,5.295599192465037
case_0016,D,2025-01-28 23:47:51,C→D,1.3226647546007033
case_0017,A,2025-01-05 16:51:25,start,0.0
case_0017,B,2025-01-09 07:44:30,A→B,3.6201944860032005
case_0017,C,2025-01-10 21:30:24,B→C,1.5735460007745607
case_0017,B,2025-01-12 08:40:45,C→B,1.4655120540891984
case_0018,A,2025-01-26 15:41:35,start,0.0
case_0018,B,2025-01-30 06:48:11,A→B,3.6295886388232264
case_0018,C,2025-02-03 20:34:49,B→C,4.574053836041567
case_0018,D,2025-02-04 03:58:31,C→D,0.308115996774319
case_0019,A,2025-02-21 21:15:57,start,0.0
case_0019,B,2025-02-25 20:50:39,A→B,3.982424419915499
case_0019,C,2025-02-27 10:24:00,B→C,1.5648267591685503
case_0020,A,2025-01-09 06:57:48,start,0.0
case_0020,B,2025-01-10 10:05:38,A→B,1.1304411729883224
case_0020,A,2025-01-11 21:21:59,B→A,1.4696781589797
case_0020,B,2025-01-17 10:18:36,A→B,5.5393192318249564
case_0020,D,2025-01-22 14:14:32,B→D,5.163847970244305
case_0021,A,2025-02-28 13:35:06,start,0.0
case_0021,B,2025-03-03 22:29:57,A→B,3.37143067182435
case_0021,C,2025-03-06 04:55:04,B→C,2.2674370352195083
case_0021,D,2025-03-06 11:46:55,C→D,0.2860062507611927
case_0022,A,2025-02-02 13:07:19,start,0.0
case_0022,B,2025-02-04 16:33:20,A→B,2.143064651646244
case_0022,C,2025-02-07 09:03:22,B→C,2.687517208827884
case_0022,D,2025-02-12 07:33:29,C→D,4.937581957044339
case_0023,A,2025-01-07 23:11:27,start,0.0
case_0023,B,2025-01-09 22:58:43,A→B,1.9911625767656784
case_0023,D,2025-01-25 05:48:44,B→D,15.284732511810557
case_0024,A,2025-02-16 11:14:06,start,0.0
case_0024,B,2025-02-16 21:31:49,A→B,0.42896274433190185
case_0024,C,2025-02-17 21:18:07,B→C,0.9904907422970365
case_0024,B,2025-02-19 20:28:46,C→B,1.9657298249086268
case_0025,A,2025-02-02 00:02:00,start,0.0
case_0025,B,2025-02-03 02:16:51,A→B,1.09365446751863
case_0025,C,2025-02-04 04:46:45,B→C,1.1040963651832012
case_0025,D,2025-02-11 12:21:50,C→D,7.3160218220270545
case_0026,A,2025-02-21 10:30:48,start,0.0
case_0026,B,2025-02-22 07:11:36,A→B,0.8616676005428585
case_0026,A,2025-02-23 11:17:26,B→A,1.170712323452969
case_0026,C,2025-02-28 15:12:53,A→C,5.163504279088492
case_0026,D,2025-03-13 09:57:11,C→D,12.780763691451353
case_0027,A,2025-01-29 10:36:44,start,0.0
case_0027,C,2025-02-05 06:47:43,A→C,6.840961677380378
case_0027,D,2025-02-05 14:12:44,C→D,0.3090426103851103
case_0028,A,2025-02-12 16:34:31,start,0.0
case_0028,B,2025-02-17 15:34:22,A→B,4.958233749584456
case_0028,D,2025-03-12 04:06:26,B→D,22.522267493214343
case_0029,A,2025-02-24 12:01:44,start,0.0
case_0029,B,2025-03-01 19:07:29,A→B,5.295659470401151
case_0029,C,2025-03-03 08:40:43,B→C,1.5647396191338379
case_0029,D,2025-03-04 01:15:36,C→D,0.6908874798651423
case_0030,A,2025-01-05 14:58:43,start,0.0
case_0030,B,2025-01-05 15:39:03,A→B,0.028012950160377133
case_0030,C,2025-01-05 16:36:06,B→C,0.039611722074576444
case_0030,D,2025-01-08 03:53:22,C→D,2.470321153625199
case_0031,A,2025-02-16 22:49:20,start,0.0
case_0031,C,2025-02-21 14:56:59,A→C,4.67197768964072
case_0031,B,2025-02-25 18:04:50,C→B,4.130451693582225
case_0031,A,2025-02-28 10:10:02,B→A,2.670283468415116
case_0031,C,2025-03-06 02:24:26,A→C,5.676664540114938
case_0031,B,2025-03-06 11:17:10,C→B,0.3699497269487466
case_0031,A,2025-03-08 12:30:31,B→A,2.050939449654898
case_0031,B,2025-03-09 18:05:28,A→B,1.2326126050497734
case_0031,C,2025-03-11 00:52:16,B→C,1.282494026670701
case_0031,D,2025-03-15 01:19:19,C→D,4.018790406069254
case_0032,A,2025-01-23 19:06:23,start,0.0
case_0032,B,2025-01-24 10:29:55,A→B,0.6413471564005893
case_0032,D,2025-02-01 04:02:02,B→D,7.7306310655414885
case_0033,A,2025-01-14 01:55:43,start,0.0
case_0033,B,2025-01-15 09:52:00,A→B,1.330760132649908
case_0033,A,2025-01-17 17:40:32,B→A,2.325364137238128
case_0033,C,2025-01-27 11:07:43,A→C,9.727212148055017
case_0033,B,2025-02-04 10:08:16,C→B,7.958718479539279
case_0033,C,2025-02-06 09:50:59,B→C,1.9879912841747789
case_0033,D,2025-02-08 19:59:22,C→D,2.422495143104772
case_0034,A,2025-01-01 08:51:51,start,0.0
case_0034,B,2025-01-03 18:14:52,A→B,2.3909807983620457
case_0034,C,2025-01-11 03:52:19,B→C,7.401008811927101
case_0034,D,2025-01-27 14:43:54,C→D,16.452495373841874
case_0035,A,2025-01-05 11:24:21,start,0.0
case_0035,B,2025-01-06 17:40:54,A→B,1.2614869831648912
case_0035,A,2025-01-09 07:23:03,B→A,2.5709404032231813
case_0035,B,2025-01-10 08:13:47,A→B,1.0352377607289318
case_0035,C,2025-01-15 06:20:44,B→C,4.921482119072567
case_0035,B,2025-01-23 00:18:02,C→B,7.7481310236045235
case_0035,C,2025-01-27 05:04:32,B→C,4.198961852447965
case_0035,B,2025-01-27 20:25:27,C→B,0.63951830023775
case_0035,A,2025-01-30 12:51:36,B→A,2.684824573206896
case_0035,C,2025-02-04 01:17:38,A→C,4.518086626107454
case_0035,B,2025-02-05 23:31:02,C→B,1.9259651997684202
case_0035,A,2025-02-07 18:29:38,B→A,1.7907036115209145
case_0035,B,2025-02-08 17:24:51,A→B,0.9550010784439991
case_0035,C,2025-02-09 05:28:25,B→C,0.5024802043088101
case_0035,B,2025-02-10 20:18:40,C→B,1.6182263984349987
case_0035,C,2025-02-11 21:10:41,B→C,1.036129793897345
case_0035,D,2025-02-11 23:54:29,C→D,0.11374861471664843
case_0036,A,2025-02-20 06:51:26,start,0.0
case_0036,B,2025-02-21 14:03:57,A→B,1.3003563742286097
case_0036,D,2025-02-26 06:09:21,B→D,4.670420402614692
case_0037,A,2025-02-17 14:19:43,start,0.0
case_0037,B,2025-02-20 09:59:44,A→B,2.819457462911606
case_0037,A,2025-02-23 03:48:48,B→A,2.7424151489768214
case_0038,A,2025-01-18 09:35:47,start,0.0
case_0038,B,2025-01-18 11:48:10,A→B,0.09192856165349725
case_0038,D,2025-01-21 12:18:09,B→D,3.02082416841637
case_0039,A,2025-03-01 22:13:59,start,0.0
case_0039,B,2025-03-03 01:49:22,A→B,1.1495734212869724
case_0039,C,2025-03-03 23:39:14,B→C,0.909626807799172
case_0039,D,2025-03-28 20:45:35,C→D,24.879407679094854
case_0040,A,2025-02-05 04:48:11,start,0.0
case_0040,B,2025-02-06 15:04:04,A→B,1.4277031879465616
case_0040,D,2025-02-11 14:29:14,B→D,4.975807673756716
case_0041,A,2025-02-13 19:36:59,start,0.0
case_0041,C,2025-02-17 09:19:49,A→C,3.5714130412272933
case_0041,D,2025-02-19 15:13:01,C→D,2.2452851285822923
case_0042,A,2025-02-05 17:03:36,start,0.0
case_0042,B,2025-02-08 17:40:50,A→B,3.0258553775640875
case_0042,A,2025-02-11 06:15:48,B→A,2.5242781722458343
case_0042,B,2025-02-12 22:46:12,A→B,1.6877761939461928
case_0042,D,2025-02-14 23:50:33,B→D,2.0446911788346203
case_0043,A,2025-02-20 14:40:55,start,0.0
case_0043,B,2025-02-24 12:39:31,A→B,3.915686818237501
case_0043,C,2025-02-27 01:40:32,B→C,2.5423786709503036
case_0043,B,2025-03-02 05:28:39,C→B,3.1584097668800037
case_0043,C,2025-03-07 05:20:36,B→C,4.994416027298616
case_0043,D,2025-03-26 08:05:17,C→D,19.114360308421904
case_0044,A,2025-02-05 05:52:39,start,0.0
case_0044,B,2025-02-06 08:48:19,A→B,1.121991314715582
case_0044,A,2025-02-07 16:52:59,B→A,1.3365759900686993
case_0044,B,2025-02-07 19:09:20,A→B,0.09468592295066047
case_0044,C,2025-02-11 09:05:43,B→C,3.5808179394533592
case_0044,D,2025-02-16 12:49:59,C→D,5.155745333616418
case_0045,A,2025-01-27 23:05:34,start,0.0
case_0045,B,2025-01-30 02:20:29,A→B,2.1353538088749238
case_0045,A,2025-01-31 09:19:03,B→A,1.2906732488487656
case_0045,B,2025-01-31 18:46:49,A→B,0.39427881988566593
case_0045,D,2025-02-04 15:04:05,B→D,3.845327707499985
case_0046,A,2025-02-18 16:34:58,start,0.0
case_0046,B,2025-02-26 16:16:24,A→B,7.9871086384957515
case_0046,C,2025-03-01 15:35:24,B→C,2.9715244053093937
case_0046,D,2025-03-25 10:44:01,C→D,23.797651118300827
case_0047,A,2025-02-06 12:45:23,start,0.0
case_0047,B,2025-02-07 20:57:37,A→B,1.3418264656544172
case_0047,A,2025-02-10 08:57:31,B→A,2.499930150440613
case_0047,C,2025-02-18 05:35:48,A→C,7.859922298919774
case_0047,D,2025-02-18 21:07:18,C→D,0.6468698703090539
case_0048,A,2025-02-27 20:26:06,start,0.0
case_0048,B,2025-03-02 04:26:39,A→B,2.333716576658013
case_0048,D,2025-03-13 17:15:24,B→D,11.533854569965278
case_0049,A,2025-02-25 08:33:50,start,0.0
case_0049,C,2025-03-01 21:49:33,A→C,4.552580181028091
case_0050,A,2025-01-04 18:53:51,start,0.0
case_0050,B,2025-01-08 01:46:25,A→B,3.2864981931381783
case_0050,C,2025-01-11 14:02:32,B→C,3.5111963215588293
case_0050,D,2025-01-16 16:23:31,C→D,5.097910327378625
case_0051,A,2025-02-24 11:40:40,start,0.0
case_0051,B,2025-02-28 07:15:11,A→B,3.8156377746375267
case_0051,C,2025-03-01 14:18:21,B→C,1.293870551685639
case_0051,D,2025-03-01 18:06:54,C→D,0.1587125617407077
case_0052,A,2025-02-25 17:14:58,start,0.0
case_0052,C,2025-03-02 06:37:46,A→C,4.557508137811513
case_0053,A,2025-01-22 22:26:10,start,0.0
case_0053,B,2025-01-23 12:42:34,A→B,0.5947301714286742
case_0053,C,2025-01-26 13:58:44,B→C,3.0528950631533203
case_0053,D,2025-02-03 18:54:33,C→D,8.205421356919661
case_0054,A,2025-02-25 06:38:01,start,0.0
case_0054,B,2025-02-28 00:33:58,A→B,2.7471839795130983
case_0054,C,2025-03-02 05:33:50,B→C,2.208235670585037
case_0054,D,2025-03-05 21:35:50,C→D,3.66805671679582
case_0055,A,2025-02-26 23:35:31,start,0.0
case_0055,B,2025-02-27 19:55:50,A→B,0.8474401570705815
case_0055,C,2025-02-27 22:59:29,B→C,0.12753911042667976
case_0055,B,2025-03-01 13:36:17,C→B,1.6088938515322206
case_0055,C,2025-03-03 19:24:13,B→C,2.2416175733386865
case_0055,B,2025-03-05 02:17:05,C→B,1.2867153741918127
case_0055,D,2025-03-13 01:50:31,B→D,7.981551479400009
case_0056,A,2025-02-13 03:49:28,start,0.0
case_0056,B,2025-02-14 13:26:20,A→B,1.4006019678617712
case_0056,C,2025-02-14 19:12:50,B→C,0.24062291242042044
case_0056,B,2025-02-19 08:46:09,C→B,4.564797693770424
case_0056,C,2025-02-23 21:56:36,B→C,4.548927758716709
case_0056,B,2025-02-25 20:56:09,C→B,1.958020629806553
case_0056,D,2025-02-27 16:03:12,B→D,1.7965573023976624
case_0057,A,2025-02-21 19:14:44,start,0.0
case_0057,B,2025-02-22 19:12:53,A→B,0.9987161715250173
case_0057,C,2025-02-27 08:33:04,B→C,4.555682900215829
case_0057,D,2025-02-28 20:12:13,C→D,1.4855148326360634
case_0058,A,2025-02-23 15:24:04,start,0.0
case_0058,C,2025-02-27 03:38:00,A→C,3.5096781243775896
case_0058,D,2025-03-07 23:16:44,C→D,8.818570864624993
case_0059,A,2025-02-26 07:36:36,start,0.0
case_0059,B,2025-02-26 19:14:41,A→B,0.4847774174400566
case_0059,D,2025-03-04 12:01:41,B→D,5.699305767578043
case_0060,A,2025-01-17 08:30:06,start,0.0
case_0060,B,2025-01-19 19:16:34,A→B,2.448943910862513
case_0060,D,2025-01-31 05:25:56,B→D,11.423166943758883
case_0061,A,2025-02-12 11:20:40,start,0.0
case_0061,C,2025-02-18 14:19:28,A→C,6.124170532718357
case_0061,D,2025-02-26 14:02:24,C→D,7.988147700992633
case_0062,A,2025-01-02 06:31:02,start,0.0
case_0062,B,2025-01-02 08:30:23,A→B,0.08288331957807836
case_0062,C,2025-01-02 17:22:15,B→C,0.3693523627470546
case_0062,B,2025-01-03 01:35:27,C→B,0.3424960619982434
case_0062,C,2025-01-06 18:36:05,B→C,3.7087722569131487
case_0062,D,2025-01-31 14:06:57,C→D,24.813105525347304
case_0063,A,2025-02-24 03:13:08,start,0.0
case_0063,C,2025-03-03 21:31:54,A→C,7.763031896156674
case_0064,A,2025-01-09 13:10:25,start,0.0
case_0064,C,2025-01-13 05:31:05,A→C,3.681022133416427
case_0064,D,2025-01-17 05:15:29,C→D,3.9891689249860383
case_0065,A,2025-01-12 01:39:41,start,0.0
case_0065,C,2025-01-14 14:45:52,A→C,2.5459684947599706
case_0065,B,2025-01-15 13:04:48,C→B,0.929806072540341
case_0065,C,2025-01-20 09:55:01,B→C,4.868209085480135
case_0065,B,2025-01-21 01:03:36,C→B,0.6309576560329333
case_0065,D,2025-01-21 04:02:50,B→D,0.12446741989764476
case_0066,A,2025-02-06 13:52:10,start,0.0
case_0066,B,2025-02-10 05:36:15,A→B,3.655610732608437
case_0066,A,2025-02-12 14:56:39,B→A,2.3891617493245705
case_0066,B,2025-02-15 12:55:42,A→B,2.916005790213937
case_0066,A,2025-02-17 17:39:36,B→A,2.1971516691743975
case_0066,B,2025-02-22 23:40:16,A→B,5.250467776301662
case_0066,C,2025-02-25 04:56:04,B→C,2.2193034280079615
case_0066,B,2025-03-06 09:54:21,C→B,9.207145840768916
case_0066,A,2025-03-08 13:35:51,B→A,2.153818486846415
case_0066,B,2025-03-10 10:10:06,A→B,1.8571182032998088
case_0066,A,2025-03-12 12:54:52,B→A,2.114415709363101
case_0066,B,2025-03-14 06:15:11,A→B,1.7224444335957685
case_0066,C,2025-03-17 04:57:40,B→C,2.946170728432378
case_0066,B,2025-03-21 17:36:15,C→B,4.526797710224223
case_0066,C,2025-03-29 07:14:05,B→C,7.567942346879583
case_0066,B,2025-03-30 10:53:24,C→B,1.1522999663545832
case_0067,A,2025-02-06 06:20:28,start,0.0
case_0067,B,2025-02-08 04:04:34,A→B,1.9056256370838358
case_0067,D,2025-02-26 19:09:35,B→D,18.628480515389697
case_0068,A,2025-02-09 02:58:27,start,0.0
case_0068,C,2025-02-13 20:46:21,A→C,4.741601134588771
case_0068,D,2025-02-15 22:54:15,C→D,2.0888181489732425
case_0069,A,2025-02-26 13:44:17,start,0.0
case_0069,B,2025-02-28 20:53:32,A→B,2.2980867249894485
case_0069,D,2025-03-02 08:56:56,B→D,1.5023597607839339
case_0070,A,2025-02-17 10:23:47,start,0.0
case_0070,B,2025-02-19 00:11:35,A→B,1.5748635790344672
case_0070,A,2025-02-21 17:24:31,B→A,2.7173117582154367
case_0070,C,2025-03-07 02:57:54,A→C,13.398190173447187
case_0070,D,2025-03-15 18:02:52,C→D,8.628443497301134
case_0071,A,2025-02-10 21:14:11,start,0.0
case_0071,B,2025-02-11 07:39:02,A→B,0.4339292941963805
case_0071,C,2025-02-17 06:23:46,B→C,5.947724751814647
case_0071,D,2025-02-17 15:02:58,C→D,0.3605533488029087
case_0072,A,2025-01-30 15:49:56,start,0.0
case_0072,C,2025-02-04 00:35:33,A→C,4.3650079248365605
case_0072,D,2025-02-09 04:01:52,C→D,5.143271700809824
case_0073,A,2025-01-01 23:11:23,start,0.0
case_0073,B,2025-01-02 10:53:20,A→B,0.48747252340985286
case_0073,A,2025-01-05 08:39:24,B→A,2.906991665716134
case_0073,B,2025-01-05 18:09:55,A→B,0.3961917989946828
case_0073,C,2025-01-07 17:06:17,B→C,1.9558037295130268
case_0073,D,2025-01-10 04:10:23,C→D,2.4611826775170975
case_0074,A,2025-02-15 07:30:40,start,0.0
case_0074,B,2025-02-15 09:52:21,A→B,0.09838932295257767
case_0074,D,2025-03-02 19:53:14,B→D,15.417288694024426
case_0075,A,2025-01-10 11:45:31,start,0.0
case_0075,C,2025-01-15 11:37:13,A→C,4.994229046151243
case_0076,A,2025-02-03 00:17:46,start,0.0
case_0076,B,2025-02-07 15:48:24,A→B,4.646270857934522
case_0076,C,2025-02-10 16:40:38,B→C,3.036277812394366
case_0076,D,2025-02-15 02:39:17,C→D,4.415724500335925
case_0077,A,2025-02-17 22:19:01,start,0.0
case_0077,B,2025-02-19 08:23:50,A→B,1.420014201980377
case_0077,C,2025-02-23 11:42:06,B→C,4.1376751700824315
case_0077,D,2025-02-25 16:30:30,C→D,2.2002875199572847
case_0078,A,2025-02-19 00:59:06,start,0.0
case_0078,B,2025-02-19 05:12:46,A→B,0.17614988231931586
case_0078,D,2025-02-20 12:51:53,B→D,1.3188389278455537
case_0079,A,2025-02-04 14:19:56,start,0.0
case_0079,C,2025-02-11 07:13:46,A→C,6.704050199091875
case_0080,A,2025-02-13 04:04:51,start,0.0
case_0080,B,2025-02-14 08:38:15,A→B,1.1898622858035703
case_0081,A,2025-02-11 11:40:43,start,0.0
case_0081,C,2025-02-15 23:12:39,A→C,4.480502674034392
case_0081,B,2025-02-17 01:48:53,C→B,1.1084967206922247
case_0081,C,2025-02-19 19:47:29,B→C,2.749034390740807
case_0081,B,2025-02-22 21:02:06,C→B,3.0518162432358853
case_0081,C,2025-02-25 05:10:01,B→C,2.3388268662654124
case_0081,B,2025-03-05 19:14:24,C→B,8.586378702119081
case_0081,C,2025-03-08 02:18:13,B→C,2.2943144270259985
case_0081,D,2025-03-08 05:55:28,C→D,0.1508665990235727
case_0082,A,2025-01-22 02:08:50,start,0.0
case_0082,C,2025-01-23 11:58:09,A→C,1.4092491396793845
case_0082,B,2025-01-28 07:25:26,C→B,4.810608898513459
case_0082,A,2025-01-30 04:52:48,B→A,1.894003481657914
case_0082,C,2025-02-06 05:40:00,A→C,7.032780771661159
case_0082,D,2025-02-09 20:40:36,C→D,3.625421863076191
case_0083,A,2025-01-05 06:19:09,start,0.0
case_0083,B,2025-01-05 14:05:01,A→B,0.3235174488150854
case_0083,D,2025-01-08 13:59:38,B→D,2.9962719035807206
case_0084,A,2025-01-22 08:16:22,start,0.0
case_0084,B,2025-01-22 19:27:59,A→B,0.4664093440036311
case_0084,C,2025-01-24 16:59:26,B→C,1.8968339499905364
case_0084,D,2025-01-25 04:34:18,C→D,0.4825503472997763
case_0085,A,2025-02-06 02:05:13,start,0.0
case_0085,B,2025-02-08 07:17:12,A→B,2.2166550326346277
case_0085,D,2025-02-13 18:35:25,B→D,5.470978965351688
case_0086,A,2025-01-23 13:45:42,start,0.0
case_0086,B,2025-01-24 13:05:17,A→B,0.9719395235962687
case_0086,D,2025-01-25 18:17:44,B→D,1.2169744930918023
case_0087,A,2025-02-02 06:19:52,start,0.0
case_0087,C,2025-02-11 23:43:26,A→C,9.724693588534763
case_0087,D,2025-02-16 13:03:42,C→D,4.555749092894024
case_0088,A,2025-01-09 04:10:52,start,0.0
case_0088,B,2025-01-09 10:21:38,A→B,0.25747463993106834
case_0088,D,2025-01-14 19:40:57,B→D,5.388417205580214
case_0089,A,2025-02-13 14:50:49,start,0.0
case_0089,B,2025-02-14 06:31:39,A→B,0.6533538488238256
case_0089,C,2025-02-18 12:48:50,B→C,4.261933726758137
case_0089,D,2025-02-19 02:17:42,C→D,0.561717228661962
case_0090,A,2025-01-06 08:18:12,start,0.0
case_0090,B,2025-01-09 04:27:45,A→B,2.839967519139634
case_0090,C,2025-01-12 17:39:20,B→C,3.549709329394659
case_0091,A,2025-02-05 02:31:23,start,0.0
case_0091,B,2025-02-06 06:25:13,A→B,1.1623839248108692
case_0092,A,2025-02-14 15:48:52,start,0.0
case_0092,B,2025-02-19 10:41:58,A→B,4.786881826435391
case_0092,C,2025-02-20 17:01:39,B→C,1.2636675248110638
case_0092,D,2025-02-26 01:12:03,C→D,5.340554524298251
case_0093,A,2025-01-05 17:34:56,start,0.0
case_0093,B,2025-01-06 22:14:11,A→B,1.1939227978465794
case_0093,C,2025-01-10 17:59:18,B→C,3.8229924434607723
case_0093,B,2025-01-10 23:44:25,C→B,0.23967321765181904
case_0093,C,2025-01-12 04:53:57,B→C,1.2149531086467285
case_0093,D,2025-02-08 16:36:33,C→D,27.487908285069278
case_0094,A,2025-01-24 09:26:29,start,0.0
case_0094,B,2025-01-25 15:34:41,A→B,1.2557038445897464
case_0095,A,2025-01-25 05:28:58,start,0.0
case_0095,B,2025-01-27 23:28:42,A→B,2.7498165828218584
case_0095,D,2025-02-15 06:35:06,B→D,18.29610314730881
case_0096,A,2025-01-10 02:56:57,start,0.0
case_0096,B,2025-01-11 15:12:36,A→B,1.5108604142144297
case_0096,A,2025-01-12 21:55:41,B→A,1.279920629515032
case_0096,B,2025-01-13 19:39:54,A→B,0.9057040669939784
case_0096,A,2025-01-15 15:46:32,B→A,1.8379483259940734
case_0096,C,2025-01-19 17:13:03,A→C,4.060083213591128
case_0096,D,2025-01-19 17:27:01,C→D,0.009693820822537447
case_0097,A,2025-01-19 18:17:25,start,0.0
case_0097,B,2025-01-30 14:08:24,A→B,10.827063214137816
case_0097,C,2025-02-04 05:03:59,B→C,4.621936636494915
case_0097,B,2025-02-05 18:04:39,C→B,1.5421291793844638
case_0097,C,2025-02-07 18:48:43,B→C,2.030596522255827
case_0097,B,2025-02-08 15:28:30,C→B,0.8609643971396004
case_0097,D,2025-02-12 23:23:56,B→D,4.3301623091630255
case_0098,A,2025-01-06 19:47:31,start,0.0
case_0098,B,2025-01-13 13:42:33,A→B,6.7465459297546
case_0099,A,2025-01-12 10:23:47,start,0.0
case_0099,B,2025-01-14 21:21:38,A→B,2.4568475047361744
case_0099,D,2025-01-31 08:19:19,B→D,16.456716351595006
case_0100,A,2025-02-24 20:51:06,start,0.0
case_0100,C,2025-02-27 18:01:34,A→C,2.882266481562699
case_0100,B,2025-03-02 00:28:35,C→B,2.268761452983378
case_0100,A,2025-03-04 17:48:43,B→A,2.7223117375958363
case_0100,B,2025-03-06 10:59:25,A→B,1.715771056392061
case_0100,C,2025-03-09 13:03:35,B→C,3.0862235485093237
case_0100,D,2025-03-09 22:34:07,C→D,0.3961982316168253
case_0101,A,2025-01-07 17:06:50,start,0.0
case_0101,B,2025-01-08 13:20:20,A→B,0.8427105137570771
case_0101,D,2025-01-13 01:29:22,B→D,4.5062753436023195
case_0102,A,2025-01-05 09:52:25,start,0.0
case_0102,B,2025-01-06 20:54:52,A→B,1.4600324914529315
case_0102,D,2025-01-11 15:41:00,B→D,4.782040084033544
case_0103,A,2025-01-03 16:35:20,start,0.0
case_0103,B,2025-01-09 06:26:18,A→B,5.577069905934874
case_0103,D,2025-01-18 14:14:06,B→D,9.324854470667201
case_0104,A,2025-01-16 12:29:53,start,0.0
case_0104,C,2025-01-26 11:23:15,A→C,9.953724939558917
case_0104,B,2025-01-28 05:59:50,C→B,1.775397601318046
case_0104,C,2025-01-31 18:40:46,B→C,3.5284341624260076
case_0104,D,2025-02-04 09:59:35,C→D,3.638060760242464
case_0105,A,2025-02-26 19:11:15,start,0.0
case_0105,C,2025-03-05 01:53:19,A→C,6.279218295718964
case_0106,A,2025-02-25 19:31:35,start,0.0
case_0106,B,2025-02-26 22:41:14,A→B,1.1317075408963657
case_0106,C,2025-02-27 23:45:40,B→C,1.0447489984790874
case_0107,A,2025-02-24 14:55:32,start,0.0
case_0107,B,2025-02-25 18:00:51,A→B,1.12869454917611
case_0107,C,2025-02-27 20:10:27,B→C,2.089998035921383
case_0107,B,2025-03-04 11:36:21,C→B,4.642988993650755
case_0107,D,2025-03-11 15:48:27,B→D,7.17506744769431
case_0108,A,2025-02-05 21:32:15,start,0.0
case_0108,B,2025-02-07 13:38:00,A→B,1.6706609940038584
case_0108,C,2025-02-10 10:39:36,B→C,2.87611749095006
case_0108,D,2025-02-21 04:34:55,C→D,10.746746799059496
case_0109,A,2025-01-28 05:25:57,start,0.0
case_0109,B,2025-01-28 15:06:02,A→B,0.40284052590687885
case_0109,A,2025-01-30 03:26:46,B→A,1.5143887279621557
case_0109,B,2025-01-31 00:03:30,A→B,0.8588498059159755
case_0109,C,2025-02-02 08:31:52,B→C,2.353027200721959
case_0110,A,2025-02-21 14:25:48,start,0.0
case_0110,B,2025-02-24 14:28:55,A→B,3.0021678331769954
case_0110,A,2025-02-27 09:47:03,B→A,2.804255156389184
case_0110,C,2025-03-04 12:03:39,A→C,5.094867072545128
case_0110,D,2025-03-09 10:31:15,C→D,4.935828532941155
case_0111,A,2025-02-08 14:18:58,start,0.0
case_0112,A,2025-01-25 18:55:57,start,0.0
case_0112,C,2025-01-31 21:08:50,A→C,6.092275749483865
case_0112,D,2025-02-06 17:21:32,C→D,5.842152781502402
case_0113,A,2025-02-10 20:50:31,start,0.0
case_0114,A,2025-02-09 03:17:23,start,0.0
case_0114,B,2025-02-10 19:07:41,A→B,1.6599328845116623
case_0114,D,2025-02-15 18:00:51,B→D,4.953582083038439
case_0115,A,2025-02-04 09:58:51,start,0.0
case_0116,A,2025-01-05 23:02:41,start,0.0
case_0116,B,2025-01-06 11:46:42,A→B,0.5305670543141683
case_0116,C,2025-01-07 16:46:49,B→C,1.2084112568583163
case_0116,D,2025-01-08 02:17:44,C→D,0.3964709473952981
case_0117,A,2025-02-08 15:28:40,start,0.0
case_0117,B,2025-02-11 21:50:39,A→B,3.265272716516887
case_0117,D,2025-02-12 05:08:16,B→D,0.3039042774158176
case_0118,A,2025-01-29 05:27:55,start,0.0
case_0118,C,2025-02-01 20:05:37,A→C,3.6095181266770835
case_0118,D,2025-02-05 21:15:03,C→D,4.048217677803501
case_0119,A,2025-02-23 17:23:33,start,0.0
case_0119,B,2025-02-27 05:35:09,A→B,3.5080572984772393
case_0119,A,2025-02-28 09:36:01,B→A,1.1672647064175736
case_0119,B,2025-02-28 18:04:19,A→B,0.3529812686255074
case_0119,A,2025-03-01 20:11:33,B→A,1.0883548773671414
case_0119,B,2025-03-04 04:40:34,A→B,2.3534923887238115
case_0119,C,2025-03-04 18:49:22,B→C,0.5894360895994577
case_0119,D,2025-03-12 04:40:24,C→D,7.41044436319449
case_0120,A,2025-01-26 21:41:44,start,0.0
case_0120,B,2025-01-27 05:47:44,A→B,0.337505126463004
case_0120,C,2025-01-31 14:50:29,B→C,4.376907426154978
case_0120,D,2025-01-31 22:34:12,C→D,0.32202829099620267
case_0121,A,2025-01-24 12:11:03,start,0.0
case_0122,A,2025-01-08 09:07:57,start,0.0
case_0122,C,2025-01-15 02:32:53,A→C,6.725655456098595
case_0122,B,2025-01-17 09:29:59,C→B,2.289651477866501
case_0122,C,2025-01-22 21:51:34,B→C,5.514990174498628
case_0122,D,2025-01-22 22:30:31,C→D,0.027044509811760875
case_0123,A,2025-01-16 08:45:13,start,0.0
case_0123,B,2025-01-17 09:02:26,A→B,1.0119570358636307
case_0123,D,2025-01-21 12:24:27,B→D,4.140280912767145
case_0124,A,2025-02-16 13:42:22,start,0.0
case_0124,B,2025-02-19 08:35:30,A→B,2.7868934492202326
case_0124,A,2025-02-21 08:04:45,B→A,1.9786501138514039
case_0124,B,2025-02-22 00:22:35,A→B,0.6790452276118426
case_0124,C,2025-02-23 06:55:23,B→C,1.2727813462359778
case_0124,D,2025-02-23 19:35:20,C→D,0.5277414688929261
case_0125,A,2025-01-09 23:06:46,start,0.0
case_0125,B,2025-01-10 01:56:29,A→B,0.11785818027147706
case_0125,D,2025-01-21 04:44:48,B→D,11.116892080213056
case_0126,A,2025-01-13 12:12:02,start,0.0
case_0126,B,2025-01-13 15:27:36,A→B,0.1358059306505652
case_0126,A,2025-01-15 07:04:46,B→A,1.6508042635007212
case_0126,B,2025-01-20 01:48:36,A→B,4.780448279158001
case_0126,D,2025-01-28 10:21:45,B→D,8.356344958655608
case_0127,A,2025-02-09 22:31:35,start,0.0
case_0127,C,2025-02-12 23:25:27,A→C,3.0374000647797783
case_0127,D,2025-02-24 23:54:10,C→D,12.019944332733974
case_0128,A,2025-02-03 19:11:28,start,0.0
case_0128,B,2025-02-04 02:11:28,A→B,0.2916660351979578
case_0128,C,2025-02-05 18:43:49,B→C,1.6891332144578453
case_0128,B,2025-02-09 00:12:36,C→B,3.228322218084294
case_0128,C,2025-02-13 02:31:00,B→C,4.096102375645383
case_0128,B,2025-02-16 12:53:52,C→B,3.4325544204685556
case_0129,A,2025-01-13 02:45:43,start,0.0
case_0129,B,2025-01-15 09:30:51,A→B,2.28134380342101
case_0129,A,2025-01-17 15:59:26,B→A,2.269847578459513
case_0129,C,2025-01-24 10:13:31,A→C,6.759779999735576
case_0129,B,2025-01-24 19:06:29,C→B,0.37012323179827433
case_0129,A,2025-01-27 07:15:51,B→A,2.506494477384189
case_0129,B,2025-01-29 16:03:49,A→B,2.366654176472819
case_0129,C,2025-02-02 02:21:14,B→C,3.428756590178594
case_0129,B,2025-02-05 14:37:32,C→B,3.511321782136296
case_0129,C,2025-02-08 04:37:44,B→C,2.5834676094225877
case_0129,D,2025-02-09 06:27:45,C→D,1.076406623680903
case_0130,A,2025-02-19 14:14:37,start,0.0
case_0130,B,2025-02-21 07:07:12,A→B,1.7031842729797575
case_0130,D,2025-03-13 00:35:07,B→D,19.727721678798314
case_0131,A,2025-02-13 06:23:33,start,0.0
case_0131,B,2025-02-14 02:34:10,A→B,0.8407113616028544
case_0131,D,2025-02-15 01:50:45,B→D,0.9698494612021246
case_0132,A,2025-02-27 02:26:51,start,0.0
case_0132,B,2025-03-05 15:58:09,A→B,6.563406470370402
case_0132,D,2025-03-07 17:20:37,B→D,2.0572575174872734
case_0133,A,2025-02-26 23:59:02,start,0.0
case_0133,C,2025-02-28 19:20:53,A→C,1.8068336718134346
case_0133,B,2025-03-05 15:34:10,C→B,4.842556495444878
case_0133,C,2025-03-08 08:48:05,B→C,2.718004289344078
case_0134,A,2025-02-03 16:14:40,start,0.0
case_0134,C,2025-02-07 16:44:42,A→C,4.020856807433752
case_0134,B,2025-02-10 09:33:05,C→B,2.700265580498744
case_0134,A,2025-02-12 00:07:06,B→A,1.606955151677509
case_0134,B,2025-02-13 02:02:40,A→B,1.080259139126694
case_0134,C,2025-02-17 03:04:16,B→C,4.042778982555545
case_0134,B,2025-02-17 10:47:12,C→B,0.32148221266186994
case_0134,C,2025-02-18 16:56:01,B→C,1.2561182151608996
case_0134,D,2025-02-23 04:27:26,C→D,4.48014721237824
case_0135,A,2025-01-08 01:56:16,start,0.0
case_0135,C,2025-01-14 12:49:36,A→C,6.4537099942868705
case_0136,A,2025-01-01 21:54:09,start,0.0
case_0136,B,2025-01-06 22:17:57,A→B,5.016533901645467
case_0137,A,2025-02-07 09:23:55,start,0.0
case_0137,C,2025-02-10 21:19:13,A→C,3.4967399868474653
case_0137,B,2025-02-12 18:29:21,C→B,1.8820358478790582
case_0137,A,2025-02-14 09:09:24,B→A,1.6111494602413687
case_0137,B,2025-02-17 16:41:27,A→B,3.3139257756551865
case_0137,C,2025-02-22 02:42:56,B→C,4.417696871984024
case_0137,B,2025-02-23 13:33:36,C→B,1.4518482700831576
case_0137,C,2025-02-28 12:15:00,B→C,4.945414747476121
case_0137,B,2025-03-05 22:29:07,C→B,5.426470033114178
case_0138,A,2025-01-25 20:45:22,start,0.0
case_0138,B,2025-01-25 23:30:30,A→B,0.11467024317854563
case_0138,C,2025-01-26 18:26:30,B→C,0.7888878189214015
case_0138,D,2025-01-28 23:12:16,C→D,2.198453833396485
case_0139,A,2025-02-01 12:43:17,start,0.0
case_0139,B,2025-02-02 11:34:52,A→B,0.9524955142998722
case_0139,C,2025-02-08 19:45:45,B→C,6.340883974347205
case_0140,A,2025-02-04 07:48:24,start,0.0
case_0140,B,2025-02-04 09:29:10,A→B,0.06998814473172144
case_0140,C,2025-02-07 03:43:58,B→C,2.760270304275613
case_0140,D,2025-02-07 15:08:07,C→D,0.4751065616710295
case_0141,A,2025-01-24 23:06:47,start,0.0
case_0141,B,2025-01-25 13:37:50,A→B,0.6048947323622801
case_0141,D,2025-02-11 13:25:46,B→D,16.99161405971726
case_0142,A,2025-02-18 10:26:34,start,0.0
case_0142,B,2025-02-19 20:01:55,A→B,1.3995430410889718
case_0142,C,2025-02-21 02:15:31,B→C,1.259447847650983
case_0142,D,2025-02-22 08:31:23,C→D,1.2610207778047728
case_0143,A,2025-01-29 13:21:21,start,0.0
case_0143,B,2025-01-31 04:11:59,A→B,1.6184951562799108
case_0143,A,2025-02-02 00:48:30,B→A,1.8586972340210697
case_0144,A,2025-01-21 18:00:04,start,0.0
case_0145,A,2025-01-12 03:03:07,start,0.0
case_0145,C,2025-01-14 04:15:20,A→C,2.050141521047369
case_0145,B,2025-01-14 21:52:24,C→B,0.734076644212112
case_0145,C,2025-01-22 14:28:15,B→C,7.691565525094094
case_0145,B,2025-01-24 20:01:24,C→B,2.2313464209483573
case_0145,A,2025-01-27 09:59:19,B→A,2.5818924294128145
case_0145,C,2025-02-02 04:15:26,A→C,5.761193206662554
case_0145,D,2025-02-03 01:39:27,C→D,0.8916758936194213
case_0146,A,2025-02-21 02:11:10,start,0.0
case_0146,C,2025-02-26 12:03:27,A→C,5.4113127574154065
case_0146,D,2025-03-01 03:48:11,C→D,2.656061357376024
case_0147,A,2025-02-13 16:27:20,start,0.0
case_0147,B,2025-02-19 00:21:41,A→B,5.329409010951711
case_0147,C,2025-02-19 19:13:23,B→C,0.7859024023356929
case_0147,B,2025-02-21 01:31:00,C→B,1.2622391036647755
case_0147,C,2025-02-21 06:46:43,B→C,0.21924284381687364
case_0147,D,2025-02-23 11:57:34,C→D,2.215866889421771
case_0148,A,2025-02-11 11:40:00,start,0.0
case_0148,B,2025-02-13 08:05:50,A→B,1.8512708147398
case_0148,A,2025-02-15 12:18:33,B→A,2.175498444982994
case_0148,B,2025-02-16 05:36:00,A→B,0.7204571225245919
case_0148,C,2025-02-17 20:25:58,B→C,1.6180362459391713
case_0148,B,2025-02-18 21:06:21,C→B,1.0280441639249407
case_0148,C,2025-02-19 09:53:24,B→C,0.5326665009195564
case_0148,B,2025-02-20 14:10:10,C→B,1.178311427908227
case_0148,D,2025-03-04 09:14:05,B→D,11.79438649266505
case_0149,A,2025-01-02 18:46:21,start,0.0
case_0149,C,2025-01-08 01:19:49,A→C,5.273240379283043
case_0149,B,2025-01-10 04:23:41,C→B,2.1276843700152
case_0149,A,2025-01-12 10:52:22,B→A,2.269917723667783
case_0149,C,2025-01-14 04:18:11,A→C,1.7262686331606751
case_0149,B,2025-01-16 02:12:06,C→B,1.9124346989848373
case_0149,A,2025-01-19 00:13:40,B→A,2.9177606810515275
case_0149,C,2025-01-22 05:50:06,A→C,3.233625685365457
case_0149,D,2025-01-30 22:37:29,C→D,8.699577056022921
case_0150,A,2025-01-06 11:25:21,start,0.0
case_0151,A,2025-01-16 06:15:17,start,0.0
case_0151,C,2025-01-25 02:53:47,A→C,8.860061107036874
case_0151,D,2025-01-25 03:06:58,C→D,0.009157182514499596
case_0152,A,2025-01-17 23:07:27,start,0.0
case_0152,B,2025-01-23 00:41:12,A→B,5.0651039315713
case_0152,C,2025-01-24 22:06:02,B→C,1.8922452921480621
case_0152,B,2025-02-02 07:09:43,C→B,8.377553688156096
case_0153,A,2025-01-29 21:06:36,start,0.0
case_0153,C,2025-02-06 16:08:47,A→C,7.793183661824236
case_0154,A,2025-02-06 22:20:39,start,0.0
case_0154,C,2025-02-11 14:02:09,A→C,4.6538274685405
case_0154,D,2025-02-11 17:45:01,C→D,0.15476044432630331
case_0155,A,2025-01-01 02:31:42,start,0.0
case_0155,C,2025-01-05 20:29:13,A→C,4.7482712317285
case_0155,D,2025-01-06 11:33:33,C→D,0.6280169126759718
case_0156,A,2025-01-20 03:12:19,start,0.0
case_0156,B,2025-01-22 05:38:01,A→B,2.1011883742335917
case_0156,A,2025-01-23 15:45:07,B→A,1.4215923779150166
case_0156,B,2025-01-26 05:44:42,A→B,2.583044782418625
case_0156,C,2025-01-26 20:20:19,B→C,0.6080665166982806
case_0156,D,2025-01-31 06:14:32,C→D,4.412652458671625
case_0157,A,2025-01-28 07:46:53,start,0.0
case_0157,B,2025-02-01 09:48:14,A→B,4.0842696575040405
case_0158,A,2025-02-15 08:49:53,start,0.0
case_0158,B,2025-02-15 12:20:42,A→B,0.1464022511837631
case_0158,D,2025-02-21 01:24:55,B→D,5.544598218537007
case_0159,A,2025-02-24 10:35:47,start,0.0
case_0160,A,2025-01-14 08:09:49,start,0.0
case_0160,B,2025-01-17 08:17:54,A→B,3.005605243736028
case_0160,D,2025-01-23 04:03:26,B→D,5.8232924971705256
case_0161,A,2025-01-16 04:37:12,start,0.0
case_0161,B,2025-01-18 07:59:36,A→B,2.140552094491572
case_0161,C,2025-01-21 07:14:34,B→C,2.9687308246041897
case_0161,D,2025-01-22 12:03:37,C→D,1.2007240545424143
case_0162,A,2025-02-25 17:07:55,start,0.0
case_0162,C,2025-02-28 10:18:58,A→C,2.7160136984964347
case_0162,D,2025-03-01 16:38:38,C→D,1.2636521322617527
case_0163,A,2025-02-26 09:28:37,start,0.0
case_0163,C,2025-03-06 22:10:40,A→C,8.52920319689143
case_0163,B,2025-03-07 14:46:58,C→B,0.6918680684254248
case_0163,C,2025-03-11 12:49:23,B→C,3.918344346250443
case_0163,B,2025-03-28 08:28:42,C→B,16.81896984248414
case_0163,C,2025-03-29 13:31:36,B→C,1.210352274163185
case_0163,D,2025-03-30 09:22:01,C→D,0.8266743864306818
case_0164,A,2025-02-26 23:41:13,start,0.0
case_0164,C,2025-03-05 10:59:35,A→C,6.471091847827454
case_0164,D,2025-03-08 20:58:10,C→D,3.415679075936824
case_0165,A,2025-02-15 16:45:05,start,0.0
case_0165,B,2025-02-17 01:41:15,A→B,1.372333940256689
case_0165,A,2025-02-18 14:55:25,B→A,1.5515022651300627
case_0165,C,2025-02-22 09:07:21,A→C,3.758284614248745
case_0165,B,2025-02-23 16:59:56,C→B,1.328189069202299
case_0165,C,2025-02-25 23:12:41,B→C,2.258850866636106
case_0165,D,2025-02-26 10:43:29,C→D,0.47971909275863034
case_0166,A,2025-01-19 18:37:12,start,0.0
case_0166,B,2025-01-20 23:30:01,A→B,1.203340498117909
case_0166,C,2025-01-21 10:54:36,B→C,0.47541021619831736
case_0167,A,2025-01-03 15:35:17,start,0.0
case_0167,B,2025-01-05 16:11:12,A→B,2.024935435710081
case_0167,C,2025-01-13 07:48:51,B→C,7.651148036432588
case_0167,D,2025-01-17 20:11:09,C→D,4.515482960408498
case_0168,A,2025-01-17 12:26:06,start,0.0
case_0169,A,2025-02-01 13:20:12,start,0.0
case_0169,C,2025-02-03 20:06:27,A→C,2.282125324068178
case_0169,D,2025-02-09 04:03:00,C→D,5.330934736464215
case_0170,A,2025-01-17 01:05:42,start,0.0
case_0170,C,2025-01-24 02:53:18,A→C,7.074723578249678
case_0170,B,2025-01-24 20:15:52,C→B,0.7240019436721488
case_0170,A,2025-01-26 03:35:27,B→A,1.3052741381113
case_0170,B,2025-01-27 11:06:16,A→B,1.3130671431405236
case_0170,D,2025-01-30 13:47:02,B→D,3.1116388156285044
case_0171,A,2025-01-11 14:14:38,start,0.0
case_0171,B,2025-01-11 14:31:33,A→B,0.011746326684323096
case_0171,C,2025-01-13 20:30:04,B→C,2.248965950535114
case_0171,D,2025-01-15 09:25:54,C→D,1.5387821757036453
case_0172,A,2025-02-16 15:27:25,start,0.0
case_0172,B,2025-02-16 17:43:00,A→B,0.09415027461762827
case_0172,A,2025-02-18 21:10:49,B→A,2.144319101426244
case_0172,B,2025-02-19 03:18:48,A→B,0.2555452400444804
case_0172,D,2025-02-21 12:38:37,B→D,2.3887587296187265
case_0173,A,2025-02-10 09:32:43,start,0.0
case_0173,B,2025-02-20 01:45:47,A→B,9.675742352947491
case_0173,C,2025-02-21 06:42:21,B→C,1.2059446965813727
case_0173,D,2025-02-23 13:39:37,C→D,2.2897723029635557
case_0174,A,2025-01-22 22:17:56,start,0.0
case_0174,B,2025-01-24 18:41:19,A→B,1.8495765225571705
case_0174,D,2025-01-30 04:38:42,B→D,5.414843131288222
case_0175,A,2025-01-01 21:31:58,start,0.0
case_0176,A,2025-02-27 16:26:00,start,0.0
case_0176,C,2025-03-04 07:58:52,A→C,4.647823945004265
case_0176,D,2025-03-09 10:57:08,C→D,5.123795113282569
case_0177,A,2025-01-07 14:14:54,start,0.0
case_0177,B,2025-01-07 23:51:31,A→B,0.40042990393970296
case_0177,C,2025-01-13 08:30:03,B→C,5.360097095912509
case_0177,D,2025-01-13 11:25:05,C→D,0.12155042257273685
case_0178,A,2025-02-04 06:05:33,start,0.0
case_0178,B,2025-02-04 23:20:29,A→B,0.7187050407025806
case_0178,C,2025-02-10 00:12:29,B→C,5.036113817325498
case_0178,B,2025-02-16 23:26:59,C→B,6.9684006194694845
case_0178,C,2025-02-18 21:26:47,B→C,1.9165206090164446
case_0178,D,2025-02-19 01:45:16,C→D,0.17950418121420775
case_0179,A,2025-01-16 09:04:08,start,0.0
case_0179,B,2025-01-16 13:10:29,A→B,0.1710744448349526
case_0179,C,2025-01-18 01:11:12,B→C,1.5004899987898586
case_0179,D,2025-01-23 04:48:26,C→D,5.150863702465616
case_0180,A,2025-01-15 20:27:01,start,0.0
case_0180,B,2025-01-16 17:47:54,A→B,0.8894946719932875
case_0180,C,2025-01-19 03:01:13,B→C,2.384258038109418
case_0180,D,2025-01-27 20:32:14,C→D,8.72986519543462
case_0181,A,2025-02-27 20:57:44,start,0.0
case_0181,B,2025-02-27 23:54:41,A→B,0.12287871161428776
case_0182,A,2025-02-06 17:36:55,start,0.0
case_0182,B,2025-02-07 13:07:06,A→B,0.8126250172257012
case_0182,C,2025-02-12 18:07:43,B→C,5.208760960188412
case_0182,D,2025-02-16 00:36:18,C→D,3.269845181119
case_0183,A,2025-01-31 10:22:51,start,0.0
case_0183,B,2025-01-31 19:06:34,A→B,0.3636874854165623
case_0183,D,2025-02-13 03:14:49,B→D,12.339064472650412
case_0184,A,2025-01-11 18:23:06,start,0.0
case_0184,B,2025-01-12 07:02:03,A→B,0.5270507637952409
case_0184,C,2025-01-16 22:54:26,B→C,4.661382583635907
case_0184,D,2025-01-21 13:45:18,C→D,4.618655709095064
case_0185,A,2025-02-04 18:47:13,start,0.0
case_0185,B,2025-02-05 13:28:49,A→B,0.7788915416098654
case_0185,A,2025-02-06 22:33:04,B→A,1.3779496076059379
case_0185,B,2025-02-07 02:01:49,A→B,0.14496908781582807
case_0185,D,2025-02-14 14:25:13,B→D,7.5162473001059364
case_0186,A,2025-02-28 11:38:50,start,0.0
case_0186,C,2025-03-04 05:36:18,A→C,3.748238585256705
case_0186,D,2025-03-04 07:20:19,C→D,0.07223661818671268
case_0187,A,2025-02-06 18:31:16,start,0.0
case_0187,B,2025-02-10 21:00:30,A→B,4.1036397246370635
case_0187,A,2025-02-12 17:11:27,B→A,1.8409394688452343
case_0187,B,2025-02-13 04:39:35,A→B,0.47787054915983074
case_0187,A,2025-02-14 09:33:55,B→A,1.2043907478233642
case_0187,C,2025-02-19 16:51:07,A→C,5.303614637041771
case_0187,D,2025-02-26 13:40:17,C→D,6.867478327898484
case_0188,A,2025-02-13 05:41:13,start,0.0
case_0188,B,2025-02-14 01:24:23,A→B,0.8216505593501809
case_0188,D,2025-02-23 11:54:42,B→D,9.437713451981436
case_0189,A,2025-02-26 12:03:07,start,0.0
case_0190,A,2025-01-25 11:12:34,start,0.0
case_0190,C,2025-01-29 06:37:03,A→C,3.8086727349375993
case_0190,D,2025-01-31 17:20:32,C→D,2.4468703124081124
case_0191,A,2025-02-13 02:21:06,start,0.0
case_0191,C,2025-02-16 16:04:41,A→C,3.571934950364127
case_0191,D,2025-02-18 01:21:47,C→D,1.3868700150981508
case_0192,A,2025-01-23 09:14:45,start,0.0
case_0192,C,2025-01-25 02:27:00,A→C,1.7168445938669137
case_0192,B,2025-01-26 11:44:26,C→B,1.3871019669430515
case_0192,C,2025-01-30 14:48:02,B→C,4.12749669659152
case_0192,D,2025-01-31 07:00:37,C→D,0.675407950649956
case_0193,A,2025-01-25 16:03:23,start,0.0
case_0193,C,2025-01-31 13:03:06,A→C,5.874811787736987
case_0193,D,2025-02-27 01:21:57,C→D,26.51308536161278
case_0194,A,2025-01-01 10:51:10,start,0.0
case_0194,C,2025-01-05 05:24:48,A→C,3.773362091152971
case_0194,B,2025-01-05 12:16:46,C→B,0.28608292904287413
case_0194,C,2025-01-06 16:16:09,B→C,1.1662426488028679
case_0194,B,2025-01-11 21:36:13,C→B,5.22226993183828
case_0194,D,2025-01-20 04:32:43,B→D,8.289227208803588
case_0195,A,2025-02-06 11:42:44,start,0.0
case_0195,B,2025-02-06 13:27:24,A→B,0.07269012449532643
case_0195,C,2025-02-07 18:05:56,B→C,1.1934180050445122
case_0195,D,2025-02-18 12:32:51,C→D,10.76870064587926
case_0196,A,2025-02-09 08:03:15,start,0.0
case_0196,B,2025-02-10 07:07:30,A→B,0.961286342760614
case_0196,C,2025-02-12 07:28:27,B→C,2.014547945239788
case_0196,D,2025-03-08 06:54:25,C→D,23.976363717436133
case_0197,A,2025-02-12 09:56:11,start,0.0
case_0198,A,2025-02-15 21:45:58,start,0.0
case_0198,B,2025-02-21 00:10:43,A→B,5.100523574134764
case_0198,D,2025-02-26 05:37:30,B→D,5.226935613975428
case_0199,A,2025-02-07 23:16:40,start,0.0
case_0199,B,2025-02-08 14:29:52,A→B,0.6341630159012077
case_0199,A,2025-02-11 07:37:48,B→A,2.713841901740442
case_0199,B,2025-02-14 14:48:26,A→B,3.299048802711094
case_0199,C,2025-02-20 07:51:48,B→C,5.710670215397722
case_0199,D,2025-02-25 21:41:14,C→D,5.5759964999214855
case_0200,A,2025-02-20 13:54:49,start,0.0
case_0200,B,2025-02-22 04:55:11,A→B,1.6252573355267328
case_0200,C,2025-02-26 04:48:12,B→C,3.995147158743241
case_0200,B,2025-03-02 03:35:39,C→B,3.9496121229708434
case_0200,A,2025-03-04 04:20:38,B→A,2.0312388064650317
case_0200,B,2025-03-10 12:05:47,A→B,6.3230226490348915
case_0200,C,2025-03-15 02:16:53,B→C,4.591042907107724
case_0200,B,2025-03-22 13:19:35,C→B,7.460211690863225
case_0200,C,2025-03-25 20:09:10,B→C,3.2844316979359114
case_0200,B,2025-03-29 17:19:45,C→B,3.8823531211030087
case_0201,A,2025-02-07 03:47:41,start,0.0
case_0201,B,2025-02-09 05:07:29,A→B,2.0554179922022944
case_0201,A,2025-02-11 14:45:11,B→A,2.401187203372458
case_0201,C,2025-02-18 06:13:54,A→C,6.6449366878377365
case_0201,B,2025-02-19 00:32:37,C→B,0.762995168720785
case_0201,C,2025-02-19 19:20:25,B→C,0.7831941112603271
case_0201,B,2025-02-20 05:30:03,C→B,0.4233583661033329
case_0201,A,2025-02-22 16:06:15,B→A,2.441806922881817
case_0201,B,2025-02-23 01:45:39,A→B,0.40235749425577794
case_0201,C,2025-02-24 21:20:02,B→C,1.8155516724194634
case_0201,D,2025-03-21 11:53:47,C→D,24.60676430596421
case_0202,A,2025-01-31 22:11:32,start,0.0
case_0203,A,2025-01-17 01:26:21,start,0.0
case_0203,B,2025-01-17 08:19:02,A→B,0.28657473194176225
case_0203,A,2025-01-19 13:37:16,B→A,2.2209969936382086
case_0203,B,2025-01-20 19:08:57,A→B,1.230338393632997
case_0203,C,2025-01-22 21:45:20,B→C,2.1086022750441336
case_0203,D,2025-01-31 02:51:32,C→D,8.21263695044751
case_0204,A,2025-02-26 20:16:01,start,0.0
case_0204,C,2025-03-02 15:12:01,A→C,3.7888888512884717
case_0204,D,2025-03-07 16:40:22,C→D,5.061349154724401
case_0205,A,2025-01-08 11:38:33,start,0.0
case_0205,B,2025-01-13 19:39:18,A→B,5.333857504463794
case_0205,C,2025-01-14 03:45:45,B→C,0.3378070474813981
case_0205,B,2025-01-17 02:51:06,C→B,2.9620485900127287
case_0205,C,2025-01-24 21:52:59,B→C,7.792973556699751
case_0205,D,2025-01-25 03:21:55,C→D,0.22842636806545258
case_0206,A,2025-01-20 05:50:16,start,0.0
case_0206,B,2025-01-20 19:12:54,A→B,0.5573820400355853
case_0206,C,2025-01-25 05:30:29,B→C,4.42888272706922
case_0207,A,2025-02-26 15:26:00,start,0.0
case_0207,C,2025-03-02 15:30:41,A→C,4.003245054679182
case_0207,D,2025-03-04 00:49:24,C→D,1.3880022362842972
case_0208,A,2025-01-26 00:04:42,start,0.0
case_0208,B,2025-01-26 03:42:13,A→B,0.15104301509206117
case_0208,A,2025-01-28 07:22:18,B→A,2.152839528442758
case_0208,B,2025-01-28 19:29:34,A→B,0.5050468652219648
case_0208,C,2025-01-31 07:07:01,B→C,2.48434258265738
case_0208,D,2025-02-02 08:31:51,C→D,2.0589162949935025
case_0209,A,2025-02-06 17:18:35,start,0.0
case_0209,B,2025-02-07 03:41:12,A→B,0.4323804984010752
case_0209,D,2025-02-21 15:42:47,B→D,14.50109915121148
case_0210,A,2025-01-31 09:12:15,start,0.0
case_0210,C,2025-02-03 18:53:41,A→C,3.4037644749158518
case_0210,B,2025-02-05 13:30:41,C→B,1.775694307251944
case_0210,A,2025-02-07 13:50:00,B→A,2.0134219406776275
case_0210,B,2025-02-08 03:00:17,A→B,0.5488058022947211
case_0210,A,2025-02-09 03:30:16,B→A,1.0208155139335862
case_0210,C,2025-02-16 11:40:00,A→C,7.34009291742775
case_0211,A,2025-01-18 11:08:49,start,0.0
case_0211,B,2025-01-18 20:56:22,A→B,0.40802440680777763
case_0211,D,2025-01-27 02:00:55,B→D,8.211492451113502
case_0212,A,2025-01-13 17:23:53,start,0.0
case_0212,B,2025-01-14 20:26:07,A→B,1.1265453418979536
case_0212,C,2025-01-18 23:50:11,B→C,4.141717598396579
case_0212,D,2025-01-19 06:04:54,C→D,0.2602242636361227
case_0213,A,2025-02-13 07:06:24,start,0.0
case_0213,B,2025-02-14 12:47:22,A→B,1.236792000687405
case_0213,D,2025-02-20 12:00:34,B→D,5.967490157635128
case_0214,A,2025-01-04 01:09:13,start,0.0
case_0214,B,2025-01-05 00:49:30,A→B,0.9863002039255437
case_0214,C,2025-01-08 09:18:42,B→C,3.3536177266751297
case_0214,B,2025-01-10 00:21:04,C→B,1.626643574874869
case_0214,C,2025-01-10 11:22:21,B→C,0.45922048860063125
case_0214,D,2025-01-17 11:11:20,C→D,6.992345288877048
case_0215,A,2025-01-27 01:21:27,start,0.0
case_0215,B,2025-01-28 15:26:49,A→B,1.5870623236064108
case_0215,D,2025-01-30 08:22:30,B→D,1.7053357613044973
case_0216,A,2025-01-07 13:26:38,start,0.0
case_0216,B,2025-01-09 05:23:19,A→B,1.664365588157239
case_0217,A,2025-01-26 16:51:01,start,0.0
case_0217,B,2025-01-27 14:13:38,A→B,0.8907050833730085
case_0217,C,2025-02-02 11:41:22,B→C,5.894255416512603
case_0217,D,2025-02-09 06:46:32,C→D,6.795254343819353
case_0218,A,2025-01-30 05:26:38,start,0.0
case_0218,B,2025-01-30 16:53:25,A→B,0.47693857152553126
case_0218,A,2025-02-01 15:14:05,B→A,1.9310089821196261
case_0218,B,2025-02-01 15:34:53,A→B,0.014454857692408396
case_0218,C,2025-02-04 15:10:59,B→C,2.983395160238426
case_0218,D,2025-02-22 10:53:31,C→D,17.821210298304493
case_0219,A,2025-02-06 00:26:25,start,0.0
case_0219,B,2025-02-06 21:32:53,A→B,0.8794804672650673
case_0219,C,2025-02-08 02:38:59,B→C,1.2125726895471234
case_0219,D,2025-02-13 09:11:05,C→D,5.27228851471158
case_0220,A,2025-01-08 07:35:53,start,0.0
case_0220,B,2025-01-09 08:42:43,A→B,1.0464161141613473
case_0220,D,2025-01-10 11:05:28,B→D,1.0991286402193672
case_0221,A,2025-01-17 15:52:57,start,0.0
case_0221,B,2025-01-20 12:49:19,A→B,2.872480454803071
case_0221,C,2025-01-23 15:35:03,B→C,3.115091016902303
case_0221,D,2025-01-26 09:40:48,C→D,2.753996216716823
case_0222,A,2025-01-10 07:07:32,start,0.0
case_0222,B,2025-01-15 14:30:05,A→B,5.307328074274434
case_0222,D,2025-01-28 21:40:32,B→D,13.298923943558503
case_0223,A,2025-01-05 20:27:57,start,0.0
case_0223,B,2025-01-05 22:35:57,A→B,0.08888932179771973
case_0223,D,2025-01-08 16:24:30,B→D,2.7420502191835396
case_0224,A,2025-02-07 08:30:27,start,0.0
case_0224,B,2025-02-08 04:55:32,A→B,0.8507459963184139
case_0224,A,2025-02-09 07:02:28,B→A,1.0881561755795779
case_0224,B,2025-02-09 20:20:30,A→B,0.5541892004479114
case_0224,C,2025-02-13 14:45:55,B→C,3.76764278376581
case_0224,B,2025-02-14 10:41:50,C→B,0.8304963642743992
case_0224,D,2025-02-14 15:37:30,B→D,0.20532909443541314
case_0225,A,2025-01-09 04:01:36,start,0.0
case_0225,B,2025-01-10 21:47:11,A→B,1.7399857903126414
case_0225,A,2025-01-12 19:39:38,B→A,1.91142734226085
case_0225,B,2025-01-13 23:30:03,A→B,1.1600166783578638
case_0225,C,2025-01-16 03:03:48,B→C,2.1484308689365292
case_0225,B,2025-01-22 05:38:43,C→B,6.107583419204892
case_0225,A,2025-01-23 10:07:32,B→A,1.1866750013825111
case_0225,B,2025-01-23 21:56:05,A→B,0.49205234928647634
case_0225,C,2025-01-24 12:44:26,B→C,0.6169083438758296
case_0225,D,2025-01-28 14:55:36,C→D,4.091089630602578
case_0226,A,2025-01-02 20:59:49,start,0.0
case_0226,C,2025-01-07 08:36:18,A→C,4.483673923359834
case_0226,B,2025-01-08 16:08:21,C→B,1.3139250667667293
case_0226,C,2025-01-09 07:08:58,B→C,0.6254213982169414
case_0226,D,2025-01-23 11:14:15,C→D,14.170344308495817
case_0227,A,2025-01-02 07:54:39,start,0.0
case_0227,B,2025-01-05 04:33:54,A→B,2.8605865903604832
case_0227,A,2025-01-06 20:21:13,B→A,1.6578681649925113
case_0227,C,2025-01-09 09:32:34,A→C,2.549549367001047
case_0227,D,2025-01-12 16:23:52,C→D,3.285617213635321
case_0228,A,2025-02-23 23:36:50,start,0.0
case_0228,C,2025-02-28 15:43:18,A→C,4.671152842529969
case_0228,D,2025-03-03 20:12:44,C→D,3.1871137913508694
case_0229,A,2025-01-20 19:23:47,start,0.0
case_0229,B,2025-01-21 08:52:20,A→B,0.5614887045128398
case_0229,C,2025-01-22 14:35:53,B→C,1.2385780930029366
case_0229,D,2025-01-22 19:36:06,C→D,0.2084857781693954
case_0230,A,2025-02-18 10:23:32,start,0.0
case_0230,C,2025-03-01 13:56:11,A→C,11.147669162414761
case_0230,D,2025-03-05 11:10:19,C→D,3.8848242716384114
case_0231,A,2025-01-11 08:27:42,start,0.0
case_0231,B,2025-01-12 15:02:13,A→B,1.2739787992183598
case_0231,D,2025-01-24 04:42:30,B→D,11.569634715319738
case_0232,A,2025-01-03 19:05:48,start,0.0
case_0232,C,2025-01-06 10:28:37,A→C,2.6408479194728036
case_0232,B,2025-01-07 11:22:28,C→B,1.0373932318986876
case_0232,C,2025-01-10 18:29:51,B→C,3.2968010736043016
case_0232,B,2025-01-13 21:02:27,C→B,3.105961394429686
case_0232,C,2025-01-14 04:58:37,B→C,0.33068246561726156
case_0232,B,2025-01-14 13:39:14,C→B,0.3615340872816901
case_0232,C,2025-01-20 17:35:38,B→C,6.164168506605257
case_0232,B,2025-01-22 03:57:31,C→B,1.43185799472203
case_0232,C,2025-01-29 06:20:28,B→C,7.099271632227467
case_0232,D,2025-02-02 22:50:41,C→D,4.687651650137894
case_0233,A,2025-01-18 12:27:02,start,0.0
case_0233,C,2025-01-25 06:46:25,A→C,6.763467246742541
case_0233,B,2025-01-28 14:20:23,C→B,3.31525241408894
case_0233,C,2025-01-30 21:49:13,B→C,2.311691827361269
case_0234,A,2025-03-01 21:55:28,start,0.0
case_0234,B,2025-03-04 13:13:00,A→B,2.637183934760509
case_0234,D,2025-03-13 18:58:55,B→D,9.240215887021737
case_0235,A,2025-02-12 08:23:24,start,0.0
case_0235,B,2025-02-12 10:03:51,A→B,0.06976335908836324
case_0235,C,2025-02-15 01:39:15,B→C,2.6495834507233686
case_0235,B,2025-02-16 02:46:08,C→B,1.0464475843011956
case_0235,D,2025-02-19 14:56:22,B→D,3.507095291736474
case_0236,A,2025-01-12 05:54:56,start,0.0
case_0236,C,2025-01-15 10:10:16,A→C,3.1773090610572754
case_0236,D,2025-01-19 16:44:56,C→D,4.274078000951196
case_0237,A,2025-02-26 22:49:14,start,0.0
case_0237,B,2025-03-01 00:38:32,A→B,2.075903556106894
case_0238,A,2025-02-11 06:02:41,start,0.0
case_0238,B,2025-02-12 02:07:17,A→B,0.8365371512059435
case_0238,A,2025-02-14 18:27:29,B→A,2.680688224190434
case_0238,B,2025-02-15 08:11:27,A→B,0.5722033499693229
case_0238,C,2025-02-18 19:37:31,B→C,3.4764288732286497
case_0238,B,2025-02-24 08:32:14,C→B,5.5380009275796755
case_0238,D,2025-03-13 17:31:36,B→D,17.374558291616363
case_0239,A,2025-02-03 06:07:59,start,0.0
case_0239,B,2025-02-03 18:32:56,A→B,0.5173295022334474
case_0239,C,2025-02-08 22:43:54,B→C,5.1742819587393
case_0239,D,2025-02-20 03:02:23,C→D,11.179495317288215
case_0240,A,2025-02-17 06:54:53,start,0.0
case_0240,B,2025-02-24 11:14:14,A→B,7.180102983871644
case_0240,A,2025-02-27 11:04:22,B→A,2.993151692786854
case_0240,B,2025-02-27 19:06:30,A→B,0.33481088859274344
case_0240,C,2025-02-28 18:37:08,B→C,0.9796100690112475
case_0240,D,2025-03-06 05:16:35,C→D,5.4440633628334165
case_0241,A,2025-01-21 21:05:05,start,0.0
case_0241,B,2025-01-22 16:30:50,A→B,0.8095446174803659
case_0241,A,2025-01-25 10:53:29,B→A,2.7657346809371033
case_0241,B,2025-01-25 22:47:58,A→B,0.4961621710637414
case_0241,D,2025-02-12 10:09:49,B→D,17.473515280887234
case_0242,A,2025-01-06 16:33:06,start,0.0
case_0242,B,2025-01-14 21:49:45,A→B,8.219901506632878
case_0242,D,2025-01-24 22:07:03,B→D,10.012012043853302
case_0243,A,2025-01-17 17:33:31,start,0.0
case_0243,B,2025-01-18 05:34:33,A→B,0.500710390382654
case_0243,C,2025-01-19 00:26:11,B→C,0.7858578134005065
case_0243,D,2025-01-19 13:06:05,C→D,0.527703533270077
case_0244,A,2025-01-14 17:59:39,start,0.0
case_0244,B,2025-01-16 08:42:38,A→B,1.6131804257554276
case_0244,C,2025-01-17 12:23:08,B→C,1.1531202820187159
case_0244,B,2025-01-17 15:11:40,C→B,0.11704104522674497
case_0244,D,2025-01-25 21:01:00,B→D,8.242589386487053
case_0245,A,2025-02-06 08:15:03,start,0.0
case_0245,C,2025-02-11 10:58:54,A→C,5.113779573182402
case_0245,B,2025-02-13 13:20:57,C→B,2.0986442633144486
case_0245,C,2025-02-18 07:54:08,B→C,4.773040803622972
case_0245,B,2025-02-19 20:53:10,C→B,1.540996389000659
case_0245,C,2025-02-22 13:52:44,B→C,2.7080358710429646
case_0245,D,2025-02-24 03:55:18,C→D,1.5851117044253726
case_0246,A,2025-02-10 11:57:54,start,0.0
case_0246,C,2025-02-17 05:24:54,A→C,6.727091007294327
case_0246,D,2025-02-18 05:13:35,C→D,0.9921372952487655
case_0247,A,2025-02-18 00:05:31,start,0.0
case_0247,B,2025-02-22 09:24:22,A→B,4.388093248333551
case_0247,C,2025-02-26 19:03:01,B→C,4.401837477963209
case_0247,B,2025-03-01 21:37:19,C→B,3.1071504940041255
case_0247,D,2025-03-02 07:17:59,B→D,0.40324142715452105
case_0248,A,2025-02-16 11:53:40,start,0.0
case_0248,C,2025-03-05 12:31:55,A→C,17.02656689105188
case_0248,D,2025-03-08 08:48:02,C→D,2.844524338670304
case_0249,A,2025-01-27 18:26:40,start,0.0
case_0249,B,2025-01-31 01:47:09,A→B,3.305890171575369
case_0249,A,2025-02-02 23:00:13,B→A,2.8840758632518657
case_0249,C,2025-02-07 03:17:15,A→C,4.178486364826716
case_0249,B,2025-02-11 07:22:19,C→B,4.170194092373883
case_0249,D,2025-02-18 22:24:56,B→D,7.626817724702757
case_0250,A,2025-02-13 18:43:54,start,0.0
case_0250,B,2025-02-16 18:14:13,A→B,2.979393634691527
case_0250,C,2025-02-19 15:20:59,B→C,2.8796959443283265
case_0250,B,2025-02-20 11:43:39,C→B,0.8490810335781571
case_0250,A,2025-02-23 09:52:53,B→A,2.9230758603070655
case_0250,B,2025-02-23 13:39:44,A→B,0.15753406656534885
case_0250,A,2025-02-24 16:33:37,B→A,1.1207479246761487
case_0250,C,2025-03-01 17:44:20,A→C,5.049112456926734
case_0250,D,2025-03-20 16:22:11,C→D,18.94294858456988
case_0251,A,2025-01-10 06:19:38,start,0.0
case_0251,B,2025-01-16 12:17:45,A→B,6.24869200324624
case_0251,C,2025-01-20 16:09:47,B→C,4.161131094592304
case_0251,B,2025-01-25 06:10:49,C→B,4.584051274291959
case_0251,C,2025-01-30 00:25:35,B→C,4.760258777986635
case_0251,B,2025-02-04 09:48:19,C→B,5.390781843370764
case_0251,C,2025-02-13 00:06:06,B→C,8.595684876765674
case_0251,D,2025-02-13 14:16:48,C→D,0.5907590002740903
case_0252,A,2025-02-09 10:42:46,start,0.0
case_0252,C,2025-02-14 03:08:47,A→C,4.684730134656673
case_0252,D,2025-02-15 04:54:04,C→D,1.0731103358896315
case_0253,A,2025-01-23 19:05:35,start,0.0
case_0254,A,2025-02-28 22:59:54,start,0.0
case_0254,B,2025-03-01 06:47:30,A→B,0.3247203039415955
case_0254,D,2025-03-06 12:49:47,B→D,5.251585657728471
case_0255,A,2025-01-16 22:12:33,start,0.0
case_0255,C,2025-01-27 01:30:17,A→C,10.13731695471008
case_0255,B,2025-01-31 21:31:02,C→B,4.833854092489153
case_0255,C,2025-02-05 16:13:20,B→C,4.779372790054284
case_0255,D,2025-02-13 18:02:19,C→D,8.075681192970947
case_0256,A,2025-02-05 06:20:58,start,0.0
case_0256,B,2025-02-08 03:29:15,A→B,2.8807413309966767
case_0257,A,2025-02-12 08:44:11,start,0.0
case_0257,B,2025-02-12 13:46:51,A→B,0.21017790193910854
case_0257,C,2025-02-18 06:45:11,B→C,5.707175412927967
case_0257,D,2025-02-18 19:33:56,C→D,0.5338612579265662
case_0258,A,2025-01-17 03:12:55,start,0.0
case_0258,B,2025-01-18 00:37:08,A→B,0.8918150484564071
case_0258,C,2025-01-23 20:56:59,B→C,5.847120492830482
case_0258,D,2025-01-25 05:21:04,C→D,1.3500549796571715
case_0259,A,2025-01-14 06:45:13,start,0.0
case_0259,B,2025-01-17 12:29:51,A→B,3.2393317340116177
case_0259,A,2025-01-18 17:26:22,B→A,1.2059079459299333
case_0259,C,2025-01-22 12:12:00,A→C,3.781692519994442
case_0259,D,2025-02-05 05:59:00,C→D,13.740966943925068
case_0260,A,2025-02-17 10:13:01,start,0.0
case_0260,B,2025-02-17 15:31:21,A→B,0.22106544920207638
case_0260,D,2025-02-25 16:40:07,B→D,8.047753845275823
case_0261,A,2025-01-14 06:01:21,start,0.0
case_0261,B,2025-01-14 10:32:04,A→B,0.18799998401451656
case_0261,D,2025-01-17 14:42:31,B→D,3.1739316745467194
case_0262,A,2025-01-23 05:13:59,start,0.0
case_0262,C,2025-01-26 18:04:10,A→C,3.5348558967714045
case_0262,B,2025-01-27 07:03:06,C→B,0.5409205965091988
case_0262,D,2025-02-03 11:33:20,B→D,7.187664434157346
case_0263,A,2025-01-02 10:09:44,start,0.0
case_0263,C,2025-01-05 14:59:32,A→C,3.2012555634869875
case_0263,B,2025-01-10 19:12:23,C→B,5.175585631372445
case_0263,C,2025-01-13 10:18:31,B→C,2.629258929916018
case_0263,B,2025-01-14 16:35:59,C→B,1.2621341423183665
case_0263,C,2025-01-15 02:05:46,B→C,0.3956818699012956
case_0263,D,2025-01-15 16:30:36,C→D,0.6005811703574278
case_0264,A,2025-02-23 09:24:04,start,0.0
case_0264,B,2025-02-23 17:04:50,A→B,0.31997362214015007
case_0264,C,2025-02-25 00:52:43,B→C,1.3249271063079187
case_0264,B,2025-02-28 05:31:22,C→B,3.193502212237159
case_0264,C,2025-02-28 21:51:35,B→C,0.6807102267838943
case_0264,B,2025-03-01 23:37:04,C→B,1.0732444768916727
case_0264,A,2025-03-03 21:58:32,B→A,1.9315736648764483
case_0264,B,2025-03-05 04:55:52,A→B,1.289817480867507
case_0264,D,2025-03-07 23:12:49,B→D,2.761776719491717
case_0265,A,2025-01-02 06:55:42,start,0.0
case_0265,B,2025-01-02 23:48:07,A→B,0.7030696559597311
case_0265,D,2025-01-04 09:59:35,B→D,1.4246228409549384
case_0266,A,2025-02-15 19:58:45,start,0.0
case_0266,B,2025-02-17 01:22:26,A→B,1.2247848679786284
case_0266,A,2025-02-18 10:12:41,B→A,1.3682248001384838
case_0266,B,2025-02-19 03:34:21,A→B,0.7233817154858313
case_0266,C,2025-02-21 02:15:03,B→C,1.9449319841576704
case_0266,D,2025-03-10 15:55:58,C→D,17.57008117030385
case_0267,A,2025-02-14 19:38:31,start,0.0
case_0267,B,2025-02-17 18:17:19,A→B,2.9436144821666903
case_0267,A,2025-02-19 20:57:20,B→A,2.111123432861245
case_0267,C,2025-02-22 07:46:07,A→C,2.4505378545348684
case_0267,D,2025-02-26 06:13:03,C→D,3.93537109293891
case_0268,A,2025-01-21 17:18:31,start,0.0
case_0268,B,2025-01-22 03:08:47,A→B,0.40990329350863347
case_0268,C,2025-01-25 07:40:16,B→C,3.1885254728773784
case_0268,D,2025-01-26 06:35:49,C→D,0.9552450009729023
case_0269,A,2025-02-20 15:07:39,start,0.0
case_0269,B,2025-02-21 03:19:52,A→B,0.5084805729924582
case_0269,D,2025-02-26 12:45:07,B→D,5.392544406507774
case_0270,A,2025-01-23 17:44:14,start,0.0
case_0271,A,2025-01-30 17:06:24,start,0.0
case_0271,B,2025-01-30 21:34:14,A→B,0.1859916875202432
case_0271,C,2025-02-03 15:57:35,B→C,3.766220133302239
case_0271,D,2025-02-11 00:14:44,C→D,7.345238070423253
case_0272,A,2025-02-02 23:12:30,start,0.0
case_0272,B,2025-02-03 07:49:52,A→B,0.3592781181806708
case_0272,C,2025-02-06 15:13:22,B→C,3.3079818750272603
case_0272,D,2025-02-10 11:08:45,C→D,3.83013233329257
case_0273,A,2025-02-07 03:46:58,start,0.0
case_0273,B,2025-02-09 11:50:51,A→B,2.336039610129219
case_0273,C,2025-02-13 15:29:01,B→C,4.151496634958006
case_0273,D,2025-03-04 18:44:11,C→D,19.135531390667445
case_0274,A,2025-02-25 16:28:45,start,0.0
case_0274,B,2025-02-25 23:54:34,A→B,0.30959856080931386
case_0274,C,2025-02-27 02:01:38,B→C,1.0882365348554204
case_0274,D,2025-02-27 23:40:58,C→D,0.9023111858924742
case_0275,A,2025-02-21 20:31:25,start,0.0
case_0275,C,2025-02-25 12:39:47,A→C,3.6724785437227174
case_0275,B,2025-03-02 02:10:51,C→B,4.563243317493023
case_0275,D,2025-03-03 19:05:05,B→D,1.704332709738999
case_0276,A,2025-01-02 08:12:00,start,0.0
case_0276,B,2025-01-02 16:27:18,A→B,0.34395814570626776
case_0276,C,2025-01-07 05:01:32,B→C,4.523780781047632
case_0276,D,2025-01-09 22:12:28,C→D,2.715919845157294
case_0277,A,2025-02-14 22:31:32,start,0.0
case_0277,B,2025-02-14 23:24:13,A→B,0.036595185222785924
case_0277,C,2025-02-19 14:47:05,B→C,4.640879230720414
case_0277,D,2025-02-24 23:55:47,C→D,5.381040541726334
case_0278,A,2025-02-18 11:01:26,start,0.0
case_0278,B,2025-02-19 00:00:32,A→B,0.5410491397617307
case_0278,C,2025-02-22 10:46:04,B→C,3.4482812269057175
case_0278,B,2025-02-23 11:51:02,C→B,1.045118060860486
case_0278,C,2025-03-03 09:53:46,B→C,7.918564780644138
case_0278,B,2025-03-04 01:25:03,C→B,0.6467238175009484
case_0278,D,2025-03-09 05:15:25,B→D,5.159975402157125
case_0279,A,2025-02-07 14:25:52,start,0.0
case_0279,C,2025-02-10 23:45:54,A→C,3.388913173070874
case_0279,B,2025-02-19 05:33:52,C→B,8.241639119506292
case_0279,C,2025-02-22 00:54:29,B→C,2.805990965395667
case_0279,B,2025-03-11 03:34:00,C→B,17.110770742689667
case_0279,A,2025-03-12 23:43:30,B→A,1.8399266658048425
case_0279,C,2025-03-17 19:27:11,A→C,4.822005738856191
case_0280,A,2025-01-01 21:27:56,start,0.0
case_0280,B,2025-01-02 08:59:11,A→B,0.48002764277691773
case_0280,D,2025-01-10 20:29:59,B→D,8.47972457683355
case_0281,A,2025-02-10 23:10:03,start,0.0
case_0281,C,2025-02-13 08:42:00,A→C,2.397194175275945
case_0281,B,2025-02-16 09:34:14,C→B,3.0362673359242227
case_0281,A,2025-02-17 17:47:45,B→A,1.342718011916011
case_0281,B,2025-02-18 00:21:45,A→B,0.27361090380095554
case_0281,A,2025-02-20 14:34:46,B→A,2.5923756072736595
case_0281,B,2025-02-21 08:32:21,A→B,0.7483219169994424
case_0281,A,2025-02-22 22:41:23,B→A,1.5896099764278375
case_0281,B,2025-02-23 11:53:07,A→B,0.549806041221208
case_0281,D,2025-03-04 09:34:25,B→D,8.903685478080561
case_0282,A,2025-01-08 12:17:03,start,0.0
case_0282,B,2025-01-16 08:28:41,A→B,7.841410662779748
case_0282,C,2025-01-18 06:28:40,B→C,1.916654294551562
case_0283,A,2025-02-04 05:00:50,start,0.0
case_0283,B,2025-02-08 07:46:40,A→B,4.115163122687044
case_0283,C,2025-02-15 03:50:21,B→C,6.8358952142074285
case_0283,D,2025-02-19 07:54:47,C→D,4.169748894861243
case_0284,A,2025-01-11 03:59:19,start,0.0
case_0284,B,2025-01-11 21:32:40,A→B,0.7314946441174884
case_0284,C,2025-01-14 04:38:14,B→C,2.295531712276797
case_0284,B,2025-01-18 18:39:43,C→B,4.584366092331088
case_0284,D,2025-01-28 18:06:13,B→D,9.976729423611994
case_0285,A,2025-01-25 13:06:51,start,0.0
case_0285,B,2025-01-30 21:08:18,A→B,5.334338214765675
case_0285,C,2025-02-01 04:36:07,B→C,1.3109874626441371
case_0285,D,2025-02-17 00:15:01,C→D,15.818680496820324
case_0286,A,2025-02-21 07:09:53,start,0.0
case_0286,B,2025-02-24 20:42:06,A→B,3.5640452030639485
case_0286,C,2025-02-28 17:47:26,B→C,3.87870438463171
case_0286,B,2025-03-02 22:46:00,C→B,2.2073369629248525
case_0286,D,2025-03-14 00:11:10,B→D,11.059146921296698
case_0287,A,2025-02-24 14:12:37,start,0.0
case_0287,B,2025-03-01 01:27:49,A→B,4.468896214775209
case_0287,D,2025-03-09 02:30:41,B→D,8.04365516066186
case_0288,A,2025-02-09 03:16:50,start,0.0
case_0288,C,2025-02-11 01:16:43,A→C,1.9165919329775634
case_0288,D,2025-02-12 10:03:13,C→D,1.36562248117632
case_0289,A,2025-01-18 14:33:04,start,0.0
case_0289,B,2025-01-20 01:14:42,A→B,1.4455808026415402
case_0289,C,2025-01-20 21:04:39,B→C,0.8263515610207819
case_0289,D,2025-01-21 08:14:43,C→D,0.46532988867800906
case_0290,A,2025-02-28 11:59:58,start,0.0
case_0290,B,2025-03-03 17:08:33,A→B,3.214296604204415
case_0290,A,2025-03-06 01:06:15,B→A,2.331737151636958
case_0290,B,2025-03-09 16:03:48,A→B,3.623299180585734
case_0290,D,2025-03-18 21:42:19,B→D,9.235080290254484
case_0291,A,2025-01-03 18:26:00,start,0.0
case_0291,B,2025-01-05 22:39:35,A→B,2.1760979533479716
case_0291,C,2025-01-08 17:27:09,B→C,2.783032078277296
case_0291,D,2025-01-09 06:15:44,C→D,0.5337393735861777
case_0292,A,2025-01-24 18:13:50,start,0.0
case_0292,B,2025-01-27 10:12:38,A→B,2.665833187176709
case_0292,C,2025-01-29 17:05:04,B→C,2.286414092380836
case_0292,D,2025-02-01 06:32:48,C→D,2.5609229819024115
case_0293,A,2025-02-01 06:33:26,start,0.0
case_0293,B,2025-02-02 10:23:16,A→B,1.1596051207997822
case_0293,C,2025-02-04 09:23:51,B→C,1.9587419843960254
case_0293,B,2025-02-09 09:19:54,C→B,4.997255240568405
case_0293,D,2025-02-13 02:42:53,B→D,3.724291384843333
case_0294,A,2025-02-03 18:09:10,start,0.0
case_0294,C,2025-02-11 02:22:46,A→C,7.342773516570563
case_0294,D,2025-03-04 22:01:22,C→D,21.81846598387923
case_0295,A,2025-01-07 12:04:08,start,0.0
case_0295,C,2025-01-18 04:17:24,A→C,10.67587538065821
case_0295,B,2025-01-29 10:32:50,C→B,11.260721260152318
case_0295,A,2025-01-30 19:04:28,B→A,1.3552958984829715
case_0295,B,2025-02-01 03:56:27,A→B,1.3694360332918656
case_0295,A,2025-02-03 01:06:19,B→A,1.8818444701394377
case_0295,B,2025-02-06 13:57:00,A→B,3.5351982891935663
case_0295,A,2025-02-09 10:37:32,B→A,2.8614862043115323
case_0295,B,2025-02-15 06:48:00,A→B,5.840605393602495
case_0295,D,2025-02-19 13:44:46,B→D,4.2894181501066555
case_0296,A,2025-01-17 07:29:34,start,0.0
case_0296,B,2025-01-20 12:15:20,A→B,3.1984490869516917
case_0296,C,2025-01-23 01:31:44,B→C,2.553055327777376
case_0296,D,2025-01-25 20:26:57,C→D,2.788340230774958
case_0297,A,2025-03-01 02:52:06,start,0.0
case_0298,A,2025-01-08 04:53:44,start,0.0
case_0298,B,2025-01-08 04:59:09,A→B,0.0037612307066387934
case_0298,A,2025-01-10 06:26:38,B→A,2.060755231909824
case_0298,C,2025-01-15 07:06:52,A→C,5.02793866132605
case_0298,D,2025-02-09 15:27:56,C→D,25.34796056335322
case_0299,A,2025-02-09 04:16:39,start,0.0
case_0299,B,2025-02-11 05:08:50,A→B,2.036233324832552
case_0299,D,2025-02-13 11:03:49,B→D,2.246523581801399
case_0300,A,2025-01-26 07:55:42,start,0.0
case_0300,B,2025-01-26 22:16:04,A→B,0.5974728685868596
case_0300,D,2025-02-01 00:48:02,B→D,5.105535286707202
case_0301,A,2025-01-25 21:42:44,start,0.0
case_0301,C,2025-02-01 01:15:13,A→C,6.14755127361231
case_0301,D,2025-02-15 06:01:23,C→D,14.198730530482864
case_0302,A,2025-02-05 14:51:14,start,0.0
case_0302,C,2025-02-10 23:25:38,A→C,5.357227935849526
case_0302,D,2025-02-18 23:05:45,C→D,7.986186640195063
case_0303,A,2025-01-20 10:11:33,start,0.0
case_0303,B,2025-01-25 20:34:13,A→B,5.432407089283989
case_0303,C,2025-01-28 06:16:14,B→C,2.404185580218452
case_0303,D,2025-02-01 04:00:55,C→D,3.9060234653893033
case_0304,A,2025-02-16 16:40:23,start,0.0
case_0304,B,2025-02-20 00:16:25,A→B,3.316686770246664
case_0304,D,2025-03-03 08:37:51,B→D,11.348225661365971
case_0305,A,2025-01-22 07:50:52,start,0.0
case_0305,B,2025-01-23 18:34:36,A→B,1.4470434069795415
case_0305,C,2025-01-25 07:37:22,B→C,1.5435883688432437
case_0305,D,2025-01-31 16:49:21,C→D,6.383318698242241
case_0306,A,2025-01-15 15:44:44,start,0.0
case_0306,C,2025-01-19 08:50:56,A→C,3.712643165332848
case_0306,B,2025-01-20 02:34:50,C→B,0.738814271209502
case_0306,C,2025-01-24 00:26:52,B→C,3.9111370897112554
case_0306,D,2025-01-26 07:59:57,C→D,2.3146367687508764
case_0307,A,2025-01-06 19:22:50,start,0.0
case_0307,C,2025-01-10 11:32:06,A→C,3.6731050880784757
case_0307,B,2025-01-10 17:28:41,C→B,0.24762517203594836
case_0307,C,2025-01-14 17:52:57,B→C,4.0168493646669265
case_0307,D,2025-01-18 10:49:24,C→D,3.705869121844027
case_0308,A,2025-03-01 11:08:31,start,0.0
case_0308,B,2025-03-02 02:48:18,A→B,0.65263760215508
case_0308,C,2025-03-06 03:33:25,B→C,4.031327982653671
case_0309,A,2025-02-23 01:52:31,start,0.0
case_0309,B,2025-02-23 13:18:21,A→B,0.47628428490746755
case_0309,C,2025-03-03 08:41:20,B→C,7.807624285769366
case_0309,B,2025-03-04 00:18:10,C→B,0.6505814153082898
case_0309,D,2025-03-06 20:53:19,B→D,2.8577355558421633
case_0310,A,2025-02-16 10:29:59,start,0.0
case_0310,B,2025-02-19 10:09:12,A→B,2.9855758243944064
case_0311,A,2025-01-07 20:47:49,start,0.0
case_0311,C,2025-01-12 02:53:35,A→C,4.25400386893562
case_0311,D,2025-01-13 22:36:56,C→D,1.8217688473542308
case_0312,A,2025-01-14 00:27:48,start,0.0
case_0312,C,2025-01-21 18:26:07,A→C,7.748822485065998
case_0312,B,2025-01-22 07:55:55,C→B,0.5623641920875899
case_0312,C,2025-01-27 14:13:36,B→C,5.262286168948384
case_0312,B,2025-01-28 16:08:10,C→B,1.079554403945238
case_0312,C,2025-02-02 19:15:42,B→C,5.130237131693974
case_0312,D,2025-02-03 23:30:36,C→D,1.1770086147976357
case_0313,A,2025-01-05 04:03:36,start,0.0
case_0313,B,2025-01-05 04:38:21,A→B,0.024129969060178225
case_0313,A,2025-01-06 11:37:31,B→A,1.2910930648648136
case_0313,B,2025-01-06 15:12:37,A→B,0.14937609430767607
case_0313,A,2025-01-08 06:06:36,B→A,1.6208165965043628
case_0313,B,2025-01-10 18:23:41,A→B,2.511869673595873
case_0313,D,2025-01-31 20:21:57,B→D,21.082129680834342
case_0314,A,2025-01-27 03:19:26,start,0.0
case_0314,B,2025-01-27 18:44:57,A→B,0.6427127068478522
case_0315,A,2025-02-02 00:21:11,start,0.0
case_0315,B,2025-02-03 19:06:06,A→B,1.7811850991356433
case_0315,D,2025-02-15 14:07:12,B→D,11.792438661560558
case_0316,A,2025-02-02 13:11:24,start,0.0
case_0317,A,2025-02-08 06:43:52,start,0.0
case_0317,B,2025-02-09 18:29:07,A→B,1.4897575647471837
case_0317,C,2025-02-14 14:56:17,B→C,4.852198317901053
case_0317,B,2025-02-21 10:54:56,C→B,6.832394040181338
case_0318,A,2025-02-20 07:25:35,start,0.0
case_0318,C,2025-02-25 07:48:45,A→C,5.016098739583142
case_0318,B,2025-03-04 15:15:27,C→B,7.310200827307242
case_0318,D,2025-03-07 14:51:26,B→D,2.983321368369463
case_0319,A,2025-02-05 20:18:47,start,0.0
case_0319,B,2025-02-15 06:33:06,A→B,9.426617695501676
case_0319,C,2025-02-16 19:35:18,B→C,1.5431936155491428
case_0319,B,2025-02-17 09:58:22,C→B,0.5993435752644114
case_0319,A,2025-02-19 17:56:12,B→A,2.3318291693247897
case_0319,B,2025-02-20 10:01:34,A→B,0.6703977646258625
case_0319,C,2025-02-22 22:28:15,B→C,2.5185331758896314
case_0320,A,2025-02-07 15:38:31,start,0.0
case_0320,B,2025-02-08 08:33:24,A→B,0.7047772401294341
case_0320,A,2025-02-10 04:26:07,B→A,1.8282818930384956
case_0320,B,2025-02-13 00:56:17,A→B,2.8542768155360214
case_0320,C,2025-02-17 03:48:35,B→C,4.119654771828609
case_0320,B,2025-02-18 08:13:55,C→B,1.1842592383572867
case_0320,A,2025-02-20 05:49:23,B→A,1.89963245131573
case_0320,B,2025-02-23 18:31:11,A→B,3.529033071781985
case_0320,C,2025-02-28 09:31:33,B→C,4.625253263603575
case_0320,B,2025-02-28 12:04:04,C→B,0.10590859579817646
case_0320,D,2025-03-04 23:59:34,B→D,4.496879843424704
case_0321,A,2025-02-21 14:46:23,start,0.0
case_0321,C,2025-02-26 07:54:35,A→C,4.714028599827487
case_0322,A,2025-01-16 13:07:59,start,0.0
case_0322,B,2025-01-17 20:16:08,A→B,1.297329537976886
case_0322,C,2025-01-20 17:15:11,B→C,2.874344555909427
case_0322,D,2025-02-11 02:30:32,C→D,21.38566259948503
case_0323,A,2025-01-20 02:22:40,start,0.0
case_0323,B,2025-01-20 11:08:14,A→B,0.3649666646609703
case_0323,C,2025-01-21 23:35:46,B→C,1.5191276745341704
case_0323,D,2025-01-22 06:41:00,C→D,0.29529369786814197
case_0324,A,2025-01-15 22:06:27,start,0.0
case_0324,C,2025-01-19 02:26:26,A→C,3.180548652203978
case_0324,B,2025-01-19 11:24:41,C→B,0.3737896940888392
case_0325,A,2025-02-05 10:14:54,start,0.0
case_0325,B,2025-02-05 12:10:57,A→B,0.08059166180964553
case_0325,C,2025-02-12 23:33:06,B→C,7.473714030104503
case_0325,D,2025-02-14 06:29:51,C→D,1.2894049691787544
case_0326,A,2025-02-06 22:07:38,start,0.0
case_0326,B,2025-02-07 06:30:51,A→B,0.34945232330577664
case_0327,A,2025-01-07 09:07:28,start,0.0
case_0327,B,2025-01-11 14:48:48,A→B,4.237040031399715
case_0327,C,2025-01-16 10:50:28,B→C,4.834491392779492
case_0328,A,2025-02-28 18:06:57,start,0.0
case_0328,B,2025-03-01 03:16:02,A→B,0.3813066991761404
case_0328,C,2025-03-03 16:01:05,B→C,2.5312871691172156
case_0328,B,2025-03-03 21:44:56,C→B,0.23878083374804282
case_0328,C,2025-03-07 03:28:27,B→C,3.2385594348751914
case_0328,D,2025-03-11 04:47:23,C→D,4.0548068982687795
case_0329,A,2025-01-20 08:41:00,start,0.0
case_0329,C,2025-01-27 17:57:06,A→C,7.386172295900589
case_0329,D,2025-01-30 05:17:50,C→D,2.4727333759055456
case_0330,A,2025-01-07 22:36:58,start,0.0
case_0330,B,2025-01-12 12:42:48,A→B,4.587381438199693
case_0330,C,2025-01-13 05:16:58,B→C,0.690386674782494
case_0330,D,2025-01-16 01:37:29,C→D,2.847580985701917
case_0331,A,2025-02-05 11:42:44,start,0.0
case_0331,C,2025-02-08 09:23:29,A→C,2.903302091097551
case_0331,D,2025-02-12 21:20:27,C→D,4.4978988861209
case_0332,A,2025-02-25 10:03:33,start,0.0
case_0332,B,2025-02-27 01:37:53,A→B,1.648837377938594
case_0332,A,2025-02-28 11:47:14,B→A,1.4231608161430525
case_0332,C,2025-03-05 18:00:04,A→C,5.2589108455661995
case_0332,B,2025-03-07 09:17:01,C→B,1.636771556766874
case_0332,C,2025-03-08 15:14:43,B→C,1.2484025283499403
case_0333,A,2025-01-13 05:52:18,start,0.0
case_0333,C,2025-01-15 09:01:54,A→C,2.1316668074634877
case_0333,B,2025-01-18 11:28:48,C→B,3.102014730974249
case_0333,C,2025-01-19 20:16:47,B→C,1.3666585822644777
case_0333,D,2025-01-21 12:51:18,C→D,1.6906346976021647
case_0334,A,2025-02-09 09:15:36,start,0.0
case_0334,B,2025-02-10 18:51:03,A→B,1.3996213915968905
case_0334,A,2025-02-12 06:58:02,B→A,1.5048521961381407
case_0334,C,2025-02-14 13:29:19,A→C,2.2717242092817806
case_0334,D,2025-02-21 07:10:34,C→D,6.736982873251577
case_0335,A,2025-01-05 10:07:45,start,0.0
case_0335,C,2025-01-08 21:12:46,A→C,3.4618229529226694
case_0335,B,2025-01-09 21:01:49,C→B,0.9923953928376861
case_0335,A,2025-01-12 07:50:22,B→A,2.4503750303771747
case_0335,B,2025-01-12 22:42:25,A→B,0.6194843112030339
case_0335,D,2025-01-23 20:00:45,B→D,10.887731960834238
case_0336,A,2025-02-01 19:57:19,start,0.0
case_0336,B,2025-02-01 20:10:10,A→B,0.008931291258628687
case_0336,D,2025-02-19 23:15:47,B→D,18.128900263918894
case_0337,A,2025-01-29 10:59:03,start,0.0
case_0337,B,2025-02-02 21:31:05,A→B,4.438908816300096
case_0337,A,2025-02-04 15:38:11,B→A,1.7549277630182827
case_0337,B,2025-02-11 10:37:45,A→B,6.79137279358878
case_0337,C,2025-02-11 22:29:17,B→C,0.4941170963228956
case_0337,B,2025-02-12 23:05:15,C→B,1.0249691711708095
case_0337,C,2025-02-13 20:57:52,B→C,0.9115472743544704
case_0337,D,2025-02-15 16:27:10,C→D,1.812011135802365
case_0338,A,2025-02-17 05:01:18,start,0.0
case_0338,B,2025-02-28 04:50:48,A→B,10.99270947009259
case_0338,D,2025-03-10 16:21:25,B→D,10.479590835775065
case_0339,A,2025-01-24 10:07:08,start,0.0
case_0339,C,2025-01-29 20:13:26,A→C,5.421045468785036
case_0339,B,2025-01-30 01:50:14,C→B,0.23388790527908299
case_0339,C,2025-02-01 04:57:55,B→C,2.1303381026276496
case_0339,B,2025-02-08 16:44:03,C→B,7.490364417089706
case_0339,A,2025-02-09 17:14:22,B→A,1.0210585772667482
case_0339,B,2025-02-17 05:12:24,A→B,7.498632044765895
case_0339,A,2025-02-19 15:03:13,B→A,2.410286364070945
case_0339,B,2025-02-23 19:23:15,A→B,4.180582815854937
case_0339,C,2025-02-25 00:31:08,B→C,1.2138079732860128
case_0339,B,2025-03-05 18:16:18,C→B,8.739691738751265
case_0339,C,2025-03-07 07:12:05,B→C,1.5387380719830048
case_0339,D,2025-03-11 22:36:53,C→D,4.64222621000382
case_0340,A,2025-02-05 03:10:13,start,0.0
case_0340,B,2025-02-06 23:40:54,A→B,1.8546404614462753
case_0340,A,2025-02-09 15:28:04,B→A,2.657748479887228
case_0340,B,2025-02-10 10:52:36,A→B,0.8087036203519125
case_0340,D,2025-02-20 00:47:11,B→D,9.579568884385758
case_0341,A,2025-01-02 13:47:13,start,0.0
case_0341,B,2025-01-02 15:27:09,A→B,0.06940360892274348
case_0341,C,2025-01-05 15:36:08,B→C,3.006240827942133
case_0341,D,2025-01-07 01:45:38,C→D,1.423260851777298
case_0342,A,2025-02-11 19:24:01,start,0.0
case_0342,C,2025-02-16 15:00:37,A→C,4.817080568246461
case_0342,D,2025-03-04 09:13:29,C→D,15.75893196609957
case_0343,A,2025-03-01 04:22:55,start,0.0
case_0344,A,2025-02-03 12:38:11,start,0.0
case_0344,B,2025-02-05 18:32:26,A→B,2.246004029533392
case_0344,D,2025-02-10 15:22:04,B→D,4.867797956579912
case_0345,A,2025-02-17 18:25:19,start,0.0
case_0345,C,2025-02-23 22:41:17,A→C,6.177752373858575
case_0345,D,2025-03-02 01:02:33,C→D,6.098107874283332
case_0346,A,2025-02-12 21:46:28,start,0.0
case_0346,B,2025-02-17 22:05:43,A→B,5.013371243420116
case_0346,A,2025-02-20 20:39:15,B→A,2.9399505335225697
case_0346,B,2025-02-21 14:05:04,A→B,0.7262570840244313
case_0346,C,2025-03-01 01:30:24,B→C,7.475926330691875
case_0346,D,2025-03-10 18:05:05,C→D,9.69076007161048
case_0347,A,2025-02-20 20:47:31,start,0.0
case_0347,C,2025-02-25 07:42:59,A→C,4.455191346506835
case_0347,D,2025-03-03 03:08:27,C→D,5.8093531054161875
case_0348,A,2025-01-12 20:34:51,start,0.0
case_0348,B,2025-01-12 22:46:44,A→B,0.09158696424790608
case_0348,C,2025-01-14 14:42:10,B→C,1.663497699373612
case_0348,D,2025-02-03 04:26:58,C→D,19.57276800631699
case_0349,A,2025-02-15 05:42:46,start,0.0
case_0349,B,2025-02-21 12:15:23,A→B,6.272656733665927
case_0349,C,2025-02-24 01:42:32,B→C,2.5605151049516506
case_0349,B,2025-02-24 06:22:39,C→B,0.19452095317539353
case_0349,C,2025-02-24 21:53:06,B→C,0.6461515820027728
case_0350,A,2025-01-30 09:21:03,start,0.0
case_0350,B,2025-02-06 05:49:48,A→B,6.853292709600033
case_0350,A,2025-02-08 11:23:48,B→A,2.2319476634728455
case_0350,B,2025-02-10 06:02:45,A→B,1.7770502708209985
case_0350,D,2025-02-15 01:10:53,B→D,4.79731099807829
case_0351,A,2025-02-12 18:14:19,start,0.0
case_0351,B,2025-02-13 02:30:08,A→B,0.34431982989542687
case_0351,A,2025-02-15 14:27:08,B→A,2.497916758160332
case_0351,B,2025-02-15 18:37:01,A→B,0.1735357274739866
case_0351,A,2025-02-17 22:42:36,B→A,2.1705452047858205
case_0351,B,2025-02-18 11:44:17,A→B,0.5428288407693236
case_0351,C,2025-02-24 09:47:22,B→C,5.918808471020809
case_0351,B,2025-02-24 23:27:25,C→B,0.5694841806108482
case_0351,C,2025-02-27 00:38:07,B→C,2.049089197489158
case_0351,B,2025-03-01 18:19:56,C→B,2.737379379097545
case_0351,C,2025-03-01 20:19:55,B→C,0.08332101233975209
case_0352,A,2025-02-25 06:27:46,start,0.0
case_0352,C,2025-03-05 03:16:26,A→C,7.867128451845289
case_0352,D,2025-03-05 04:22:46,C→D,0.04607265165926755
case_0353,A,2025-01-30 01:04:38,start,0.0
case_0353,B,2025-01-31 06:43:09,A→B,1.235077784878952
case_0353,C,2025-02-01 15:03:36,B→C,1.3475393145559265
case_0353,B,2025-02-02 03:20:16,C→B,0.5115746459236035
case_0354,A,2025-01-18 17:56:52,start,0.0
case_0354,C,2025-01-24 13:48:00,A→C,5.8271847741314655
case_0354,D,2025-01-28 20:50:45,C→D,4.293574376498933
case_0355,A,2025-02-26 09:45:27,start,0.0
case_0355,B,2025-03-01 18:17:01,A→B,3.35525313583197
case_0355,A,2025-03-04 17:22:06,B→A,2.961874266680808
case_0356,A,2025-02-27 08:00:33,start,0.0
case_0356,B,2025-02-27 16:16:39,A→B,0.3445188955395549
case_0356,C,2025-03-02 16:00:49,B→C,2.9890073206488768
case_0356,D,2025-03-10 13:24:56,C→D,7.891745414690112
case_0357,A,2025-02-27 03:52:22,start,0.0
case_0357,B,2025-02-27 12:52:21,A→B,0.37498950433791506
case_0357,A,2025-03-01 20:02:33,B→A,2.298742791620005
case_0357,C,2025-03-04 14:05:03,A→C,2.751733796834721
case_0357,D,2025-03-14 08:00:27,C→D,9.746813623539062
case_0358,A,2025-02-16 11:18:19,start,0.0
case_0358,C,2025-02-25 03:04:36,A→C,8.657136176708205
case_0358,D,2025-02-25 12:55:30,C→D,0.4103513356299455
case_0359,A,2025-02-12 15:30:44,start,0.0
case_0359,B,2025-02-15 22:09:57,A→B,3.2772324790997582
case_0359,C,2025-02-19 08:10:10,B→C,3.41682336736864
case_0359,B,2025-02-21 15:05:56,C→B,2.288723604650448
case_0359,D,2025-02-26 11:31:56,B→D,4.851387611011594
case_0360,A,2025-01-28 05:16:48,start,0.0
case_0360,B,2025-01-30 02:02:05,A→B,1.8647823391738607
case_0360,D,2025-02-09 00:50:41,B→D,9.950413912580657
case_0361,A,2025-02-15 21:44:08,start,0.0
case_0361,B,2025-02-16 11:23:32,A→B,0.5690239935323473
case_0361,D,2025-02-25 09:47:13,B→D,8.933114790382552
case_0362,A,2025-02-05 04:54:08,start,0.0
case_0362,B,2025-02-05 19:54:27,A→B,0.6252216187911148
case_0362,C,2025-02-07 07:10:12,B→C,1.4692695575864614
case_0362,D,2025-02-20 17:24:41,C→D,13.426718933564285
case_0363,A,2025-02-16 15:39:23,start,0.0
case_0363,C,2025-02-20 12:58:26,A→C,3.888225002314417
case_0363,D,2025-02-23 19:14:16,C→D,3.2609966645582698
case_0364,A,2025-01-25 13:09:04,start,0.0
case_0364,B,2025-01-25 19:53:14,A→B,0.28067557458850745
case_0364,C,2025-02-01 17:54:27,B→C,6.917507247708976
case_0364,B,2025-02-04 22:51:37,C→B,3.206364366314821
case_0364,A,2025-02-06 22:47:34,B→A,1.9971944629127876
case_0364,B,2025-02-07 04:28:06,A→B,0.2364795744039263
case_0364,C,2025-02-08 14:07:40,B→C,1.4024709583703583
case_0364,B,2025-02-14 14:14:26,C→B,6.0047010832873955
case_0364,D,2025-02-19 20:39:43,B→D,5.267566286390188
case_0365,A,2025-01-22 16:44:10,start,0.0
case_0365,B,2025-01-22 21:14:34,A→B,0.1877752782953952
case_0365,C,2025-01-31 10:05:40,B→C,8.535485231290803
case_0365,B,2025-02-04 21:09:40,C→B,4.461112160412343
case_0365,D,2025-02-13 09:08:08,B→D,8.498935147770684
case_0366,A,2025-02-25 14:15:09,start,0.0
case_0366,B,2025-03-02 02:24:58,A→B,4.506812820230601
case_0366,D,2025-03-15 23:30:46,B→D,13.879036140704404
case_0367,A,2025-02-07 03:02:02,start,0.0
case_0367,B,2025-02-07 16:00:22,A→B,0.5405042729037419
case_0367,C,2025-02-09 20:58:08,B→C,2.2067845502057306
case_0367,D,2025-02-15 01:52:29,C→D,5.204410667822101
case_0368,A,2025-01-03 05:45:50,start,0.0
case_0368,B,2025-01-09 00:25:09,A→B,5.7773030868964845
case_0368,D,2025-01-14 12:08:18,B→D,5.488300346552506
case_0369,A,2025-02-23 15:26:29,start,0.0
case_0369,B,2025-02-25 02:25:22,A→B,1.4575625246902721
case_0369,A,2025-02-27 12:16:51,B→A,2.410744653257236
case_0369,B,2025-03-01 17:15:38,A→B,2.207498348630132
case_0369,C,2025-03-04 13:19:03,B→C,2.8357001814128955
case_0369,B,2025-03-16 11:42:17,C→B,11.932798152981967
case_0369,C,2025-03-21 20:51:03,B→C,5.381086370113646
case_0370,A,2025-02-01 07:07:09,start,0.0
case_0370,B,2025-02-06 00:28:46,A→B,4.723351259113465
case_0370,C,2025-02-09 21:00:03,B→C,3.855058300793824
case_0371,A,2025-01-11 06:51:43,start,0.0
case_0371,B,2025-01-11 08:31:14,A→B,0.06910105392839584
case_0371,D,2025-01-30 00:41:35,B→D,18.67385731473633
case_0372,A,2025-01-29 17:27:12,start,0.0
case_0372,C,2025-02-03 04:33:23,A→C,4.462625609989146
case_0372,D,2025-02-09 18:47:05,C→D,6.592848563176421
case_0373,A,2025-02-15 00:59:59,start,0.0
case_0373,C,2025-02-21 06:24:01,A→C,6.225029241549609
case_0373,D,2025-02-24 07:10:22,C→D,3.032186814603377
case_0374,A,2025-01-22 11:56:42,start,0.0
case_0374,C,2025-01-31 09:17:04,A→C,8.889136225682828
case_0374,D,2025-01-31 21:18:43,C→D,0.5011519543971499
case_0375,A,2025-01-06 08:10:28,start,0.0
case_0376,A,2025-01-11 12:07:59,start,0.0
case_0376,B,2025-01-14 06:34:43,A→B,2.76857193467892
case_0377,A,2025-01-12 23:46:06,start,0.0
case_0377,B,2025-01-14 08:32:47,A→B,1.3657561170079566
case_0377,D,2025-01-16 20:28:54,B→D,2.497295693420922
case_0378,A,2025-02-21 17:55:18,start,0.0
case_0379,A,2025-02-19 17:09:14,start,0.0
case_0379,B,2025-02-19 18:15:01,A→B,0.04568325140281461
case_0379,C,2025-02-21 17:35:09,B→C,1.9723237537275276
case_0379,D,2025-02-27 16:54:36,C→D,5.971833451011689
case_0380,A,2025-01-15 09:37:52,start,0.0
case_0380,B,2025-01-17 15:06:05,A→B,2.2279325921881155
case_0380,D,2025-02-05 09:49:30,B→D,18.780141889963765
case_0381,A,2025-02-20 08:17:29,start,0.0
case_0381,C,2025-03-02 19:01:35,A→C,10.447294508930678
case_0381,D,2025-03-04 02:20:52,C→D,1.3050580342486509
case_0382,A,2025-01-07 08:14:27,start,0.0
case_0382,C,2025-01-13 09:08:37,A→C,6.037608887055295
case_0382,B,2025-01-16 13:21:09,C→B,3.1753748858532456
case_0382,D,2025-01-22 22:21:56,B→D,6.375538473053631
case_0383,A,2025-01-24 19:32:22,start,0.0
case_0383,B,2025-01-25 17:53:19,A→B,0.9312076223956068
case_0383,C,2025-01-25 19:37:04,B→C,0.07205497277279338
case_0383,D,2025-01-29 00:47:08,C→D,3.21532788169005
case_0384,A,2025-02-19 23:55:26,start,0.0
case_0384,B,2025-02-20 17:35:48,A→B,0.7363584767903305
case_0384,D,2025-02-28 06:13:23,B→D,7.5261010798010926
case_0385,A,2025-02-17 09:57:56,start,0.0
case_0385,C,2025-02-20 21:58:03,A→C,3.5000726124672314
case_0385,D,2025-02-25 18:02:29,C→D,4.836417707091671
case_0386,A,2025-02-25 23:14:32,start,0.0
case_0386,C,2025-03-02 07:35:32,A→C,4.347915711762999
case_0386,D,2025-03-06 23:13:59,C→D,4.651702938777735
case_0387,A,2025-01-11 15:55:07,start,0.0
case_0387,B,2025-01-12 03:58:39,A→B,0.5024541382432904
case_0387,D,2025-01-15 23:49:09,B→D,3.826739594596289
case_0388,A,2025-01-13 19:36:36,start,0.0
case_0388,C,2025-01-17 18:12:12,A→C,3.941391747269013
case_0388,B,2025-01-19 20:32:52,C→B,2.0976932587841643
case_0388,C,2025-01-21 04:53:33,B→C,1.3476958061317266
case_0388,B,2025-01-22 03:39:37,C→B,0.9486582810503918
case_0388,C,2025-01-23 19:53:39,B→C,1.676409260997687
case_0388,B,2025-01-27 04:11:43,C→B,3.3458756101117437
case_0389,A,2025-01-19 01:43:52,start,0.0
case_0389,B,2025-01-20 22:00:12,A→B,1.8446724136427735
case_0389,D,2025-01-28 13:14:45,B→D,7.635105154077086
case_0390,A,2025-02-17 17:59:54,start,0.0
case_0390,B,2025-02-17 22:57:18,A→B,0.206536307971465
case_0390,C,2025-02-22 09:20:10,B→C,4.432539608048152
case_0391,A,2025-02-12 03:45:53,start,0.0
case_0391,B,2025-02-13 10:14:17,A→B,1.2697233038451885
case_0391,C,2025-02-17 07:25:49,B→C,3.8830061432976852
case_0391,D,2025-02-19 17:19:25,C→D,2.4122332025520024
case_0392,A,2025-01-14 07:20:56,start,0.0
case_0392,B,2025-01-16 21:51:39,A→B,2.6046667920998847
case_0392,C,2025-01-18 07:08:05,B→C,1.386406164100181
case_0392,D,2025-01-24 18:31:21,C→D,6.474492082407936
case_0393,A,2025-02-25 04:34:01,start,0.0
case_0393,C,2025-02-28 15:26:30,A→C,3.4531139348279796
case_0393,D,2025-02-28 17:50:33,C→D,0.10002950933754606
case_0394,A,2025-02-01 05:17:29,start,0.0
case_0394,B,2025-02-01 22:23:33,A→B,0.7125459359888963
case_0394,A,2025-02-04 14:34:25,B→A,2.674211894340101
case_0394,B,2025-02-06 20:24:13,A→B,2.2429237401070705
case_0394,A,2025-02-09 18:43:58,B→A,2.9303780222497
case_0394,C,2025-02-16 18:45:03,A→C,7.0007585880192575
case_0394,B,2025-02-17 15:07:30,C→B,0.8489148825310782
case_0394,C,2025-02-20 02:03:18,B→C,2.4554155908364166
case_0394,D,2025-02-22 07:55:27,C→D,2.2445562316695558
case_0395,A,2025-03-01 00:58:15,start,0.0
case_0395,B,2025-03-03 11:15:27,A→B,2.4286152166093418
case_0395,D,2025-03-17 02:39:59,B→D,13.642031041392915
case_0396,A,2025-02-03 15:05:51,start,0.0
case_0396,B,2025-02-04 10:29:01,A→B,0.8077626730904711
case_0397,A,2025-01-11 17:02:57,start,0.0
case_0397,C,2025-01-15 11:19:30,A→C,3.7614883388831006
case_0397,D,2025-01-16 05:56:48,C→D,0.7759020866833679
case_0398,A,2025-01-29 14:38:15,start,0.0
case_0398,C,2025-02-02 10:25:08,A→C,3.8242200838087723
case_0398,B,2025-02-05 17:30:32,C→B,3.295420235356017
case_0398,A,2025-02-08 12:03:38,B→A,2.7729813062774316
case_0398,C,2025-02-12 15:11:23,A→C,4.130389050501625
case_0398,D,2025-02-17 01:36:56,C→D,4.434403640139783
case_0399,A,2025-01-31 16:08:39,start,0.0
case_0399,C,2025-02-08 20:09:49,A→C,8.167480210028412
case_0399,D,2025-02-13 01:28:34,C→D,4.221347797914662
case_0400,A,2025-01-05 13:49:05,start,0.0
case_0400,B,2025-01-06 22:21:23,A→B,1.3557616043275669
case_0400,C,2025-01-10 11:09:56,B→C,3.5337178229262456
case_0400,B,2025-01-11 23:25:48,C→B,1.5110160785464082
case_0400,C,2025-01-13 17:11:59,B→C,1.7404052316096443
case_0400,B,2025-01-14 17:44:53,C→B,1.0228470100304516
case_0400,C,2025-01-19 05:00:58,B→C,4.4695075137735465
case_0400,B,2025-01-31 08:40:04,C→B,12.152153769930853
case_0400,C,2025-02-01 17:09:13,B→C,1.3535658241810218
case_0400,D,2025-03-11 12:44:58,C→D,37.81649763142259
case_0401,A,2025-01-03 10:43:49,start,0.0
case_0401,C,2025-01-11 17:18:55,A→C,8.274367532309997
case_0401,B,2025-01-28 01:00:49,C→B,16.320772814969303
case_0401,C,2025-01-29 01:23:32,B→C,1.0157653796249022
case_0401,B,2025-02-06 16:28:51,C→B,8.628700402853227
case_0401,C,2025-02-08 18:58:05,B→C,2.103635809580055
case_0401,D,2025-02-18 14:42:21,C→D,9.822398728386759
case_0402,A,2025-01-19 13:14:45,start,0.0
case_0402,B,2025-01-19 19:24:46,A→B,0.25695095726908157
case_0402,A,2025-01-22 06:19:45,B→A,2.4548508868962644
case_0402,B,2025-01-25 15:52:47,A→B,3.3979375433749555
case_0402,C,2025-01-29 09:56:15,B→C,3.7524097002700554
case_0402,D,2025-02-17 16:20:35,C→D,19.26689393787298
case_0403,A,2025-02-22 17:50:09,start,0.0
case_0403,B,2025-02-24 20:43:35,A→B,2.1204363785955564
case_0403,D,2025-03-04 03:41:31,B→D,7.290240964309994
case_0404,A,2025-01-30 02:31:46,start,0.0
case_0404,C,2025-02-02 04:36:27,A→C,3.0865938907629666
case_0404,B,2025-02-02 18:27:16,C→B,0.5769469802454132
case_0404,C,2025-02-04 13:51:57,B→C,1.808810077546338
case_0404,D,2025-02-18 22:29:41,C→D,14.35954227820116
case_0405,A,2025-02-21 06:30:41,start,0.0
case_0405,C,2025-02-24 19:13:41,A→C,3.5298596889432576
case_0405,D,2025-02-25 11:20:53,C→D,0.6716675603044222
case_0406,A,2025-02-08 22:09:44,start,0.0
case_0406,B,2025-02-10 12:32:01,A→B,1.5988139742819543
case_0406,D,2025-02-16 20:14:30,B→D,6.321160335155378
case_0407,A,2025-01-29 04:11:59,start,0.0
case_0407,B,2025-02-04 10:58:19,A→B,6.282166284237288
case_0407,C,2025-02-06 11:09:54,B→C,2.0080508897607157
case_0407,B,2025-02-09 19:55:04,C→B,3.3646985689584987
case_0407,C,2025-02-13 12:12:37,B→C,3.6788558477118
case_0408,A,2025-02-04 03:33:04,start,0.0
case_0408,C,2025-02-15 05:53:36,A→C,11.097600079204554
case_0408,D,2025-02-21 04:41:55,C→D,5.950213077595961
case_0409,A,2025-02-15 03:40:03,start,0.0
case_0409,B,2025-02-20 18:56:28,A→B,5.636404498428749
case_0409,C,2025-02-21 06:57:32,B→C,0.500741338874505
case_0410,A,2025-02-12 22:17:01,start,0.0
case_0410,B,2025-02-13 03:10:25,A→B,0.20374992945577522
case_0411,A,2025-01-28 02:39:28,start,0.0
case_0411,B,2025-02-01 00:20:30,A→B,3.9034902139886434
case_0411,D,2025-02-05 16:21:20,B→D,4.667245661763303
case_0412,A,2025-01-10 17:54:50,start,0.0
case_0412,B,2025-01-11 13:15:07,A→B,0.8057542355383298
case_0412,C,2025-01-12 10:40:35,B→C,0.892687267210565
case_0412,B,2025-01-13 07:59:19,C→B,0.8880066399088
case_0412,C,2025-01-17 08:12:47,B→C,4.009344679086377
case_0412,D,2025-01-19 09:43:23,C→D,2.0629253572910056
case_0413,A,2025-01-21 23:14:22,start,0.0
case_0413,B,2025-01-22 00:53:12,A→B,0.06862477115435542
case_0413,D,2025-01-26 09:10:29,B→D,4.345336067696213
case_0414,A,2025-01-22 01:11:57,start,0.0
case_0415,A,2025-02-09 15:33:06,start,0.0
case_0415,C,2025-02-12 21:59:50,A→C,3.268555879551108
case_0415,D,2025-02-15 12:18:24,C→D,2.596231724649544
case_0416,A,2025-01-09 08:51:01,start,0.0
case_0416,C,2025-01-17 19:48:50,A→C,8.456816316547727
case_0416,B,2025-01-19 01:19:46,C→B,1.229813522814764
case_0416,C,2025-01-20 02:55:53,B→C,1.0667465164613468
case_0416,B,2025-01-26 09:24:49,C→B,6.2700898534692175
case_0416,D,2025-02-16 22:28:30,B→D,21.5442316169105
case_0417,A,2025-02-28 00:07:26,start,0.0
case_0417,B,2025-02-28 12:49:49,A→B,0.5294314930403846
case_0418,A,2025-01-06 16:08:10,start,0.0
case_0418,C,2025-01-10 17:34:53,A→C,4.060213845734776
case_0418,D,2025-01-21 06:37:45,C→D,10.543659086598996
case_0419,A,2025-02-11 18:28:44,start,0.0
case_0419,B,2025-02-12 00:46:29,A→B,0.26233436585514514
case_0419,A,2025-02-14 03:11:10,B→A,2.100471300627887
case_0419,C,2025-02-20 12:41:45,A→C,6.396235780395548
case_0419,D,2025-02-24 15:19:31,C→D,4.10955800460798
case_0420,A,2025-02-26 18:39:41,start,0.0
case_0420,B,2025-02-28 21:34:38,A→B,2.1214930410958766
case_0420,A,2025-03-03 08:01:14,B→A,2.435140733589177
case_0420,B,2025-03-05 17:52:42,A→B,2.410740564490739
case_0420,D,2025-03-31 16:53:44,B→D,25.959056678730143
case_0421,A,2025-01-30 04:47:52,start,0.0
case_0421,B,2025-01-30 14:17:06,A→B,0.39530153198133083
case_0421,C,2025-02-14 05:00:56,B→C,14.613774962741665
case_0421,D,2025-02-14 20:29:43,C→D,0.6449862450712143
case_0422,A,2025-01-16 02:26:12,start,0.0
case_0422,B,2025-01-17 21:33:59,A→B,1.7970698264162386
case_0422,C,2025-01-19 13:16:25,B→C,1.6544688348351717
case_0422,D,2025-01-30 21:49:20,C→D,11.35619205267533
case_0423,A,2025-02-01 09:58:27,start,0.0
case_0423,B,2025-02-01 21:55:23,A→B,0.4978783310670509
case_0423,D,2025-02-08 12:06:15,B→D,6.590874318347461
case_0424,A,2025-02-01 02:32:15,start,0.0
case_0424,C,2025-02-08 02:34:54,A→C,7.001838767728785
case_0424,D,2025-02-12 12:57:18,C→D,4.432214135648538
case_0425,A,2025-01-06 21:11:28,start,0.0
case_0425,B,2025-01-07 19:03:49,A→B,0.9113513878106689
case_0425,C,2025-01-09 15:26:18,B→C,1.848944899586481
case_0425,D,2025-01-14 05:48:13,C→D,4.5985583690886624
case_0426,A,2025-02-27 08:35:01,start,0.0
case_0426,C,2025-03-02 21:38:32,A→C,3.544102058089566
case_0426,D,2025-03-04 06:44:45,C→D,1.3793215787731756
case_0427,A,2025-02-02 19:52:01,start,0.0
case_0427,B,2025-02-08 21:04:59,A→B,6.05066953666617
case_0427,C,2025-02-11 19:23:01,B→C,2.9291871160363225
case_0427,B,2025-02-13 09:35:37,C→B,1.5920868102375518
case_0427,C,2025-02-20 20:19:55,B→C,7.447426577224579
case_0427,D,2025-03-03 05:54:37,C→D,10.39909776389305
case_0428,A,2025-02-09 04:20:35,start,0.0
case_0428,B,2025-02-09 22:38:18,A→B,0.7623067263855613
case_0428,C,2025-02-13 17:36:40,B→C,3.7905315147784044
case_0428,D,2025-02-16 08:32:21,C→D,2.622008406758308
case_0429,A,2025-02-19 10:11:52,start,0.0
case_0429,C,2025-02-25 05:54:26,A→C,5.82122159983383
case_0429,D,2025-03-01 05:09:03,C→D,3.9684887584847743
case_0430,A,2025-01-22 09:23:22,start,0.0
case_0430,B,2025-01-23 14:49:24,A→B,1.2264065572925593
case_0430,D,2025-02-09 16:43:34,B→D,17.07928954827589
case_0431,A,2025-01-02 08:38:32,start,0.0
case_0431,C,2025-01-07 17:47:06,A→C,5.380942885694885
case_0431,D,2025-01-08 06:41:56,C→D,0.5380801335231462
case_0432,A,2025-02-02 20:56:49,start,0.0
case_0432,B,2025-02-05 21:23:42,A→B,3.0186702022453584
case_0432,C,2025-02-11 21:41:11,B→C,6.012142856676292
case_0432,B,2025-02-15 09:05:58,C→B,3.475544876929378
case_0433,A,2025-02-26 18:19:37,start,0.0
case_0433,B,2025-02-27 04:23:38,A→B,0.41946102591328854
case_0433,C,2025-03-06 04:29:59,B→C,7.004407621378644
case_0433,D,2025-03-11 05:57:12,C→D,5.060565885905799
case_0434,A,2025-02-18 18:29:36,start,0.0
case_0434,B,2025-02-20 21:53:44,A→B,2.141767709976262
case_0434,C,2025-02-24 19:47:50,B→C,3.9125590804834016
case_0434,D,2025-02-26 14:43:34,C→D,1.7887135578407616
case_0435,A,2025-02-13 13:01:58,start,0.0
case_0435,B,2025-02-15 13:03:39,A→B,2.0011683045856996
case_0435,D,2025-03-08 07:51:07,B→D,20.782962975187637
case_0436,A,2025-02-22 05:44:18,start,0.0
case_0437,A,2025-03-01 07:57:02,start,0.0
case_0437,C,2025-03-04 06:50:37,A→C,2.9538797639588545
case_0437,B,2025-03-09 09:19:05,C→B,5.1031066053944425
case_0437,D,2025-03-21 07:24:33,B→D,11.920454907522554
case_0438,A,2025-01-19 22:49:24,start,0.0
case_0438,B,2025-01-21 09:08:40,A→B,1.43004688221161
case_0438,C,2025-01-23 18:47:25,B→C,2.4019026523602993
case_0438,D,2025-02-05 14:34:52,C→D,12.824616801714654
case_0439,A,2025-02-28 02:31:06,start,0.0
case_0439,C,2025-03-07 07:24:18,A→C,7.203612612146043
case_0439,D,2025-03-12 21:02:42,C→D,5.568327817455786
case_0440,A,2025-02-11 19:29:30,start,0.0
case_0440,C,2025-02-17 08:21:35,A→C,5.536173451987836
case_0440,B,2025-02-28 16:05:27,C→B,11.322128121577972
case_0440,D,2025-03-04 18:36:25,B→D,4.10483537516701
case_0441,A,2025-01-06 08:51:28,start,0.0
case_0441,B,2025-01-08 18:29:38,A→B,2.401507718782815
case_0441,C,2025-01-13 04:43:17,B→C,4.426148631206898
case_0441,D,2025-01-13 22:14:20,C→D,0.7298902130460432
case_0442,A,2025-02-19 23:49:20,start,0.0
case_0442,B,2025-02-23 13:42:55,A→B,3.578879108028667
case_0442,D,2025-03-06 13:00:28,B→D,10.970518614329396
case_0443,A,2025-02-01 11:51:23,start,0.0
case_0443,C,2025-02-02 22:20:55,A→C,1.4371719973302828
case_0443,D,2025-02-06 14:07:00,C→D,3.657009633692372
case_0444,A,2025-02-02 10:24:27,start,0.0
case_0445,A,2025-02-24 15:06:48,start,0.0
case_0445,B,2025-02-24 16:50:35,A→B,0.07207623700404374
case_0445,D,2025-02-27 08:37:30,B→D,2.6575712995140686
case_0446,A,2025-01-27 20:00:31,start,0.0
case_0446,B,2025-01-28 14:37:45,A→B,0.7758659741939165
case_0446,D,2025-01-31 20:14:21,B→D,3.2337484031444923
case_0447,A,2025-02-14 17:41:24,start,0.0
case_0447,C,2025-02-19 16:48:12,A→C,4.9630567347092445
case_0447,D,2025-03-17 12:20:58,C→D,25.81442387822991
case_0448,A,2025-02-28 05:27:23,start,0.0
case_0448,B,2025-03-01 11:34:30,A→B,1.2549414505275407
case_0448,C,2025-03-02 10:09:22,B→C,0.9408874794005957
case_0449,A,2025-02-22 19:29:52,start,0.0
case_0449,B,2025-02-24 05:08:03,A→B,1.401518784065856
case_0449,D,2025-02-26 01:47:32,B→D,1.8607468048739868
case_0450,A,2025-01-15 19:22:09,start,0.0
case_0450,B,2025-01-16 09:54:35,A→B,0.6058584094590478
case_0450,D,2025-01-24 14:09:02,B→D,8.176695876659481
case_0451,A,2025-01-07 19:13:46,start,0.0
case_0451,B,2025-01-14 07:51:54,A→B,6.526486845165293
case_0451,C,2025-01-17 03:25:06,B→C,2.8147173309142577
case_0451,D,2025-01-21 12:08:32,C→D,4.363497207878275
case_0452,A,2025-01-18 02:17:59,start,0.0
case_0452,C,2025-01-23 15:10:05,A→C,5.536179882926246
case_0452,D,2025-01-28 23:00:08,C→D,5.326420368098158
case_0453,A,2025-01-02 22:46:00,start,0.0
case_0453,C,2025-01-07 02:29:47,A→C,4.155412920955865
case_0453,D,2025-01-07 12:34:28,C→D,0.4199094087246742
case_0454,A,2025-02-06 15:07:40,start,0.0
case_0454,B,2025-02-08 12:43:17,A→B,1.8997276236254492
case_0454,C,2025-02-09 22:32:25,B→C,1.4091219688248346
case_0454,B,2025-02-18 15:29:45,C→B,8.706486368306752
case_0454,C,2025-02-21 23:24:35,B→C,3.3297451933302593
case_0455,A,2025-02-22 00:21:35,start,0.0
case_0455,B,2025-02-22 05:10:50,A→B,0.20086290365907847
case_0455,A,2025-02-23 18:29:43,B→A,1.5547799229498833
case_0455,B,2025-02-24 17:25:18,A→B,0.9552664079730862
case_0455,D,2025-03-12 15:51:54,B→D,15.935140877841796
case_0456,A,2025-02-10 02:04:14,start,0.0
case_0456,C,2025-02-14 04:11:50,A→C,4.088605810415971
case_0456,B,2025-02-23 14:21:46,C→B,9.423571597374071
case_0456,D,2025-03-02 03:26:21,B→D,6.544851448337614
case_0457,A,2025-02-24 23:40:09,start,0.0
case_0458,A,2025-02-19 05:38:48,start,0.0
case_0458,B,2025-02-22 01:50:49,A→B,2.841678116698202
case_0458,C,2025-02-23 20:38:59,B→C,1.7834431391090595
case_0458,B,2025-02-24 14:24:48,C→B,0.7401543935312036
case_0459,A,2025-01-24 12:07:28,start,0.0
case_0459,B,2025-01-28 13:51:42,A→B,4.072387944890531
case_0459,C,2025-01-31 09:55:34,B→C,2.836008551273366
case_0460,A,2025-01-06 19:37:30,start,0.0
case_0460,B,2025-01-14 18:41:24,A→B,7.961042633435147
case_0460,D,2025-01-21 10:28:34,B→D,6.657746173640268
case_0461,A,2025-01-06 02:58:52,start,0.0
case_0461,C,2025-01-12 13:07:25,A→C,6.422613563441895
case_0462,A,2025-01-29 16:58:21,start,0.0
case_0462,B,2025-02-01 17:53:32,A→B,3.0383198198186747
case_0463,A,2025-02-06 20:56:37,start,0.0
case_0463,B,2025-02-08 01:33:51,A→B,1.192520864653634
case_0464,A,2025-02-26 12:37:02,start,0.0
case_0464,B,2025-02-28 18:56:55,A→B,2.2638180091607634
case_0464,A,2025-03-03 04:03:31,B→A,2.379580357439848
case_0464,B,2025-03-11 14:09:52,A→B,8.421074054279899
case_0464,C,2025-03-13 03:05:04,B→C,1.5383356678614675
case_0464,D,2025-03-14 16:51:31,C→D,1.5739257916482963
case_0465,A,2025-01-07 01:40:23,start,0.0
case_0465,C,2025-01-09 03:13:33,A→C,2.064699314840521
case_0465,D,2025-01-14 23:26:15,C→D,5.842150332830898
case_0466,A,2025-01-15 17:41:56,start,0.0
case_0466,B,2025-01-16 12:16:36,A→B,0.7740741741438336
case_0466,D,2025-01-30 19:21:15,B→D,14.294896600776962
case_0467,A,2025-02-27 06:29:46,start,0.0
case_0467,B,2025-02-28 19:48:33,A→B,1.5547164448378918
case_0467,D,2025-03-10 16:12:47,B→D,9.850158713442847
case_0468,A,2025-02-22 06:36:31,start,0.0
case_0468,B,2025-02-26 04:13:49,A→B,3.9009001081746146
case_0468,C,2025-03-01 15:27:32,B→C,3.467858466413666
case_0469,A,2025-01-24 13:16:21,start,0.0
case_0469,C,2025-02-05 20:27:30,A→C,12.299407579865127
case_0469,D,2025-02-07 08:17:53,C→D,1.4933180224663207
case_0470,A,2025-01-10 15:02:51,start,0.0
case_0470,B,2025-01-23 00:19:09,A→B,12.386314999258712
case_0470,C,2025-01-28 01:35:26,B→C,5.052973323629246
case_0470,D,2025-01-29 14:19:49,C→D,1.5308241774308264
case_0471,A,2025-01-15 03:37:12,start,0.0
case_0471,B,2025-01-16 06:17:31,A→B,1.1113303575537654
case_0472,A,2025-02-18 23:43:37,start,0.0
case_0472,B,2025-02-21 05:27:56,A→B,2.2391132494075854
case_0472,C,2025-02-21 08:01:38,B→C,0.10673611480379863
case_0472,D,2025-02-25 00:25:50,C→D,3.683469590995678
case_0473,A,2025-01-01 09:59:56,start,0.0
case_0473,B,2025-01-03 03:53:09,A→B,1.745292331032684
case_0473,D,2025-01-04 14:47:34,B→D,1.4544495116319602
case_0474,A,2025-02-25 16:54:45,start,0.0
case_0474,C,2025-03-07 13:24:50,A→C,9.854217510924913
case_0474,B,2025-03-14 19:11:46,C→B,7.240929608360885
case_0474,C,2025-03-17 05:27:23,B→C,2.427504626221271
case_0474,D,2025-03-25 02:49:29,C→D,7.890348800044826
case_0475,A,2025-02-23 06:03:41,start,0.0
case_0475,B,2025-02-27 02:52:15,A→B,3.8670523282893545
case_0475,A,2025-02-28 15:30:34,B→A,1.5266150462236188
case_0475,B,2025-03-06 20:01:48,A→B,6.188353416669801
case_0475,A,2025-03-07 23:22:15,B→A,1.1392084406418803
case_0475,B,2025-03-07 23:30:13,A→B,0.005524765660473108
case_0476,A,2025-01-27 16:07:01,start,0.0
case_0476,B,2025-01-28 03:39:39,A→B,0.48098762506477
case_0476,C,2025-02-03 21:33:09,B→C,6.745487997171354
case_0476,B,2025-02-05 07:04:11,C→B,1.396553750755622
case_0476,C,2025-02-07 00:51:32,B→C,1.7412126974722266
case_0476,D,2025-02-09 02:22:21,C→D,2.0630647921907315
case_0477,A,2025-01-19 09:40:49,start,0.0
case_0477,B,2025-01-23 15:57:04,A→B,4.261282305620073
case_0477,C,2025-01-30 05:44:45,B→C,6.574783053932828
case_0477,D,2025-02-06 22:41:52,C→D,7.706330894434672
case_0478,A,2025-01-31 08:30:33,start,0.0
case_0478,C,2025-02-07 08:40:17,A→C,7.00675835859868
case_0478,B,2025-02-12 14:04:33,C→B,5.22519171420283
case_0478,D,2025-02-18 03:41:57,B→D,5.5676324088216695
case_0479,A,2025-01-16 16:52:03,start,0.0
case_0479,C,2025-01-21 08:00:35,A→C,4.630927370127747
case_0480,A,2025-02-02 01:42:15,start,0.0
case_0480,B,2025-02-03 22:18:43,A→B,1.858663040151003
case_0480,C,2025-02-04 08:21:13,B→C,0.4184059187747611
case_0480,D,2025-02-15 10:36:16,C→D,11.093783471604803
case_0481,A,2025-01-16 11:46:06,start,0.0
case_0481,C,2025-01-22 10:08:14,A→C,5.932038232593726
case_0481,D,2025-01-23 17:49:11,C→D,1.3201015585879983
case_0482,A,2025-01-07 00:23:04,start,0.0
case_0482,C,2025-01-25 09:46:32,A→C,18.391297173105478
case_0482,D,2025-01-25 10:14:01,C→D,0.019077459795671103
case_0483,A,2025-02-18 02:32:39,start,0.0
case_0483,B,2025-02-19 01:12:52,A→B,0.9445957814078164
case_0483,C,2025-02-22 09:25:43,B→C,3.3422529977317312
case_0483,D,2025-02-23 02:20:13,C→D,0.7045210998026938
case_0484,A,2025-02-18 11:49:47,start,0.0
case_0484,C,2025-02-23 12:12:49,A→C,5.015988845293149
case_0484,D,2025-03-12 13:31:03,C→D,17.054335118406144
case_0485,A,2025-01-31 14:35:02,start,0.0
case_0485,C,2025-02-05 22:03:14,A→C,5.311252982145128
case_0485,D,2025-03-09 11:56:06,C→D,31.578383602524404
case_0486,A,2025-01-03 07:41:23,start,0.0
case_0486,B,2025-01-04 17:15:45,A→B,1.3988691641086899
case_0486,C,2025-01-07 15:42:27,B→C,2.935204448262687
case_0486,B,2025-01-08 18:22:03,C→B,1.1108357073115185
case_0486,C,2025-01-09 20:56:03,B→C,1.1069357198318244
case_0486,D,2025-01-15 07:11:23,C→D,5.427315344918038
case_0487,A,2025-01-12 00:11:35,start,0.0
case_0487,B,2025-01-15 02:50:00,A→B,3.110012233513957
case_0487,D,2025-01-16 21:58:13,B→D,1.7973778774998985
case_0488,A,2025-01-19 02:07:19,start,0.0
case_0488,B,2025-01-19 15:10:07,A→B,0.5436193771976655
case_0488,A,2025-01-21 05:28:55,B→A,1.5963787128851457
case_0488,C,2025-01-26 16:20:43,A→C,5.452647848122739
case_0488,D,2025-01-28 01:05:55,C→D,1.3647210754642636
case_0489,A,2025-02-06 19:01:01,start,0.0
case_0489,B,2025-02-10 06:36:59,A→B,3.4833065536377497
case_0489,A,2025-02-12 12:17:28,B→A,2.2364523656119415
case_0489,C,2025-02-15 04:50:51,A→C,2.6898447562477843
case_0489,D,2025-02-17 09:39:46,C→D,2.2006385770240176
case_0490,A,2025-01-02 21:08:25,start,0.0
case_0490,B,2025-01-03 13:00:23,A→B,0.661090197631912
case_0490,D,2025-01-09 18:06:19,B→D,6.212454390110963
case_0491,A,2025-01-24 19:12:31,start,0.0
case_0491,B,2025-01-25 06:13:18,A→B,0.45887075126701343
case_0491,A,2025-01-27 06:57:32,B→A,2.030724963532513
case_0491,B,2025-01-28 08:46:06,A→B,1.0753916081939088
case_0491,D,2025-01-31 15:16:06,B→D,3.2708273443413503
case_0492,A,2025-01-22 15:31:00,start,0.0
case_0492,B,2025-01-25 04:35:06,A→B,2.544512485591781
case_0492,A,2025-01-26 22:41:35,B→A,1.7545027091443295
case_0492,C,2025-02-01 14:01:06,A→C,5.63854873209781
case_0492,D,2025-02-06 13:37:18,C→D,4.983475954977882
case_0493,A,2025-01-27 04:20:40,start,0.0
case_0493,B,2025-01-29 07:12:27,A→B,2.119300734798189
case_0493,C,2025-01-29 22:53:47,B→C,0.6536984194670206
case_0493,D,2025-02-01 13:35:56,C→D,2.612607559485052
case_0494,A,2025-02-20 15:19:09,start,0.0
case_0494,B,2025-02-21 12:30:33,A→B,0.8829187843182217
case_0494,A,2025-02-22 16:10:08,B→A,1.1524842621096245
case_0494,B,2025-02-26 09:03:40,A→B,3.703839153522699
case_0494,A,2025-02-28 02:44:14,B→A,1.736512319516529
case_0494,B,2025-03-01 12:17:17,A→B,1.3979501185468024
case_0494,A,2025-03-02 13:28:26,B→A,1.0494023106070376
case_0494,B,2025-03-08 17:38:36,A→B,6.173735629036711
case_0494,C,2025-03-12 00:54:04,B→C,3.3024063107618638
case_0494,D,2025-03-13 14:51:31,C→D,1.5815653237356422
case_0495,A,2025-02-21 14:12:49,start,0.0
case_0495,B,2025-02-21 16:16:53,A→B,0.0861603823038435
case_0495,A,2025-02-24 12:52:56,B→A,2.8583719837977597
case_0495,B,2025-02-28 08:19:17,A→B,3.8099562535140232
case_0495,D,2025-03-05 23:49:58,B→D,5.64631396297723
case_0496,A,2025-02-05 21:43:14,start,0.0
case_0496,B,2025-02-07 08:39:41,A→B,1.4558704209499747
case_0496,A,2025-02-09 00:16:54,B→A,1.6508444156173343
case_0496,C,2025-02-11 13:36:34,A→C,2.555325499971741
case_0496,B,2025-02-15 18:15:24,C→B,4.193630247370741
case_0496,C,2025-02-17 02:58:03,B→C,1.3629519940471297
case_0496,D,2025-03-09 02:01:56,C→D,19.96103246263834
case_0497,A,2025-02-09 19:46:33,start,0.0
case_0497,B,2025-02-10 04:46:33,A→B,0.3749968481324325
case_0497,C,2025-02-14 00:36:26,B→C,3.826308624459744
case_0497,B,2025-02-14 01:56:52,C→B,0.05585469274247856
case_0497,C,2025-02-15 10:44:42,B→C,1.3665474063725274
case_0497,D,2025-02-28 22:28:44,C→D,13.488917922051474
case_0498,A,2025-02-02 19:17:50,start,0.0
case_0498,B,2025-02-02 20:03:53,A→B,0.03198628984082652
case_0498,A,2025-02-05 18:58:41,B→A,2.954718868579427
case_0498,C,2025-02-10 08:28:26,A→C,4.562327596382013
case_0498,B,2025-02-11 13:21:04,C→B,1.2032212511333986
case_0498,C,2025-02-15 18:02:52,B→C,4.19568580433212
case_0498,D,2025-02-22 13:25:16,C→D,6.80723258380238
case_0499,A,2025-02-15 07:48:05,start,0.0
case_0499,C,2025-02-18 00:49:18,A→C,2.7091741039627206
case_0499,D,2025-02-19 22:51:44,C→D,1.9183613929093286
case_0500,A,2025-01-21 09:23:32,start,0.0
case_0500,B,2025-01-21 09:30:32,A→B,0.004859670082336685
case_0500,C,2025-01-27 05:48:02,B→C,5.84548949006486
case_0500,D,2025-01-28 02:16:29,C→D,0.8530914206730893
case_0501,A,2025-01-15 06:09:44,start,0.0
case_0501,B,2025-01-17 02:28:40,A→B,1.8464726903700914
case_0501,C,2025-01-18 01:34:13,B→C,0.9621950871025275
case_0501,D,2025-01-21 13:31:50,C→D,3.4983376095021463
case_0502,A,2025-01-18 07:00:35,start,0.0
case_0502,C,2025-01-23 20:05:19,A→C,5.544956400420054
case_0502,D,2025-02-01 01:48:20,C→D,8.238200042777315
case_0503,A,2025-02-07 09:59:07,start,0.0
case_0503,B,2025-02-08 00:34:53,A→B,0.6081689323312414
case_0503,C,2025-02-09 15:47:56,B→C,1.6340636067461969
case_0503,B,2025-02-13 10:56:43,C→B,3.797766423403572
case_0503,A,2025-02-16 01:23:51,B→A,2.6021797172792445
case_0503,C,2025-02-18 10:08:43,A→C,2.3644870497051027
case_0503,B,2025-02-19 12:58:55,C→B,1.1181908458997132
case_0503,C,2025-02-23 04:40:53,B→C,3.654145499147953
case_0503,D,2025-02-27 21:34:58,C→D,4.704220999866902
case_0504,A,2025-01-02 18:04:17,start,0.0
case_0504,B,2025-01-06 13:00:13,A→B,3.7888402152470486
case_0504,C,2025-01-10 09:00:52,B→C,3.8337861029271196
case_0504,D,2025-02-28 19:50:50,C→D,49.45136814691938
case_0505,A,2025-01-24 22:15:22,start,0.0
case_0505,C,2025-01-28 22:52:57,A→C,4.0260944114862784
case_0505,B,2025-01-29 06:54:38,C→B,0.3345021100696792
case_0506,A,2025-01-02 13:48:58,start,0.0
case_0506,B,2025-01-03 01:10:42,A→B,0.47342834346099294
case_0506,A,2025-01-04 09:17:59,B→A,1.3383891809713975
case_0506,C,2025-01-06 02:41:49,A→C,1.7248828367315405
case_0506,D,2025-01-10 09:51:45,C→D,4.298567791675783
case_0507,A,2025-02-26 09:03:45,start,0.0
case_0507,B,2025-03-02 02:33:37,A→B,3.729069778575999
case_0507,D,2025-03-06 07:07:38,B→D,4.190294199830466
case_0508,A,2025-02-23 16:31:28,start,0.0
case_0508,B,2025-02-25 05:17:41,A→B,1.5321019179401962
case_0508,D,2025-03-13 10:15:40,B→D,16.20693154223762
case_0509,A,2025-01-19 11:07:13,start,0.0
case_0509,C,2025-01-24 05:28:30,A→C,4.764781506535906
case_0509,D,2025-01-30 18:55:32,C→D,6.560435069580285
case_0510,A,2025-02-16 22:07:37,start,0.0
case_0510,B,2025-02-19 04:42:09,A→B,2.2739790034652407
case_0510,D,2025-03-06 14:42:00,B→D,15.416567076809224
case_0511,A,2025-02-17 03:56:48,start,0.0
case_0511,B,2025-02-17 09:04:00,A→B,0.2133385715611914
case_0511,D,2025-02-25 13:27:22,B→D,8.182897349141307
case_0512,A,2025-02-05 17:25:57,start,0.0
case_0512,B,2025-02-07 04:02:33,A→B,1.4420839045379106
case_0512,C,2025-02-07 19:53:51,B→C,0.6606198723341041
case_0512,D,2025-02-15 14:12:59,C→D,7.7632826103369235
case_0513,A,2025-01-09 17:08:17,start,0.0
case_0513,C,2025-01-17 03:38:28,A→C,7.43762134861964
case_0513,B,2025-01-21 19:33:11,C→B,4.663006869449523
case_0513,C,2025-01-28 08:53:35,B→C,6.555827434353672
case_0513,D,2025-01-31 13:06:08,C→D,3.1753822146928954
case_0514,A,2025-01-25 03:41:54,start,0.0
case_0514,B,2025-01-26 05:20:01,A→B,1.0681441453762557
case_0514,C,2025-01-27 07:49:43,B→C,1.1039539719133993
case_0514,B,2025-02-05 20:41:57,C→B,9.536270467239621
case_0514,A,2025-02-07 15:40:18,B→A,1.7905312384151948
case_0514,C,2025-02-10 08:31:28,A→C,2.702195271907458
case_0515,A,2025-01-15 05:59:37,start,0.0
case_0515,C,2025-01-17 13:33:18,A→C,2.3150580464442987
case_0515,B,2025-01-20 23:07:29,C→B,3.39874007549337
case_0515,A,2025-01-22 06:11:28,B→A,1.2944364315332315
case_0515,C,2025-01-25 20:51:10,A→C,3.610901364632894
case_0515,D,2025-01-31 20:39:16,C→D,5.991731841971646
case_0516,A,2025-01-21 20:13:49,start,0.0
case_0516,C,2025-01-28 09:30:48,A→C,6.553458791565737
case_0516,D,2025-02-09 21:30:25,C→D,12.499730435900709
case_0517,A,2025-02-26 00:04:27,start,0.0
case_0518,A,2025-02-04 22:52:42,start,0.0
case_0518,B,2025-02-05 11:47:57,A→B,0.5383578345830419
case_0518,C,2025-02-07 14:51:04,B→C,2.1271718457259907
case_0518,D,2025-03-11 15:04:13,C→D,32.009133586255786
case_0519,A,2025-01-05 01:01:51,start,0.0
case_0519,B,2025-01-08 22:36:27,A→B,3.8990265092341647
case_0519,C,2025-01-11 05:09:31,B→C,2.272963706805577
case_0519,D,2025-01-11 16:36:56,C→D,0.47737303816031584
case_0520,A,2025-02-02 07:27:15,start,0.0
case_0520,B,2025-02-02 21:09:17,A→B,0.5708639894242172
case_0520,C,2025-02-05 01:58:06,B→C,2.2005593681481113
case_0520,B,2025-02-07 16:53:55,C→B,2.6221042259150265
case_0520,C,2025-02-13 22:11:02,B→C,6.220209425069132
case_0521,A,2025-02-26 01:32:22,start,0.0
case_0521,B,2025-02-27 06:06:31,A→B,1.1903869717439206
case_0521,D,2025-03-11 07:17:17,B→D,12.049143584930793
case_0522,A,2025-02-05 23:52:37,start,0.0
case_0522,B,2025-02-06 05:30:22,A→B,0.23455491173362292
case_0522,C,2025-02-06 13:06:16,B→C,0.31659797281832
case_0522,D,2025-02-07 20:20:22,C→D,1.301454927994538
case_0523,A,2025-01-14 05:11:58,start,0.0
case_0523,C,2025-01-21 18:59:29,A→C,7.574657797020339
case_0523,D,2025-02-23 18:20:36,C→D,32.972997627817925
case_0524,A,2025-01-05 12:27:02,start,0.0
case_0524,B,2025-01-06 16:08:01,A→B,1.1534611481719534
case_0524,C,2025-01-12 07:12:54,B→C,5.628394942196744
case_0524,D,2025-01-21 08:01:34,C→D,9.03379315435716
case_0525,A,2025-02-02 15:09:36,start,0.0
case_0525,B,2025-02-03 05:57:51,A→B,0.6168385988933501
case_0525,C,2025-02-06 20:17:09,B→C,3.596734504493981
case_0526,A,2025-02-04 00:15:44,start,0.0
case_0526,C,2025-02-05 21:47:51,A→C,1.8973070450663674
case_0526,D,2025-02-08 12:17:58,C→D,2.6042501845287642
case_0527,A,2025-02-08 22:04:12,start,0.0
case_0527,B,2025-02-09 08:05:03,A→B,0.4172527814503703
case_0527,D,2025-02-11 17:49:39,B→D,2.4059790327193955
case_0528,A,2025-02-05 05:33:35,start,0.0
case_0528,B,2025-02-05 10:54:05,A→B,0.22257786566559098
case_0528,C,2025-02-05 20:30:35,B→C,0.40034103774055696
case_0528,B,2025-02-06 11:31:53,C→B,0.6258994049264515
case_0528,C,2025-02-10 22:08:16,B→C,4.441938411737137
case_0528,D,2025-02-10 22:53:35,C→D,0.031466072582514215
case_0529,A,2025-01-13 18:01:08,start,0.0
case_0529,B,2025-01-14 02:43:39,A→B,0.362867482824212
case_0529,C,2025-01-19 20:25:52,B→C,5.737648312172857
case_0529,D,2025-01-30 12:23:17,C→D,10.664874828735208
case_0530,A,2025-01-25 23:03:09,start,0.0
case_0530,B,2025-01-26 22:29:49,A→B,0.9768516494318088
case_0530,C,2025-01-30 11:03:12,B→C,3.523182346802705
case_0530,B,2025-02-03 17:35:42,C→B,4.272572461758671
case_0530,C,2025-02-14 21:24:20,B→C,11.1587740144696
case_0531,A,2025-01-01 14:56:25,start,0.0
case_0531,B,2025-01-05 19:40:26,A→B,4.197233726084536
case_0531,C,2025-01-07 15:57:05,B→C,1.844904872544384
case_0531,B,2025-01-17 01:06:28,C→B,9.381516913184743
case_0531,C,2025-01-21 12:17:13,B→C,4.4657959856645135
case_0531,D,2025-01-28 08:30:56,C→D,6.842859793958873
case_0532,A,2025-01-05 01:47:55,start,0.0
case_0532,B,2025-01-05 14:35:36,A→B,0.5331229666342415
case_0532,D,2025-01-13 02:34:17,B→D,7.4990774293304
case_0533,A,2025-01-15 21:00:13,start,0.0
case_0533,B,2025-01-18 00:31:37,A→B,2.146804034704558
case_0533,D,2025-01-19 08:21:20,B→D,1.3261995190829028
case_0534,A,2025-02-22 15:01:09,start,0.0
case_0534,B,2025-02-26 19:40:29,A→B,4.193981986179366
case_0534,C,2025-02-27 21:28:09,B→C,1.0747678946964383
case_0534,B,2025-02-28 08:58:51,C→B,0.47965785873641575
case_0534,A,2025-03-02 07:24:52,B→A,1.9347312727451005
case_0534,C,2025-03-06 13:11:12,A→C,4.240511728013737
case_0534,D,2025-03-09 01:22:49,C→D,2.5080651721117935
case_0535,A,2025-01-16 14:42:20,start,0.0
case_0535,B,2025-01-17 05:31:40,A→B,0.6175879552534198
case_0535,D,2025-01-20 00:04:18,B→D,2.7726615643844603
case_0536,A,2025-02-09 15:19:49,start,0.0
case_0536,B,2025-02-10 00:24:55,A→B,0.3785527422267386
case_0536,D,2025-02-18 06:59:25,B→D,8.273950160395055
case_0537,A,2025-02-07 13:53:48,start,0.0
case_0537,C,2025-02-09 23:53:27,A→C,2.4164186234302436
case_0537,D,2025-02-11 07:08:22,C→D,1.302034061459119
case_0538,A,2025-02-02 22:26:33,start,0.0
case_0538,B,2025-02-03 13:31:37,A→B,0.6285223542999305
case_0538,C,2025-02-04 05:01:41,B→C,0.6458827384430124
case_0538,D,2025-02-12 09:20:59,C→D,8.180066540333225
case_0539,A,2025-01-10 21:52:12,start,0.0
case_0539,B,2025-01-11 23:19:46,A→B,1.0608139370408634
case_0539,D,2025-01-16 09:41:46,B→D,4.431939332947278
case_0540,A,2025-02-11 19:34:05,start,0.0
case_0540,C,2025-02-15 01:12:58,A→C,3.2353428790866436
case_0540,B,2025-02-19 21:06:09,C→B,4.828603764594052
case_0540,A,2025-02-20 21:06:41,B→A,1.0003688328268119
case_0540,B,2025-02-22 17:59:23,A→B,1.869931562245844
case_0540,C,2025-03-01 23:44:35,B→C,7.239720919620428
case_0540,B,2025-03-03 18:55:38,C→B,1.7993357163194332
case_0540,C,2025-03-04 08:55:35,B→C,0.583302668544718
case_0540,D,2025-03-04 19:26:43,C→D,0.4382779911249983
case_0541,A,2025-02-05 12:23:39,start,0.0
case_0541,B,2025-02-05 15:18:46,A→B,0.12160515599759013
case_0542,A,2025-02-03 06:04:14,start,0.0
case_0542,B,2025-02-03 20:47:28,A→B,0.6133524326839959
case_0542,C,2025-02-07 09:55:06,B→C,3.5469738140371865
case_0542,D,2025-02-08 04:17:38,C→D,0.7656458822000625
case_0543,A,2025-01-02 11:58:33,start,0.0
case_0543,C,2025-01-04 04:23:00,A→C,1.6836498691112638
case_0543,D,2025-01-20 18:11:25,C→D,16.575292856515816
case_0544,A,2025-01-26 19:52:03,start,0.0
case_0544,C,2025-01-29 14:28:35,A→C,2.7753650775964576
case_0544,D,2025-01-30 17:42:00,C→D,1.134313609109729
case_0545,A,2025-02-01 01:18:37,start,0.0
case_0545,B,2025-02-01 14:22:45,A→B,0.5445372365759115
case_0545,D,2025-02-05 12:47:28,B→D,3.9338255305796204
case_0546,A,2025-01-16 04:03:38,start,0.0
case_0546,B,2025-01-16 06:57:15,A→B,0.12056192733412689
case_0546,C,2025-01-17 10:20:51,B→C,1.1413951660639823
case_0547,A,2025-02-04 12:57:41,start,0.0
case_0547,C,2025-02-09 09:17:22,A→C,4.846994635930723
case_0547,B,2025-02-11 17:45:53,C→B,2.3531433992725797
case_0547,C,2025-02-12 19:03:49,B→C,1.0541177424966932
case_0547,B,2025-02-12 20:46:51,C→B,0.07155360863778526
case_0547,C,2025-02-16 14:18:40,B→C,3.730420408382585
case_0547,B,2025-02-18 06:51:52,C→B,1.6897276912430321
case_0547,D,2025-02-19 21:03:14,B→D,1.591228726738894
case_0548,A,2025-01-22 10:25:23,start,0.0
case_0548,B,2025-01-24 13:25:47,A→B,2.1252861273956416
case_0548,C,2025-01-25 02:47:08,B→C,0.5564911066132492
case_0548,B,2025-01-30 19:02:50,C→B,5.67756248451926
case_0548,A,2025-02-02 04:15:09,B→A,2.38355677294188
case_0548,B,2025-02-05 01:09:42,A→B,2.87121916330641
case_0548,D,2025-02-09 17:16:13,B→D,4.671187010402278
case_0549,A,2025-01-15 13:33:53,start,0.0
case_0549,B,2025-01-17 22:21:05,A→B,2.366109838935322
case_0549,A,2025-01-20 08:40:38,B→A,2.4302373562967112
case_0549,B,2025-01-21 01:25:42,A→B,0.6979607573700157
case_0549,C,2025-01-22 23:46:33,B→C,1.9311456096375723
case_0549,D,2025-01-27 23:56:33,C→D,5.006946337314815
case_0550,A,2025-02-18 13:58:14,start,0.0
case_0551,A,2025-02-07 18:22:29,start,0.0
case_0551,C,2025-02-14 14:17:06,A→C,6.829589417107344
case_0552,A,2025-01-26 07:39:59,start,0.0
case_0552,B,2025-01-28 03:45:32,A→B,1.8371872779053113
case_0552,C,2025-01-28 16:53:13,B→C,0.546993243104974
case_0552,D,2025-02-05 04:33:00,C→D,7.485968454135748
case_0553,A,2025-02-15 15:43:24,start,0.0
case_0553,B,2025-02-15 21:53:37,A→B,0.25709265526795544
case_0553,C,2025-02-18 18:15:07,B→C,2.8482641964739823
case_0553,B,2025-02-19 05:53:22,C→B,0.48489847091713933
case_0553,A,2025-02-21 14:35:20,B→A,2.362478261676552
case_0553,B,2025-02-21 18:44:03,A→B,0.1727132530735549
case_0553,D,2025-02-26 00:11:56,B→D,4.227703994689131
case_0554,A,2025-02-20 21:00:20,start,0.0
case_0554,B,2025-02-25 17:32:07,A→B,4.855404440528328
case_0555,A,2025-01-16 14:03:17,start,0.0
case_0555,B,2025-01-17 07:31:18,A→B,0.727795203756881
case_0555,A,2025-01-18 11:34:30,B→A,1.1688830798545906
case_0555,B,2025-01-19 23:19:07,A→B,1.4893183052119126
case_0555,C,2025-01-24 03:24:48,B→C,4.170620041093188
case_0556,A,2025-02-19 22:43:11,start,0.0
case_0556,B,2025-02-20 07:26:35,A→B,0.36347312627011436
case_0556,C,2025-02-24 18:58:33,B→C,4.480540294500374
case_0556,D,2025-02-26 03:06:42,C→D,1.3389855108678086
case_0557,A,2025-01-19 05:27:42,start,0.0
case_0557,B,2025-01-20 09:55:06,A→B,1.1856900527611582
case_0557,C,2025-01-25 23:50:41,B→C,5.580267013986336
case_0557,D,2025-01-30 14:04:26,C→D,4.5928840952361805
case_0558,A,2025-01-02 20:24:15,start,0.0
case_0558,B,2025-01-03 18:45:18,A→B,0.9312838456665932
case_0558,D,2025-01-08 12:25:11,B→D,4.7360282716851145
case_0559,A,2025-01-29 01:32:24,start,0.0
case_0559,C,2025-02-06 23:22:47,A→C,8.909991994913016
case_0559,D,2025-02-07 05:07:39,C→D,0.23948637847212062
case_0560,A,2025-02-14 10:44:02,start,0.0
case_0560,C,2025-02-17 21:28:40,A→C,3.447668992178732
case_0560,D,2025-03-04 07:10:29,C→D,14.404038285692119
case_0561,A,2025-01-15 13:21:43,start,0.0
case_0562,A,2025-01-07 09:42:19,start,0.0
case_0562,B,2025-01-07 19:57:55,A→B,0.4275038101199654
case_0562,A,2025-01-09 22:16:24,B→A,2.0961763951618737
case_0562,C,2025-01-13 06:56:01,A→C,3.3608401123878062
case_0562,D,2025-01-13 09:13:58,C→D,0.09579654588362274
case_0563,A,2025-02-26 08:45:55,start,0.0
case_0563,B,2025-02-28 18:52:37,A→B,2.421322212551645
case_0563,C,2025-03-03 23:29:36,B→C,3.192349291119952
case_0563,B,2025-03-18 03:54:45,C→B,14.184130801887708
case_0563,D,2025-03-20 16:59:48,B→D,2.54516964496219
case_0564,A,2025-01-08 18:47:34,start,0.0
case_0565,A,2025-01-03 23:48:00,start,0.0
case_0565,B,2025-01-05 05:11:52,A→B,1.22491110614816
case_0565,C,2025-01-08 00:33:49,B→C,2.8069057208032433
case_0565,D,2025-01-19 12:08:29,C→D,11.482412700298902
case_0566,A,2025-01-16 06:39:06,start,0.0
case_0566,C,2025-01-22 22:25:07,A→C,6.656955631727716
case_0566,D,2025-01-31 03:31:02,C→D,8.212442667170166
case_0567,A,2025-01-09 10:21:20,start,0.0
case_0567,B,2025-01-10 23:07:53,A→B,1.5323301947896923
case_0567,C,2025-01-11 22:29:41,B→C,0.9734684284946353
case_0567,D,2025-02-09 03:39:03,C→D,28.214845171988117
case_0568,A,2025-02-18 11:57:42,start,0.0
case_0568,C,2025-02-27 21:46:16,A→C,9.40872527485075
case_0568,B,2025-03-04 03:40:56,C→B,4.246304028790911
case_0569,A,2025-01-30 10:27:38,start,0.0
case_0569,B,2025-01-31 02:06:26,A→B,0.6519407631075956
case_0569,C,2025-02-03 09:56:42,B→C,3.3265718718857302
case_0569,D,2025-02-03 15:26:41,C→D,0.22915508014326402
case_0570,A,2025-02-24 05:20:32,start,0.0
case_0570,B,2025-02-27 17:45:37,A→B,3.5174126032944306
case_0570,D,2025-03-10 15:53:42,B→D,10.92229146571663
case_0571,A,2025-01-19 20:20:41,start,0.0
case_0571,C,2025-01-24 17:04:48,A→C,4.863973081907163
case_0571,D,2025-01-26 21:30:51,C→D,2.1847492342815684
case_0572,A,2025-02-25 21:26:34,start,0.0
case_0572,B,2025-03-02 00:15:21,A→B,4.117208856351526
case_0572,A,2025-03-03 23:40:27,B→A,1.9757598226618542
case_0572,B,2025-03-04 14:22:48,A→B,0.6127392834760927
case_0572,A,2025-03-06 03:31:44,B→A,1.5478776345094811
case_0573,A,2025-01-06 12:27:08,start,0.0
case_0573,C,2025-01-10 02:51:10,A→C,3.600019206285923
case_0573,D,2025-01-17 09:54:46,C→D,7.294163430987743
case_0574,A,2025-02-04 00:55:53,start,0.0
case_0574,C,2025-02-11 11:35:33,A→C,7.4442095719234675
case_0574,D,2025-02-12 23:35:47,C→D,1.5001560530029199
case_0575,A,2025-02-10 00:10:17,start,0.0
case_0575,B,2025-02-12 02:54:49,A→B,2.11426272165713
case_0575,D,2025-02-14 15:04:20,B→D,2.5066094387476228
case_0576,A,2025-01-13 19:37:36,start,0.0
case_0576,C,2025-01-18 16:26:14,A→C,4.867112211830663
case_0577,A,2025-02-19 02:38:47,start,0.0
case_0577,C,2025-02-21 10:30:44,A→C,2.3277431826320907
case_0577,B,2025-02-22 21:48:54,C→B,1.4709489436492946
case_0577,A,2025-02-24 22:27:48,B→A,2.0270120868504753
case_0577,C,2025-02-27 21:41:36,A→C,2.9679191426463625
case_0577,B,2025-02-28 09:25:55,C→B,0.4891140285163047
case_0577,C,2025-03-09 03:09:59,B→C,8.7389299522236
case_0577,B,2025-03-12 02:57:38,C→B,2.9914253652899667
case_0577,A,2025-03-14 15:57:18,B→A,2.5414362416659912
case_0577,B,2025-03-17 04:14:05,A→B,2.511656218207218
case_0577,C,2025-03-26 21:20:42,B→C,9.712924068739177
case_0577,D,2025-03-27 23:59:55,C→D,1.1105729184431254
case_0578,A,2025-01-31 06:21:24,start,0.0
case_0579,A,2025-02-14 18:47:35,start,0.0
case_0579,B,2025-02-14 22:00:13,A→B,0.13378190057023445
case_0579,C,2025-02-15 16:43:20,B→C,0.7799307347417813
case_0579,D,2025-03-05 00:02:34,C→D,17.305029021833338
case_0580,A,2025-02-27 05:30:16,start,0.0
case_0580,C,2025-03-06 09:06:14,A→C,7.149976832506031
case_0580,B,2025-03-11 00:35:16,C→B,4.645157072302638
case_0580,C,2025-03-12 17:45:34,B→C,1.7154930836422775
case_0580,B,2025-03-16 15:17:01,C→B,3.8968316863284596
case_0580,C,2025-03-20 14:18:24,B→C,3.959293728874659
case_0580,B,2025-03-21 22:48:01,C→B,1.3539090551896287
case_0580,A,2025-03-23 06:43:29,B→A,1.330175744991152
case_0581,A,2025-01-02 04:38:36,start,0.0
case_0581,C,2025-01-07 17:33:13,A→C,5.537922379453858
case_0581,B,2025-01-08 03:47:47,C→B,0.42679029710382554
case_0581,D,2025-01-18 01:39:37,B→D,9.910986215654752
case_0582,A,2025-02-25 17:02:11,start,0.0
case_0582,B,2025-02-28 19:30:20,A→B,3.102889291540444
case_0582,A,2025-03-01 22:26:56,B→A,1.1226357581367306
case_0582,C,2025-03-06 15:10:58,A→C,4.697245141196045
case_0582,D,2025-03-17 22:55:46,C→D,11.322773946791092
case_0583,A,2025-02-03 08:28:40,start,0.0
case_0583,B,2025-02-03 12:43:48,A→B,0.1771717740705771
case_0583,D,2025-02-09 05:04:43,B→D,5.681192301843266
case_0584,A,2025-01-29 12:59:02,start,0.0
case_0584,C,2025-02-04 18:49:53,A→C,6.2436521829570655
case_0584,B,2025-02-11 01:35:13,C→B,6.28148346242825
case_0584,D,2025-02-17 07:51:01,B→D,6.260967043723195
case_0585,A,2025-02-19 23:30:10,start,0.0
case_0585,B,2025-02-25 12:15:21,A→B,5.53138189680326
case_0585,A,2025-02-27 15:03:53,B→A,2.11703762850376
case_0585,B,2025-02-27 16:56:11,A→B,0.07798700794683455
case_0585,D,2025-03-13 23:17:06,B→D,14.264517348214834
case_0586,A,2025-02-08 21:11:13,start,0.0
case_0586,B,2025-02-09 20:54:34,A→B,0.988436845474673
case_0586,D,2025-02-10 20:32:44,B→D,0.9848434885555284
case_0587,A,2025-01-05 09:35:44,start,0.0
case_0587,B,2025-01-06 16:50:30,A→B,1.3019162533497781
case_0587,A,2025-01-09 16:04:55,B→A,2.9683510787584524
case_0587,C,2025-01-18 00:09:44,A→C,8.336676082581768
case_0587,D,2025-01-18 02:42:59,C→D,0.10642625428028119
case_0588,A,2025-02-25 05:01:59,start,0.0
case_0588,B,2025-02-25 12:00:24,A→B,0.29056764583003464
case_0588,A,2025-02-27 10:09:23,B→A,1.9229039724489683
case_0588,B,2025-02-28 01:32:30,A→B,0.6410566757754976
case_0588,D,2025-03-01 18:40:29,B→D,1.7138739635055642
case_0589,A,2025-01-06 07:54:51,start,0.0
case_0589,C,2025-01-11 05:18:04,A→C,4.891115369751655
case_0589,B,2025-01-11 08:59:27,C→B,0.15373702936419686
case_0589,A,2025-01-12 17:14:11,B→A,1.3435731622751623
case_0589,B,2025-01-13 03:49:14,A→B,0.441001650484222
case_0589,A,2025-01-14 23:01:47,B→A,1.8003872976853064
case_0589,B,2025-01-16 11:14:56,A→B,1.5091322639599145
case_0589,C,2025-01-17 20:10:22,B→C,1.3718293119302576
case_0589,D,2025-01-20 09:22:28,C→D,2.5500663141239226
case_0590,A,2025-02-21 22:42:12,start,0.0
case_0590,B,2025-02-23 04:06:04,A→B,1.2249143935210418
case_0590,D,2025-02-26 23:44:08,B→D,3.8181020542205824
case_0591,A,2025-02-24 22:51:47,start,0.0
case_0591,B,2025-02-25 06:30:14,A→B,0.3183651985440897
case_0591,C,2025-02-28 12:37:26,B→C,3.2550049194816713
case_0591,B,2025-03-04 00:44:50,C→B,3.505132891050621
case_0591,D,2025-03-09 18:24:04,B→D,5.7355786058309715
case_0592,A,2025-02-03 15:54:50,start,0.0
case_0592,B,2025-02-13 18:56:39,A→B,10.126267617053823
case_0592,A,2025-02-15 04:09:20,B→A,1.3838056989405167
case_0592,B,2025-02-15 07:56:04,A→B,0.1574469893053223
case_0592,D,2025-02-19 08:05:50,B→D,4.006784713360366
case_0593,A,2025-01-08 08:13:12,start,0.0
case_0593,C,2025-01-13 01:55:15,A→C,4.73753456674487
case_0593,B,2025-01-14 14:50:18,C→B,1.5382236615995817
case_0593,D,2025-01-19 04:26:37,B→D,4.56688830090956
case_0594,A,2025-02-02 08:24:25,start,0.0
case_0594,B,2025-02-03 05:23:49,A→B,0.8745749851431736
case_0594,D,2025-02-10 08:13:36,B→D,7.117906548021077
case_0595,A,2025-02-25 10:44:03,start,0.0
case_0595,B,2025-02-25 17:04:10,A→B,0.26397545577407905
case_0595,C,2025-02-28 07:59:28,B→C,2.6217313629932884
case_0595,B,2025-02-28 15:52:51,C→B,0.32874589977406954
case_0595,D,2025-03-05 18:22:35,B→D,5.103982453982587
case_0596,A,2025-01-15 18:42:12,start,0.0
case_0596,B,2025-01-16 17:54:08,A→B,0.9666178704293821
case_0596,C,2025-01-18 08:50:06,B→C,1.6221959304360332
case_0596,D,2025-01-18 23:42:22,C→D,0.6196373616674817
case_0597,A,2025-02-01 05:12:44,start,0.0
case_0597,B,2025-02-04 09:18:56,A→B,3.1709769529476906
case_0597,C,2025-02-08 16:01:42,B→C,4.279695403237021
case_0597,D,2025-02-14 01:54:43,C→D,5.411817139336453
case_0598,A,2025-02-15 04:01:33,start,0.0
case_0598,C,2025-02-20 21:10:35,A→C,5.714609729028257
case_0598,D,2025-02-21 08:25:05,C→D,0.4684018611602756
case_0599,A,2025-01-06 14:19:01,start,0.0
case_0599,B,2025-01-14 08:31:02,A→B,7.758343474994794
case_0599,A,2025-01-16 05:48:08,B→A,1.8868768755358687
case_0599,B,2025-01-18 11:06:18,A→B,2.2209454276962237
case_0600,A,2025-02-17 05:24:26,start,0.0
case_0600,B,2025-02-19 02:31:15,A→B,1.8797300469732743
case_0600,C,2025-02-21 17:33:11,B→C,2.6263454677063587
case_0600,D,2025-02-23 11:29:24,C→D,1.7473681205203535
case_0601,A,2025-02-20 03:49:53,start,0.0
case_0601,B,2025-02-20 04:24:52,A→B,0.02428472535942613
case_0601,A,2025-02-22 14:33:59,B→A,2.4229993419767304
case_0601,C,2025-02-27 11:53:35,A→C,4.888618448748968
case_0601,D,2025-03-08 16:05:12,C→D,9.174725732160752
case_0602,A,2025-01-08 12:41:20,start,0.0
case_0602,B,2025-01-09 11:37:49,A→B,0.9558958001833211
case_0602,C,2025-01-10 06:19:11,B→C,0.7787211977225013
case_0602,D,2025-01-13 09:13:34,C→D,3.1211013726081718
case_0603,A,2025-01-19 18:34:24,start,0.0
case_0603,C,2025-01-27 04:40:07,A→C,7.420636145465013
case_0603,B,2025-01-27 09:03:10,C→B,0.1826725118367607
case_0604,A,2025-02-05 03:48:12,start,0.0
case_0604,B,2025-02-05 14:31:13,A→B,0.4465409459141361
case_0604,C,2025-02-06 12:55:16,B→C,0.9333622157836627
case_0604,D,2025-02-13 08:31:28,C→D,6.8168094364126635
case_0605,A,2025-01-20 15:09:55,start,0.0
case_0605,C,2025-01-27 12:44:01,A→C,6.898672883319169
case_0605,B,2025-01-27 19:00:02,C→B,0.26112404838454584
case_0605,A,2025-01-28 21:03:15,B→A,1.085573559176888
case_0605,C,2025-02-02 11:20:02,A→C,4.594982700071062
case_0605,B,2025-02-07 12:42:45,C→B,5.057445885965526
case_0605,D,2025-02-27 08:00:35,B→D,19.804052004834997
case_0606,A,2025-02-01 17:42:04,start,0.0
case_0606,B,2025-02-04 05:03:43,A→B,2.473370270072423
case_0606,D,2025-02-11 09:56:12,B→D,7.203104368792856
case_0607,A,2025-02-20 10:24:19,start,0.0
case_0607,B,2025-02-20 13:44:05,A→B,0.1387247955617207
case_0607,C,2025-02-23 15:08:50,B→C,3.058857284930506
case_0607,D,2025-02-24 13:30:43,C→D,0.9318609644766926
case_0608,A,2025-01-13 19:59:11,start,0.0
case_0608,C,2025-01-17 10:58:35,A→C,3.6245771367303963
case_0608,B,2025-01-22 16:25:13,C→B,5.226829507845039
case_0608,C,2025-01-28 01:46:22,B→C,5.389696208624766
case_0609,A,2025-02-04 21:20:55,start,0.0
case_0609,C,2025-02-08 11:57:05,A→C,3.608447769666019
case_0609,B,2025-02-13 03:03:00,C→B,4.629110684850139
case_0609,C,2025-02-15 17:53:51,B→C,2.61864754477698
case_0609,B,2025-02-19 17:20:18,C→B,3.97670383981116
case_0609,D,2025-03-07 09:10:03,B→D,15.659544371853455
case_0610,A,2025-01-12 07:52:06,start,0.0
case_0610,C,2025-01-14 17:22:51,A→C,2.3963500669785063
case_0610,B,2025-01-19 01:46:10,C→B,4.349528679522693
case_0611,A,2025-02-03 22:41:30,start,0.0
case_0611,C,2025-02-12 01:30:49,A→C,8.11758819515217
case_0611,B,2025-02-12 18:42:58,C→B,0.7167709033354761
case_0611,A,2025-02-14 13:11:13,B→A,1.7696167284345243
case_0611,C,2025-02-21 21:11:55,A→C,7.333812285286676
case_0611,B,2025-03-02 17:32:17,C→B,8.847477840746489
case_0611,C,2025-03-04 20:57:42,B→C,2.1426518514636506
case_0611,D,2025-03-09 10:05:24,C→D,4.547014215557585
case_0612,A,2025-03-01 18:22:33,start,0.0
case_0612,B,2025-03-01 20:13:01,A→B,0.07671590425340265
case_0612,C,2025-03-03 14:52:41,B→C,1.7775477651401363
case_0612,D,2025-03-18 08:08:37,C→D,14.719394779407885
case_0613,A,2025-01-13 21:01:18,start,0.0
case_0613,B,2025-01-14 03:44:27,A→B,0.2799638121678591
case_0613,C,2025-01-15 07:49:24,B→C,1.1700979485052385
case_0613,D,2025-01-18 16:07:10,C→D,3.3456777780078717
case_0614,A,2025-02-25 19:01:00,start,0.0
case_0614,B,2025-03-03 12:54:44,A→B,5.745638390966599
case_0614,C,2025-03-05 02:21:04,B→C,1.5599537356977002
case_0614,D,2025-03-14 21:23:03,C→D,9.793053322172414
case_0615,A,2025-01-02 02:05:23,start,0.0
case_0615,B,2025-01-03 14:03:47,A→B,1.498897943533078
case_0615,C,2025-01-04 08:44:24,B→C,0.7781998003010362
case_0615,B,2025-01-07 00:54:41,C→B,2.6738138848946993
case_0615,D,2025-01-20 09:33:40,B→D,13.36039611909748
case_0616,A,2025-02-05 17:10:14,start,0.0
case_0616,C,2025-02-10 02:07:04,A→C,4.3727991060181255
case_0616,D,2025-02-11 11:35:13,C→D,1.3945464945465558
case_0617,A,2025-01-27 03:22:39,start,0.0
case_0617,B,2025-01-28 20:39:55,A→B,1.720325718615209
case_0618,A,2025-01-14 05:26:16,start,0.0
case_0618,B,2025-01-15 07:44:09,A→B,1.0957528904158995
case_0618,C,2025-01-18 07:50:32,B→C,3.004435765686429
case_0618,D,2025-01-19 20:00:53,C→D,1.507190989907663
case_0619,A,2025-02-25 07:38:50,start,0.0
case_0619,B,2025-02-26 22:16:46,A→B,1.6096683069419904
case_0619,C,2025-03-02 23:46:38,B→C,4.062412424779876
case_0619,D,2025-03-03 10:08:03,C→D,0.43153894036981555
case_0620,A,2025-01-21 21:22:05,start,0.0
case_0620,B,2025-01-22 10:01:45,A→B,0.527543373239989
case_0620,A,2025-01-25 08:18:17,B→A,2.9281537537800384
case_0620,B,2025-01-26 02:34:20,A→B,0.7611461649711648
case_0620,C,2025-01-27 11:42:32,B→C,1.380685438508375
case_0620,B,2025-01-29 04:02:02,C→B,1.6802148536489394
case_0620,C,2025-01-31 23:12:45,B→C,2.7991101138226977
case_0620,D,2025-02-09 19:22:17,C→D,8.839950214510898
case_0621,A,2025-02-26 12:40:36,start,0.0
case_0621,B,2025-02-26 19:19:12,A→B,0.276810592611341
case_0621,D,2025-03-09 11:59:24,B→D,10.694585142681847
case_0622,A,2025-02-04 15:21:21,start,0.0
case_0622,B,2025-02-09 21:47:29,A→B,5.2681562916346785
case_0622,C,2025-02-16 02:18:25,B→C,6.188146101966993
case_0622,D,2025-02-19 09:09:47,C→D,3.285664306786968
case_0623,A,2025-01-15 01:50:16,start,0.0
case_0623,B,2025-01-16 15:54:57,A→B,1.5865917992532168
case_0623,A,2025-01-19 07:48:45,B→A,2.662356531091291
case_0624,A,2025-01-06 15:44:07,start,0.0
case_0624,B,2025-01-09 07:31:34,A→B,2.6579487572562157
case_0624,C,2025-01-14 14:57:57,B→C,5.309985095025754
case_0624,B,2025-01-21 04:56:23,C→B,6.582245399695434
case_0624,C,2025-01-22 19:22:52,B→C,1.6017305950454137
case_0624,B,2025-01-24 14:56:30,C→B,1.8150187223241545
case_0624,C,2025-01-27 01:43:19,B→C,2.449177544842769
case_0624,B,2025-01-27 03:19:01,C→B,0.06646013336085232
case_0624,C,2025-02-03 22:11:53,B→C,7.786720424356005
case_0625,A,2025-01-17 23:59:51,start,0.0
case_0625,B,2025-01-18 06:49:49,A→B,0.2847066047684835
case_0625,C,2025-01-20 00:24:32,B→C,1.7324409582703704
case_0625,D,2025-01-22 00:24:43,C→D,2.0001256694572995
case_0626,A,2025-01-04 17:25:18,start,0.0
case_0626,B,2025-01-04 18:04:36,A→B,0.02728868075142207
case_0626,D,2025-01-25 13:13:07,B→D,20.79758771090249
case_0627,A,2025-01-15 16:02:14,start,0.0
case_0627,B,2025-01-15 17:37:39,A→B,0.06626302435936865
case_0627,A,2025-01-17 07:27:35,B→A,1.5763394433500424
case_0627,C,2025-01-27 02:18:23,A→C,9.785285378597171
case_0627,D,2025-02-01 10:07:30,C→D,5.325774476586403
case_0628,A,2025-01-25 21:07:36,start,0.0
case_0628,B,2025-01-26 06:25:59,A→B,0.3877703202729232
case_0628,D,2025-02-05 06:43:06,B→D,10.011885058731698
case_0629,A,2025-03-01 11:54:43,start,0.0
case_0629,B,2025-03-04 02:22:01,A→B,2.602300977682125
case_0629,C,2025-03-07 07:25:04,B→C,3.2104460640369696
case_0630,A,2025-02-12 01:18:06,start,0.0
case_0630,B,2025-02-12 11:54:29,A→B,0.4419336003737448
case_0630,D,2025-02-15 22:04:56,B→D,3.4239219530655305
case_0631,A,2025-02-18 17:44:04,start,0.0
case_0631,B,2025-02-22 13:55:59,A→B,3.841609364513356
case_0631,A,2025-02-23 20:46:03,B→A,1.2847710905664749
case_0631,B,2025-02-27 00:40:43,A→B,3.162965517562105
case_0631,A,2025-03-01 19:58:39,B→A,2.80411442770772
case_0631,B,2025-03-03 12:52:58,A→B,1.704393107672514
case_0631,C,2025-03-04 10:06:54,B→C,0.8846700346598855
case_0631,D,2025-03-05 07:03:16,C→D,0.8724862407635801
case_0632,A,2025-02-04 22:31:00,start,0.0
case_0632,B,2025-02-05 23:50:28,A→B,1.055177926528658
case_0632,A,2025-02-07 15:39:49,B→A,1.6592726852241897
case_0632,B,2025-02-08 08:47:14,A→B,0.7134880646483412
case_0632,A,2025-02-09 18:31:15,B→A,1.4055602185155283
case_0632,C,2025-02-12 15:59:06,A→C,2.894338085465445
case_0632,D,2025-02-14 20:09:49,C→D,2.1741152779980046
case_0633,A,2025-01-27 19:02:18,start,0.0
case_0633,B,2025-01-27 22:15:32,A→B,0.13418370684875733
case_0633,D,2025-02-07 13:00:50,B→D,10.614795357121356
case_0634,A,2025-01-04 10:43:42,start,0.0
case_0634,B,2025-01-04 23:01:20,A→B,0.5122471926128934
case_0634,D,2025-01-11 09:06:21,B→D,6.420158408597895
case_0635,A,2025-02-28 20:06:00,start,0.0
case_0635,B,2025-03-04 07:45:21,A→B,3.48565677598811
case_0635,D,2025-03-15 11:28:14,B→D,11.154778493725562
case_0636,A,2025-01-27 16:07:10,start,0.0
case_0636,B,2025-01-29 22:55:57,A→B,2.2838817244824887
case_0636,D,2025-01-31 17:47:32,B→D,1.785818031193815
case_0637,A,2025-01-27 21:27:55,start,0.0
case_0637,B,2025-01-29 13:03:11,A→B,1.6495005835569863
case_0637,C,2025-02-05 17:03:24,B→C,7.166807495479586
case_0638,A,2025-02-08 22:03:12,start,0.0
case_0638,C,2025-02-14 00:36:02,A→C,5.106135109567355
case_0638,D,2025-02-19 16:48:21,C→D,5.67522269163934
case_0639,A,2025-01-22 04:58:14,start,0.0
case_0639,B,2025-01-27 13:47:22,A→B,5.36745620786577
case_0639,D,2025-02-16 06:18:17,B→D,19.688138338523345
case_0640,A,2025-02-08 18:48:01,start,0.0
case_0640,B,2025-02-10 07:43:10,A→B,1.5383074904580412
case_0640,D,2025-02-20 18:08:53,B→D,10.434517135294643
case_0641,A,2025-02-26 19:51:42,start,0.0
case_0641,C,2025-03-03 08:35:56,A→C,4.53072125468903
case_0641,B,2025-03-10 05:45:33,C→B,6.881674561055658
case_0641,C,2025-03-13 17:22:27,B→C,3.4839567386469206
case_0641,B,2025-03-20 03:34:44,C→B,6.425200617445519
case_0641,A,2025-03-22 02:07:07,B→A,1.9391519704560274
case_0641,B,2025-03-24 15:03:26,A→B,2.5391142886104774
case_0641,A,2025-03-25 19:30:20,B→A,1.1853486799631376
case_0641,C,2025-03-30 08:07:05,A→C,4.525515489303981
case_0642,A,2025-02-12 10:42:07,start,0.0
case_0642,B,2025-02-13 06:14:23,A→B,0.8140639420575649
case_0642,D,2025-02-14 23:43:27,B→D,1.7285258100164853
case_0643,A,2025-01-31 12:08:24,start,0.0
case_0643,B,2025-02-05 01:56:03,A→B,4.574757186878474
case_0643,D,2025-02-06 15:43:46,B→D,1.5747997406085261
case_0644,A,2025-03-01 14:18:26,start,0.0
case_0644,C,2025-03-07 19:30:11,A→C,6.216486145995072
case_0645,A,2025-01-24 09:24:42,start,0.0
case_0645,B,2025-01-25 10:33:30,A→B,1.0477836236772222
case_0645,D,2025-01-29 14:44:19,B→D,4.1741730442103435
case_0646,A,2025-01-12 21:37:47,start,0.0
case_0646,C,2025-01-17 23:01:14,A→C,5.057944645436241
case_0646,D,2025-01-23 21:43:48,C→D,5.946225965143149
case_0647,A,2025-02-14 21:39:45,start,0.0
case_0647,B,2025-02-15 14:07:15,A→B,0.685763807025959
case_0647,C,2025-02-23 11:54:22,B→C,7.907714110149504
case_0647,D,2025-02-23 19:54:50,C→D,0.333661005191745
case_0648,A,2025-01-31 09:45:22,start,0.0
case_0648,B,2025-02-02 13:18:57,A→B,2.148319716981181
case_0648,A,2025-02-05 01:21:13,B→A,2.5015704693883976
case_0648,B,2025-02-06 23:41:49,A→B,1.9309776421435556
case_0648,C,2025-02-10 15:36:07,B→C,3.6627067469609367
case_0648,B,2025-02-14 18:35:55,C→B,4.124861261634827
case_0648,A,2025-02-17 18:32:25,B→A,2.99757611805936
case_0648,B,2025-02-23 12:21:59,A→B,5.742743805057632
case_0648,A,2025-02-26 05:28:14,B→A,2.712681353586113
case_0648,B,2025-02-26 05:49:35,A→B,0.014819284082506101
case_0648,A,2025-02-27 18:03:07,B→A,1.5093975725865612
case_0648,B,2025-03-01 19:15:34,A→B,2.050318299227758
case_0648,D,2025-03-18 08:07:34,B→D,16.53610788901117
case_0649,A,2025-02-22 17:12:22,start,0.0
case_0650,A,2025-01-25 23:13:55,start,0.0
case_0650,C,2025-01-30 06:02:23,A→C,4.283666919696697
case_0651,A,2025-01-22 07:14:35,start,0.0
case_0651,B,2025-01-22 15:10:45,A→B,0.33067338449507416
case_0651,D,2025-01-28 11:58:10,B→D,5.866259751019804
case_0652,A,2025-01-08 11:15:31,start,0.0
case_0652,B,2025-01-09 22:10:43,A→B,1.4549952211890673
case_0652,C,2025-01-10 19:09:24,B→C,0.8740924745470107
case_0652,D,2025-01-11 07:56:34,C→D,0.532750142501158
case_0653,A,2025-01-12 03:46:26,start,0.0
case_0653,B,2025-01-12 15:02:24,A→B,0.46942900240093427
case_0653,C,2025-01-14 08:07:59,B→C,1.7122102444092062
case_0653,D,2025-01-16 06:17:39,C→D,1.923380545652153
case_0654,A,2025-02-07 01:38:57,start,0.0
case_0654,C,2025-02-12 07:16:24,A→C,5.234344716902971
case_0654,B,2025-02-14 10:02:34,C→B,2.1153951885153557
case_0654,A,2025-02-17 07:20:52,B→A,2.887703516365832
case_0654,B,2025-02-20 03:04:05,A→B,2.821675156158255
case_0655,A,2025-02-26 05:40:19,start,0.0
case_0655,B,2025-03-02 23:43:02,A→B,4.751879459530011
case_0655,C,2025-03-07 03:41:19,B→C,4.165478892414884
case_0655,B,2025-03-08 00:05:20,C→B,0.850008805887926
case_0655,C,2025-03-09 02:43:27,B→C,1.109804259592071
case_0655,B,2025-03-11 00:45:23,C→B,1.9180123191312841
case_0655,C,2025-03-13 17:50:04,B→C,2.7115816787846914
case_0655,B,2025-03-14 09:00:48,C→B,0.6324557153452854
case_0655,C,2025-03-21 22:17:59,B→C,7.553602083866206
case_0656,A,2025-02-08 01:49:13,start,0.0
case_0656,B,2025-02-09 00:33:35,A→B,0.9474728903681264
case_0656,C,2025-02-12 10:57:14,B→C,3.4330898532689114
case_0656,D,2025-02-13 01:42:39,C→D,0.6148780594705379
case_0657,A,2025-02-07 13:56:51,start,0.0
case_0657,B,2025-02-07 16:48:31,A→B,0.11920721484752493
case_0657,A,2025-02-09 09:23:30,B→A,1.6909622770126354
case_0657,B,2025-02-13 11:40:17,A→B,4.094990091483124
case_0657,D,2025-02-20 22:38:15,B→D,7.456915237109715
case_0658,A,2025-02-27 03:48:48,start,0.0
case_0658,B,2025-02-27 09:17:01,A→B,0.22792170735278067
case_0658,C,2025-02-28 08:05:34,B→C,0.9503846800186646
case_0658,B,2025-03-03 10:42:52,C→B,3.1092334290990475
case_0658,D,2025-03-14 06:30:41,B→D,10.824878161178258
case_0659,A,2025-02-03 00:09:51,start,0.0
case_0659,B,2025-02-03 23:40:48,A→B,0.9798317363574642
case_0659,C,2025-02-05 14:41:49,B→C,1.6257069860223363
case_0659,B,2025-02-08 12:33:46,C→B,2.911071410986102
case_0659,C,2025-02-13 22:22:42,B→C,5.4089840947538255
case_0659,B,2025-02-21 14:27:45,C→B,7.670177889105101
case_0659,C,2025-02-23 04:49:26,B→C,1.598382271035753
case_0659,D,2025-02-23 12:49:41,C→D,0.3335108348405811
case_0660,A,2025-02-04 04:05:43,start,0.0
case_0660,B,2025-02-05 09:59:23,A→B,1.2456071158881674
case_0660,C,2025-02-06 18:23:43,B→C,1.3502332074257664
case_0660,B,2025-02-07 00:42:44,C→B,0.2632024109736153
case_0660,D,2025-02-16 07:02:17,B→D,9.263576531212298
case_0661,A,2025-02-09 06:59:46,start,0.0
case_0661,C,2025-02-16 10:39:49,A→C,7.152818694143308
case_0661,D,2025-02-20 04:54:04,C→D,3.759890460290487
case_0662,A,2025-01-25 03:37:32,start,0.0
case_0662,B,2025-01-25 13:04:29,A→B,0.3937119997578502
case_0662,D,2025-02-04 08:47:21,B→D,9.821439187286584
case_0663,A,2025-01-13 16:55:12,start,0.0
case_0663,C,2025-01-16 05:06:39,A→C,2.5079425669576927
case_0663,D,2025-01-16 17:05:03,C→D,0.4988874003346133
case_0664,A,2025-01-22 07:02:01,start,0.0
case_0664,C,2025-01-25 16:15:15,A→C,3.3841837882790604
case_0664,D,2025-01-26 08:18:27,C→D,0.6688911894771805
case_0665,A,2025-02-17 16:22:35,start,0.0
case_0665,B,2025-02-19 05:49:32,A→B,1.5603739960623373
case_0665,C,2025-02-19 10:16:24,B→C,0.18532884932018967
case_0665,D,2025-02-19 12:03:10,C→D,0.07414449913773513
case_0666,A,2025-01-21 18:51:20,start,0.0
case_0666,C,2025-01-27 08:02:35,A→C,5.549473557498865
case_0666,B,2025-01-27 19:19:42,C→B,0.47022021951696225
case_0666,C,2025-02-01 06:37:18,B→C,4.470555200618327
case_0666,D,2025-02-11 11:06:06,C→D,10.186666534305727
case_0667,A,2025-01-23 03:53:25,start,0.0
case_0667,B,2025-01-24 16:14:25,A→B,1.5145856221653045
case_0667,C,2025-01-27 10:53:18,B→C,2.7769970660868655
case_0667,B,2025-01-29 13:14:33,C→B,2.098091031273966
case_0667,D,2025-02-05 14:46:49,B→D,7.064074296717604
case_0668,A,2025-02-20 16:56:09,start,0.0
case_0668,B,2025-02-23 09:52:36,A→B,2.7058644014654
case_0668,C,2025-02-27 00:54:47,B→C,3.626519328378673
case_0668,B,2025-02-27 10:46:39,C→B,0.4110147162153739
case_0668,A,2025-03-02 09:04:36,B→A,2.9291297451722977
case_0668,B,2025-03-03 05:11:28,A→B,0.838099849465177
case_0668,C,2025-03-06 21:40:51,B→C,3.6870781710928373
case_0668,D,2025-03-12 03:00:55,C→D,5.222263996977267
case_0669,A,2025-01-05 02:28:29,start,0.0
case_0669,B,2025-01-05 11:07:00,A→B,0.36008597045477764
case_0669,D,2025-01-06 15:12:45,B→D,1.1706517599641106
case_0670,A,2025-01-09 18:55:32,start,0.0
case_0670,B,2025-01-10 22:29:53,A→B,1.1488523204911247
case_0670,A,2025-01-12 03:34:33,B→A,1.2115772675771137
case_0670,B,2025-01-14 12:29:54,A→B,2.371767398906165
case_0670,C,2025-01-18 13:33:57,B→C,4.044486249801186
case_0670,D,2025-01-18 23:42:43,C→D,0.4227479366732805
case_0671,A,2025-01-10 08:01:48,start,0.0
case_0671,B,2025-01-11 03:41:40,A→B,0.8193452360471868
case_0671,D,2025-01-22 05:26:34,B→D,11.072850667748844
case_0672,A,2025-01-05 14:00:33,start,0.0
case_0672,B,2025-01-05 17:29:43,A→B,0.1452568004806514
case_0673,A,2025-01-07 13:59:59,start,0.0
case_0673,B,2025-01-15 10:53:32,A→B,7.870518940284527
case_0673,A,2025-01-17 18:29:49,B→A,2.3168624716792356
case_0673,C,2025-01-22 07:11:26,A→C,4.528899240065835
case_0673,B,2025-01-23 11:44:50,C→B,1.1898604849305467
case_0673,C,2025-01-26 04:20:32,B→C,2.69146364839494
case_0673,B,2025-01-26 14:15:38,C→B,0.41326543674905736
case_0673,D,2025-02-03 22:06:25,B→D,8.3269314221683
case_0674,A,2025-02-18 03:55:52,start,0.0
case_0674,B,2025-02-21 02:16:44,A→B,2.9311495160526793
case_0674,A,2025-02-23 18:31:51,B→A,2.677168610715948
case_0674,B,2025-02-27 07:12:10,A→B,3.5279926763028095
case_0674,D,2025-03-02 18:23:06,B→D,3.465928203345049
case_0675,A,2025-02-12 10:01:47,start,0.0
case_0675,B,2025-02-13 05:39:53,A→B,0.8181237384052081
case_0675,C,2025-02-17 10:18:29,B→C,4.193472063990529
case_0675,D,2025-02-17 13:31:27,C→D,0.13401285625303316
case_0676,A,2025-01-19 18:47:07,start,0.0
case_0676,B,2025-01-20 22:43:26,A→B,1.1641064770274538
case_0676,C,2025-01-22 00:05:17,B→C,1.0568334350560336
case_0676,B,2025-01-28 23:37:13,C→B,6.980518583574675
case_0676,C,2025-02-04 13:46:08,B→C,6.589523135300812
case_0676,D,2025-02-05 06:25:52,C→D,0.6942548136125737
case_0677,A,2025-02-17 17:11:26,start,0.0
case_0677,B,2025-02-20 10:30:13,A→B,2.7213788771012193
case_0677,C,2025-02-22 17:21:55,B→C,2.285898561049511
case_0677,D,2025-02-23 01:40:21,C→D,0.34614170234355424
case_0678,A,2025-01-02 17:58:30,start,0.0
case_0678,B,2025-01-03 02:22:28,A→B,0.349973791971865
case_0678,C,2025-01-06 18:55:58,B→C,3.6899245628289665
case_0678,D,2025-01-07 11:27:29,C→D,0.6885540142225999
case_0679,A,2025-01-07 01:10:55,start,0.0
case_0679,B,2025-01-09 23:27:30,A→B,2.9281789712847504
case_0679,C,2025-01-12 20:00:06,B→C,2.8559722479998486
case_0679,D,2025-02-02 17:08:31,C→D,20.880851227467094
case_0680,A,2025-01-14 17:17:39,start,0.0
case_0680,C,2025-01-16 08:19:33,A→C,1.6263174722472784
case_0680,B,2025-01-19 18:19:16,C→B,3.4164675504019466
case_0680,D,2025-02-07 14:58:12,B→D,18.860370371061663
case_0681,A,2025-01-18 17:10:53,start,0.0
case_0681,B,2025-01-20 23:19:51,A→B,2.2562303232602843
case_0681,C,2025-01-22 11:09:50,B→C,1.493036961372216
case_0681,B,2025-01-23 19:57:33,C→B,1.3664703184084752
case_0681,A,2025-01-26 19:07:05,B→A,2.9649520202069146
case_0681,B,2025-01-29 10:55:59,A→B,2.658963664616362
case_0681,C,2025-01-31 08:11:12,B→C,1.8855657608469674
case_0681,D,2025-01-31 13:16:00,C→D,0.2116669183351938
case_0682,A,2025-01-24 16:21:44,start,0.0
case_0682,B,2025-01-25 00:50:45,A→B,0.35349397252517784
case_0682,A,2025-01-26 13:29:09,B→A,1.5266657277518354
case_0682,B,2025-01-31 08:45:13,A→B,4.802815899638335
case_0682,C,2025-02-02 03:57:20,B→C,1.800088606686927
case_0682,D,2025-02-02 17:06:56,C→D,0.5483245967997927
case_0683,A,2025-02-09 07:16:14,start,0.0
case_0683,B,2025-02-10 21:21:12,A→B,1.5867830239727274
case_0683,D,2025-03-02 01:49:38,B→D,19.18641765295375
case_0684,A,2025-02-26 21:46:30,start,0.0
case_0684,C,2025-03-08 14:45:44,A→C,9.707792456070003
case_0684,D,2025-03-12 10:50:18,C→D,3.8365054998485597
case_0685,A,2025-02-27 15:20:21,start,0.0
case_0685,B,2025-03-01 11:59:25,A→B,1.860463062884046
case_0685,A,2025-03-03 06:19:17,B→A,1.7637983882664041
case_0685,B,2025-03-03 20:50:19,A→B,0.6048882998417975
case_0685,D,2025-03-18 01:21:37,B→D,14.188393551165854
case_0686,A,2025-03-01 03:29:28,start,0.0
case_0686,B,2025-03-02 22:50:44,A→B,1.8064315862130242
case_0686,D,2025-03-03 13:34:29,B→D,0.6137111680171174
case_0687,A,2025-01-04 15:33:43,start,0.0
case_0687,B,2025-01-06 08:54:18,A→B,1.7226366320112505
case_0687,C,2025-01-08 21:21:24,B→C,2.5188200500407514
case_0687,D,2025-01-10 09:19:33,C→D,1.4987102029259471
case_0688,A,2025-02-01 07:16:25,start,0.0
case_0688,B,2025-02-01 10:30:46,A→B,0.13496589103444373
case_0688,C,2025-02-01 16:38:22,B→C,0.2552776589958233
case_0688,D,2025-02-06 17:14:08,C→D,5.0248316502391805
case_0689,A,2025-02-05 17:44:53,start,0.0
case_0689,B,2025-02-07 05:03:02,A→B,1.470936450015809
case_0689,D,2025-02-12 21:37:37,B→D,5.6906910878370525
case_0690,A,2025-01-14 23:52:07,start,0.0
case_0690,B,2025-01-17 03:59:13,A→B,2.171594589917997
case_0690,D,2025-02-08 15:32:03,B→D,22.481142159771373
case_0691,A,2025-01-17 06:39:47,start,0.0
case_0691,B,2025-01-24 02:55:32,A→B,6.844278283185062
case_0691,C,2025-01-25 06:01:11,B→C,1.1289241061226596
case_0691,B,2025-01-26 04:56:52,C→B,0.9553298606077396
case_0691,D,2025-02-03 16:14:07,B→D,8.470315997990193
case_0692,A,2025-01-18 14:27:12,start,0.0
case_0692,B,2025-01-18 15:39:22,A→B,0.05012281732817712
case_0692,C,2025-01-24 08:50:19,B→C,5.715938064124546
case_0692,B,2025-01-28 22:04:27,C→B,4.551475012952321
case_0692,A,2025-01-30 15:51:05,B→A,1.7407210384397764
case_0692,B,2025-01-30 18:21:15,A→B,0.10428641165984764
case_0692,C,2025-02-05 22:16:18,B→C,6.163223173259967
case_0692,B,2025-02-06 23:23:12,C→B,1.0464531582668286
case_0692,C,2025-02-09 11:54:38,B→C,2.5218399039931327
case_0692,D,2025-02-12 15:27:22,C→D,3.1477288026069026
case_0693,A,2025-02-24 11:54:43,start,0.0
case_0693,B,2025-02-24 20:11:36,A→B,0.345057647619794
case_0693,C,2025-03-01 23:11:36,B→C,5.124992876160823
case_0693,D,2025-03-02 00:46:52,C→D,0.06616374203589537
case_0694,A,2025-01-02 14:24:56,start,0.0
case_0694,C,2025-01-06 20:03:53,A→C,4.235376168247561
case_0694,D,2025-01-07 06:09:26,C→D,0.4205188714077739
case_0695,A,2025-01-06 03:18:28,start,0.0
case_0695,B,2025-01-06 18:30:01,A→B,0.6330223452407336
case_0695,D,2025-01-08 04:08:52,B→D,1.4019862010185222
case_0696,A,2025-02-12 08:16:04,start,0.0
case_0696,B,2025-02-13 06:16:31,A→B,0.9169810584646653
case_0696,A,2025-02-16 00:33:00,B→A,2.7614388459590637
case_0696,C,2025-02-22 09:07:32,A→C,6.357318456990589
case_0696,D,2025-03-04 03:52:33,C→D,9.78126311675322
case_0697,A,2025-02-14 21:50:02,start,0.0
case_0697,C,2025-02-22 03:25:56,A→C,7.233255549236228
case_0697,D,2025-03-07 09:12:37,C→D,13.240761524152708
case_0698,A,2025-02-04 18:25:58,start,0.0
case_0698,B,2025-02-05 09:42:24,A→B,0.6364102753751031
case_0698,A,2025-02-07 23:35:10,B→A,2.5783043395245606
case_0698,C,2025-02-11 02:14:20,A→C,3.1105316855974623
case_0698,B,2025-02-11 11:20:16,C→B,0.3791288485096693
case_0698,A,2025-02-13 02:07:22,B→A,1.6160314720890856
case_0698,B,2025-02-14 06:17:41,A→B,1.1738350391221388
case_0698,D,2025-02-17 15:30:28,B→D,3.3838820990017293
case_0699,A,2025-01-16 04:45:30,start,0.0
case_0699,B,2025-01-18 10:24:22,A→B,2.2353314926898276
case_0699,D,2025-02-06 05:54:56,B→D,18.812890774155424
case_0700,A,2025-02-25 17:37:46,start,0.0
case_0700,C,2025-03-07 03:46:50,A→C,9.42296206357356
case_0700,B,2025-03-07 23:02:50,C→B,0.8027844870866296
case_0700,D,2025-03-10 05:30:29,B→D,2.2691967420579697
case_0701,A,2025-01-01 09:07:35,start,0.0
case_0701,B,2025-01-07 03:32:58,A→B,5.767625304713878
case_0701,D,2025-01-08 22:32:10,B→D,1.7911133588703327
case_0702,A,2025-02-17 04:40:15,start,0.0
case_0702,C,2025-02-28 01:43:35,A→C,10.877318053013699
case_0702,D,2025-03-12 15:29:27,C→D,12.57351099179014
case_0703,A,2025-02-01 09:24:50,start,0.0
case_0703,B,2025-02-03 05:18:31,A→B,1.8289473999216528
case_0703,C,2025-02-10 08:52:29,B→C,7.148590931938145
case_0703,D,2025-02-13 20:07:13,C→D,3.468566880487254
case_0704,A,2025-02-19 06:53:11,start,0.0
case_0704,B,2025-02-19 07:09:19,A→B,0.011205680806384193
case_0704,C,2025-02-24 05:53:00,B→C,4.946994648686655
case_0704,B,2025-02-24 10:08:04,C→B,0.17713252379544286
case_0704,A,2025-02-25 17:34:17,B→A,1.3098716172749603
case_0704,B,2025-02-26 15:09:57,A→B,0.8997743234297371
case_0704,D,2025-03-20 00:11:13,B→D,21.375871517651458
case_0705,A,2025-01-28 02:02:11,start,0.0
case_0705,B,2025-01-28 22:41:52,A→B,0.8608926855484559
case_0705,D,2025-02-09 10:48:42,B→D,11.50474555062166
case_0706,A,2025-02-04 04:31:52,start,0.0
case_0706,C,2025-02-14 04:26:40,A→C,9.99639055055665
case_0706,D,2025-02-24 14:19:32,C→D,10.41171775548598
case_0707,A,2025-02-11 07:54:20,start,0.0
case_0707,B,2025-02-11 16:49:22,A→B,0.37155411060328747
case_0707,C,2025-02-17 10:23:14,B→C,5.73185278192445
case_0707,D,2025-02-21 21:58:59,C→D,4.483158520372147
case_0708,A,2025-02-03 05:45:35,start,0.0
case_0709,A,2025-01-30 20:37:02,start,0.0
case_0709,C,2025-02-03 00:41:19,A→C,3.1696412452444487
case_0709,D,2025-02-04 06:16:56,C→D,1.2330666394612444
case_0710,A,2025-02-04 03:33:28,start,0.0
case_0710,B,2025-02-05 03:09:37,A→B,0.9834331503584568
case_0710,D,2025-02-10 15:58:19,B→D,5.533816911559967
case_0711,A,2025-01-30 11:33:48,start,0.0
case_0711,B,2025-01-31 01:38:09,A→B,0.5863536936298259
case_0711,C,2025-02-03 16:24:58,B→C,3.61585066200089
case_0711,D,2025-02-13 05:56:07,C→D,9.563298301151104
case_0712,A,2025-01-10 07:17:24,start,0.0
case_0712,B,2025-01-10 14:53:06,A→B,0.3164576364599333
case_0713,A,2025-01-25 19:32:17,start,0.0
case_0713,B,2025-01-29 02:55:53,A→B,3.308054065506589
case_0713,A,2025-01-31 10:47:34,B→A,2.327559552016476
case_0713,B,2025-02-02 19:44:05,A→B,2.372583557270257
case_0713,A,2025-02-04 15:46:11,B→A,1.8347905464344727
case_0713,C,2025-02-06 14:17:30,A→C,1.9384116703858734
case_0714,A,2025-01-22 00:46:55,start,0.0
case_0714,B,2025-01-24 10:49:28,A→B,2.418437900899824
case_0714,C,2025-01-25 03:33:43,B→C,0.6973955873139137
case_0714,B,2025-01-26 19:06:33,C→B,1.647801688820309
case_0714,A,2025-01-29 11:34:36,B→A,2.6861532793770895
case_0714,B,2025-01-29 21:52:07,A→B,0.4288305503016945
case_0714,A,2025-01-30 23:30:20,B→A,1.0682046979665776
case_0714,B,2025-02-02 15:23:56,A→B,2.6622152333438507
case_0714,C,2025-02-05 18:53:00,B→C,3.145188818003531
case_0714,D,2025-02-11 05:54:46,C→D,5.459558958452636
case_0715,A,2025-01-05 18:09:17,start,0.0
case_0715,B,2025-01-06 01:05:06,A→B,0.288763708469989
case_0715,C,2025-01-08 16:26:32,B→C,2.639881168836898
case_0715,D,2025-01-28 13:47:22,C→D,19.88947657404461
case_0716,A,2025-01-31 02:02:09,start,0.0
case_0716,C,2025-02-05 02:38:05,A→C,5.024959187961943
case_0716,B,2025-02-06 14:37:57,C→B,1.4999031788137858
case_0716,C,2025-02-10 12:53:52,B→C,3.9277239863258444
case_0716,B,2025-02-11 23:13:44,C→B,1.4304624717899124
case_0716,C,2025-02-17 00:24:05,B→C,5.0488578074205
case_0716,D,2025-03-02 04:56:59,C→D,13.189513267707063
case_0717,A,2025-01-09 19:10:55,start,0.0
case_0717,C,2025-01-17 07:42:58,A→C,7.522254468930498
case_0717,B,2025-01-22 13:29:17,C→B,5.2405017918130525
case_0717,C,2025-01-25 09:05:36,B→C,2.816886845495592
case_0717,D,2025-01-26 14:27:33,C→D,1.2235711180632016
case_0718,A,2025-02-13 20:18:40,start,0.0
case_0718,C,2025-02-16 03:14:23,A→C,2.2886928076291775
case_0718,D,2025-02-17 11:25:08,C→D,1.3407974229894717
case_0719,A,2025-02-03 05:07:33,start,0.0
case_0719,B,2025-02-07 00:39:27,A→B,3.8138247871810536
case_0719,C,2025-02-10 20:24:10,B→C,3.822713290357075
case_0719,D,2025-02-11 00:49:42,C→D,0.18439680335929953
case_0720,A,2025-02-07 13:53:29,start,0.0
case_0721,A,2025-01-07 13:18:51,start,0.0
case_0721,B,2025-01-08 00:15:48,A→B,0.4562125586333032
case_0721,A,2025-01-09 20:28:09,B→A,1.8419112293107227
case_0721,B,2025-01-10 04:25:31,A→B,0.3314994258293549
case_0722,A,2025-02-23 01:50:24,start,0.0
case_0722,B,2025-02-25 10:49:54,A→B,2.3746579101508836
case_0722,A,2025-02-27 14:20:43,B→A,2.14640049222921
case_0722,B,2025-03-01 11:34:24,A→B,1.8845000028571786
case_0722,C,2025-03-03 18:08:32,B→C,2.2737053910203997
case_0722,B,2025-03-04 04:14:12,C→B,0.42060400805691955
case_0722,C,2025-03-07 01:34:27,B→C,2.8890585096314148
case_0722,D,2025-03-09 00:13:30,C→D,1.9437826675802494
case_0723,A,2025-02-04 05:27:05,start,0.0
case_0723,B,2025-02-06 18:39:12,A→B,2.5500795509306284
case_0723,C,2025-02-08 20:19:19,B→C,2.069528646346412
case_0724,A,2025-02-13 03:12:48,start,0.0
case_0724,B,2025-02-13 07:24:04,A→B,0.17449488401624244
case_0724,C,2025-02-14 08:40:49,B→C,1.0533011831089751
case_0725,A,2025-01-07 19:15:28,start,0.0
case_0725,C,2025-01-11 17:30:26,A→C,3.9270602363709233
case_0725,B,2025-01-13 02:30:50,C→B,1.3752786676302784
case_0725,D,2025-01-24 12:16:25,B→D,11.40666165346814
case_0726,A,2025-02-23 07:23:48,start,0.0
case_0726,B,2025-02-23 16:50:42,A→B,0.3936867934262207
case_0726,C,2025-02-24 06:09:26,B→C,0.5546750062698691
case_0727,A,2025-02-10 16:29:52,start,0.0
case_0727,B,2025-02-11 15:45:52,A→B,0.9694502718309961
case_0727,D,2025-02-13 04:28:41,B→D,1.5297245952564986
case_0728,A,2025-02-20 15:05:59,start,0.0
case_0728,B,2025-02-21 04:31:38,A→B,0.5594820756177099
case_0728,C,2025-02-22 05:48:29,B→C,1.053370593832448
case_0728,D,2025-02-23 05:10:24,C→D,0.9735536060224959
case_0729,A,2025-02-03 09:02:07,start,0.0
case_0729,B,2025-02-06 04:39:06,A→B,2.8173432328394235
case_0729,C,2025-02-08 18:51:38,B→C,2.592043548991046
case_0729,D,2025-02-19 08:24:36,C→D,10.56455341959413
case_0730,A,2025-01-20 12:44:38,start,0.0
case_0730,B,2025-01-20 20:51:03,A→B,0.3377861079303376
case_0730,C,2025-01-22 13:55:41,B→C,1.7115590449618945
case_0730,D,2025-01-28 10:16:16,C→D,5.84762057023727
case_0731,A,2025-01-25 21:45:15,start,0.0
case_0731,B,2025-01-30 03:08:37,A→B,4.224563573935745
case_0731,D,2025-02-02 08:34:53,B→D,3.226567681296885
case_0732,A,2025-02-25 21:57:07,start,0.0
case_0732,C,2025-03-05 14:04:47,A→C,7.671987677695865
case_0733,A,2025-02-28 13:35:13,start,0.0
case_0733,B,2025-03-05 07:48:15,A→B,4.759052795273538
case_0733,D,2025-03-21 07:02:10,B→D,15.967995415033942
case_0734,A,2025-02-10 08:37:56,start,0.0
case_0734,B,2025-02-12 11:34:57,A→B,2.122926525524495
case_0734,A,2025-02-15 09:36:28,B→A,2.917720298706287
case_0734,B,2025-02-15 14:01:55,A→B,0.1843454071775783
case_0734,C,2025-02-19 08:43:08,B→C,3.7786217401223263
case_0734,B,2025-02-22 14:06:48,C→B,3.2247602351772215
case_0734,D,2025-03-01 19:38:58,B→D,7.230681778112039
case_0735,A,2025-01-06 23:32:59,start,0.0
case_0735,B,2025-01-08 11:19:17,A→B,1.4904915323421841
case_0735,A,2025-01-10 10:13:13,B→A,1.9541184655230222
case_0735,B,2025-01-11 16:08:55,A→B,1.2470161366303305
case_0735,A,2025-01-14 07:27:41,B→A,2.638024285371281
case_0735,B,2025-01-17 22:23:16,A→B,3.6219341100922353
case_0735,D,2025-02-07 02:40:49,B→D,20.178862608040077
case_0736,A,2025-02-02 12:43:31,start,0.0
case_0736,C,2025-02-06 09:40:56,A→C,3.8732068575904433
case_0736,B,2025-02-06 14:11:09,C→B,0.18765363389150957
case_0736,C,2025-02-07 08:27:35,B→C,0.7614137599256701
case_0736,D,2025-02-08 12:51:22,C→D,1.1831784454165026
case_0737,A,2025-02-18 06:13:22,start,0.0
case_0737,B,2025-02-19 20:04:13,A→B,1.576975573971214
case_0737,C,2025-02-21 15:56:10,B→C,1.827746183460049
case_0737,B,2025-02-28 01:01:34,C→B,6.37874737157423
case_0737,D,2025-02-28 16:29:30,B→D,0.6443985581114102
case_0738,A,2025-02-03 09:26:25,start,0.0
case_0738,B,2025-02-03 09:57:32,A→B,0.021598057409662367
case_0738,C,2025-02-06 01:26:43,B→C,2.645276953536331
case_0738,B,2025-02-09 19:21:22,C→B,3.7462817305629796
case_0738,A,2025-02-12 15:09:14,B→A,2.8249087507165997
case_0738,B,2025-02-16 01:09:29,A→B,3.4168400311409712
case_0738,C,2025-02-22 15:29:00,B→C,6.59688776149757
case_0738,D,2025-02-24 00:07:47,C→D,1.3602640432286215
case_0739,A,2025-01-22 06:56:30,start,0.0
case_0739,B,2025-01-22 17:43:57,A→B,0.4496167984202688
case_0739,C,2025-01-25 22:13:54,B→C,3.1874666389201822
case_0739,D,2025-01-26 11:11:41,C→D,0.540121363680814
case_0740,A,2025-02-15 03:52:35,start,0.0
case_0740,B,2025-02-15 19:43:32,A→B,0.6603850893089704
case_0740,C,2025-02-17 12:33:50,B→C,1.7015962756240401
case_0740,D,2025-02-17 23:13:05,C→D,0.44392393266667396
case_0741,A,2025-01-26 04:59:55,start,0.0
case_0741,C,2025-01-29 09:14:59,A→C,3.1771376024197844
case_0741,D,2025-02-11 17:19:06,C→D,13.336193399968934
case_0742,A,2025-01-15 10:48:43,start,0.0
case_0742,B,2025-01-15 13:30:08,A→B,0.11210070948484312
case_0742,C,2025-01-18 05:57:46,B→C,2.6858513643945052
case_0742,D,2025-01-18 08:03:39,C→D,0.08742252256837357
case_0743,A,2025-01-16 03:16:02,start,0.0
case_0743,C,2025-01-22 00:52:42,A→C,5.900462856430187
case_0743,B,2025-01-22 21:33:48,C→B,0.8618757266759269
case_0743,A,2025-01-25 16:02:28,B→A,2.769911301618981
case_0743,B,2025-01-30 21:06:43,A→B,5.211276353001628
case_0743,C,2025-02-02 02:06:58,B→C,2.2085109067376862
case_0743,D,2025-02-05 15:51:17,C→D,3.5724385702926433
case_0744,A,2025-01-08 00:50:59,start,0.0
case_0744,B,2025-01-10 19:16:06,A→B,2.7674460383737505
case_0744,D,2025-01-15 11:23:49,B→D,4.672025667403592
case_0745,A,2025-01-14 08:12:18,start,0.0
case_0745,C,2025-01-18 17:11:20,A→C,4.374335394396515
case_0745,B,2025-01-21 07:39:10,C→B,2.6026567750144567
case_0745,C,2025-01-23 03:38:06,B→C,1.83259405389615
case_0745,B,2025-01-25 05:46:15,C→B,2.088986918670603
case_0745,D,2025-02-03 03:26:46,B→D,8.903140535751891
case_0746,A,2025-01-29 03:24:28,start,0.0
case_0746,B,2025-01-29 11:24:27,A→B,0.33332216041529755
case_0746,A,2025-01-30 16:04:17,B→A,1.194330085196935
case_0746,B,2025-02-01 07:23:18,A→B,1.63820998458575
case_0746,C,2025-02-04 22:03:13,B→C,3.611048302237101
case_0746,D,2025-02-07 19:46:20,C→D,2.904941201063469
case_0747,A,2025-01-23 19:56:29,start,0.0
case_0747,B,2025-01-25 08:16:17,A→B,1.5137518638705676
case_0747,C,2025-01-26 13:05:13,B→C,1.2006411157351402
case_0747,B,2025-01-26 23:39:06,C→B,0.44019665653751616
case_0747,C,2025-02-01 04:46:25,B→C,5.213412586334141
case_0748,A,2025-02-02 13:09:01,start,0.0
case_0748,C,2025-02-06 12:59:53,A→C,3.9936606734060156
case_0749,A,2025-01-29 09:54:46,start,0.0
case_0749,B,2025-01-31 11:28:57,A→B,2.065395567430906
case_0749,C,2025-02-03 05:20:57,B→C,2.7444471169963713
case_0749,D,2025-02-04 22:52:29,C→D,1.730234055020933
case_0750,A,2025-02-10 09:09:42,start,0.0
case_0750,C,2025-02-13 06:01:32,A→C,2.8693339691951985
case_0750,D,2025-02-20 06:39:58,C→D,7.02668209427109
case_0751,A,2025-02-28 05:17:15,start,0.0
case_0751,B,2025-02-28 14:32:44,A→B,0.38574933765437336
case_0751,D,2025-03-04 03:56:56,B→D,3.5584658286053865
case_0752,A,2025-01-24 20:52:10,start,0.0
case_0753,A,2025-01-14 10:51:20,start,0.0
case_0753,C,2025-01-22 21:37:31,A→C,8.448738687055112
case_0753,B,2025-01-24 19:52:36,C→B,1.9271343729210777
case_0753,D,2025-02-03 16:12:51,B→D,9.847396039545085
case_0754,A,2025-02-19 15:04:23,start,0.0
case_0754,B,2025-02-21 14:12:27,A→B,1.9639386876416387
case_0754,C,2025-02-22 23:40:29,B→C,1.3944675257557486
case_0754,B,2025-02-24 01:24:56,C→B,1.0725268102838577
case_0754,D,2025-02-28 14:39:43,B→D,4.551941150428139
case_0755,A,2025-02-08 16:43:16,start,0.0
case_0755,B,2025-02-09 07:25:32,A→B,0.6126768010712363
case_0755,C,2025-02-15 10:28:01,B→C,6.126724033399183
case_0756,A,2025-02-10 09:15:11,start,0.0
case_0756,B,2025-02-10 09:34:46,A→B,0.013602280705767598
case_0756,C,2025-02-10 18:02:47,B→C,0.3527915464433692
case_0757,A,2025-02-25 15:57:01,start,0.0
case_0757,C,2025-02-28 13:41:03,A→C,2.905582799834746
case_0757,D,2025-03-07 10:49:31,C→D,6.88088155745523
case_0758,A,2025-01-09 17:42:14,start,0.0
case_0758,B,2025-01-10 19:05:28,A→B,1.057791858911537
case_0758,C,2025-01-12 13:16:08,B→C,1.757413095958785
case_0758,D,2025-01-13 08:50:25,C→D,0.8154772986098981
case_0759,A,2025-01-13 21:54:13,start,0.0
case_0759,B,2025-01-22 20:07:54,A→B,8.926169089010997
case_0759,C,2025-01-30 04:00:42,B→C,7.328333022816281
case_0759,B,2025-02-09 04:11:29,C→B,10.00749106246365
case_0759,A,2025-02-10 08:16:56,B→A,1.1704477009420486
case_0759,C,2025-02-16 17:06:30,A→C,6.36775060967917
case_0759,D,2025-02-17 09:10:36,C→D,0.6695163068267647
case_0760,A,2025-02-05 02:23:08,start,0.0
case_0760,B,2025-02-12 21:13:13,A→B,7.784776313895361
case_0760,C,2025-02-13 21:00:23,B→C,0.9910894948129245
case_0760,D,2025-02-15 04:03:34,C→D,1.2938816976125231
case_0761,A,2025-01-18 04:17:52,start,0.0
case_0761,B,2025-01-20 00:10:05,A→B,1.8279353080676324
case_0761,C,2025-01-21 04:03:06,B→C,1.1618100946079775
case_0761,D,2025-01-24 05:31:37,C→D,3.061480823168029
case_0762,A,2025-01-06 02:06:24,start,0.0
case_0762,C,2025-01-09 03:10:16,A→C,3.044351212610681
case_0762,D,2025-01-16 07:08:47,C→D,7.165640191355835
case_0763,A,2025-02-09 11:49:05,start,0.0
case_0763,B,2025-02-09 23:54:45,A→B,0.5039317869227962
case_0763,C,2025-02-12 22:16:04,B→C,2.9314702266613413
case_0763,B,2025-02-16 11:45:16,C→B,3.5619503617449677
case_0763,D,2025-03-02 01:13:51,B→D,13.561507508215218
case_0764,A,2025-01-16 22:39:10,start,0.0
case_0764,B,2025-01-20 14:56:32,A→B,3.6787327092861872
case_0764,A,2025-01-23 09:25:16,B→A,2.769951892776975
case_0764,C,2025-01-31 22:32:11,A→C,8.546460855507451
case_0764,B,2025-02-05 19:48:48,C→B,4.886541696941459
case_0764,D,2025-02-15 23:13:44,B→D,10.142316276932934
case_0765,A,2025-01-11 08:12:28,start,0.0
case_0765,B,2025-01-12 19:21:11,A→B,1.4643877488303891
case_0765,D,2025-02-03 07:05:08,B→D,21.488853908991924
case_0766,A,2025-01-27 05:26:10,start,0.0
case_0766,B,2025-01-27 12:07:14,A→B,0.2785216598117265
case_0766,C,2025-01-30 21:04:59,B→C,3.373443006614341
case_0767,A,2025-02-12 12:24:06,start,0.0
case_0767,B,2025-02-13 02:27:58,A→B,0.5860180218762663
case_0767,A,2025-02-15 15:57:04,B→A,2.561883948149906
case_0767,B,2025-02-23 06:28:35,A→B,7.6052183248767165
case_0767,A,2025-02-24 19:47:33,B→A,1.5548343698890825
case_0767,C,2025-03-02 11:17:23,A→C,5.645722404633652
case_0767,D,2025-03-02 23:15:22,C→D,0.498596206558215
case_0768,A,2025-02-17 03:22:48,start,0.0
case_0768,B,2025-02-20 04:53:48,A→B,3.0631950261721674
case_0768,C,2025-02-24 03:33:01,B→C,3.943904979940697
case_0768,B,2025-02-24 10:53:18,C→B,0.30575303488567585
case_0768,C,2025-02-27 16:21:55,B→C,3.2281953377582493
case_0768,D,2025-02-28 02:20:48,C→D,0.41590178400372757
case_0769,A,2025-02-17 22:27:35,start,0.0
case_0769,B,2025-02-18 09:56:16,A→B,0.4782491011063049
case_0769,C,2025-02-24 12:16:22,B→C,6.097288920635079
case_0769,D,2025-02-27 21:47:51,C→D,3.3968684341848494
case_0770,A,2025-01-19 00:35:37,start,0.0
case_0770,B,2025-01-20 10:38:02,A→B,1.418343231702218
case_0770,D,2025-02-06 21:57:28,B→D,17.47182528302762
case_0771,A,2025-01-13 15:43:50,start,0.0
case_0771,B,2025-01-16 21:27:08,A→B,3.2384071030339316
case_0771,D,2025-02-11 11:14:45,B→D,25.574736727554296
case_0772,A,2025-02-12 17:45:01,start,0.0
case_0772,B,2025-02-16 02:04:01,A→B,3.346530753725427
case_0772,C,2025-02-20 19:55:06,B→C,4.7438074060404105
case_0772,D,2025-02-23 01:26:35,C→D,2.230196518018724
case_0773,A,2025-02-24 00:47:42,start,0.0
case_0773,B,2025-02-26 03:38:15,A→B,2.1184331943020966
case_0773,D,2025-03-13 15:02:40,B→D,15.475290219310367
case_0774,A,2025-01-20 14:04:15,start,0.0
case_0774,B,2025-01-24 08:52:01,A→B,3.783169308776472
case_0774,D,2025-02-04 07:13:17,B→D,10.931438582314815
case_0775,A,2025-01-26 00:52:36,start,0.0
case_0775,C,2025-01-28 20:29:48,A→C,2.817500191002767
case_0775,D,2025-01-29 21:38:46,C→D,1.0478971234875591
case_0776,A,2025-01-07 19:06:02,start,0.0
case_0776,C,2025-01-14 22:25:22,A→C,7.138421291496094
case_0776,D,2025-02-17 18:04:39,C→D,33.81894421642927
case_0777,A,2025-01-19 04:20:24,start,0.0
case_0777,C,2025-01-22 09:43:10,A→C,3.224147859389573
case_0777,D,2025-02-04 17:33:02,C→D,13.32629728562963
case_0778,A,2025-02-03 07:56:28,start,0.0
case_0778,C,2025-02-11 23:16:22,A→C,8.63881312194308
case_0778,D,2025-02-17 09:13:55,C→D,5.4149715496258946
case_0779,A,2025-02-15 19:54:06,start,0.0
case_0779,C,2025-02-17 19:45:21,A→C,1.993918531126144
case_0780,A,2025-01-12 02:35:32,start,0.0
case_0780,B,2025-01-15 00:12:32,A→B,2.90069015566889
case_0780,C,2025-01-18 19:51:07,B→C,3.8184680669860294
case_0780,D,2025-01-21 22:14:17,C→D,3.099423604055157
case_0781,A,2025-01-30 15:59:15,start,0.0
case_0781,B,2025-01-31 02:19:44,A→B,0.43089667269968757
case_0782,A,2025-02-09 00:17:33,start,0.0
case_0782,B,2025-02-14 12:59:54,A→B,5.529414690502099
case_0782,C,2025-02-17 03:47:18,B→C,2.6162516358501122
case_0782,D,2025-02-26 00:24:36,C→D,8.859235378053095
case_0783,A,2025-01-15 05:16:34,start,0.0
case_0783,C,2025-01-20 22:05:19,A→C,5.700520302827122
case_0783,B,2025-01-29 02:00:54,C→B,8.163601152741787
case_0783,C,2025-01-30 07:12:46,B→C,1.2165725713634075
case_0783,D,2025-02-04 06:08:04,C→D,4.955079560926638
case_0784,A,2025-01-02 09:18:04,start,0.0
case_0784,B,2025-01-14 02:09:21,A→B,11.702277544439083
case_0784,C,2025-01-16 16:24:20,B→C,2.5937438605160548
case_0784,D,2025-01-19 19:32:37,C→D,3.13074717780491
case_0785,A,2025-02-27 02:23:36,start,0.0
case_0785,B,2025-02-27 06:55:05,A→B,0.18853348674758494
case_0786,A,2025-01-09 23:35:58,start,0.0
case_0786,B,2025-01-10 14:14:27,A→B,0.6100645057577974
case_0786,C,2025-01-12 01:45:20,B→C,1.4797746457262329
case_0786,D,2025-01-12 07:46:21,C→D,0.250710778267087
case_0787,A,2025-01-23 16:51:42,start,0.0
case_0787,C,2025-01-30 08:31:28,A→C,6.652615336079589
case_0787,D,2025-01-30 15:26:45,C→D,0.28838864477587656
case_0788,A,2025-02-24 04:33:07,start,0.0
case_0788,B,2025-02-26 23:49:11,A→B,2.802827801396105
case_0788,C,2025-03-03 02:56:32,B→C,4.130094734255319
case_0788,D,2025-03-03 07:10:17,C→D,0.17621459448582577
case_0789,A,2025-02-16 02:07:26,start,0.0
case_0789,B,2025-02-16 13:32:51,A→B,0.4759880600575182
case_0789,D,2025-02-22 16:33:55,B→D,6.125739689652134
case_0790,A,2025-02-08 15:52:14,start,0.0
case_0790,B,2025-02-09 20:00:41,A→B,1.1725332446008612
case_0790,A,2025-02-11 14:24:18,B→A,1.7664029700497104
case_0790,C,2025-02-17 12:13:41,A→C,5.909294950423783
case_0790,D,2025-02-19 01:23:21,C→D,1.5483718548811822
case_0791,A,2025-01-03 06:10:42,start,0.0
case_0791,B,2025-01-06 10:53:04,A→B,3.196091218373947
case_0791,D,2025-01-09 14:44:57,B→D,3.1610230143258673
case_0792,A,2025-02-06 06:39:13,start,0.0
case_0792,B,2025-02-14 15:07:26,A→B,8.352927299129504
case_0792,D,2025-03-01 22:09:02,B→D,15.292785772446017
case_0793,A,2025-02-08 12:36:02,start,0.0
case_0793,B,2025-02-10 23:58:41,A→B,2.474062577635608
case_0793,A,2025-02-13 16:17:51,B→A,2.679977962289963
case_0793,C,2025-02-17 11:02:46,A→C,3.7811958327077058
case_0793,D,2025-02-25 16:26:16,C→D,8.224647969486647
case_0794,A,2025-02-05 12:24:16,start,0.0
case_0794,B,2025-02-06 07:05:41,A→B,0.7787713423499419
case_0794,A,2025-02-08 02:40:26,B→A,1.8157981679123134
case_0794,B,2025-02-08 08:57:51,A→B,0.26209190189460374
case_0794,D,2025-02-21 22:58:26,B→D,13.583737766724889
case_0795,A,2025-01-09 03:17:42,start,0.0
case_0795,B,2025-01-09 17:13:31,A→B,0.5804282015487463
case_0795,C,2025-01-13 12:40:06,B→C,3.8101295956249075
case_0795,B,2025-01-16 04:03:51,C→B,2.641489750009013
case_0796,A,2025-02-02 18:46:58,start,0.0
case_0796,B,2025-02-04 17:10:22,A→B,1.9329128535766038
case_0796,D,2025-02-25 21:01:44,B→D,21.160674275235895
case_0797,A,2025-01-21 15:09:50,start,0.0
case_0797,B,2025-01-24 08:52:36,A→B,2.738038482545113
case_0797,C,2025-01-25 04:51:32,B→C,0.8325910763867248
case_0798,A,2025-02-12 20:58:07,start,0.0
case_0798,C,2025-02-14 04:25:11,A→C,1.3104677791404338
case_0798,D,2025-02-18 22:53:11,C→D,4.769441825831939
case_0799,A,2025-01-03 23:42:28,start,0.0
case_0799,C,2025-01-08 04:46:09,A→C,4.210898459313644
case_0799,D,2025-01-10 16:01:45,C→D,2.4691660210440673
case_0800,A,2025-02-22 03:38:26,start,0.0
case_0800,B,2025-02-22 16:25:19,A→B,0.5325610501209361
case_0800,C,2025-02-25 09:58:41,B→C,2.731500274845777
case_0800,B,2025-02-26 20:33:27,C→B,1.4408191981755518
case_0800,C,2025-03-01 17:24:34,B→C,2.8688296112660465
case_0800,D,2025-03-02 13:02:32,C→D,0.8180295185615174
case_0801,A,2025-01-31 23:07:20,start,0.0
case_0801,B,2025-02-01 05:12:16,A→B,0.253416273055662
case_0801,D,2025-02-16 10:50:37,B→D,15.234971134661643
case_0802,A,2025-02-12 23:34:16,start,0.0
case_0802,B,2025-02-16 05:28:36,A→B,3.246067592745524
case_0802,C,2025-02-19 14:53:18,B→C,3.3921596089890613
case_0802,B,2025-02-21 13:45:08,C→B,1.952658508832526
case_0802,C,2025-02-21 23:39:51,B→C,0.4129913991690195
case_0802,D,2025-03-02 22:57:40,C→D,8.970711792668396
case_0803,A,2025-01-31 04:00:09,start,0.0
case_0803,B,2025-02-01 22:28:01,A→B,1.7693591306463206
case_0803,D,2025-02-05 09:46:25,B→D,3.4711105431474283
case_0804,A,2025-02-05 17:17:33,start,0.0
case_0804,B,2025-02-10 22:25:50,A→B,5.21408136793043
case_0804,D,2025-02-23 03:06:10,B→D,12.194680783893354
case_0805,A,2025-02-07 12:07:49,start,0.0
case_0805,C,2025-02-13 21:11:39,A→C,6.377656960848042
case_0805,D,2025-02-15 08:14:12,C→D,1.4601010800905776
case_0806,A,2025-02-22 16:12:02,start,0.0
case_0806,C,2025-02-27 12:09:29,A→C,4.831552669159788
case_0806,D,2025-02-28 01:57:25,C→D,0.5749554664664158
case_0807,A,2025-01-02 01:14:33,start,0.0
case_0807,B,2025-01-11 13:06:06,A→B,9.494131890354904
case_0807,C,2025-01-12 08:53:13,B→C,0.8243875134918532
case_0807,B,2025-01-13 06:53:38,C→B,0.9169651360391438
case_0807,C,2025-01-13 20:51:34,B→C,0.5818900289493314
case_0807,B,2025-01-16 05:30:47,C→B,2.3605743899147438
case_0807,A,2025-01-17 17:00:23,B→A,1.4788868565990132
case_0807,B,2025-01-18 16:43:37,A→B,0.9883537028964309
case_0807,C,2025-01-19 14:34:47,B→C,0.9105283544345291
case_0807,D,2025-01-28 10:16:02,C→D,8.820315471350881
case_0808,A,2025-02-11 01:39:51,start,0.0
case_0808,B,2025-02-18 05:41:54,A→B,7.168084751283248
case_0808,A,2025-02-21 04:18:15,B→A,2.9419129548604035
case_0808,B,2025-02-23 02:06:32,A→B,1.9085223856002287
case_0808,C,2025-02-26 09:07:24,B→C,3.2922774197550275
case_0808,D,2025-02-27 12:59:57,C→D,1.1614908210511778
case_0809,A,2025-01-17 15:08:29,start,0.0
case_0809,B,2025-01-18 02:54:22,A→B,0.49020510910964776
case_0809,C,2025-01-22 11:52:07,B→C,4.373429291240879
case_0809,D,2025-01-24 22:05:56,C→D,2.4262716021210444
case_0810,A,2025-01-30 02:22:35,start,0.0
case_0810,C,2025-02-04 11:49:53,A→C,5.3939589745815555
case_0810,B,2025-02-12 11:56:32,C→B,8.004614881404184
case_0810,D,2025-02-16 14:24:02,B→D,4.102427577549339
case_0811,A,2025-03-01 01:42:34,start,0.0
case_0811,B,2025-03-01 01:55:25,A→B,0.008926091368696994
case_0811,A,2025-03-02 18:43:27,B→A,1.700018894400833
case_0811,B,2025-03-08 13:13:26,A→B,5.770822804839241
case_0811,C,2025-03-11 12:02:06,B→C,2.950460828914369
case_0811,D,2025-03-15 22:27:27,C→D,4.434273613511596
case_0812,A,2025-01-29 15:40:24,start,0.0
case_0813,A,2025-02-18 14:00:44,start,0.0
case_0813,B,2025-02-19 07:04:21,A→B,0.7108417952076184
case_0813,A,2025-02-21 09:39:39,B→A,2.107847934585661
case_0813,B,2025-02-23 01:39:14,A→B,1.666375196519196
case_0813,D,2025-03-10 00:18:36,B→D,14.944008862515481
case_0814,A,2025-02-25 17:05:58,start,0.0
case_0814,C,2025-03-02 04:27:55,A→C,4.473569086012215
case_0815,A,2025-01-31 11:58:25,start,0.0
case_0815,B,2025-02-02 23:19:33,A→B,2.4730136023447655
case_0815,C,2025-02-05 09:19:32,B→C,2.416652682031206
case_0815,B,2025-02-06 04:32:13,C→B,0.8004727116653481
case_0815,C,2025-02-07 03:27:50,B→C,0.9552933292398817
case_0815,D,2025-02-09 08:06:47,C→D,2.1937149408495253
case_0816,A,2025-01-05 19:36:01,start,0.0
case_0816,B,2025-01-09 06:21:11,A→B,3.4480335913090796
case_0816,C,2025-01-10 05:58:04,B→C,0.9839507836133441
case_0816,D,2025-01-13 07:53:45,C→D,3.080337967880679
case_0817,A,2025-01-26 10:23:22,start,0.0
case_0817,B,2025-01-28 09:54:28,A→B,1.9799243172621535
case_0817,C,2025-01-30 04:11:09,B→C,1.761591405589701
case_0817,D,2025-01-31 08:22:56,C→D,1.1748472982956102
case_0818,A,2025-02-06 08:22:11,start,0.0
case_0818,B,2025-02-10 23:50:31,A→B,4.644682650399302
case_0818,A,2025-02-13 03:59:56,B→A,2.173204556770033
case_0818,B,2025-02-13 22:30:50,A→B,0.7714567967637027
case_0818,C,2025-02-15 07:30:48,B→C,1.374979095620665
case_0818,B,2025-02-15 15:19:38,C→B,0.3255821627417621
case_0818,D,2025-02-20 01:25:57,B→D,4.421046401216875
case_0819,A,2025-02-03 06:49:00,start,0.0
case_0819,B,2025-02-03 20:45:34,A→B,0.5809514822156386
case_0819,C,2025-02-06 06:48:27,B→C,2.4186608417117457
case_0819,B,2025-02-06 13:50:19,C→B,0.2929703347034436
case_0819,C,2025-02-11 05:27:40,B→C,4.650936597282925
case_0820,A,2025-01-07 07:30:28,start,0.0
case_0820,B,2025-01-07 15:54:24,A→B,0.34995333425425906
case_0820,D,2025-01-15 04:03:55,B→D,7.506610293256425
case_0821,A,2025-01-10 02:42:04,start,0.0
case_0821,C,2025-01-20 19:16:08,A→C,10.690327342449669
case_0821,B,2025-01-22 09:36:42,C→B,1.597611145926436
case_0821,D,2025-01-31 16:15:02,B→D,9.27662259966725
case_0822,A,2025-01-22 02:22:43,start,0.0
case_0822,B,2025-01-24 08:06:20,A→B,2.2386283800155273
case_0822,C,2025-01-26 01:08:51,B→C,1.7100799899266987
case_0822,D,2025-01-27 01:57:05,C→D,1.0334893779407004
case_0823,A,2025-01-07 00:02:09,start,0.0
case_0823,B,2025-01-07 09:48:29,A→B,0.4071766637582362
case_0823,C,2025-01-10 20:28:59,B→C,3.444783352622757
case_0823,B,2025-01-17 18:17:37,C→B,6.90877932156131
case_0823,A,2025-01-20 05:35:47,B→A,2.470942329620337
case_0823,C,2025-01-22 10:03:17,A→C,2.1857651197206955
case_0823,B,2025-01-26 10:39:27,C→B,4.025119214219853
case_0823,C,2025-01-27 03:46:37,B→C,0.7133092039056876
case_0823,B,2025-01-27 16:22:09,C→B,0.5246822160945328
case_0823,C,2025-01-29 04:14:27,B→C,1.4946533069141168
case_0824,A,2025-02-27 19:34:25,start,0.0
case_0824,B,2025-02-27 20:14:13,A→B,0.027635924546154815
case_0824,D,2025-03-15 18:24:30,B→D,15.923805188568064
case_0825,A,2025-01-11 22:59:50,start,0.0
case_0825,C,2025-01-13 07:33:02,A→C,1.3563915912742266
case_0825,B,2025-01-14 17:22:15,C→B,1.4091791264198112
case_0825,D,2025-01-20 06:36:51,B→D,5.551803410555777
case_0826,A,2025-01-03 07:51:18,start,0.0
case_0826,B,2025-01-04 05:28:13,A→B,0.9006355556206656
case_0826,A,2025-01-05 18:36:56,B→A,1.5477225787993791
case_0827,A,2025-02-15 08:18:35,start,0.0
case_0827,B,2025-02-15 11:28:38,A→B,0.1319785944341316
case_0827,C,2025-02-17 13:44:18,B→C,2.094213007492284
case_0827,D,2025-02-22 05:47:08,C→D,4.668626434682292
case_0828,A,2025-01-30 05:36:29,start,0.0
case_0828,C,2025-02-01 17:09:48,A→C,2.4814786919986207
case_0828,D,2025-02-04 06:35:06,C→D,2.559230537741915
case_0829,A,2025-02-18 17:21:21,start,0.0
case_0829,B,2025-02-24 19:54:00,A→B,6.10600262729532
case_0829,C,2025-02-26 18:58:35,B→C,1.961523832655157
case_0829,D,2025-03-10 12:38:53,C→D,11.736311204008901
case_0830,A,2025-02-20 21:50:03,start,0.0
case_0830,C,2025-03-01 11:27:11,A→C,8.567455405732362
case_0831,A,2025-01-19 17:28:37,start,0.0
case_0832,A,2025-01-26 06:52:35,start,0.0
case_0832,C,2025-02-04 04:47:23,A→C,8.913063765188108
case_0832,B,2025-02-07 06:14:51,C→B,3.0607316229576362
case_0832,C,2025-02-13 01:58:29,B→C,5.8219673001361745
case_0832,B,2025-02-19 11:17:14,C→B,6.388020685738837
case_0833,A,2025-01-22 16:13:28,start,0.0
case_0833,B,2025-01-24 09:08:17,A→B,1.704734228831135
case_0833,D,2025-01-29 10:28:44,B→D,5.055868977077898
case_0834,A,2025-01-13 11:30:21,start,0.0
case_0834,B,2025-01-14 10:14:50,A→B,0.947552728551505
case_0834,C,2025-01-16 03:17:13,B→C,1.7099864012008168
case_0834,D,2025-01-16 06:50:36,C→D,0.14818801872785015
case_0835,A,2025-02-23 07:25:09,start,0.0
case_0835,C,2025-02-27 00:32:52,A→C,3.7136916520413856
case_0835,D,2025-02-27 08:43:16,C→D,0.34055841389462005
case_0836,A,2025-01-27 21:26:12,start,0.0
case_0836,B,2025-01-29 00:36:15,A→B,1.1319818811920226
case_0836,C,2025-01-30 17:45:56,B→C,1.715058181246632
case_0836,B,2025-02-05 16:33:51,C→B,5.949942736181475
case_0836,A,2025-02-07 22:08:21,B→A,2.232293643495442
case_0836,B,2025-02-09 15:22:27,A→B,1.7181234933199967
case_0836,A,2025-02-11 02:48:58,B→A,1.4767439366339907
case_0836,B,2025-02-11 21:13:27,A→B,0.7670005342047954
case_0836,D,2025-02-15 08:21:02,B→D,3.4636061871013872
case_0837,A,2025-02-25 20:42:51,start,0.0
case_0837,B,2025-03-01 06:26:02,A→B,3.404987846831399
case_0837,A,2025-03-03 06:47:06,B→A,2.0146251558873223
case_0837,B,2025-03-03 08:19:17,A→B,0.06402495782453244
case_0837,C,2025-03-06 11:39:40,B→C,3.1391533503409565
case_0837,D,2025-03-11 13:06:52,C→D,5.060556160583911
case_0838,A,2025-01-17 20:02:03,start,0.0
case_0838,B,2025-01-18 08:33:34,A→B,0.5218843380873679
case_0838,A,2025-01-20 21:26:43,B→A,2.536912980433776
case_0838,C,2025-01-24 22:32:12,A→C,4.045473318986597
case_0838,D,2025-02-06 15:40:01,C→D,12.71376243432349
case_0839,A,2025-01-20 05:01:22,start,0.0
case_0839,C,2025-01-26 19:50:10,A→C,6.617216061403704
case_0839,B,2025-02-02 20:22:41,C→B,7.022580664629604
case_0839,D,2025-02-08 09:42:05,B→D,5.555138808778866
case_0840,A,2025-01-14 15:20:27,start,0.0
case_0840,C,2025-01-17 11:28:24,A→C,2.8388552966979024
case_0840,B,2025-01-22 17:13:22,C→B,5.239557668447164
case_0840,C,2025-01-29 17:19:50,B→C,7.004484674981018
case_0840,D,2025-01-31 18:36:48,C→D,2.053448051107541
case_0841,A,2025-02-27 13:21:45,start,0.0
case_0841,B,2025-03-02 06:20:45,A→B,2.70764052081006
case_0841,D,2025-03-20 08:45:16,B→D,18.100357534168033
case_0842,A,2025-02-16 18:36:02,start,0.0
case_0843,A,2025-01-18 08:06:35,start,0.0
case_0844,A,2025-02-28 08:38:20,start,0.0
case_0844,B,2025-03-01 12:14:15,A→B,1.1499468173072052
case_0844,A,2025-03-03 01:36:46,B→A,1.5572970318575272
case_0844,B,2025-03-05 13:59:03,A→B,2.5154831058355933
case_0844,C,2025-03-07 03:51:27,B→C,1.5780561638043515
case_0844,D,2025-03-17 18:54:11,C→D,10.62689192902383
case_0845,A,2025-02-06 02:34:39,start,0.0
case_0845,B,2025-02-06 07:11:53,A→B,0.19252795551665702
case_0845,A,2025-02-09 01:45:53,B→A,2.7736077816449387
case_0845,B,2025-02-09 20:28:36,A→B,0.7796677409527821
case_0845,D,2025-02-26 20:51:02,B→D,17.01557675465694
case_0846,A,2025-01-28 22:18:45,start,0.0
case_0846,B,2025-01-29 06:18:34,A→B,0.3332015918596956
case_0846,D,2025-02-25 17:37:05,B→D,27.47119198607593
case_0847,A,2025-01-21 11:12:51,start,0.0
case_0847,B,2025-01-25 15:39:28,A→B,4.185142221374527
case_0847,C,2025-01-28 03:37:30,B→C,2.498637060081439
case_0847,B,2025-02-03 21:40:19,C→B,6.751962192505248
case_0847,C,2025-02-10 16:23:07,B→C,6.779716314449301
case_0847,D,2025-02-13 16:22:17,C→D,2.999423097773022
case_0848,A,2025-01-26 01:33:12,start,0.0
case_0848,B,2025-01-27 18:52:10,A→B,1.7215046051232523
case_0848,C,2025-02-01 15:25:48,B→C,4.856682171884497
case_0848,D,2025-02-10 02:51:37,C→D,8.47626031206002
case_0849,A,2025-02-11 03:02:50,start,0.0
case_0849,B,2025-02-11 21:58:15,A→B,0.7884841778984122
case_0849,A,2025-02-13 07:34:54,B→A,1.4004519813165481
case_0849,C,2025-02-17 06:11:15,A→C,3.9419082892993815
case_0849,B,2025-02-19 15:51:41,C→B,2.403078261387815
case_0849,D,2025-03-02 14:43:10,B→D,10.952423424534743
case_0850,A,2025-02-10 12:02:46,start,0.0
case_0850,B,2025-02-13 23:50:37,A→B,3.4915575535991445
case_0850,C,2025-02-18 08:00:47,B→C,4.340399095000477
case_0850,D,2025-02-21 21:38:17,C→D,3.5677116206883284
case_0851,A,2025-02-13 04:37:05,start,0.0
case_0851,B,2025-02-17 00:59:47,A→B,3.849092780056662
case_0851,C,2025-02-20 05:16:28,B→C,3.1782515614553684
case_0851,D,2025-02-20 11:22:53,C→D,0.2544582027564699
case_0852,A,2025-01-11 23:17:41,start,0.0
case_0852,B,2025-01-13 01:30:27,A→B,1.092201072554249
case_0853,A,2025-02-26 19:03:05,start,0.0
case_0854,A,2025-01-02 22:53:46,start,0.0
case_0854,B,2025-01-05 02:59:42,A→B,2.1707786245736345
case_0854,C,2025-01-06 08:48:09,B→C,1.2419876148139082
case_0854,B,2025-01-09 06:55:17,C→B,2.9216186887175684
case_0854,C,2025-01-17 23:43:25,B→C,8.700095705993588
case_0854,D,2025-01-18 07:02:23,C→D,0.304830618073586
case_0855,A,2025-01-10 09:02:33,start,0.0
case_0855,B,2025-01-11 18:24:53,A→B,1.390517706359504
case_0855,C,2025-01-14 10:02:40,B→C,2.651229549384137
case_0855,B,2025-01-15 20:20:06,C→B,1.428773384978026
case_0855,C,2025-01-19 22:55:54,B→C,4.108195244954325
case_0855,B,2025-01-19 23:43:00,C→B,0.03271093570864281
case_0855,C,2025-01-23 08:01:52,B→C,3.3464399372281655
case_0855,B,2025-01-24 01:39:13,C→B,0.7342608832867867
case_0855,D,2025-02-04 05:05:15,B→D,11.14308902237243
case_0856,A,2025-01-23 17:43:06,start,0.0
case_0856,C,2025-01-29 00:04:59,A→C,5.265200099760224
case_0856,D,2025-02-01 07:02:11,C→D,3.289723376610959
case_0857,A,2025-01-03 10:53:19,start,0.0
case_0857,B,2025-01-03 14:28:59,A→B,0.14975749336633393
case_0857,D,2025-01-09 02:28:54,B→D,5.499945171552557
case_0858,A,2025-02-21 08:38:23,start,0.0
case_0858,B,2025-02-21 20:24:01,A→B,0.4900212127677623
case_0858,C,2025-02-24 02:54:34,B→C,2.2712187943591484
case_0858,D,2025-03-02 06:41:12,C→D,6.1573889222394405
case_0859,A,2025-02-11 20:54:08,start,0.0
case_0859,B,2025-02-12 08:27:03,A→B,0.4811987384063634
case_0859,D,2025-02-12 10:44:08,B→D,0.09520001447047488
case_0860,A,2025-01-22 14:12:12,start,0.0
case_0860,B,2025-01-23 05:27:22,A→B,0.6355355558955288
case_0860,C,2025-01-24 19:50:09,B→C,1.5991559998988714
case_0860,D,2025-02-05 11:17:31,C→D,11.64400878690047
case_0861,A,2025-02-26 09:36:24,start,0.0
case_0861,B,2025-02-27 02:55:52,A→B,0.7218592831934577
case_0861,A,2025-02-28 12:04:41,B→A,1.3811202042514181
case_0861,B,2025-03-01 06:32:42,A→B,0.7694605291818291
case_0861,A,2025-03-03 21:57:24,B→A,2.642152864613307
case_0861,B,2025-03-06 04:22:19,A→B,2.26730300114978
case_0861,A,2025-03-09 03:37:10,B→A,2.968645463661902
case_0861,B,2025-03-12 08:02:00,A→B,3.1839097849324887
case_0861,C,2025-03-17 00:54:14,B→C,4.702939916973595
case_0861,B,2025-03-17 12:46:37,C→B,0.49470512418500334
case_0861,C,2025-03-18 04:12:43,B→C,0.6431277967935785
case_0861,B,2025-03-20 13:47:50,C→B,2.399392837404715
case_0861,D,2025-03-29 06:32:43,B→D,8.697832597219637
case_0862,A,2025-02-22 05:17:18,start,0.0
case_0862,B,2025-02-25 23:06:31,A→B,3.7425187782198326
case_0862,D,2025-03-15 20:08:49,B→D,17.876590486751688
case_0863,A,2025-02-01 09:24:00,start,0.0
case_0863,C,2025-02-18 13:52:48,A→C,17.18666772752222
case_0863,D,2025-02-20 19:21:13,C→D,2.2280669882540636
case_0864,A,2025-02-17 23:59:01,start,0.0
case_0864,B,2025-02-18 15:37:33,A→B,0.6517587563623986
case_0864,D,2025-02-21 06:56:27,B→D,2.638120105004867
case_0865,A,2025-02-22 15:05:50,start,0.0
case_0865,B,2025-02-22 19:20:12,A→B,0.17664646070728143
case_0865,C,2025-02-27 02:01:55,B→C,4.278966312239339
case_0865,B,2025-02-27 09:58:39,C→B,0.33105783600096306
case_0865,D,2025-03-10 15:12:47,B→D,11.218153273461036
case_0866,A,2025-02-18 15:17:42,start,0.0
case_0866,B,2025-02-19 10:37:17,A→B,0.8052615097472342
case_0867,A,2025-01-08 05:12:22,start,0.0
case_0867,B,2025-01-08 12:15:58,A→B,0.29416464945910137
case_0867,C,2025-01-10 01:37:54,B→C,1.5568936433758997
case_0867,D,2025-01-12 20:23:07,C→D,2.781405932604073
case_0868,A,2025-01-27 21:28:36,start,0.0
case_0868,C,2025-01-31 14:17:05,A→C,3.7003411077165542
case_0868,D,2025-02-12 06:54:46,C→D,11.692834654491751
case_0869,A,2025-02-24 10:24:06,start,0.0
case_0869,C,2025-02-28 15:23:10,A→C,4.207690100431927
case_0869,B,2025-03-01 06:32:17,C→B,0.6313226766264979
case_0869,D,2025-03-05 21:59:53,B→D,4.644170018448488
case_0870,A,2025-02-08 02:54:45,start,0.0
case_0870,B,2025-02-08 03:35:00,A→B,0.02795121234392019
case_0870,D,2025-02-13 05:28:45,B→D,5.078990987766955
case_0871,A,2025-01-20 11:15:20,start,0.0
case_0871,B,2025-01-24 22:33:02,A→B,4.4706209793564184
case_0871,D,2025-02-04 22:59:20,B→D,11.018265547837693
case_0872,A,2025-01-10 13:58:48,start,0.0
case_0872,C,2025-01-17 18:56:04,A→C,7.2064391241535555
case_0872,D,2025-01-22 15:58:14,C→D,4.876504781223111
case_0873,A,2025-01-22 01:40:10,start,0.0
case_0873,B,2025-01-22 03:30:42,A→B,0.07676048936254126
case_0873,C,2025-01-26 07:12:30,B→C,4.154029109050258
case_0874,A,2025-02-26 22:31:03,start,0.0
case_0874,C,2025-03-11 04:32:35,A→C,12.251064136157233
case_0874,B,2025-03-14 21:53:12,C→B,3.7226478799940494
case_0874,C,2025-03-15 21:57:07,B→C,1.0027217598465583
case_0874,D,2025-03-16 09:57:16,C→D,0.5001018314033203
case_0875,A,2025-02-18 17:22:37,start,0.0
case_0875,B,2025-02-18 23:33:56,A→B,0.25785576463228904
case_0875,D,2025-02-24 06:09:43,B→D,5.274848068492006
case_0876,A,2025-02-27 05:56:52,start,0.0
case_0876,B,2025-03-01 04:33:44,A→B,1.9422675313190745
case_0876,C,2025-03-02 13:11:58,B→C,1.3598846220832457
case_0876,D,2025-03-02 23:14:34,C→D,0.41847179700949333
case_0877,A,2025-02-26 15:59:56,start,0.0
case_0877,B,2025-03-02 04:39:45,A→B,3.5276516348141347
case_0877,D,2025-03-13 05:12:50,B→D,11.022969531166334
case_0878,A,2025-01-08 09:30:25,start,0.0
case_0878,C,2025-01-13 23:55:21,A→C,5.600646857752164
case_0878,B,2025-01-14 02:04:37,C→B,0.08976704275127201
case_0878,C,2025-01-18 08:30:04,B→C,4.267678963752368
case_0878,B,2025-01-21 21:34:00,C→B,3.5443990426024694
case_0878,C,2025-01-24 06:17:24,B→C,2.3634688263335573
case_0878,B,2025-01-26 12:40:42,C→B,2.266176526984758
case_0878,D,2025-02-11 14:13:05,B→D,16.06415435846319
case_0879,A,2025-01-01 04:08:13,start,0.0
case_0879,C,2025-01-05 00:56:48,A→C,3.867065549653337
case_0879,D,2025-01-09 16:46:15,C→D,4.659340471631191
case_0880,A,2025-02-04 04:49:11,start,0.0
case_0880,B,2025-02-14 14:32:09,A→B,10.404832531215193
case_0880,D,2025-02-19 22:21:13,B→D,5.325744508139861
case_0881,A,2025-02-10 11:26:03,start,0.0
case_0881,C,2025-02-16 23:40:05,A→C,6.509752067802799
case_0881,B,2025-02-17 21:16:07,C→B,0.9000188401311533
case_0881,C,2025-02-22 01:39:47,B→C,4.183103928184773
case_0882,A,2025-01-26 09:55:52,start,0.0
case_0883,A,2025-02-05 06:41:12,start,0.0
case_0883,B,2025-02-09 06:40:13,A→B,3.9993194811260033
case_0883,C,2025-02-12 05:07:37,B→C,2.935695399142556
case_0883,D,2025-02-26 07:37:14,C→D,14.103898983049485
case_0884,A,2025-02-27 12:08:18,start,0.0
case_0884,B,2025-02-27 18:54:16,A→B,0.2819266513117893
case_0884,D,2025-02-28 02:23:31,B→D,0.31197448109093306
case_0885,A,2025-02-16 09:21:01,start,0.0
case_0886,A,2025-01-29 11:51:35,start,0.0
case_0886,C,2025-02-05 15:39:34,A→C,7.158325138435287
case_0886,B,2025-02-09 06:36:44,C→B,3.6230346704449685
case_0886,D,2025-02-17 06:49:46,B→D,8.009043367408617
case_0887,A,2025-01-18 12:12:06,start,0.0
case_0888,A,2025-01-18 01:23:17,start,0.0
case_0888,B,2025-01-18 01:35:11,A→B,0.008262710139569446
case_0888,C,2025-01-19 06:41:11,B→C,1.212505170888129
case_0888,D,2025-01-26 19:35:28,C→D,7.537699814888305
case_0889,A,2025-01-26 18:42:55,start,0.0
case_0889,B,2025-01-27 05:01:05,A→B,0.42928191100667645
case_0889,D,2025-02-13 11:31:25,B→D,17.271064956929592
case_0890,A,2025-01-15 05:56:31,start,0.0
case_0890,B,2025-01-16 21:28:33,A→B,1.6472420307685152
case_0890,D,2025-01-22 01:21:18,B→D,5.161636593651611
case_0891,A,2025-02-06 21:54:46,start,0.0
case_0891,B,2025-02-08 00:48:58,A→B,1.1209661673553626
case_0891,C,2025-02-12 21:22:21,B→C,4.856524523420654
case_0891,D,2025-02-16 00:05:12,C→D,3.1130842785346404
case_0892,A,2025-01-27 21:43:55,start,0.0
case_0892,B,2025-01-28 04:48:41,A→B,0.2949811156145443
case_0892,C,2025-02-02 23:31:12,B→C,5.779529615994849
case_0892,D,2025-02-05 19:14:01,C→D,2.8213995647944685
case_0893,A,2025-01-21 16:53:02,start,0.0
case_0893,B,2025-01-22 06:21:19,A→B,0.5613140205527042
case_0893,D,2025-01-24 17:46:53,B→D,2.4760912586199306
case_0894,A,2025-01-09 15:13:00,start,0.0
case_0894,B,2025-01-10 08:31:35,A→B,0.7212469215082623
case_0894,D,2025-01-15 22:34:16,B→D,5.5851883417331685
case_0895,A,2025-02-24 20:31:38,start,0.0
case_0895,C,2025-03-01 11:45:51,A→C,4.634867361725568
case_0896,A,2025-01-18 16:56:41,start,0.0
case_0896,B,2025-01-22 03:52:58,A→B,3.45574752727897
case_0896,C,2025-01-26 18:29:32,B→C,4.608726847689825
case_0896,D,2025-02-02 05:18:31,C→D,6.450689752900688
case_0897,A,2025-02-15 07:57:51,start,0.0
case_0897,B,2025-02-15 16:44:09,A→B,0.3654860782436868
case_0897,C,2025-02-16 10:18:02,B→C,0.7318585864967628
case_0897,D,2025-02-23 17:59:45,C→D,7.320639788885631
case_0898,A,2025-02-22 09:01:20,start,0.0
case_0898,C,2025-02-26 17:37:00,A→C,4.358106000529562
case_0898,B,2025-03-02 03:18:09,C→B,3.4035714405948276
case_0898,A,2025-03-04 08:02:12,B→A,2.1972558179573953
case_0898,B,2025-03-05 17:28:23,A→B,1.3931889143947966
case_0898,D,2025-03-10 10:07:27,B→D,4.69379805833241
case_0899,A,2025-01-12 21:42:58,start,0.0
case_0899,C,2025-01-18 16:25:05,A→C,5.779240037772321
case_0899,D,2025-03-06 03:09:37,C→D,46.44759438503061
case_0900,A,2025-02-14 10:51:18,start,0.0
case_0900,B,2025-02-15 13:04:38,A→B,1.092592130788158
case_0900,C,2025-02-17 02:43:00,B→C,1.5683195644198837
case_0900,B,2025-02-20 21:58:27,C→B,3.802385536901748
case_0900,C,2025-02-23 17:41:25,B→C,2.821508855786666
case_0900,B,2025-02-23 21:54:07,C→B,0.1754825443539616
case_0900,C,2025-02-24 10:21:23,B→C,0.5189454446165076
case_0900,D,2025-03-01 18:40:55,C→D,5.346893907498847
case_0901,A,2025-01-27 16:36:30,start,0.0
case_0901,C,2025-02-03 22:34:53,A→C,7.24888024458001
case_0902,A,2025-02-16 17:53:30,start,0.0
case_0902,B,2025-02-17 22:31:16,A→B,1.192890186474704
case_0903,A,2025-01-31 09:51:25,start,0.0
case_0903,C,2025-02-06 03:54:33,A→C,5.752179692065361
case_0903,B,2025-02-07 22:23:39,C→B,1.7702061245655853
case_0903,C,2025-02-10 18:40:08,B→C,2.8447814832341995
case_0903,D,2025-02-12 06:17:23,C→D,1.4842044752572896
case_0904,A,2025-01-21 05:58:28,start,0.0
case_0904,B,2025-01-21 18:33:05,A→B,0.5240353938754057
case_0904,A,2025-01-23 23:25:55,B→A,2.2033505210458806
case_0904,B,2025-01-25 17:07:06,A→B,1.736941575309423
case_0904,C,2025-01-28 11:00:19,B→C,2.7452806448001743
case_0904,D,2025-02-05 04:16:34,C→D,7.719624669404137
case_0905,A,2025-01-31 19:54:09,start,0.0
case_0905,B,2025-02-01 11:19:35,A→B,0.6426668830082632
case_0905,D,2025-02-02 22:51:49,B→D,1.4807200985927147
case_0906,A,2025-01-25 15:39:02,start,0.0
case_0906,B,2025-01-27 19:42:15,A→B,2.1688971523647482
case_0906,C,2025-01-31 09:05:14,B→C,3.557637180918222
case_0907,A,2025-02-06 08:04:35,start,0.0
case_0907,B,2025-02-09 07:32:27,A→B,2.9776856068474937
case_0907,D,2025-02-22 05:39:05,B→D,12.921272678131654
case_0908,A,2025-02-20 10:59:49,start,0.0
case_0908,B,2025-02-20 12:21:40,A→B,0.05684740978177264
case_0908,C,2025-02-21 11:12:24,B→C,0.9518944230775397
case_0908,D,2025-03-03 01:09:27,C→D,9.581289387122542
case_0909,A,2025-01-27 04:59:44,start,0.0
case_0909,B,2025-01-29 11:54:08,A→B,2.2877842682969765
case_0909,D,2025-02-03 12:24:03,B→D,5.020777782436703
case_0910,A,2025-02-26 13:33:05,start,0.0
case_0910,B,2025-02-28 07:55:49,A→B,1.7657859026707603
case_0910,C,2025-03-01 01:44:25,B→C,0.7420822751918161
case_0911,A,2025-02-24 17:21:06,start,0.0
case_0911,C,2025-02-26 22:38:27,A→C,2.2203820896901036
case_0911,D,2025-03-07 17:47:19,C→D,8.797833889466327
case_0912,A,2025-01-16 07:01:40,start,0.0
case_0912,C,2025-01-21 12:07:29,A→C,5.212364833815434
case_0912,B,2025-01-21 23:15:53,C→B,0.46416918610881197
case_0912,D,2025-01-29 04:21:28,B→D,7.21221790812732
case_0913,A,2025-01-18 13:32:42,start,0.0
case_0913,B,2025-01-22 08:57:02,A→B,3.8085673068700157
case_0913,D,2025-01-24 12:59:04,B→D,2.168069794082715
case_0914,A,2025-01-13 11:01:39,start,0.0
case_0914,B,2025-01-14 12:59:46,A→B,1.0820192242116702
case_0914,D,2025-01-22 21:27:45,B→D,8.352772426115674
case_0915,A,2025-02-22 23:51:11,start,0.0
case_0916,A,2025-01-02 10:38:14,start,0.0
case_0916,B,2025-01-03 16:42:09,A→B,1.2527259489260447
case_0916,C,2025-01-06 21:36:51,B→C,3.204656339619643
case_0916,B,2025-01-09 02:35:02,C→B,2.207060961890453
case_0916,A,2025-01-11 11:56:45,B→A,2.3900886726551027
case_0916,B,2025-01-15 22:04:26,A→B,4.421994132134531
case_0916,D,2025-01-21 11:30:23,B→D,5.559698355487308
case_0917,A,2025-02-14 18:32:40,start,0.0
case_0917,B,2025-02-17 17:44:31,A→B,2.966565573316198
case_0917,C,2025-02-19 10:13:44,B→C,1.6869530079671122
case_0917,D,2025-02-19 15:15:38,C→D,0.20965364824596922
case_0918,A,2025-01-21 01:06:36,start,0.0
case_0918,B,2025-01-26 00:16:52,A→B,4.965468614988987
case_0918,C,2025-01-27 15:22:17,B→C,1.6287531793788634
case_0918,B,2025-01-28 22:39:46,C→B,1.3038091146379465
case_0918,C,2025-01-31 02:10:37,B→C,2.146426216847537
case_0918,B,2025-01-31 19:00:21,C→B,0.701198556001847
case_0918,A,2025-02-02 09:23:03,B→A,1.599098019225817
case_0918,C,2025-02-04 09:47:13,A→C,2.0167830817173584
case_0918,D,2025-02-05 07:51:28,C→D,0.9196170164297595
case_0919,A,2025-01-26 07:24:20,start,0.0
case_0919,C,2025-01-30 10:53:29,A→C,4.1452382004274115
case_0919,D,2025-02-06 21:47:50,C→D,7.454413618520529
case_0920,A,2025-02-12 23:31:00,start,0.0
case_0920,B,2025-02-13 17:22:38,A→B,0.7441873559867159
case_0920,A,2025-02-15 14:49:37,B→A,1.8937370396398983
case_0920,B,2025-02-16 01:57:50,A→B,0.4640489863075077
case_0920,C,2025-02-16 20:54:02,B→C,0.7890217562049906
case_0920,D,2025-02-22 18:58:40,C→D,5.919883843671476
case_0921,A,2025-02-23 13:30:47,start,0.0
case_0921,B,2025-02-26 22:09:23,A→B,3.3601360245270135
case_0921,C,2025-03-07 04:30:38,B→C,8.2647596049615
case_0921,B,2025-03-10 05:23:14,C→B,3.0365335029336737
case_0921,D,2025-03-27 01:17:21,B→D,16.82924903352508
case_0922,A,2025-02-17 15:33:10,start,0.0
case_0922,B,2025-02-17 23:28:09,A→B,0.3298507944089595
case_0922,C,2025-02-18 10:37:37,B→C,0.4649146633331097
case_0922,D,2025-02-21 08:43:15,C→D,2.9205755400533953
case_0923,A,2025-01-23 19:56:56,start,0.0
case_0923,C,2025-01-28 10:31:00,A→C,4.606985154840398
case_0923,B,2025-01-30 00:46:03,C→B,1.5937848071760117
case_0923,A,2025-01-31 15:33:19,B→A,1.6161549244767954
case_0923,C,2025-02-08 00:57:38,A→C,7.391895133645362
case_0923,D,2025-02-11 02:37:00,C→D,3.069002078043482
case_0924,A,2025-02-27 21:10:17,start,0.0
case_0924,B,2025-02-28 00:07:44,A→B,0.12322349149387986
case_0924,A,2025-03-01 18:57:12,B→A,1.784360000942853
case_0924,B,2025-03-03 22:24:29,A→B,2.1439431618830076
case_0924,C,2025-03-05 16:00:09,B→C,1.733103344886013
case_0924,D,2025-03-12 02:13:22,C→D,6.425838790504679
case_0925,A,2025-01-15 15:06:03,start,0.0
case_0925,B,2025-01-17 12:30:31,A→B,1.8919891430833022
case_0925,A,2025-01-18 15:23:08,B→A,1.1198719437279516
case_0925,B,2025-01-18 16:48:37,A→B,0.05935856674607232
case_0925,D,2025-02-23 15:24:07,B→D,35.9413274647069
case_0926,A,2025-01-18 02:07:34,start,0.0
case_0926,B,2025-01-22 17:47:35,A→B,4.652790750342762
case_0926,C,2025-01-23 03:58:42,B→C,0.4243841182894412
case_0926,B,2025-01-24 11:57:45,C→B,1.332674079902322
case_0926,C,2025-01-25 10:28:44,B→C,0.9381792864839857
case_0927,A,2025-01-16 07:21:54,start,0.0
case_0927,B,2025-01-17 04:55:21,A→B,0.8982249812112267
case_0927,A,2025-01-19 13:02:34,B→A,2.3383496821156826
case_0927,B,2025-01-25 06:54:34,A→B,5.744437537610251
case_0927,D,2025-02-06 03:33:15,B→D,11.860198530695866
case_0928,A,2025-02-05 21:40:27,start,0.0
case_0928,B,2025-02-09 17:43:56,A→B,3.835747058620335
case_0928,D,2025-02-18 18:47:04,B→D,9.043842215952774
case_0929,A,2025-01-12 06:39:43,start,0.0
case_0929,B,2025-01-12 16:03:01,A→B,0.39118287421732617
case_0929,C,2025-01-13 20:54:53,B→C,1.2026871094988554
case_0929,B,2025-01-16 02:57:57,C→B,2.2521335669598592
case_0929,A,2025-01-18 07:11:56,B→A,2.176369104918289
case_0929,B,2025-01-18 19:51:09,A→B,0.5272347940996012
case_0929,C,2025-01-22 07:40:27,B→C,3.4925774137754884
case_0929,B,2025-01-23 14:24:13,C→B,1.2803885538790407
case_0929,C,2025-01-26 14:57:53,B→C,3.023380368686494
case_0929,D,2025-02-06 06:34:17,C→D,10.650278991633172
case_0930,A,2025-01-07 20:29:38,start,0.0
case_0930,B,2025-01-08 01:29:30,A→B,0.20823869959166608
case_0930,C,2025-01-10 22:02:36,B→C,2.8563231211759614
case_0931,A,2025-02-11 22:05:59,start,0.0
case_0931,B,2025-02-13 06:43:54,A→B,1.3596694445917044
case_0931,D,2025-02-18 00:54:05,B→D,4.7570727466798886
case_0932,A,2025-02-04 18:48:04,start,0.0
case_0932,B,2025-02-05 03:37:52,A→B,0.3679097148357531
case_0932,C,2025-02-11 06:13:44,B→C,6.108237411697576
case_0932,B,2025-02-12 21:59:34,C→B,1.6568366877138532
case_0932,C,2025-02-13 18:31:40,B→C,0.8556226358324324
case_0932,B,2025-02-16 18:36:53,C→B,3.0036191119680566
case_0932,A,2025-02-17 23:39:32,B→A,1.210175654012497
case_0932,B,2025-02-20 04:48:07,A→B,2.2142912637037746
case_0932,C,2025-02-25 01:25:04,B→C,4.858993888495336
case_0933,A,2025-01-28 23:30:39,start,0.0
case_0933,B,2025-02-03 16:00:04,A→B,5.68708632395344
case_0933,A,2025-02-06 05:35:59,B→A,2.5666178962456963
case_0933,B,2025-02-10 09:48:29,A→B,4.1753439044606715
case_0933,C,2025-02-12 20:45:14,B→C,2.4560793580540334
case_0933,D,2025-03-16 10:20:03,C→D,31.565842235804254
case_0934,A,2025-02-09 19:32:21,start,0.0
case_0934,B,2025-02-11 13:10:56,A→B,1.7351239693067118
case_0934,C,2025-02-16 15:18:38,B→C,5.0886774059837485
case_0934,B,2025-02-16 20:14:57,C→B,0.2057788425847633
case_0934,D,2025-02-24 19:36:59,B→D,7.973631431820135
case_0935,A,2025-01-15 02:54:19,start,0.0
case_0935,B,2025-01-15 13:12:03,A→B,0.428978322889433
case_0935,C,2025-01-22 11:52:56,B→C,6.945061705215254
case_0935,D,2025-02-13 00:33:19,C→D,21.528047049585357
case_0936,A,2025-01-16 12:15:08,start,0.0
case_0936,B,2025-01-18 00:02:56,A→B,1.4915268946072677
case_0936,C,2025-01-20 02:33:20,B→C,2.104439361322447
case_0936,B,2025-01-22 07:14:55,C→B,2.1955484223418704
case_0936,A,2025-01-23 23:33:12,B→A,1.67936868595213
case_0936,B,2025-01-24 07:08:18,A→B,0.3160341943136462
case_0936,C,2025-01-25 19:27:10,B→C,1.5131001932981558
case_0936,B,2025-01-26 07:54:34,C→B,0.5190377077995496
case_0936,C,2025-01-27 09:06:42,B→C,1.0500877730097145
case_0936,B,2025-01-28 22:53:39,C→B,1.5742654230163637
case_0936,A,2025-01-31 09:34:42,B→A,2.4451738309332214
case_0936,C,2025-02-04 10:12:57,A→C,4.026566129945099
case_0936,D,2025-02-06 08:30:38,C→D,1.9289456131693612
case_0937,A,2025-02-04 06:30:33,start,0.0
case_0937,B,2025-02-08 10:46:38,A→B,4.177830070314075
case_0937,C,2025-02-13 17:41:29,B→C,5.288088876442995
case_0937,D,2025-02-19 16:02:54,C→D,5.931543984207421
case_0938,A,2025-01-11 15:31:56,start,0.0
case_0938,B,2025-01-14 09:03:52,A→B,2.7305040086388996
case_0938,C,2025-01-16 22:19:49,B→C,2.552750335166525
case_0938,B,2025-01-19 08:25:06,C→B,2.4203297214444337
case_0938,D,2025-01-30 20:52:44,B→D,11.519192078494042
case_0939,A,2025-01-28 02:22:15,start,0.0
case_0939,C,2025-02-04 12:32:11,A→C,7.423562889946855
case_0939,D,2025-02-09 11:46:12,C→D,4.968062372646862
case_0940,A,2025-02-27 17:03:34,start,0.0
case_0940,B,2025-02-28 16:49:53,A→B,0.9904918594225014
case_0940,A,2025-03-01 23:39:46,B→A,1.2846475779786657
case_0940,C,2025-03-07 03:59:28,A→C,5.180340597737507
case_0940,B,2025-03-09 19:00:10,C→B,2.6254894214936755
case_0940,A,2025-03-12 07:01:50,B→A,2.501151394623264
case_0940,B,2025-03-12 11:03:31,A→B,0.16783841266381394
case_0940,C,2025-03-13 12:03:34,B→C,1.0417046755307773
case_0940,D,2025-03-14 15:02:10,C→D,1.1240259833083908
case_0941,A,2025-02-14 02:40:28,start,0.0
case_0941,B,2025-02-16 12:50:12,A→B,2.423423979422409
case_0941,C,2025-02-19 07:32:24,B→C,2.779297816057833
case_0941,D,2025-03-13 13:00:56,C→D,22.22814986210164
case_0942,A,2025-03-01 14:36:18,start,0.0
case_0942,B,2025-03-01 16:44:20,A→B,0.08891203309333576
case_0942,D,2025-03-17 21:45:22,B→D,16.20904195832558
case_0943,A,2025-01-27 13:48:38,start,0.0
case_0943,B,2025-01-29 13:56:13,A→B,2.005267142821953
case_0943,C,2025-01-30 14:53:19,B→C,1.0396442297739608
case_0943,B,2025-01-30 16:54:15,C→B,0.08398393799833181
case_0943,C,2025-02-01 10:10:28,B→C,1.7195946868938456
case_0944,A,2025-01-11 04:02:47,start,0.0
case_0944,C,2025-01-14 14:34:10,A→C,3.438450057684062
case_0944,B,2025-01-19 13:21:25,C→B,4.949485404756956
case_0944,C,2025-01-21 04:38:17,B→C,1.6367093726362274
case_0944,D,2025-01-23 17:43:55,C→D,2.54557566483866
case_0945,A,2025-01-26 23:50:10,start,0.0
case_0945,B,2025-01-29 23:12:24,A→B,2.9737687279541474
case_0945,D,2025-02-05 14:22:12,B→D,6.631808772526733
case_0946,A,2025-01-24 11:54:18,start,0.0
case_0946,C,2025-01-31 02:49:37,A→C,6.621744697261322
case_0946,B,2025-01-31 07:05:13,C→B,0.17750380694009493
case_0946,A,2025-02-03 05:24:37,B→A,2.9301330964476833
case_0946,B,2025-02-11 05:08:38,A→B,7.988903439145487
case_0946,A,2025-02-13 20:58:01,B→A,2.6592900993226216
case_0946,C,2025-02-21 20:57:23,A→C,7.999564195215012
case_0946,D,2025-02-27 00:22:35,C→D,5.1425002938552495
case_0947,A,2025-01-17 17:44:57,start,0.0
case_0947,B,2025-01-19 17:45:25,A→B,2.000319066869269
case_0948,A,2025-01-04 17:43:23,start,0.0
case_0948,B,2025-01-04 17:50:13,A→B,0.004746984235524499
case_0948,C,2025-01-05 00:42:54,B→C,0.2865831282093717
case_0948,D,2025-01-05 02:16:16,C→D,0.0648450756983
case_0949,A,2025-01-15 16:01:30,start,0.0
case_0949,B,2025-01-15 16:32:47,A→B,0.021714164199784853
case_0949,D,2025-01-27 07:33:40,B→D,11.625621128635387
case_0950,A,2025-02-10 10:36:31,start,0.0
case_0950,B,2025-02-11 14:20:59,A→B,1.155878817835509
case_0951,A,2025-01-30 03:49:02,start,0.0
case_0951,B,2025-01-31 13:15:00,A→B,1.3930329364085403
case_0951,A,2025-02-03 04:13:07,B→A,2.6236960244686958
case_0951,B,2025-02-04 08:23:54,A→B,1.1741584061659678
case_0952,A,2025-01-11 08:38:17,start,0.0
case_0952,C,2025-01-21 14:31:05,A→C,10.245008312122666
case_0952,D,2025-01-26 06:56:11,C→D,4.684092909202754
case_0953,A,2025-01-22 02:12:06,start,0.0
case_0953,C,2025-02-01 05:17:20,A→C,10.128632795499804
case_0953,D,2025-02-08 17:32:45,C→D,7.510707344887432
case_0954,A,2025-01-20 14:06:22,start,0.0
case_0954,B,2025-01-21 00:03:11,A→B,0.4144547831786838
case_0954,D,2025-01-25 02:42:08,B→D,4.1103895479901755
case_0955,A,2025-02-19 06:17:19,start,0.0
case_0955,B,2025-02-24 19:58:13,A→B,5.570073727581503
case_0955,A,2025-02-26 06:02:25,B→A,1.4195774107640062
case_0955,B,2025-02-26 14:52:26,A→B,0.3680621920855591
case_0955,A,2025-03-01 03:01:15,B→A,2.5061273027107758
case_0955,B,2025-03-02 11:47:48,A→B,1.36566434719008
case_0955,C,2025-03-05 10:07:21,B→C,2.9302430170768012
case_0955,D,2025-03-08 07:20:13,C→D,2.8839352128616866
case_0956,A,2025-02-18 13:09:21,start,0.0
case_0956,B,2025-02-19 17:50:06,A→B,1.1949556853762766
case_0956,A,2025-02-21 20:40:05,B→A,2.118047375761255
case_0956,C,2025-02-26 11:40:11,A→C,4.625076254693527
case_0956,D,2025-03-04 18:48:10,C→D,6.297208947638494
case_0957,A,2025-01-15 11:11:34,start,0.0
case_0957,C,2025-01-18 18:50:07,A→C,3.3184370600678563
case_0957,D,2025-01-19 10:58:41,C→D,0.6726063892328145
case_0958,A,2025-02-16 22:13:27,start,0.0
case_0958,C,2025-02-20 04:01:10,A→C,3.241474395253623
case_0958,B,2025-02-20 11:49:12,C→B,0.3250246389044391
case_0958,C,2025-02-26 17:01:12,B→C,6.216668574421549
case_0958,D,2025-02-27 06:14:05,C→D,0.5506112457640899
case_0959,A,2025-01-20 19:54:12,start,0.0
case_0959,C,2025-01-23 00:17:16,A→C,2.182684018616265
case_0959,B,2025-01-24 13:41:38,C→B,1.5585811403176209
case_0959,A,2025-01-26 07:58:02,B→A,1.7613888489398173
case_0960,A,2025-01-17 14:57:23,start,0.0
case_0960,B,2025-01-18 09:24:44,A→B,0.7689948826855462
case_0960,C,2025-01-20 00:28:56,B→C,1.6279101867476387
case_0960,D,2025-02-10 00:26:38,C→D,20.99840836039746
case_0961,A,2025-01-29 09:44:06,start,0.0
case_0961,B,2025-02-01 14:48:50,A→B,3.2116226278948528
case_0961,A,2025-02-02 19:59:50,B→A,1.2159631844785768
case_0961,B,2025-02-03 22:29:38,A→B,1.1040284621864824
case_0961,C,2025-02-07 14:50:50,B→C,3.6813960920747544
case_0961,B,2025-02-08 03:22:04,C→B,0.5216905708128721
case_0961,D,2025-02-09 21:51:13,B→D,1.770240087518964
case_0962,A,2025-02-23 04:11:48,start,0.0
case_0962,B,2025-02-26 07:09:30,A→B,3.1233992156595556
case_0962,C,2025-03-01 13:38:11,B→C,3.2699175489982237
case_0962,D,2025-03-06 03:55:44,C→D,4.595527776778521
case_0963,A,2025-02-28 19:27:46,start,0.0
case_0963,C,2025-03-07 19:29:33,A→C,7.001236737952221
case_0963,D,2025-03-09 15:40:46,C→D,1.841117251832154
case_0964,A,2025-02-20 11:04:42,start,0.0
case_0964,B,2025-02-20 17:39:29,A→B,0.2741538149459362
case_0964,C,2025-02-22 05:22:54,B→C,1.488488472222743
case_0964,D,2025-02-22 07:57:57,C→D,0.10766887656012858
case_0965,A,2025-01-10 09:25:19,start,0.0
case_0965,B,2025-01-11 08:36:26,A→B,0.9660533939756617
case_0965,C,2025-01-12 08:48:35,B→C,1.0084485167660004
case_0966,A,2025-01-14 00:12:07,start,0.0
case_0966,B,2025-01-14 16:51:33,A→B,0.6940582937799626
case_0967,A,2025-01-25 22:31:40,start,0.0
case_0967,B,2025-01-25 23:16:32,A→B,0.03115333941748556
case_0967,C,2025-01-26 14:34:59,B→C,0.6378201506695412
case_0967,D,2025-01-26 23:00:18,C→D,0.3509077129820193
case_0968,A,2025-01-22 00:14:53,start,0.0
case_0968,B,2025-01-26 08:20:11,A→B,4.337013269894309
case_0969,A,2025-02-13 04:11:27,start,0.0
case_0969,B,2025-02-13 18:10:27,A→B,0.5826355615031557
case_0969,C,2025-02-15 23:54:48,B→C,2.2391408840672997
case_0969,D,2025-02-18 07:18:10,C→D,2.307884728262923
case_0970,A,2025-01-03 17:05:44,start,0.0
case_0970,B,2025-01-05 20:24:45,A→B,2.1382091325993313
case_0970,D,2025-01-06 23:11:50,B→D,1.1160211227592338
case_0971,A,2025-01-28 18:29:31,start,0.0
case_0971,B,2025-01-30 21:17:51,A→B,2.116903394086959
case_0971,D,2025-02-03 02:41:58,B→D,3.2250817070835347
case_0972,A,2025-02-05 06:18:41,start,0.0
case_0972,C,2025-02-08 06:25:04,A→C,3.004440811729463
case_0972,D,2025-02-09 07:10:59,C→D,1.0318872852091676
case_0973,A,2025-02-12 13:03:04,start,0.0
case_0973,C,2025-02-18 03:05:17,A→C,5.584875052232693
case_0973,D,2025-02-18 07:24:24,C→D,0.17994741666564096
case_0974,A,2025-02-14 16:57:49,start,0.0
case_0974,B,2025-02-17 18:39:56,A→B,3.0709251796432966
case_0974,A,2025-02-18 19:10:36,B→A,1.0212906783284552
case_0975,A,2025-03-01 18:51:09,start,0.0
case_0975,B,2025-03-03 17:25:44,A→B,1.9406815652989902
case_0975,D,2025-03-12 01:37:31,B→D,8.341514107104073
case_0976,A,2025-01-07 22:50:23,start,0.0
case_0976,C,2025-01-10 17:15:48,A→C,2.767661468390206
case_0976,D,2025-01-21 00:25:46,C→D,10.298584838491731
case_0977,A,2025-02-13 13:00:12,start,0.0
case_0977,B,2025-02-17 05:51:50,A→B,3.7025229051117536
case_0977,D,2025-02-25 15:54:06,B→D,8.418241067652875
case_0978,A,2025-02-28 10:12:17,start,0.0
case_0978,B,2025-03-07 12:29:55,A→B,7.095580048036076
case_0979,A,2025-01-22 09:13:17,start,0.0
case_0979,C,2025-01-26 22:47:46,A→C,4.565603252020312
case_0979,D,2025-01-28 12:11:48,C→D,1.558366784139121
case_0980,A,2025-02-26 00:34:53,start,0.0
case_0980,B,2025-02-26 19:04:56,A→B,0.770859178718695
case_0981,A,2025-01-19 01:38:13,start,0.0
case_0981,B,2025-01-20 14:31:08,A→B,1.5367477218617407
case_0981,C,2025-01-25 00:18:03,B→C,4.407580133137765
case_0981,D,2025-02-07 18:15:26,C→D,13.748175168392867
case_0982,A,2025-02-28 13:31:09,start,0.0
case_0982,B,2025-03-01 14:51:05,A→B,1.0555053334465618
case_0982,D,2025-03-07 05:19:21,B→D,5.602970569810307
case_0983,A,2025-02-12 07:51:42,start,0.0
case_0983,B,2025-02-13 13:51:24,A→B,1.24979103942011
case_0983,A,2025-02-15 01:36:58,B→A,1.4899702030468513
case_0983,B,2025-02-19 15:31:47,A→B,4.579735614834801
case_0983,D,2025-03-16 13:44:08,B→D,24.925247379314264
case_0984,A,2025-02-05 15:29:25,start,0.0
case_0984,B,2025-02-06 10:07:32,A→B,0.7764781883511616
case_0984,C,2025-02-09 13:20:27,B→C,3.1339697001959355
case_0984,D,2025-02-10 04:03:25,C→D,0.613168382634294
case_0985,A,2025-01-20 20:59:34,start,0.0
case_0985,B,2025-01-23 09:28:22,A→B,2.520002745286844
case_0985,C,2025-01-24 15:05:53,B→C,1.2343839218421802
case_0985,D,2025-01-27 03:34:53,C→D,2.520140445135686
case_0986,A,2025-02-25 11:18:19,start,0.0
case_0986,C,2025-03-03 21:22:36,A→C,6.419633009961716
case_0986,D,2025-03-12 22:44:03,C→D,9.056561625883006
case_0987,A,2025-01-23 03:17:06,start,0.0
case_0987,C,2025-01-27 20:29:36,A→C,4.717018273556627
case_0987,D,2025-01-28 11:31:01,C→D,0.6259862425050846
case_0988,A,2025-01-20 16:26:39,start,0.0
case_0988,C,2025-01-27 20:19:58,A→C,7.1620249153206315
case_0988,D,2025-01-29 01:18:14,C→D,1.2071281356831234
case_0989,A,2025-01-08 19:36:36,start,0.0
case_0989,C,2025-01-15 03:32:36,A→C,6.330554007682471
case_0990,A,2025-02-18 03:18:42,start,0.0
case_0990,B,2025-02-19 05:23:04,A→B,1.0863656618188489
case_0990,D,2025-02-19 21:31:43,B→D,0.6726819561774222
case_0991,A,2025-02-23 13:22:34,start,0.0
case_0991,C,2025-02-27 02:20:52,A→C,3.540488309850446
case_0991,D,2025-02-27 02:43:13,C→D,0.01551293130127851
case_0992,A,2025-01-02 01:50:57,start,0.0
case_0993,A,2025-01-23 14:27:50,start,0.0
case_0993,B,2025-01-26 09:23:45,A→B,2.7888298812116754
case_0993,D,2025-02-07 03:10:20,B→D,11.740684799120393
case_0994,A,2025-01-22 18:48:08,start,0.0
case_0994,B,2025-01-24 19:23:49,A→B,2.024782277416911
case_0994,D,2025-02-04 02:03:42,B→D,10.27769693551372
case_0995,A,2025-02-11 05:40:23,start,0.0
case_0995,C,2025-02-13 11:23:02,A→C,2.237941528832983
case_0995,D,2025-02-14 09:36:03,C→D,0.9257133681635166
case_0996,A,2025-02-03 01:46:06,start,0.0
case_0996,B,2025-02-03 07:15:06,A→B,0.2284784325904149
case_0996,C,2025-02-08 09:51:21,B→C,5.108500778873589
case_0996,B,2025-02-13 14:30:01,C→B,5.193528345536538
case_0996,D,2025-02-20 05:08:45,B→D,6.610221276398827
case_0997,A,2025-02-15 03:22:13,start,0.0
case_0997,B,2025-02-17 23:16:23,A→B,2.829284587667164
case_0997,C,2025-02-22 14:25:53,B→C,4.63159326349619
case_0997,B,2025-02-25 02:38:23,C→B,2.5086821444799865
case_0997,C,2025-02-27 02:56:30,B→C,2.0125815649678707
case_0997,B,2025-02-28 07:03:36,C→B,1.171597731860924
case_0997,C,2025-02-28 15:54:54,B→C,0.3689584905595602
case_0997,D,2025-02-28 16:02:01,C→D,0.004945540703451101
case_0998,A,2025-01-03 15:58:46,start,0.0
case_0998,C,2025-01-09 08:26:09,A→C,5.685682250056629
case_0998,D,2025-01-15 11:27:10,C→D,6.125701030663728
case_0999,A,2025-02-02 05:50:51,start,0.0
case_0999,C,2025-02-04 04:41:16,A→C,1.9516799624531893
case_0999,D,2025-02-09 02:47:09,C→D,4.920754125087864
case_1000,A,2025-02-19 01:53:55,start,0.0
case_1000,B,2025-02-20 20:14:39,A→B,1.7643941105069776
case_1000,A,2025-02-22 12:11:33,B→A,1.6645191769070702
case_1000,B,2025-02-22 20:54:31,A→B,0.36316673568630087
case_1000,A,2025-02-25 12:41:11,B→A,2.6574105077861443
case_1000,B,2025-03-02 03:59:45,A→B,4.637888169659524
