model,duration_days
истина,11.516128634636285
истина,17.265663668812067
истина,2.3233012179590227
истина,8.537896721006067
истина,19.218950414954673
истина,14.72980137171049
истина,17.229488889171215
истина,23.320273026701948
истина,25.182561296886334
истина,7.075677454597409
истина,13.286652955151233
истина,0.8970427615327858
истина,2.9356189835056132
истина,5.63208262702108
истина,26.921923075808305
истина,29.064682746815194
истина,17.989641636711806
истина,19.919611154989887
истина,25.217969659758808
истина,7.527460743551719
истина,8.113221397730992
истина,11.028703024075742
истина,7.83488718627873
истина,48.913165600243275
истина,7.197278611280647
истина,5.941254500652619
истина,14.358172349347235
истина,20.60536142235031
истина,1.392748252758119
истина,20.020781541394367
истина,45.73089071746156
истина,22.220137513855672
истина,17.994528859328003
истина,17.821359015853048
истина,22.67897128172007
истина,30.51770018389444
истина,10.857811804494792
истина,7.994310304895139
истина,8.927200330947434
истина,25.504365089735394
истина,16.778050373145266
истина,10.024978960238778
истина,18.245673848720408
истина,37.69012242166123
истина,14.991394736229822
истина,19.83493005727621
истина,33.08929122413864
истина,22.12137868621667
истина,1.665575689638906
истина,3.320035513248069
истина,21.541244903821276
истина,29.422540496283418
истина,11.159442655202426
истина,10.61373963237164
истина,8.08659441645054
истина,14.745726792166362
истина,19.324360606055546
истина,15.982304919919745
истина,5.552774806092509
истина,8.629191633239557
истина,21.092870745403467
истина,24.740981394664566
истина,19.700408145423104
истина,17.456566064362807
истина,16.34721985778356
истина,3.933464372862414
истина,21.298113373753377
истина,22.64252540077935
истина,9.515877288335208
истина,9.756614645044289
истина,14.05182572256715
истина,44.43008994299848
истина,0.9761704477512303
истина,17.54928403314547
истина,23.327594046423158
истина,11.414568247301712
истина,21.135906812343784
истина,34.4177994878241
истина,5.020385362461575
истина,7.960662338508458
истина,3.823306221463423
истина,14.560176591903597
истина,26.574768654470464
истина,11.864322180537862
истина,4.268232715850116
истина,14.642259094719131
истина,8.854769861634686
истина,26.821902530296658
истина,4.398820096903579
истина,4.24869958894715
истина,11.504412652171252
истина,7.837839641246277
истина,24.123177433017982
истина,6.043909706367749
истина,10.894003800916025
истина,16.00428517094139
истина,16.892401908913644
истина,19.14177804572966
истина,17.06026808126253
истина,8.799461486001444
истина,19.104996348578283
истина,5.7714643366029765
истина,21.94175728272672
истина,8.27308661492771
истина,13.510478725004294
истина,4.157884107781365
истина,3.507650280743251
истина,4.402302388121664
истина,20.954199186589467
истина,7.3852960922886215
истина,37.66816954369995
истина,14.099378602121355
истина,29.628500998781636
истина,22.638414618533414
истина,11.765236687111956
истина,29.8053764336107
истина,17.8149060874841
истина,14.458863556822074
истина,9.867363428106115
истина,13.78736481500694
истина,27.32213783842657
истина,26.488563999149445
истина,18.250949746285237
истина,3.5304885326563733
истина,14.863364866466801
истина,12.212776631746369
истина,16.84133897353573
истина,14.48502286534298
истина,19.90225799614175
истина,72.58703681256016
истина,8.658092611202216
истина,10.083880709886758
истина,12.594842289424777
истина,9.215650863327706
истина,32.00473510275796
истина,4.747601159536321
истина,10.997034912339137
истина,21.48864377779971
истина,12.929245418180326
истина,1.4571355857984187
истина,22.27007133501336
истина,8.076534029069496
истина,13.294330927074128
истина,21.457250452302635
истина,15.570780428292219
истина,12.458509946595079
истина,23.439139051778238
истина,4.735533579419956
истина,19.532336182312886
истина,10.078184765951104
истина,9.845566676588902
истина,8.583954956926323
истина,20.99933548687384
истина,3.677850613020288
истина,6.896043549135836
истина,7.999962692094096
истина,2.6846260265055713
истина,16.071047714982843
истина,15.781063413312523
истина,37.573035212043166
истина,12.408442202310717
истина,7.954561270944074
истина,9.318812922870197
истина,28.582751724385194
истина,12.470730062885302
истина,15.037616416981907
истина,16.607015343699317
истина,9.255482518535388
истина,7.024306211735131
истина,13.060623767925891
истина,6.739428201120599
истина,9.2481458127805
истина,7.530956833897214
истина,10.854613088836935
истина,7.724079296631716
истина,5.963626608718128
истина,25.29083540703936
истина,15.775537556252768
истина,10.216268014982461
истина,29.340448329796114
истина,7.187089239857063
истина,19.778378893842195
истина,3.043514023769949
истина,10.517501024968748
истина,10.400018336164411
истина,9.091001940935568
истина,26.84323334245918
истина,55.93040677029236
истина,4.742739874477591
истина,46.28258072050066
истина,5.630484067016205
истина,17.84310379368331
истина,8.96582072572703
истина,6.633942004634502
истина,11.10932111760037
истина,4.318209371497051
истина,31.494571389631517
истина,6.963247794555354
истина,7.301216690695872
истина,7.035528895115856
истина,14.871824170162416
истина,14.518392925632446
истина,22.768832000280156
истина,30.024851578559392
истина,30.974153784833362
истина,6.533723989160672
истина,8.514718573047775
истина,34.199077597309326
истина,7.006391965912658
истина,12.645469778960294
истина,8.444849546819174
истина,1.463860540944568
истина,10.72631296112513
истина,5.8033918680995
истина,7.4103473588002915
истина,19.835029413422074
истина,15.758676933618233
истина,6.790357117450544
истина,15.310793061216366
истина,5.91757420652468
истина,6.047393833701914
истина,20.47671129457801
истина,36.82694959327755
истина,13.890145659345361
истина,4.471247784356733
истина,36.42122068389442
истина,2.5161220729150777
истина,3.673015288636872
истина,4.345732154454422
истина,32.37148363582363
истина,32.9320561852185
истина,4.078082265625051
истина,4.527171103016634
истина,20.05400212547227
истина,13.56236915931322
истина,4.294302248127549
истина,11.71199635365491
истина,62.00716149737086
истина,10.19035599352221
истина,23.178863372317288
истина,8.68984619966142
истина,10.587046207163732
истина,9.940150433696767
истина,11.68522562173693
истина,9.232326716501898
истина,17.76920276945365
истина,20.55536067556222
истина,22.965351631800512
истина,23.933521702493387
истина,11.584408724185083
истина,15.844595568940207
истина,8.296465666274036
истина,1.7358391538964228
истина,5.510339450580824
истина,12.194493512476607
истина,8.425707682420752
истина,21.428016994977956
истина,5.8028926803022705
истина,3.2970221817170136
истина,7.078202307971965
истина,12.366906764148613
истина,21.519940710459853
истина,4.976241986832653
истина,24.303404113523467
истина,13.666844363183358
истина,22.976203381938987
истина,4.7544118111891205
истина,16.3112571290133
истина,12.927161315230288
истина,21.555309406431824
истина,22.689320390748087
истина,8.090398749253595
истина,10.23080035709052
истина,30.14492173710072
истина,15.49961034367357
истина,5.125633945955462
истина,21.380878680964784
истина,5.122986591226093
истина,9.431928719431884
истина,4.008637131139265
истина,15.502407627598277
истина,12.470197866759435
истина,10.300180549054446
истина,15.810991077325117
истина,5.143309498192419
истина,20.31722683713911
истина,12.526117166465685
истина,9.122567962251058
истина,7.440190805388419
истина,36.679533126372476
истина,2.182401325373398
истина,39.211415882039795
истина,9.341186254798684
истина,14.990427805037895
истина,7.8265685123634405
истина,12.765912585038851
истина,11.75167692891057
истина,11.035840438377607
истина,12.28623416852492
истина,27.124660441815124
истина,10.720357164211794
истина,40.48608397606734
истина,15.476390431873895
истина,6.710744287168896
истина,14.332465497283959
истина,18.834992443126993
истина,9.201574460895989
истина,19.402493174086054
истина,21.114915901346127
истина,9.299129914657613
истина,11.516691741388279
истина,5.685059284260069
истина,13.19914163535727
истина,4.650525731138128
истина,19.205088152046088
истина,17.853323109784967
истина,7.265125035878446
истина,5.96455731709406
истина,11.0084426948526
истина,5.819577998520989
истина,12.129600063942464
истина,11.592701260477424
истина,6.799665222788457
истина,14.121599487404357
истина,9.950670254889776
истина,4.090470086459655
истина,14.266491866858864
истина,13.02870114603719
истина,8.213435993415889
истина,7.362370439262355
истина,32.7564168390596
истина,12.066832165920804
истина,9.603766963412275
истина,15.433120321236096
истина,12.586143435364539
истина,4.456983734189341
истина,10.687320487792178
истина,12.17676102904663
истина,16.507439845113012
истина,9.276780405618714
истина,3.7719092394888807
истина,12.29936990945124
истина,21.26824337633753
истина,21.314700185687816
истина,19.013590338402537
истина,6.865259265829326
истина,10.344369521250156
истина,4.355158780323301
истина,5.110524593076592
истина,9.924081875163623
истина,9.409968172017276
истина,9.321713775866467
истина,7.987315610846329
истина,19.864626707200856
истина,4.1009388934471165
истина,5.219904468149416
истина,34.120595449803375
истина,0.6690459121463461
истина,17.95050503023281
истина,13.092481389979257
истина,14.832945571296198
истина,27.80484364305377
истина,8.06275594776828
истина,16.480423194236025
истина,27.968277211084658
истина,23.316634458976523
истина,45.64410425674275
истина,2.7661197235787025
истина,12.677840569264836
истина,17.229316178729114
истина,23.556411000683738
истина,37.33545000725396
истина,52.66396147571906
истина,6.95570452968008
истина,4.049042846739638
истина,26.746694938733178
истина,16.166760382679012
истина,4.450216578332912
истина,20.823309603811957
истина,14.351637221874931
истина,9.281973194329067
истина,44.27248238558356
истина,11.41681480569778
истина,26.483724167284947
истина,14.632305116737264
истина,3.5617375367067545
истина,11.905939650840816
истина,29.067456978420978
истина,16.89255360913349
истина,3.7593218925477214
истина,8.868660810141161
истина,20.325200301247385
истина,13.100613980677313
истина,6.780174646191089
истина,16.675931895027063
истина,20.642866135105347
истина,21.29002832140589
истина,11.981539791310817
истина,22.707191228145447
истина,23.986764774709812
истина,23.31409277116007
истина,11.366204015582731
истина,2.014734642603312
истина,40.751147941692366
истина,15.643001142145739
истина,18.044643002679333
истина,3.197976806911514
истина,23.604244634012304
истина,3.672750689247875
истина,8.443413467263985
истина,22.03867646471936
истина,13.506700053056989
истина,6.273800189877507
истина,38.47093072919944
истина,23.86841256807584
истина,30.88899235574284
истина,12.81528247771887
истина,7.740638558731139
истина,21.70886563383769
истина,19.509158753797585
истина,10.031410711404245
истина,19.637060506660035
истина,4.009635671888178
истина,2.0108237841013827
истина,22.835950788149848
истина,13.486092921847558
истина,7.258137572451191
истина,2.8030535666276535
истина,1.8526975700644734
истина,45.35998295804594
истина,4.4506401185789315
истина,12.18956443011656
истина,16.726518099257614
истина,31.455313992948682
истина,10.019124929392891
истина,10.186396669293195
истина,22.826507881477667
истина,31.0999400374958
истина,18.01834350013906
истина,11.434539192928366
истина,2.833235643418139
истина,16.873321718396948
истина,12.865861155525604
истина,6.368000057817925
истина,8.979125990764834
истина,19.812788009177233
истина,18.92546936061815
истина,2.896338481906743
истина,21.877665769306315
истина,11.866164634557414
истина,32.64866015967429
истина,17.336385971323633
истина,9.168000248234483
истина,10.071363900235234
истина,9.624893474894392
истина,28.033346996336693
истина,22.807932468889852
истина,5.847520127877077
истина,6.235066328087035
истина,13.854225595027069
истина,5.719424849507242
истина,17.20667961341426
истина,4.84967275502299
истина,14.798725691900493
истина,14.74291178081382
истина,12.901114554390752
истина,17.268293042677133
истина,13.852076975872727
истина,29.144133615539374
истина,48.91152458363531
истина,25.79800388298414
истина,5.7346072328682185
истина,21.141510299683
истина,34.949343458508416
истина,25.92735804836667
истина,24.03291417640753
истина,10.904446714923512
истина,4.364221895622773
истина,19.441884763326062
истина,17.6012081585654
истина,14.428562776768196
истина,11.373960430514124
истина,14.009010964407556
истина,9.978383810324965
истина,47.82697848317092
истина,58.92176594493268
истина,13.588314325263358
истина,5.0703456459661504
истина,35.49023504203102
истина,16.700914321659468
истина,21.863809049247067
истина,6.312472099743243
истина,23.968476297408685
истина,17.628645322921525
истина,34.005907828031695
истина,21.97121352753967
истина,19.59457942386445
истина,27.965366287088948
истина,16.772747198539573
истина,12.60890129932259
истина,29.985757508656416
истина,6.50202463606836
истина,23.467794425646876
истина,35.29480926127692
истина,5.002712950468489
истина,5.9886346845653815
истина,14.569737046337934
истина,6.801120371101156
истина,9.656089506791021
истина,11.474139998958071
истина,15.88258627176213
истина,14.612994702792353
истина,14.0300323632401
истина,11.88847399119222
истина,9.728088851009339
истина,14.030188098052555
истина,3.570151437208673
истина,9.7365510924225
истина,9.070463437260006
истина,16.51036728305481
истина,14.627990318381284
истина,13.895658823533239
истина,15.696423752147684
истина,4.947735053793526
истина,7.0860517628649635
истина,35.51955736533087
истина,8.208404935339667
истина,6.043036670637804
истина,11.932638980191468
истина,9.87640940573649
истина,7.724169747888832
истина,15.259578076634522
истина,10.273250563774113
истина,16.82485075949571
истина,11.160104856812513
истина,11.181453762958864
истина,15.23619672747936
истина,4.420607044275448
истина,7.586215274440071
истина,7.1431035262695755
истина,33.805771724860925
истина,10.205251771258196
истина,6.529054706514368
истина,18.491549333669845
истина,12.14428249558837
истина,10.382830141869572
истина,12.299793953621545
истина,17.026430831022225
истина,16.895960158116026
истина,15.82200797475932
истина,16.526253512775583
истина,23.228925443615346
истина,17.940638862278412
истина,9.250815174104527
истина,10.782514375113015
истина,19.579201395999434
истина,13.569740026028043
истина,3.8684001926393288
истина,45.58287362053582
истина,9.120686277649177
истина,8.126397286373813
истина,46.7538099208506
истина,18.00452858621826
истина,6.703542091203245
истина,31.444037063583487
истина,36.48105532785706
истина,12.725789564001449
истина,18.52826395875656
истина,17.83442304897979
истина,2.4784621880841042
истина,11.135420278895719
истина,3.0582760453485434
истина,9.7948893934791
истина,11.502723996181468
истина,20.076456937730455
истина,9.589310068350102
истина,10.092310091271369
истина,21.395049402350026
истина,14.616051631155411
истина,13.948703045802183
истина,3.6176458102523084
истина,25.012613300974134
истина,25.63395070670728
истина,6.518581579762704
истина,19.42635467674951
истина,23.16204134036356
истина,11.184010087889494
истина,5.2031214395659955
истина,17.027151595136402
истина,27.245090627239556
истина,3.4768854711381523
истина,26.901498486649967
истина,7.053612161203761
истина,21.577016559612133
истина,14.350816662219081
истина,24.277548349876046
истина,7.648882995393362
истина,9.008543258678902
истина,8.391621778914901
истина,17.79523349929093
истина,2.2058630483454973
истина,14.389685620260204
истина,10.449963482660547
истина,10.539514576449736
истина,6.963657073324453
истина,5.822531028942644
истина,16.80839218200817
истина,4.067799996677237
истина,9.959247901734106
истина,10.592742226698348
истина,23.588467229683577
истина,14.720551826238266
истина,14.375621719417255
истина,8.58984085924584
истина,63.47275814351134
истина,7.931887024095308
истина,20.04964164061282
истина,8.419084294086426
истина,21.726766047499503
истина,7.634175499324597
истина,5.895096872043887
истина,25.239719419143803
истина,22.796860180219383
истина,11.408492272098838
истина,3.796442598744002
истина,57.50621876537045
истина,19.582052703800823
истина,32.25223376872139
истина,5.524988822848959
истина,11.71391996842933
истина,2.8799578646658652
истина,4.826468745057828
истина,10.157799786184121
истина,30.098020720460482
истина,19.60089222087662
истина,24.199965426791575
истина,27.831559481388467
истина,19.710002471121058
истина,9.700832013880392
истина,6.097526178820178
истина,24.933115404437935
истина,7.4072236828579445
истина,17.38165698215535
истина,7.020384328156701
истина,3.2799778375879374
истина,18.348972277866213
истина,23.07536030885411
истина,42.20597785113391
истина,23.80259025397608
истина,12.348540272817567
истина,32.65100917725401
истина,8.260762755808276
истина,16.471211038183675
истина,10.088488424080241
истина,13.54822469786204
истина,5.813449847727098
истина,38.534471922228704
истина,22.391417577516954
истина,24.362504757930726
истина,8.231411014044244
истина,5.097797951548836
истина,13.595746069537089
истина,11.487351756857445
истина,4.515209663130484
истина,26.42113658770139
истина,29.930892647870742
истина,8.883275339849906
истина,3.0159300556691084
истина,12.064902729293042
истина,4.453795678980317
истина,7.9695342954562145
истина,14.95959121000324
истина,9.67831879924126
истина,5.533044575819607
истина,9.427165300403558
истина,13.055215192812259
истина,16.236520856972366
истина,12.551246817688979
истина,6.399677148488128
истина,25.246977700961075
истина,7.460377137669829
истина,24.079339416545626
истина,9.941639670080004
истина,9.654461317437551
истина,15.993874406440234
истина,3.9924204946160313
истина,27.97137442918794
истина,6.7342090272798485
истина,15.407336179393084
истина,25.76472158039679
истина,6.934183606224414
истина,16.72747850726609
истина,2.86237436244922
истина,25.156668476386265
истина,14.565838981278155
истина,14.602299328531812
истина,5.069943385145615
истина,16.52404668491028
истина,14.911612918157825
истина,3.2432358339284164
истина,1.6690496609048957
истина,7.836541868654104
истина,6.584829073457978
истина,8.119499028199577
истина,7.507216639418635
истина,4.898363498186747
истина,17.918216399177435
истина,7.306421684289621
истина,16.131894347099355
истина,22.989140932264146
истина,20.514411839059424
истина,14.50201646493654
истина,12.282069571909565
истина,6.254768015867604
истина,28.476845110681342
истина,10.403315630733474
истина,15.456968260248988
истина,18.274089102654585
истина,10.757537377137357
истина,16.917278630549553
истина,8.937453705057333
истина,14.791126721515727
истина,16.726290874941846
истина,10.409935044769227
истина,11.336791659308378
истина,11.145580203897584
истина,15.284443726900632
истина,10.48088813218342
истина,14.076169121015322
истина,8.236227091896264
истина,13.807027641768787
истина,21.056678349022096
истина,4.148172070804539
истина,3.2946049392878494
истина,53.84321500824855
истина,12.309027711655702
истина,5.1922176251180385
истина,6.439238136213227
истина,18.4362856240678
истина,11.113284249296628
истина,9.427523964407905
истина,8.264857505031499
истина,4.304825378468267
истина,12.236978950639205
истина,30.069292781166595
истина,12.506793848488392
истина,34.0501680714604
истина,1.215102139119432
истина,8.50768212837286
истина,9.169421508959818
истина,29.302218242260217
истина,14.192353122943608
истина,4.843137493562602
истина,21.93183897032845
истина,12.710251295831931
истина,7.039612522703873
истина,17.37848395486121
истина,37.385244908972
истина,39.58335645702355
истина,6.973150830441986
истина,9.721717298075003
истина,52.37851285735451
истина,30.385076849409824
истина,16.745794761068847
истина,1.47721353223922
истина,4.863447017034248
истина,1.8486929860300516
истина,7.00953147563458
истина,6.995102846625553
истина,5.767655848446491
истина,9.659016974952294
истина,8.976003487508287
истина,9.486986323911903
истина,8.279890200104045
истина,24.82859012494469
истина,3.76407847882617
истина,10.192930818419306
истина,24.10920087690026
истина,32.957752797351255
истина,5.292551536058658
истина,46.52168455090734
истина,5.371435660857393
истина,25.9430699881967
истина,17.45055359572596
истина,15.567336795396567
истина,18.721318468919865
истина,20.605937932979245
истина,3.5954969479168013
истина,19.51559080411854
истина,30.433494229160196
истина,34.50398055320827
истина,21.657954997886385
истина,16.298850309006557
истина,20.954955562647537
истина,2.5069707742609113
истина,6.21126921266433
истина,6.864199089619117
истина,12.003610647549872
истина,10.741665568850987
истина,5.41759213298281
истина,28.547570896564515
истина,11.7101031258434
истина,16.639133479684673
истина,37.507346862273124
истина,19.1815770951629
истина,36.61753482570985
истина,6.475716953106484
истина,9.845002996742272
истина,22.921507102661103
истина,6.735645344466084
истина,8.912269841931925
истина,18.323782698851034
истина,9.500197232203863
истина,11.626217279495371
истина,6.064547771189217
истина,4.955743040541218
истина,28.388121063371344
истина,12.498534059250172
истина,12.800005393356177
истина,9.154349541472904
истина,25.312839864977033
истина,8.385502559034574
истина,27.011169363576066
истина,7.225538046056608
истина,9.186437455855923
истина,15.473209679619487
истина,12.7759554937021
истина,64.43828357045987
истина,24.60700117415641
истина,23.89396389376695
истина,3.064168540100812
истина,3.539786754734398
истина,28.881962213498532
истина,1.7500496925461293
истина,16.996702410128876
истина,9.070694853215961
истина,18.125007673304854
истина,29.6897460766112
истина,10.93302384282856
истина,5.6172786163697115
истина,26.296909004693248
истина,7.439505076966235
истина,8.248945651324627
истина,11.55728719543009
истина,20.818563272717455
истина,8.29657750231165
истина,8.966615990092937
истина,47.004715902003
истина,20.87203183942213
истина,3.8858021042538162
истина,18.31939525570284
истина,36.651706369597065
истина,4.342827262558316
истина,21.360808582870575
истина,8.308726694223903
истина,29.612861261579898
истина,15.795013792769822
истина,28.382675745812826
истина,10.483566135441853
истина,8.987709816141617
истина,5.570696218213683
истина,16.51580941518339
истина,10.526947131779878
истина,20.02380998198218
истина,14.70144157233399
истина,23.292050228087778
истина,11.340608929652088
истина,10.79997002034907
истина,24.51464093918252
истина,9.6563133436846
истина,15.58659613264144
истина,10.526490004346948
истина,13.928073556473286
истина,5.4163009430232565
истина,11.579622022591884
истина,18.511278545605045
истина,12.553364268306485
истина,15.140979537506354
истина,4.285744048916632
истина,9.012290062460442
истина,18.402434530486197
истина,22.373720242693928
истина,8.806598777311766
истина,11.746965820995694
истина,12.118650308316539
истина,19.942578065197488
истина,9.128557745994748
истина,6.182214444373156
истина,28.983205671765738
истина,9.965455836733039
истина,5.2974206265216255
истина,5.162712098323224
истина,6.685563750805485
истина,6.129905252422647
истина,12.942072114827173
истина,30.89375479362254
истина,8.739520704561013
истина,11.604600774612388
истина,9.360574882558012
истина,11.03943345602951
истина,12.06074122483808
истина,33.047465917848264
истина,4.665887320138419
истина,12.749833824539635
истина,7.226597861609385
истина,19.750338910542645
истина,8.489746631316585
истина,7.954038380252129
истина,23.000469266620804
истина,37.48547589525633
истина,10.047713718105094
истина,11.748582431555132
истина,14.142763411331444
истина,11.204348960446161
истина,6.123987963284257
истина,23.986112577082196
истина,12.857082506022376
истина,24.897433027124343
истина,10.661635979898959
истина,19.340740898256172
истина,6.472647227960723
истина,19.448299147063494
истина,15.49052073830677
истина,6.023686550981974
истина,8.651773852039241
истина,8.055766486864577
истина,18.447010650551825
истина,8.705710350502466
истина,15.885935407834491
истина,2.6048647338009436
истина,2.619535260212082
истина,7.38202912590168
истина,4.815637884884845
истина,16.14022363963328
истина,4.224390693137587
истина,3.84966917733568
истина,13.120320986876287
истина,14.322763552417724
истина,15.440357373389503
истина,5.2689799706483225
истина,15.410837217909332
истина,6.0485137478915325
истина,33.76392173922849
истина,6.698331518171348
истина,32.56164633795332
истина,2.5939112729010065
истина,26.23243510734861
истина,9.488724103985454
истина,10.85042842439975
истина,17.89701687551735
истина,6.131167390100685
истина,9.014507811063158
истина,5.260274272912093
истина,17.745350070136254
истина,26.551373671674835
истина,28.416541296431546
истина,5.416816166961885
истина,9.337279994746483
истина,12.873960809644448
истина,6.168228298873315
истина,19.240799040940857
истина,6.441401502364884
истина,40.40413520199286
истина,17.206437690098703
истина,17.680483721558282
истина,6.41782582349242
истина,11.44395787550677
истина,49.63511150290663
истина,6.503330284765805
истина,8.249207090185111
истина,7.354959267789992
истина,26.71525667194434
истина,18.16195326800627
истина,26.89215157790753
истина,12.970427244651884
истина,13.569181096640797
истина,12.053654007207623
истина,25.894853083418525
истина,32.753757024477956
истина,4.100239735421722
истина,32.481704956489004
истина,5.347917609880927
истина,15.53447976504902
истина,7.819429894988251
истина,9.421468899996881
истина,7.4954099675924635
истина,3.8939714452675354
истина,17.14547572990268
истина,15.868218606934743
истина,10.837596222978334
истина,4.8603990574301905
истина,6.4454735402495364
истина,10.07363736489148
истина,3.092441631034634
истина,15.347674033724532
истина,20.775238344145976
истина,16.222859762149245
истина,12.181451425174037
истина,11.919008573399816
истина,1.4926149864083678
истина,7.742306727557555
истина,15.436677000879108
истина,14.650637466420509
истина,36.654124410190335
истина,11.205802364125482
истина,36.32670048197464
истина,15.05535025239935
истина,8.246315101452787
истина,23.664863311261254
истина,18.125739486435197
истина,13.876205761869032
истина,24.997914273134036
истина,19.367735288923694
истина,5.140418050307922
истина,35.376944322128566
истина,10.962765517415209
истина,9.863805202679604
истина,12.502205638071286
истина,8.184745589041142
истина,15.770488347723687
истина,19.90442816037205
истина,23.979869128998097
истина,4.97654715444228
истина,9.982417945435659
истина,14.043884666934485
истина,9.901489655488886
истина,3.063288162150796
истина,14.562339867223585
истина,9.17954413924809
истина,2.8039909546117943
истина,23.950612134739266
истина,11.178765232670244
истина,16.759316690634197
истина,3.827416549386497
истина,9.56931270185673
истина,19.24031511922741
истина,24.009403048459543
истина,11.600907276373098
истина,45.813030075745615
истина,18.851758618833955
истина,9.95544231075802
истина,8.325446857219012
истина,14.574633717244481
истина,9.193776759502395
истина,8.285283775693792
истина,19.713735255081403
истина,17.661956411152214
истина,39.13578695268447
истина,10.896150091153473
истина,13.192331044001468
истина,4.811435253092604
истина,7.00896952074846
истина,16.95975554819227
истина,3.5301105573746665
истина,8.933567973132869
истина,8.807452867232438
истина,20.448716797185234
истина,16.27422403157181
истина,10.12835462740883
истина,22.079727755467268
истина,3.6835802603599026
истина,5.713648189283912
истина,11.411109945894214
истина,6.507237985062111
истина,7.898727121970477
истина,13.636118539489393
истина,16.896582866146
истина,7.010214376085527
истина,42.10223506564151
истина,24.282427478690273
истина,19.082735353793765
истина,5.981635067125143
истина,5.198665430537231
истина,14.310177001893376
истина,10.928610964949726
истина,16.751839710799793
истина,12.85279436935445
истина,16.359133315552416
истина,6.626422307293631
истина,7.965277117433322
истина,9.757772930141169
истина,12.082846813485588
истина,11.015109156513647
истина,13.77501170211023
истина,10.694843706374709
истина,8.109806990862472
истина,8.625353344881866
истина,13.511694565432943
истина,16.522858312162626
истина,23.992133059664194
истина,3.6096186295489465
истина,50.40749207106627
истина,46.90178453292654
истина,26.335292452840086
истина,17.26253246845588
истина,14.197895994170079
истина,9.364277577171023
истина,4.4022024555473696
истина,16.48751654666079
истина,20.995693524495785
истина,19.693478726587458
истина,16.266191065551688
истина,7.46217622879742
истина,4.081587163131138
истина,17.35109592461665
истина,10.166697689708759
истина,22.65113228665954
истина,1.7003919842819701
истина,7.2810994079972025
истина,6.7472457529241785
истина,14.839147989305012
истина,5.119021885536816
истина,19.753630707326515
истина,8.817118194960331
истина,17.060556755161738
истина,9.10173585514433
истина,11.816594287181498
истина,1.9294685350413054
истина,10.569358030658412
истина,6.067651272746112
истина,44.945010516395506
истина,20.34482155551646
истина,2.6054361101420977
истина,7.11725587053143
истина,5.24017660318175
истина,12.027491277812988
истина,16.78932250791142
истина,21.302475318753604
истина,10.308367337200568
истина,12.692775164363818
истина,3.1171103968351925
истина,13.243142180281195
истина,9.925810501356098
истина,16.968568081075375
истина,9.362184305442462
истина,28.98557400769392
истина,33.92986253254369
истина,2.2586933484172724
истина,6.30722827266945
истина,34.936130482179486
истина,4.790626369727991
истина,27.15380504085157
истина,15.818027755080756
истина,28.095556960435694
истина,5.872052343237764
истина,24.70711202060614
истина,19.0262266476441
истина,2.428504142222222
истина,4.943075524549111
истина,40.243077564042736
истина,18.149536858160072
истина,13.68856544569517
истина,6.574469402922144
истина,5.073858412494867
истина,29.52787022501775
истина,15.70976439144351
истина,5.857974345294177
истина,26.29773842760404
истина,8.178281427928024
истина,36.195519808619125
истина,28.993118258629774
истина,7.95529553199835
истина,5.385108239408158
истина,38.01105053135923
истина,4.436938349345143
истина,2.602797269485649
истина,40.475172684080164
истина,20.73942641342362
истина,2.95521345904499
истина,31.121237195548897
истина,22.286827424664335
истина,13.414518440181443
истина,24.48310647304409
истина,38.14467658557827
истина,17.11500109276401
истина,6.695275087007204
истина,25.00204021072677
истина,10.299658401878464
истина,10.13017749832959
истина,21.523292350502516
истина,11.345664486545756
истина,2.4404233861493987
истина,5.42696258481134
истина,7.884647962317526
истина,8.834270853474925
истина,23.615110997951753
истина,6.8658363330344425
истина,9.990682197876813
истина,15.917727548032092
истина,14.759211549719147
истина,9.00318986567909
истина,13.258748780655385
истина,9.026312438403671
истина,11.98429260893782
истина,15.608236014800946
истина,6.73862144055723
истина,7.581894680958985
истина,13.001637749406354
истина,8.900147742527352
истина,12.61078311873047
истина,9.385901465522734
истина,10.403541622441633
истина,22.16334240052581
истина,7.006079187226068
истина,9.696827294343311
истина,29.311911814911106
истина,27.49703058606326
истина,4.482159439370093
истина,11.962676050191934
истина,16.117719464711392
истина,13.363760805969541
истина,24.015336078904788
истина,31.687596389252587
истина,23.675567004336564
истина,7.93207834109126
истина,8.027025483354727
истина,17.950099507699434
истина,10.711865311172796
истина,29.838754855111464
истина,8.752040942873734
истина,5.82186501177139
истина,16.487851725757494
истина,12.244832720326725
истина,5.687009508794481
истина,3.436102949608058
истина,22.35781196914473
истина,22.550501478811427
истина,15.306062021318638
истина,13.910335479388408
истина,22.716305031721806
истина,1.4017412935897071
истина,18.86493685155756
истина,24.85216891928281
истина,12.524620918655017
истина,8.828719993879576
истина,22.19903373697531
истина,7.082214525060051
истина,23.417431898407155
истина,9.793841348380743
истина,32.473336969478495
истина,36.259541945342775
истина,17.941919828741796
истина,21.618810260569916
истина,12.469119832387562
истина,13.315210128921397
истина,37.622523940684154
истина,10.704959497265088
истина,11.115773555922438
истина,5.281129718668797
истина,13.68157081542591
истина,13.171345987480139
истина,11.19895465652224
истина,17.958795631206765
истина,15.378274701475117
истина,17.834342690444903
истина,3.5966362835408914
истина,7.041039087590196
истина,27.691050018382846
истина,9.756277775711176
истина,5.775557004802027
истина,4.812177875823476
истина,1.7181854153624094
истина,25.739594294182982
истина,7.651692930146575
истина,34.954903646901705
истина,15.298639725660049
истина,13.173439710588182
истина,18.993136586446795
истина,18.893848603826278
истина,12.521321187792815
истина,8.950799066090282
истина,5.023511782851749
истина,10.597237459752566
истина,24.95391275552604
истина,31.18681146606556
истина,11.892702688407352
истина,31.825881946261973
истина,13.658939859438242
истина,3.9359732985795484
истина,17.548054902050822
истина,9.84886912548923
истина,15.012138036919666
истина,5.012608122454543
истина,3.8116826868865097
истина,13.072912423993632
истина,22.112651792373544
истина,17.2106917458237
истина,15.253631421337646
истина,9.85582730288268
истина,14.149613119816234
истина,18.773925534426404
истина,7.770786944394896
истина,6.761097458931284
истина,33.071347296736036
истина,20.552245889843697
истина,7.200072092619919
истина,5.2810315840301705
истина,7.014260437074494
истина,36.49969856928834
истина,22.351526249615013
истина,6.575720011822948
истина,3.713384379653024
истина,36.24318342208376
истина,16.94548648953882
истина,7.914661692372629
истина,4.40886515170053
истина,12.829022056862014
истина,11.11410693311993
истина,9.069907496140488
истина,11.700253108969678
истина,2.8291666503234025
истина,6.744888685308515
истина,15.929733248702092
истина,29.034747313739537
истина,12.46357776106853
истина,7.955150154554139
истина,16.0389663465904
истина,19.779021647413387
истина,8.570054684607463
истина,2.8503769139713215
истина,4.219854813540008
истина,6.108969360262187
истина,16.516995563304075
истина,18.757803265379717
истина,9.661446374934137
истина,6.552488614425392
истина,8.34041786165308
истина,1.7433971114843438
истина,13.959237612051517
истина,11.547897673139712
истина,12.715116402615978
истина,13.658009074744836
истина,20.625527055089194
истина,42.077628195283964
истина,27.235182150675524
истина,6.1833520404386695
истина,17.573006933575904
истина,13.3902184856797
истина,8.588303520778002
истина,43.43085605116914
истина,31.52376267588084
истина,26.731316323419932
истина,18.511481039136633
истина,22.662269136569613
истина,16.288807708294424
истина,16.35703553843886
истина,30.21541376893544
истина,16.911033418631774
истина,8.281088966373037
истина,28.542720342747735
истина,19.482430178177363
истина,13.771602004833664
истина,10.791000852409395
истина,12.706069853470842
истина,43.767309919344136
истина,9.208288207314602
истина,13.053967729163396
истина,33.226495811629626
истина,12.02414676520363
истина,3.6550255353872014
истина,21.33113612593349
истина,56.92834476068788
истина,47.8358788329527
истина,3.6246765572779607
истина,15.802363622356848
истина,7.520054159625082
истина,9.103559834658451
истина,8.801338251937981
истина,14.16387692946036
истина,8.831705877066337
истина,13.020156816684548
истина,8.552907086127368
истина,17.789098631593795
истина,12.694008636766288
истина,8.74843377564076
истина,21.194745841672443
истина,7.7278504563642185
истина,10.592852006948222
истина,13.209821286740416
истина,18.363715468487676
истина,33.687539655888784
истина,12.444339811741042
истина,8.812718857099767
истина,9.753731269418209
истина,2.570101708534795
истина,14.74940603692537
истина,10.178007952602929
истина,13.490808301309652
истина,13.215608910448728
истина,11.684388677505416
истина,10.023424093738528
истина,6.1816632575787684
истина,13.002353659591478
истина,8.353895131999462
истина,26.80358873267893
истина,7.205377052090602
истина,6.537948046154131
истина,12.463271567784652
истина,9.557066931808176
истина,16.08062670922193
истина,23.63022025722654
истина,12.964546785920259
истина,21.025214784518294
истина,4.958919715182316
истина,35.42377021079083
истина,27.89943384366351
истина,14.653129619725766
истина,23.46454633149304
истина,25.50233293412951
истина,17.239805421880657
истина,20.126735604673563
истина,32.35959734008721
истина,15.29024581514232
истина,13.337174316243907
истина,3.100314902467069
истина,11.159430063102711
истина,13.771819898804154
истина,19.01464884528944
истина,13.695871590538365
истина,14.42718589297652
истина,6.082813933358386
истина,11.650714312931388
истина,12.410929227769238
истина,23.052253044182937
истина,15.374880543040693
истина,2.5026022858743002
истина,12.636119300864639
истина,4.031641200394934
истина,22.965536176970204
истина,13.74677371593465
истина,18.16847821348184
истина,5.501113351929524
истина,11.00148620738745
истина,8.888004060592197
истина,8.854525856943997
истина,31.10876369037654
истина,14.33717888541721
истина,10.641004672082627
истина,35.12370265355018
истина,7.306928097863919
истина,20.641066497841422
истина,6.392421535260754
истина,28.346572658776843
истина,9.565958786531413
истина,45.00968244774273
истина,12.869209652652202
истина,11.195070375627848
истина,7.631412707089243
истина,17.818218428150825
истина,11.618035540701182
истина,7.277980587218295
истина,5.126275497507335
истина,7.262046507651723
истина,11.265701584541011
истина,20.220614386230892
истина,2.528726393808043
истина,18.59641469895793
истина,27.388206914674825
истина,3.264642477651589
истина,25.208587844383963
истина,23.55810444707595
истина,5.452880902435848
истина,2.8501518663057075
истина,34.82009599156497
истина,13.401873655889002
истина,18.47284120622162
истина,18.10760859065065
истина,26.654829644226126
истина,8.08878466622043
истина,4.935712834623624
истина,10.082267000411965
истина,10.907014980760952
истина,15.347757578840566
истина,4.146967159557936
истина,23.484860684360683
истина,28.709970530909647
истина,18.242640311735386
истина,12.993441198784177
истина,11.998740751285608
истина,4.678328997934001
истина,15.098562501339904
истина,11.574870164314795
истина,2.8229885988079046
истина,26.067166748387375
истина,11.984392170898843
истина,8.727280290816998
истина,21.106426263439364
истина,14.414822511283868
истина,10.8428422935639
истина,36.110549582606204
истина,5.048656016007318
истина,5.62851581090265
истина,26.252456652439236
истина,20.01348142353602
истина,33.54761107041015
истина,11.557582052171902
истина,9.333415753437315
истина,2.0626382605313545
истина,12.08042282191764
истина,6.838817714579722
истина,4.3938769256672
истина,2.1057262235159664
истина,11.622005143975061
истина,38.09664095727237
истина,29.281975718650727
истина,16.303169596790426
истина,37.829271994052185
истина,15.757145159495007
истина,9.913572866911156
истина,15.755676560658168
истина,11.474772958947733
истина,12.55014662742765
истина,4.16593007939342
истина,8.05179013806114
истина,13.983768882532784
истина,7.781057786008215
истина,10.861661330869241
истина,20.267653278807657
истина,8.19904094014145
истина,9.093594273841477
истина,12.580878066765973
истина,14.337795056836729
истина,14.75064470965168
истина,10.42463151250272
истина,10.616329352168847
истина,5.940082219039278
истина,20.318844205832097
истина,31.86038983816809
истина,3.8163944624496784
истина,10.81225790086001
истина,15.888553386199353
истина,6.614921145741388
истина,4.787026978145735
истина,17.222009035004994
истина,9.930916540078627
истина,15.28244039659807
истина,5.07706979253866
истина,13.934988540399367
истина,20.676168608246705
истина,3.3038222086039304
истина,24.169114958371665
истина,17.913343180607264
истина,9.794195817353643
истина,3.4196198114117142
истина,6.610768377900571
истина,3.0534325331733667
истина,3.57348106563823
истина,7.7212154264231545
истина,11.114238522502053
истина,5.62835497824977
истина,27.203279701483417
истина,15.872246373450078
истина,16.48629080903337
истина,19.28175712641521
истина,3.71153294905213
истина,12.82864480035868
истина,28.788639044748905
истина,18.818368712725825
истина,11.945476549233948
истина,10.369905186822123
истина,9.241550378548325
истина,2.5407785621567465
истина,4.421248696885244
истина,17.49924322105634
истина,11.61317451610747
истина,7.275951201877956
истина,21.978824125339685
истина,6.897173502186547
истина,11.955339324537906
истина,7.378808243016861
истина,3.664806368438227
истина,9.794354199322402
истина,11.002474876877404
истина,7.460336730951493
истина,5.330959771106489
истина,5.228807773980352
истина,36.607456741016335
истина,24.279908999072706
истина,2.8211661578033804
истина,9.966306450292112
истина,14.516715649764299
истина,11.194376585097876
истина,7.447864086144033
истина,15.58621855323273
истина,27.947793692287313
истина,18.814796221268637
истина,14.303170428104261
истина,5.930920866437045
истина,10.75363398083111
истина,6.00713692095265
истина,21.957529715600742
истина,21.387022223237324
истина,18.98620952130014
истина,8.892118781790247
истина,7.046233864524174
истина,16.23988673603363
истина,11.819112022533941
истина,27.386655024158436
истина,27.378923210046935
истина,9.800434133840948
истина,13.90198613906633
истина,5.537303730740664
истина,20.989645997971042
истина,27.502780587938542
истина,14.323105262070623
истина,11.870971776865439
истина,13.127859090566485
истина,2.7679869030607325
истина,17.915309887384023
истина,12.445490504696934
истина,19.595453136462183
истина,10.579941387024835
истина,20.375334010406227
истина,11.655838348549038
истина,6.959458090856302
истина,27.066562585257817
истина,20.74855903706332
истина,7.270271053225799
истина,11.022363610797498
истина,22.57019135321471
истина,12.107166748371691
истина,12.821726649760489
истина,10.6990152468906
истина,17.937091787935966
истина,23.6555179347573
истина,3.9866605407722693
истина,5.779073414523897
истина,4.795435852125603
истина,27.073192485471473
истина,6.1250619240456485
истина,16.0037761552032
истина,6.917441435980783
истина,38.7018665169647
истина,24.721055797680005
истина,10.579899198407663
истина,7.56113026028658
истина,16.07392227813928
истина,6.781198240552435
истина,8.668361588504645
истина,16.93368648109794
истина,17.065006724296495
истина,12.576971683045976
истина,5.990410626703997
истина,9.269337260541702
истина,12.743885415645801
истина,5.196983588362069
истина,8.416786011354437
истина,22.400055364011223
истина,10.953036732823321
истина,38.77483048162716
истина,18.279358992768643
истина,23.080367786905637
истина,9.893073530807882
истина,4.143671207576816
истина,8.0038550546151
истина,23.81704892763755
истина,13.919098256332253
истина,3.411654623156199
истина,18.07382462163038
истина,1.259945134533451
истина,18.203439506046045
истина,18.11348543889394
истина,11.057400828009019
истина,11.815901527100191
истина,11.801716867834005
истина,65.38579537320095
истина,13.685472560801733
истина,3.5901224785517853
истина,11.78811104543857
истина,13.30076182246416
истина,17.33630030015547
истина,8.825414970539347
истина,23.73234415646609
истина,24.94224641921975
истина,0.7661267863234039
истина,19.475864104109238
истина,5.810594600421062
истина,5.369536600894244
истина,25.153958138714042
истина,10.089470103908619
истина,2.6793176614297964
истина,40.02858839412522
истина,15.17965365487587
истина,15.69556031335181
истина,6.675703738008251
истина,32.46923987842264
истина,27.320829442696734
истина,11.474066476887183
истина,8.587675507274215
истина,8.916992843949119
истина,17.995327052360913
истина,11.179624875941228
истина,12.965297078712087
истина,18.283492935186647
истина,10.38344154498558
истина,2.5380766020479535
истина,6.371061669980492
истина,10.510904228902238
истина,18.40472970439648
истина,12.42807647117299
истина,9.349639026047047
истина,9.098756553849526
истина,16.778291059896492
истина,25.296956605572372
истина,40.20816874966848
истина,19.862519196941214
истина,24.94228711381696
истина,19.550594085992063
истина,36.648055104716825
истина,3.856587891059942
истина,15.899130181544658
истина,5.719340494423138
истина,13.092504825152716
истина,13.691864081789536
истина,3.4220949992943512
истина,21.730822746487775
истина,10.64660807755368
истина,28.501468989367815
истина,6.578231878449151
истина,11.618110893574999
истина,10.242441535436186
истина,19.152086269654934
истина,11.949124990936145
истина,11.58215985475369
истина,33.38107952096449
истина,9.723286453855723
истина,6.251066547126593
истина,15.811663613117297
истина,17.90709034886791
истина,12.075467706707315
истина,6.397488101066476
истина,7.672780024143012
истина,6.23062282358603
истина,11.647534116175203
истина,19.174181128972165
истина,27.77345040155341
истина,5.977296180844959
истина,9.99382111625407
истина,8.545698851018539
истина,7.04010805124282
истина,9.94536145409814
истина,9.07234605756891
истина,8.020072515070751
истина,22.245233631864828
истина,13.104952867005847
истина,15.340461347334061
истина,18.10542093825532
истина,6.481249289587281
истина,23.046835013186428
истина,9.640728766981281
истина,17.553008626021565
истина,24.39685645581403
истина,18.466123827657682
истина,44.00521436019841
истина,6.816808919975965
истина,17.763689186422553
истина,5.933608792945864
истина,2.286382323054091
истина,9.133955032241595
истина,13.131322610099183
истина,8.289571158629366
истина,13.568554503189933
истина,30.25052807210914
истина,22.77966315665763
истина,6.587923584484226
истина,15.151143414351402
истина,5.754125696040466
истина,16.24525104680581
истина,8.437474362196728
истина,3.6519761244667697
истина,13.178335012393497
истина,2.6181843566482668
истина,2.422059946904238
истина,20.145659299126713
истина,5.772330267659739
истина,22.603460924119627
истина,11.857115854244853
истина,11.961238583280092
истина,19.492443126370997
истина,19.798472879051594
истина,6.786417065944484
истина,14.466712502407663
истина,12.816358364528858
истина,1.7540382643589862
истина,10.376181781893012
истина,8.845803764936775
истина,29.970677554792648
истина,14.999228952596718
истина,31.217031430397626
истина,2.3558456462226487
истина,12.855662681188173
истина,5.564750349925173
истина,9.4463599410728
истина,0.8460541848234555
истина,10.074100039017795
истина,3.83246134359503
истина,15.96901177201601
истина,8.626377004298817
истина,32.41988846301343
истина,14.06720118440539
истина,4.512117057275458
истина,7.738988080000871
истина,18.771955108065303
истина,20.451309580097714
истина,19.848414149081137
истина,5.503410200358887
истина,19.999430974904943
истина,6.248652652655954
истина,2.116107450915923
истина,26.042134208179434
истина,3.4759758431535337
истина,20.70678102057651
истина,25.575515316084505
истина,9.509427876745903
истина,10.962512173958475
истина,14.774593141791085
истина,41.83652593307888
истина,10.967856541610283
истина,14.432987485227432
истина,30.816679516397414
истина,9.563139604405583
истина,18.820487053079592
истина,1.8254598911854045
истина,32.3807944665751
истина,14.095039022937806
истина,4.573553853385192
истина,27.165268870749472
истина,10.863973605814198
истина,6.496907278545886
истина,26.575507839145526
истина,20.036376277864527
истина,3.4537681952139403
истина,5.393087210346792
истина,8.012168714319797
истина,8.408545261040821
истина,3.9412076144433152
истина,6.174058694863445
истина,9.861148734407422
истина,22.580246292543684
истина,11.762183190107873
истина,24.57838288869447
истина,1.6844176598236908
истина,17.49983686521651
истина,42.300865495092964
истина,19.447790071013813
истина,3.2882196751097665
истина,7.585285955493929
истина,33.015065708183876
истина,7.44644736188702
истина,21.163751377787086
истина,15.507822394118849
истина,7.231387527590876
истина,9.900377767324091
истина,17.004215731804447
истина,18.137025863739087
истина,10.121291896822814
истина,2.036447326690323
истина,15.34415674877868
истина,8.892937251203586
истина,7.586786607376942
истина,10.050128823221199
истина,9.721638177079262
истина,4.612607658860033
истина,18.46432191933777
истина,32.055742284243365
истина,26.029497107667584
истина,5.973279701855572
истина,30.53412492509935
истина,18.647534818266944
истина,5.5903213534708875
истина,2.3346672528051657
истина,17.5172965359207
истина,30.82901758272785
истина,8.331192619488565
истина,8.332814328248638
истина,9.462042391757969
истина,11.531800284229691
истина,11.995067787419842
истина,6.351995902625518
истина,10.946559622346443
истина,4.297871551814298
истина,13.317145519800937
истина,6.438525294684328
истина,25.838191918755967
истина,6.831642290828865
истина,33.01741637160705
истина,10.038271442520792
истина,8.199777811576274
истина,24.157114632850988
истина,4.585878175086068
истина,12.795741633279587
истина,16.554349397765147
истина,26.861031862175928
истина,18.3361570142726
истина,27.372128096193173
истина,29.29712755922973
истина,4.981542806906727
истина,8.836013862757126
истина,13.119308673441855
истина,7.054978901072717
истина,49.63875777528581
истина,11.836703976832938
истина,6.273453440557235
истина,17.961438878338807
истина,19.634395791936377
истина,11.340671327972416
истина,29.16565036741122
истина,9.71144165923685
истина,24.610063108189443
истина,6.652347084287184
истина,8.959221391294957
истина,12.968341347786488
истина,14.923468427737996
истина,8.246903536476022
истина,21.644961400350773
истина,11.447031663969236
истина,8.649144794432274
истина,20.953235819664464
истина,7.015900983394717
истина,19.72600900038034
истина,15.447340258512902
истина,10.786581735331225
истина,13.30642409776027
истина,8.05359822334841
истина,20.842998144164554
истина,23.982576433816543
истина,9.52023675858041
истина,32.172478962647915
истина,14.453006356092791
истина,15.02392972820808
истина,17.248543106852267
истина,15.870691283234772
истина,16.546857723304925
истина,3.9820754616239173
истина,6.247533084719955
истина,39.04614259277689
истина,5.4262286526103125
истина,16.125269541415197
истина,41.28016136219469
истина,4.931589742936573
истина,2.0415185038492965
истина,5.236484459355857
истина,39.63989318742796
истина,8.983446850849598
истина,4.626981436144019
истина,20.618569727310174
истина,4.447804602656311
истина,15.648909830216557
истина,12.336467670354685
истина,11.991508302158962
истина,8.858136879818836
истина,37.75523704818536
истина,7.595385393656166
истина,38.30937020748976
истина,9.670409336387381
истина,22.567441826419525
истина,18.563670910559946
истина,22.058895724532363
истина,22.66312642883013
истина,14.49631305620516
истина,4.6228577535713296
истина,23.03406032248963
истина,4.419241398949712
истина,7.830747876037906
истина,10.56686125227259
истина,13.802689770323004
истина,7.525646252909774
истина,4.907231908259149
истина,12.911037951887922
истина,16.30009835616316
истина,6.131089560904513
истина,10.0085166477554
истина,18.20040825197541
истина,7.722729694889091
истина,11.928564677069497
истина,7.405114312690802
истина,35.17176778370727
истина,7.093190183060464
истина,27.079231955001188
истина,6.220535625117284
истина,20.496873561383694
истина,5.683821332257795
истина,27.119810765471048
истина,13.268243232387338
истина,13.430062395660276
истина,21.279246651302206
истина,10.2741145146357
истина,10.715553922070198
истина,13.913457255811604
истина,11.57365233654327
истина,12.821961829253027
истина,14.320702024010508
истина,10.73435330595899
истина,20.401691491500415
истина,12.299658463328452
истина,4.983894946842113
истина,6.976041137384662
истина,10.49156324803057
истина,7.5637355164332725
истина,8.610186246281359
истина,6.487752078971203
истина,19.942750241314506
истина,19.935372175197838
истина,5.018728659849444
истина,4.406003517639495
истина,12.035820737177895
истина,7.853789140372525
истина,24.55537017715467
истина,9.746829592139902
истина,43.500608006205276
истина,8.802602478568739
истина,2.7096740360331255
истина,20.27626607232812
истина,4.873485945489286
истина,16.668297484409784
истина,6.157946450926604
истина,41.79610675761124
истина,24.67204823255022
истина,5.754130588095934
истина,33.87210996363821
истина,9.622036520870052
истина,16.160848272603424
истина,8.869536835510019
истина,21.78478191153542
истина,27.666153568714677
истина,5.046840955189316
истина,25.143394206665374
истина,13.407149516908843
истина,9.843291747205814
истина,8.150927489950819
истина,19.523644798544076
истина,8.580841036994887
истина,35.69095709872519
истина,25.021376536783787
истина,8.408464914023952
истина,25.258464535970397
истина,21.390268877334705
истина,6.3277150807764535
истина,14.988143431347808
истина,19.825250289251507
истина,15.112182211869014
истина,16.338278673705556
истина,14.94075891093257
истина,16.40107446010768
истина,10.200158523553295
истина,10.71699876710816
истина,25.952337098045902
истина,11.007126400878274
истина,12.200411484180142
истина,7.976638480069134
истина,21.907440194771876
истина,16.306960660024757
истина,18.676998048475763
истина,24.872458645560453
истина,33.23240211195771
истина,10.473763391398835
истина,11.59186216523948
истина,14.245257617661315
истина,12.165518812436437
истина,16.005920416252007
истина,14.151947109867786
истина,8.417931593917253
истина,9.72734587897465
истина,17.054291084794876
истина,18.9217578600203
истина,24.946377759043777
истина,9.189063582393148
истина,8.103567493124007
истина,27.925224839145493
истина,15.67245037353429
истина,4.65410358338937
истина,32.65457094504112
истина,5.766152658035729
истина,11.575979799102496
истина,42.07232891029876
истина,11.346878462026652
истина,7.146015277247669
истина,2.8780026556561706
истина,9.633251537733962
истина,5.839880895348422
истина,19.16154535534192
истина,11.847471469754455
истина,9.009675007124015
истина,5.624340205488681
истина,17.582908812665753
истина,5.56956175050931
истина,15.073906834141114
истина,7.605628423667218
истина,23.926372836272975
истина,27.636562319797328
истина,15.047619552254801
истина,12.543772878535759
истина,10.591734637303537
истина,12.413842008822987
истина,5.833485145810283
истина,10.656392149251996
истина,25.75921472709072
истина,5.065145773826941
истина,18.32421932500803
истина,8.32310031235788
истина,26.33543663041729
истина,11.694197930357241
истина,19.036732527505407
истина,9.193701844901842
истина,11.33738530847458
истина,5.870640103779326
истина,33.43518023418715
истина,7.836930973788877
истина,28.016870171651767
истина,4.748562837493974
истина,5.075116738947169
истина,16.404864185674647
истина,4.348590121150101
истина,5.288158942736015
истина,17.23319826928865
истина,8.242440257743105
истина,40.95641561747117
истина,9.871107577030617
истина,23.34363334429089
истина,4.945225293296113
истина,4.652189608001567
истина,11.832895018785628
истина,18.21281914944425
истина,15.65514748009308
истина,16.316430117999126
истина,26.824412358730086
истина,4.922197693835464
истина,9.030036520293997
истина,6.847380341201479
истина,15.367400383966903
истина,0.835335326237209
истина,8.120903171665637
истина,9.461919158379782
истина,2.7804920961918036
истина,12.932021209951655
истина,10.523498480052716
истина,18.52168392360313
истина,12.231844721394896
истина,9.8507339317832
истина,8.996399460554708
истина,6.761802025820105
истина,2.7522002510163537
истина,11.74311843510937
истина,22.501862204764986
истина,6.992416795697384
истина,45.459839231919446
истина,16.360516713512858
истина,33.45950163484416
истина,29.08626500880478
истина,2.5611491807832265
истина,29.28188063771862
истина,28.34138580842027
истина,10.134819952467236
истина,40.09912485815895
истина,12.589993696032598
истина,4.696792823940029
истина,24.422542182038946
истина,8.934640492031726
истина,17.078415667958303
истина,8.086496974490407
истина,19.609178464895514
истина,15.830137100163874
истина,5.035626253043279
истина,13.611677052592903
истина,16.430453906702006
истина,37.23747098163571
истина,19.256687300876614
истина,30.088461778100466
истина,16.984569577420594
истина,19.98709705834733
истина,16.089727986427036
истина,22.573159430694883
истина,5.434266065108
истина,1.948214708942994
истина,14.334159985284144
истина,20.877763083596022
истина,22.896341147821026
истина,15.34788182253786
истина,15.281128250043551
истина,25.101332822400565
истина,18.947978818720447
истина,24.69519811491513
истина,40.5486607512453
истина,9.110682346426085
истина,4.407459660355306
истина,3.4150748582280066
истина,14.599677845220551
истина,5.07865818467778
истина,48.21321585168401
истина,8.303250257299847
истина,43.86076184063115
истина,15.093433298551863
истина,16.479308379561353
истина,8.1699236840911
истина,0.9193065224935708
истина,29.834326943259576
истина,23.053620033965323
истина,15.50202098522107
истина,6.139544987842593
истина,11.699126958719999
истина,13.751959384029298
истина,25.967992235028845
истина,2.583929164249228
истина,30.838456890764007
истина,7.5510555734084255
истина,19.516472924494458
истина,28.128798318832004
истина,5.2411796898303225
истина,9.09807202378602
истина,7.125742691510122
истина,19.265100173846285
истина,15.212346727223895
истина,16.628758037880445
истина,51.290573252883064
истина,22.86563138034137
истина,3.3417310770799427
истина,4.292400249193076
истина,18.95412506156839
истина,8.424601953855944
истина,12.089808018175518
истина,10.911511682784196
истина,23.54462385632265
истина,40.48820061306808
истина,8.207037551813144
истина,10.71594369638218
истина,18.854881929874374
истина,8.868376290258482
истина,20.629378817555097
истина,46.93341787347201
истина,14.41063733183884
истина,12.637306795337171
истина,4.4065247834203465
истина,13.270695676133029
истина,33.24320882405774
истина,5.211766382710246
истина,6.51461038165095
истина,3.8648213455849323
истина,25.433971215799147
истина,21.622849179990634
истина,4.726503883691708
истина,10.029656079980484
истина,13.926256465700774
истина,10.151623792304232
истина,26.310965956681162
истина,13.037479241744112
истина,16.091864679001773
истина,10.717632765955607
истина,35.43810557212902
истина,12.479086114908796
истина,11.609346883266886
истина,7.8598406486074595
истина,17.699423091540847
истина,7.645262417344976
истина,11.99294198452769
истина,10.226559856128501
истина,16.062584460142983
истина,11.574629900101364
истина,27.027478380165956
истина,18.380753440686103
истина,14.994404065213965
истина,12.692242740720118
истина,12.52598659358685
истина,18.523551047073987
истина,24.119458556623258
истина,10.355626684384594
истина,11.855420752532208
истина,6.652428255638325
истина,13.418653586207002
истина,1.8944444760045627
истина,7.056168689853367
истина,11.544573394156991
истина,24.96797064427259
истина,4.057832244955408
истина,2.207928213628491
истина,26.0484236743994
истина,12.636350861849134
истина,9.211740639756135
истина,11.083672920842083
истина,8.197253003611323
истина,28.17161868655712
истина,9.462656291225361
истина,14.492061276278353
истина,30.538876589710835
истина,15.304266270196422
истина,9.080480374333519
истина,17.559573518013273
истина,14.724472043360533
истина,31.109966834682
истина,5.533114130560392
истина,7.495896625574977
истина,13.35708281208479
истина,8.668358859073319
истина,14.165320381000953
истина,3.463081326307022
истина,12.123075155595012
истина,16.9994668321294
истина,42.12692253561869
истина,12.415551785186938
истина,9.614482529060403
истина,2.463608795884764
истина,32.40546399410598
истина,3.7402051714262354
истина,94.42458435694628
истина,21.82421360039546
истина,16.37202144534116
истина,12.016001697882935
истина,11.883728167247426
истина,19.180741898146625
истина,28.63202135086322
истина,3.829165945058567
истина,18.468168664613497
истина,4.6822715971281035
истина,24.0894720396196
истина,18.939341215552112
истина,4.402458938133599
истина,6.8539844794809035
истина,16.979799338260197
истина,28.301747474706
истина,18.488543558703807
истина,10.069993276751699
истина,21.07366849478519
истина,11.860713023399159
истина,21.215742507234236
истина,39.57743364338882
истина,11.084954230854208
истина,20.321318231211364
истина,15.32827825843075
истина,19.58279610000698
истина,24.67982974858648
истина,9.712789874370417
истина,12.73372918656817
истина,9.14563206333473
истина,5.466177083201193
истина,27.12083596685031
истина,8.362742324409295
истина,13.568313831302167
истина,13.102085610108542
истина,16.9679030045554
истина,9.99049844022628
истина,25.129832159069448
истина,11.479136155133737
истина,9.199661324171622
истина,21.78820663951272
истина,6.350865926778862
истина,10.081457298304013
истина,6.932003738375204
истина,8.383161609138124
истина,16.773168027608016
истина,11.796964900920521
истина,9.864734143402588
истина,17.72703451781325
истина,15.276009780497928
истина,7.930124174515017
истина,11.752396530811838
истина,9.488320022043247
истина,25.600408132166358
истина,12.522464995665642
истина,25.93655551026776
истина,11.17636920808551
истина,10.478943735379891
истина,19.209331103121304
истина,6.776836534178409
истина,22.01098173759642
истина,6.854674244828479
истина,11.560099011652717
истина,12.715076781775888
истина,5.9445656330820995
истина,23.968459559929222
истина,18.465470297396116
истина,21.90717555105167
истина,6.371857215280992
истина,22.2242631369829
истина,7.224944111740902
истина,3.6925030896842026
истина,18.75184637380945
истина,14.86132891918868
истина,19.645162894766585
истина,9.522670144547053
истина,17.14092685941128
истина,31.33761365962219
истина,14.306380127130293
истина,15.357219069263845
истина,6.60286075511423
истина,17.99235928023
истина,31.35232494416233
истина,10.833566970600216
истина,21.18214162222892
истина,13.873941487240733
истина,5.136893365547934
истина,9.01957276944808
истина,22.681013981577852
истина,3.6236347149889605
истина,6.81220062199489
истина,3.8205100710905424
истина,16.845315569156895
истина,10.074250544312662
истина,23.82297283559422
истина,23.825107765871785
истина,14.89621365124152
истина,4.46328454172959
истина,6.602099013489752
истина,14.767932738096079
истина,45.592603917018735
истина,31.99535745703669
истина,20.14661616734602
истина,20.029958971819486
истина,21.324445272136614
истина,9.170659671880836
истина,36.60153258917654
истина,15.150547136848491
истина,7.213461158440758
истина,18.912665957270043
истина,21.8999203799047
истина,31.21406464253817
истина,41.25311330971569
истина,11.532928379633518
истина,14.999202836334176
истина,6.467002813441619
истина,8.780752477522938
истина,7.918414738096104
истина,14.596333452078124
истина,18.598907208568473
истина,20.167657222941592
истина,1.5411179419939112
истина,13.492934611774656
истина,13.053131951603294
истина,6.520041256631957
истина,19.935392068401182
истина,7.178718470116699
истина,10.637060010119233
истина,10.148258400127842
истина,13.903121844727876
истина,9.699122022861681
истина,20.00078700411255
истина,9.48273993918447
истина,5.1830878347711185
истина,27.231992043041917
истина,16.224575832815972
истина,26.328756539763017
истина,17.72979489448366
истина,6.445506870115569
истина,4.07708120158552
истина,13.396515309403702
истина,23.07668412991886
истина,10.368688581440093
истина,4.173149991912556
истина,25.80163670098063
истина,10.666229619540104
истина,6.359965784447365
истина,23.802059343609905
истина,20.349058553198454
истина,17.95764303788643
истина,15.028679054540559
истина,16.16044320736522
истина,23.30625473487634
истина,3.486408202190463
истина,9.794236948235007
истина,11.278485698806776
истина,21.751142040651757
истина,25.541415727611522
истина,21.685388199371573
истина,5.085729649802903
истина,3.9623638185963053
истина,21.701332345302013
истина,2.497899143908888
истина,7.880939200708527
истина,8.095448723675423
истина,37.894250105337804
истина,16.254146119132532
истина,9.832531044835576
истина,30.440881049364652
истина,9.896491832947987
истина,11.8251926674195
истина,18.823324418103574
истина,1.6266977308343333
истина,10.490833409024303
истина,16.803104241680657
истина,11.719386965862192
истина,14.184702759712678
истина,10.674731570570263
истина,7.640851597785167
истина,8.216599188419544
истина,11.459531010216548
истина,2.5715135452329143
истина,11.864572564260616
истина,16.87283439652472
истина,23.22011807371952
истина,19.3835026184672
истина,19.90112792376813
истина,6.394168724125878
истина,31.564835175736068
истина,6.649512843571875
истина,2.4554094694747723
истина,20.243700025906108
истина,3.174172199436266
истина,7.087514713561501
истина,11.808882253001027
истина,9.579373512923414
истина,3.5004658284006394
истина,3.821411855696274
истина,15.16337918594629
истина,24.813110132106278
истина,17.724531602876972
истина,15.714598650716733
истина,8.617597822052296
истина,10.874453424533623
истина,22.696374419945847
истина,4.046484756275415
истина,7.690677777536125
истина,3.869169584408845
истина,8.696420950466766
истина,10.158889006881344
истина,5.930661554086335
истина,30.780915509821355
истина,10.115230419851102
истина,11.096448783846153
истина,12.485714545111568
истина,54.2015826471342
истина,13.97852137962535
истина,11.860583160308508
истина,8.501780026325891
истина,6.125623454603482
истина,25.406469687290013
истина,6.371469643010155
истина,20.38706060142214
истина,9.62003797828488
истина,8.299346456465377
истина,10.8899970690048
истина,24.152831342624467
истина,4.476710330159951
истина,16.635592720808976
истина,7.989846467669948
истина,22.57313622047052
истина,48.55271418422571
истина,19.495350903311053
истина,27.44253017592812
истина,12.226851962769581
истина,5.434516099933146
истина,13.893692303109928
истина,14.033381044140693
истина,24.606691006107024
истина,22.906064546171198
истина,21.88748660881997
истина,19.316372018308396
истина,14.708959460640456
истина,15.320070079947335
истина,16.45212519169337
истина,5.971812004842132
истина,5.148819049242279
истина,10.754181113688691
истина,31.84360050755768
истина,7.044388229069743
истина,24.533380779543926
истина,5.54312503209719
истина,9.225256492226647
истина,9.381126694768035
истина,25.759475094758333
истина,11.083550579120969
истина,15.375917320773002
истина,1.8073227470853828
истина,6.904103677996344
истина,20.023640537634485
истина,12.35708682679225
истина,53.41678984729513
истина,14.558033147453303
истина,14.57355703991072
истина,15.895427229892228
истина,4.040498488273235
истина,17.1653881420359
истина,28.620769272173355
истина,15.351725565537297
истина,7.923956035706805
истина,1.9986165057532015
истина,3.3887907677088878
истина,19.66976622406909
истина,16.687616543084136
истина,18.427285161131376
истина,16.699604187699407
истина,13.506422738480605
истина,26.378147580186543
истина,4.667153285439075
истина,11.560783540616269
истина,40.341745999434195
истина,8.888421109949293
истина,12.546592362068045
истина,20.20816292643088
истина,13.500590992713747
истина,35.144142688309785
истина,4.952355872651456
истина,26.813663369939494
истина,7.7816946354067245
истина,15.176806297822235
истина,7.403146216811328
истина,3.6850743458431814
истина,9.142760255673524
истина,49.458754807768656
истина,5.959109461974328
истина,6.008379396658713
истина,8.153097186684432
истина,6.1801969891935675
истина,18.541024494458195
истина,5.892764234943353
истина,21.041339761563147
истина,20.663637100196226
истина,19.38181800232611
истина,5.900853725608378
истина,2.5448995461825223
истина,29.20881895788262
истина,11.785787632608816
истина,3.1542043522314227
истина,20.34477649530264
истина,15.989960402163842
истина,8.881079540182531
истина,16.84414348476682
истина,17.698470817246744
истина,19.804735630521808
истина,19.173921400549222
истина,16.34505695274153
истина,6.641352539358993
истина,6.071908541531694
истина,16.165773918871754
истина,12.379823040708345
истина,11.16117423811534
истина,13.166437123464146
истина,14.269695149723967
истина,9.480420275556789
истина,7.42213665600139
истина,6.054128278937044
истина,10.99481830398636
истина,53.92274754525966
истина,3.3520684506100062
истина,12.200918932463145
истина,11.051349524292782
истина,17.351746832497312
истина,21.79696447150763
истина,35.30409421537908
истина,16.951379017007707
истина,21.03947538642366
истина,28.24262547713756
истина,8.359142535485411
истина,9.349578322091517
истина,25.668149724332302
истина,4.638264867196897
истина,7.766280613222909
истина,19.156112867368897
истина,15.124194756916811
истина,15.9685424247156
истина,14.24218484840917
истина,13.378312987834732
истина,9.18371053025844
истина,16.726941615427695
истина,30.265024518647024
истина,16.907392009985564
истина,13.298860920047762
истина,28.14381988367387
истина,10.941312051747529
истина,20.42097512766278
истина,4.665973775219508
истина,10.595738988132457
истина,36.23990092513995
истина,14.631740536753203
истина,3.395263396729554
истина,9.076762122199025
истина,19.66701536976482
истина,12.727753763423081
истина,9.941693351719767
истина,3.1683163700571635
истина,15.260757821532446
истина,13.379820958066501
истина,4.648771102490327
истина,10.580245604395225
истина,2.4024941540604154
истина,15.477982373613656
истина,6.787986721730087
истина,15.59486180482813
истина,17.717094222571628
истина,16.973965762230467
истина,23.27804173270851
истина,7.400469729094933
истина,26.529551298447814
истина,3.892894713119768
истина,24.65594232028283
истина,3.717328825212906
истина,34.33027874004077
истина,14.803159467833739
истина,14.522347956203436
истина,29.923073567952187
истина,7.60951580833016
истина,4.815943922211678
истина,6.467322625682865
истина,17.880375353339353
истина,26.038326949685917
истина,13.95353767351392
истина,18.58700170674769
истина,16.101357391892215
истина,6.626406821546013
истина,7.350114842809831
истина,24.102579851013253
истина,21.919252083501632
истина,2.0105405620993744
истина,7.620542968198158
истина,6.748172325595547
истина,9.283366209529627
истина,4.804723353293725
истина,34.96336557464905
истина,31.425350779224758
истина,4.2946630230738485
истина,7.1174552936873905
истина,23.109725086908725
истина,22.177725266629924
истина,7.3477249489366985
истина,14.99741478318127
истина,17.28953436086652
истина,10.66866799743113
истина,14.766423053826975
истина,35.44869224474939
истина,4.849029404474664
истина,26.126516565603286
истина,7.360170376364729
истина,20.205622857120268
истина,7.676927631933952
истина,13.364953481814872
истина,15.989251387260895
истина,16.031733903163335
истина,32.93133946849812
истина,9.381981801043484
истина,5.786963669753582
истина,8.168193148586823
истина,10.973184487764415
истина,26.23051739590762
истина,12.375716191402148
истина,22.68077802299454
истина,16.218657317087803
истина,22.652388655827313
истина,17.576449555416175
истина,31.37808767060191
истина,16.217171368795455
истина,16.220095258807753
истина,31.055071341571683
истина,8.59590898091811
истина,10.502539662555767
истина,42.49940496108849
истина,10.227012750535742
истина,24.96870261201438
истина,8.313982525565848
истина,15.036743895076418
истина,16.04423231419272
истина,8.126409905321205
истина,24.923483666460722
истина,11.160803426134656
истина,33.64908961455879
истина,18.119053994772614
истина,13.12171079611651
истина,3.575497160767527
истина,10.387797197408776
истина,8.391452848191557
истина,9.969955466261345
истина,14.191346210514366
истина,27.021915013197834
истина,14.237693627502427
истина,8.055850620410798
истина,19.700020278792618
истина,6.135506352223421
истина,11.8574812249381
истина,7.185746433784014
истина,14.326383446072665
истина,22.40440130411479
истина,51.73857728672582
истина,2.442522501413244
истина,22.035669814562105
истина,9.650544262861608
истина,36.74736335751901
истина,28.324007793382265
истина,54.44512051048231
истина,6.300033578457848
истина,28.707053835469576
истина,21.349926180356476
истина,16.709595094152604
истина,8.915545741217766
истина,5.087080719949314
истина,62.293432475468755
истина,3.714191901645134
истина,22.91214318969722
истина,8.983705709219949
истина,12.758219990803639
истина,8.187812974498572
истина,6.1457553942373
истина,16.259595509342372
истина,5.3843964044336365
истина,17.82074025817502
истина,28.724361307621532
истина,6.621512108541104
истина,13.325927476017629
истина,15.394363041668514
истина,24.568090639777125
истина,15.249575922227972
истина,11.55433895990787
истина,4.841636159678119
истина,5.834711798618963
истина,10.48555272039767
истина,9.4244940713795
истина,15.253879998757192
истина,25.709556786120093
истина,36.6377515215306
истина,38.42801841879569
истина,5.9315616699539735
истина,2.1081231392516866
истина,9.140903538786404
истина,12.401085414606015
истина,17.699077728660047
истина,4.834724861670298
истина,7.475188904459614
истина,1.5341739542672306
истина,10.087222076866027
истина,26.56413669577183
истина,8.652834732879128
истина,5.606945827089795
истина,24.16490258039251
истина,3.680737103415466
истина,34.92906841115526
истина,10.221221882760176
истина,34.70342205047665
истина,13.957459322690902
истина,21.90420647941689
истина,9.880987786458252
истина,27.650342491498336
истина,8.891748379937326
истина,35.27121239522992
истина,29.557276098730988
истина,10.890120650015563
истина,2.093067200400455
истина,15.12468984103577
истина,48.593351435586385
истина,8.825959368064868
истина,26.431276304121162
истина,12.110112899010613
истина,10.96195673369855
истина,4.130458354945613
истина,6.856697972766581
истина,15.42289302486798
истина,18.18208301450002
истина,11.281123129677681
истина,1.5177086230997383
истина,12.496289284893479
истина,2.8836983130855547
истина,6.8881043616747695
истина,13.914632063280644
истина,6.542046275466134
истина,8.091676238823537
истина,7.890421828522422
истина,13.607435488522544
истина,12.143281776780597
истина,18.363515587179904
истина,16.603332153688825
истина,33.42904940695792
истина,7.011895634492589
истина,19.389898444037883
истина,10.807174681001447
истина,10.291610381881863
истина,7.3041713926330285
истина,25.17257408169353
истина,43.974216006218086
истина,14.475188044197553
истина,9.37914208179167
истина,13.699423660151766
истина,30.690414306152014
истина,6.147617225822438
истина,29.501350918553186
истина,20.537074734389527
истина,13.868557909643139
истина,20.587558368337184
истина,46.28423241371041
истина,4.864691567619993
истина,11.648213058197577
истина,14.846980888244829
истина,1.7008649384922356
истина,33.05359110734218
истина,18.559183842780207
истина,6.020856950898057
истина,30.759550482981368
истина,21.4769169388041
истина,15.391719582125479
истина,11.95406732335033
истина,18.156129741389567
истина,8.402916583606682
истина,18.09666973119228
истина,3.818467059280338
истина,18.415481786077898
истина,27.742980298157335
истина,25.659963159221466
истина,9.632069566732863
истина,30.45034890167792
истина,5.404570839955669
истина,6.127253134532248
истина,20.591754448508993
истина,7.518798758802848
истина,8.854350752590072
истина,2.1116905190213564
истина,6.459613409057914
истина,12.919192827630539
истина,5.702835079138536
истина,5.897923492108857
истина,19.840721702212605
истина,15.23896775901957
истина,7.54162049607095
истина,22.38639455716815
истина,28.025044265223706
истина,9.17349116485551
истина,31.957357712979448
истина,15.297892067081111
истина,21.658331819978166
истина,32.616203731830765
истина,11.126412260896256
истина,19.891044076154905
истина,17.66166618895885
истина,5.806884882421862
истина,15.15293796738706
истина,32.12306623663831
истина,14.048115618059636
истина,27.00924153332941
истина,9.13444868450681
истина,9.77622948332553
истина,2.972392005448932
истина,24.499381963031514
истина,35.04532349941933
истина,14.577426574099025
истина,23.35963233033103
истина,7.947400222351509
истина,23.49335762385026
истина,5.453579778633144
истина,16.52409295541988
истина,15.514448910564774
истина,5.064541503288858
истина,22.243039724709522
истина,27.060603694561983
истина,22.729041676194996
истина,10.246831930088394
истина,15.929843503006053
истина,3.9565071834101526
истина,24.55112898466275
истина,3.2989462703196826
истина,2.70046736147616
истина,44.500659750405276
истина,19.80105066249388
истина,14.010446817731934
истина,5.367118786298863
истина,9.616774137870479
истина,24.896275597407396
истина,18.298468496698934
истина,7.722366573364132
истина,8.502575485738147
истина,15.747988764601722
истина,8.7746123618124
истина,5.032977340261742
истина,26.868595998998025
истина,39.8018459606768
истина,5.101683948836201
истина,17.22879639505534
истина,12.514763023570243
истина,9.369448959065489
истина,27.458910002686313
истина,13.719447693049165
истина,12.803100642484527
истина,21.59491402111869
истина,16.747887705461455
истина,10.621219671214146
истина,27.46972800392821
истина,44.66442871155592
истина,41.51335522712757
истина,27.63267609203022
истина,15.157278924055744
истина,39.44524466779052
истина,30.65441438733145
истина,4.0216860603152735
истина,12.637711966899692
истина,5.281202200091639
истина,7.248161109502794
истина,8.278776143050854
истина,22.879624714371992
истина,7.28219515729444
истина,34.969916970859096
истина,8.886061328763716
истина,12.387163164143045
истина,28.63967142703081
истина,4.439888396319278
истина,31.88846326480398
истина,25.92046024654461
истина,24.33213275794994
истина,4.443273959712823
истина,4.540686086337644
истина,3.5091677098020706
истина,9.318507165955573
истина,26.316541018221844
истина,14.173352980253178
истина,15.63213622427264
истина,9.864992329193932
истина,7.000456211367849
истина,20.78515591183094
истина,67.38018537372274
истина,8.606898492695981
истина,26.036317822869684
истина,17.29613135789481
истина,8.273966895956079
истина,2.6560675299407492
истина,10.528007220182701
истина,6.790707894625891
истина,9.278018207493865
истина,10.85400388052966
истина,12.621450873077187
истина,19.794664407699422
истина,10.333114153875844
истина,7.1946577678704795
истина,8.75203882315386
истина,14.35458397016286
истина,13.806693413192574
истина,17.478902301777097
истина,21.44330630570989
истина,38.36972657853625
истина,15.640677200674384
истина,5.72758839843068
истина,64.5941746277504
истина,5.750405661219611
истина,24.320375744086004
истина,23.169289730907323
истина,46.055678935775546
истина,15.664632151389698
истина,7.78235304793098
истина,39.34484460595234
истина,12.416544541104738
истина,5.732464637169967
истина,20.455037741382274
истина,20.403308649539735
истина,10.47012331510442
истина,12.842928964297785
истина,26.47390788075405
истина,15.724438243836826
истина,6.811779496066132
истина,16.187205922314725
истина,3.9918173064588878
истина,15.536856370536999
истина,5.423236719158703
истина,17.941792385006025
истина,18.347728974782218
истина,17.814876215584363
истина,13.490028439934697
истина,42.140229161409025
истина,19.807309984083005
истина,3.4607752607926865
истина,32.17568383492153
истина,16.221721488524498
истина,37.967346997979156
истина,14.090232103968644
истина,17.289926985260472
истина,28.366713450780523
истина,58.25260591656749
истина,7.09564207538103
истина,60.14547319074908
истина,5.7153432622432945
истина,15.806828022173764
истина,8.622860383233238
истина,29.65907551171949
истина,18.72342535581616
истина,5.315234798326108
истина,3.3923459365850497
истина,8.15123976094526
истина,28.338312479172913
истина,14.901150255466852
истина,5.152090569918853
истина,10.694822648127843
истина,17.64214063325376
истина,27.87362191267533
истина,4.947349489646833
истина,10.854056751959458
истина,12.696284708657114
истина,6.342479934760593
истина,11.866392788769158
истина,18.182847364889327
истина,12.488741560806254
истина,7.127203038189914
истина,11.597572148247481
истина,14.208352122578127
истина,25.89393907870135
истина,13.366892484119901
истина,5.167853869269543
истина,27.802952381045074
истина,16.289719924713776
истина,4.955364515631966
истина,16.27111860359602
истина,10.719956798747106
истина,4.939047608490094
истина,27.901056795174238
истина,24.5776160184779
истина,33.7847150005253
истина,10.262786909883626
истина,28.427314595560937
истина,15.098242837243466
истина,6.176415591070409
истина,10.199933776158641
истина,20.832267387431088
истина,7.117877928925271
истина,35.96736722611507
истина,9.45566593610724
истина,24.4514848590015
истина,10.472317854474475
истина,15.058573525107652
истина,28.612202615095704
истина,21.37576081057959
истина,8.007337718737125
истина,4.9231004062825185
истина,20.72003938545109
истина,18.95057992387426
истина,8.813369681435008
истина,20.756476142166825
истина,17.21492984851679
истина,15.498558299806787
истина,10.293039431583324
истина,13.372647428695638
истина,3.244750208174283
истина,15.083063306481172
истина,17.807247654444147
истина,22.456418968881213
истина,22.96230458950627
истина,9.022466214088539
истина,18.66903768547665
истина,12.178773338013803
истина,23.17381857596132
истина,23.50074985031673
истина,15.488235931891165
истина,18.933162566271626
истина,8.34121114697836
истина,14.745022026358095
истина,8.426934369925352
истина,15.141317022507012
истина,14.918926120717497
истина,27.346926070454703
истина,11.606155166329245
истина,8.38535986785333
истина,21.058344779105497
истина,24.985492592884917
истина,45.87372201951669
истина,10.033796814013918
истина,26.429128287111304
истина,19.646384597202967
истина,8.302483185084263
истина,28.975008292893
истина,18.398657155647495
истина,13.680388530252614
истина,9.173192037152928
истина,23.235850359874142
истина,4.695269552456215
истина,33.280030171839755
истина,6.644747293565081
истина,22.6356056030419
истина,16.61017368076972
истина,7.6335097850658205
истина,16.014841416174264
истина,5.308617208739569
истина,9.472771649810396
истина,27.26800523488769
истина,13.334007675882596
истина,1.7863030706599254
истина,15.2111359789643
истина,19.922900802454528
истина,11.224285557209505
истина,11.105542457402205
истина,5.185123191401133
истина,12.365016856893018
истина,5.220379032600816
истина,16.32839357002389
истина,13.37055384424667
истина,12.057345715446791
истина,22.572618376468615
истина,5.823383544293137
истина,7.651648950574854
истина,5.698413816933652
истина,10.757767062746895
истина,21.61206915002211
истина,7.433389591319752
истина,32.019508342383894
истина,57.895822877203805
истина,14.425153152025946
истина,12.460850625606092
истина,2.6734906294091214
истина,11.081518773835716
истина,3.1541264111175145
истина,21.42690902397149
истина,27.360465588214613
истина,7.688381374439179
истина,15.206973743094299
истина,6.740771138626908
истина,10.621103945047384
истина,23.331418201914524
истина,9.1908081938023
истина,13.645242732244586
истина,10.449476727148138
истина,19.02492814772985
истина,18.00893679154086
истина,16.4399334728425
истина,25.15132432840534
истина,13.968006806171282
истина,6.344437361687312
истина,20.337138862162533
истина,28.368411471457453
истина,12.232693635381935
истина,5.315385378305026
истина,10.00689667100643
истина,22.743629270485897
истина,24.23554979237519
истина,53.73195678504779
истина,18.30229789456544
истина,9.656163975622654
истина,30.765924894191727
истина,30.312092752169
истина,15.966364575465311
истина,14.618004774631725
истина,5.92328242519175
истина,13.433332813191242
истина,26.883847931106054
истина,13.625699001534098
истина,5.894974117077474
истина,16.235131446069126
истина,4.084409660094988
истина,20.616229697771242
истина,27.018008017321527
истина,23.92705892574157
истина,20.026621222239058
истина,3.721506493199315
истина,15.978253034553365
истина,11.266844499444389
истина,5.393867158837075
истина,11.709518014984715
истина,41.98861190359088
истина,10.856443874909047
истина,14.517803524313553
истина,21.947284707601387
истина,16.58668729177944
истина,40.09118679853667
истина,9.441510697724517
истина,33.269319502429674
истина,13.271251087401646
истина,14.748613454898724
истина,9.513022274261727
истина,37.110046678050495
истина,5.264043359349546
истина,7.928952677154617
истина,23.031344214044218
истина,3.7129500255325087
истина,4.397821598206943
истина,5.926452759474373
истина,13.153232726093849
истина,19.34008276124159
истина,8.125737341444392
истина,18.625161125167583
истина,28.717266060556828
истина,5.771387695433315
истина,21.462052221210122
истина,23.43031099169141
истина,5.52330744708677
истина,5.002102086187234
истина,20.879985329486523
истина,6.207790793368286
истина,8.619162068460245
истина,25.772694495449482
истина,12.209377818316852
истина,16.321835225014205
истина,43.107104907377845
истина,40.91122571592269
истина,9.2373974491766
истина,27.028971838135572
истина,14.560124558868592
истина,6.293260745907784
истина,28.213220161448177
истина,9.009302952119334
истина,32.298836328175994
истина,9.283985054015297
истина,15.0766648936675
истина,23.975120595379547
истина,11.732066382168195
истина,8.875868250479826
истина,5.519036691896867
истина,37.93111630474094
истина,1.7593497559280484
истина,42.012621700241965
истина,15.166625683016706
истина,18.877636423826566
истина,15.552163066782178
истина,10.074088322480229
истина,16.380904834732114
истина,6.4949697904083195
истина,6.532401173073021
истина,6.948084896495704
истина,3.9143218067996974
истина,4.458961278714836
истина,34.20584201577833
истина,27.644358141960183
истина,6.500077904894133
истина,18.472709282927777
истина,15.595688142701462
истина,8.248561654337632
истина,19.96435118176951
истина,12.023269357370978
истина,31.603299886197632
истина,10.568442957946575
истина,6.5479596303456
истина,36.49476065759217
истина,5.204652598129014
истина,13.856712596860717
истина,21.035188580363453
истина,21.178019228363947
истина,37.6027904641016
истина,4.395614288023968
истина,15.316870499738275
истина,20.280066866930508
истина,2.23453317610279
истина,26.21230934353432
истина,14.04289313460816
истина,20.712128268569774
истина,2.377651626769574
истина,9.908635946695169
истина,5.56281014132189
истина,26.42022921796363
истина,11.653367767342731
истина,30.026169470058107
истина,5.013887499523786
истина,24.67356006809154
истина,23.281811853659317
истина,10.458823744001183
истина,8.285833638684316
истина,16.93940417384305
истина,4.3173319877713165
истина,5.566923501885591
истина,19.453437637438384
истина,25.19903251501653
истина,9.867271487310731
истина,10.80821917167822
истина,12.3279983371411
истина,15.773192550277729
истина,8.78047356147164
истина,18.52100096677657
истина,4.015419450644115
истина,11.87828776143131
истина,9.55232433863404
истина,8.52691264901851
истина,23.04984430295344
истина,20.683995249981926
истина,19.082711886189465
истина,9.007156184738745
истина,7.0072542884282125
истина,25.93112945195623
истина,3.6811755023410946
истина,19.616875502284632
истина,18.074175618569118
истина,6.847480890244509
истина,27.21008980103352
истина,11.862182610513223
истина,11.21433595418064
истина,7.089936377831091
истина,28.241441478258157
истина,25.153815948848592
истина,23.65553681457569
истина,10.307986257327725
истина,15.840693014248288
истина,15.89449808132739
истина,17.06519526013861
истина,12.890619860176235
истина,13.214086751353921
истина,24.54693794816089
истина,14.94212094274996
истина,5.691215448179075
истина,11.930994981958836
истина,16.54269904490495
истина,15.897822813846624
истина,22.373909955541652
истина,20.10024757306544
истина,6.818031834690619
истина,8.042109047765367
истина,45.98149822574549
истина,13.998710835259061
истина,17.46705153178008
истина,24.89972226903565
истина,10.848220272515317
истина,24.827971274623692
истина,15.405396462810259
истина,16.533281982654852
истина,8.084109663064497
истина,13.539825250740611
истина,12.31035064913603
истина,8.148316726774798
истина,10.329571704452317
истина,10.294389843697804
истина,4.904592439160378
истина,29.52842015490045
истина,21.700428002024427
истина,31.463076822786423
истина,14.107663209881025
истина,18.10709642220843
истина,6.332663051952449
истина,30.139130419536833
истина,6.7980229313513885
истина,8.508369477614725
истина,25.512312306031927
истина,3.6292826986583755
истина,42.91186326903539
истина,5.288180758687027
истина,12.27070348928872
истина,9.529152112550832
истина,12.862760934559642
истина,16.475203446415932
истина,5.363869446775308
истина,10.369271748235237
истина,34.642096192767845
истина,7.081954627682485
истина,23.75545689415725
истина,3.7154588113510307
истина,13.646926362543496
истина,3.849211996616322
истина,35.61783129586861
истина,20.885722418055774
истина,37.379720451414215
истина,17.122792183762733
истина,5.942766579833105
истина,16.125766729946456
истина,11.807521874739951
истина,4.298166214111717
истина,14.2577909508191
истина,6.301636459788499
истина,7.360789208106633
истина,16.0044333010583
истина,12.347500235882409
истина,19.26714185256248
истина,5.274828183963892
истина,11.947870902063725
истина,15.963024222487494
истина,5.7174321165998
истина,6.7285925657778165
истина,17.063085679034373
истина,14.308657713945093
истина,8.147317614367715
истина,8.280819604060977
истина,15.180781084149901
истина,9.513495027341685
истина,3.244644927685547
истина,17.068640173023407
истина,8.309430205757389
истина,4.192757452362133
истина,34.977511429914415
истина,12.66652031949732
истина,14.881443571375478
истина,13.602738330147986
истина,14.977032889213284
истина,11.783104595901218
истина,8.620177343029052
истина,17.823939845159504
истина,11.779429203615763
истина,6.835999895630979
истина,8.049850772954862
истина,12.603261187070405
истина,10.180968580805226
истина,18.341674603718
истина,11.605929878488464
истина,16.52803433422195
истина,10.855179986269864
истина,16.070998715524357
истина,34.12185852089084
истина,37.06953843942277
истина,20.12412877344457
истина,9.584273617388256
истина,11.550735681638036
истина,15.391366071291484
истина,38.21601707892825
истина,4.64337570942612
истина,20.533496318378166
истина,14.405182484713592
истина,8.21118376829472
истина,19.150075478207285
истина,18.38221948546175
истина,40.792166324199755
истина,2.631772942695193
истина,2.7727782491711803
истина,27.137542187936415
истина,1.594044809092236
истина,5.293229651487575
истина,6.139794858573
истина,16.32155157623946
истина,4.168148737344229
истина,33.68064494609562
истина,13.738858561086698
истина,30.736582295891722
истина,5.706659164199364
истина,20.696261926812525
истина,6.616679599453751
истина,14.563607040462866
истина,3.214088741308509
истина,12.92273601407891
истина,15.17375754555751
истина,7.39183830355301
истина,7.519257768571883
истина,30.237045496947207
истина,25.830394596427553
истина,15.681800335903407
истина,9.633435233856899
истина,17.36429170365539
истина,25.98091333138166
истина,8.166150045871184
истина,13.96856090286079
истина,13.42820683945095
истина,4.842293356188205
истина,3.4840026904968164
истина,24.234800809013713
истина,2.819898183522533
истина,44.47995000497411
истина,8.74981487763341
истина,7.792767610600971
истина,1.3226344142231947
истина,14.442298312771674
истина,37.101210248192736
истина,16.55253247924873
истина,8.47751497101607
истина,15.537140081521153
истина,33.33112862256534
истина,24.303199372111298
истина,14.406730604040495
истина,18.843455682854632
истина,14.28631508204661
истина,36.71097257903992
истина,9.866004875859195
истина,15.060196794699797
истина,24.480074732845498
истина,17.291158213869867
истина,11.908853768448468
истина,3.290817132038207
истина,15.567124869545692
истина,17.956052129359335
истина,2.967025754158756
истина,14.334556142901178
истина,9.605192288574136
истина,12.888383555088634
истина,12.389514885754888
истина,4.071807178639398
истина,30.83193996740968
истина,16.496127584891415
истина,22.04934924287891
истина,9.273283426206248
истина,26.331386933307478
истина,23.97893414599001
истина,18.167239826391274
истина,17.24762684621328
истина,11.935417559053636
истина,19.47338867549612
истина,34.46986331915955
истина,26.581309011809658
истина,6.40714562417331
истина,1.9829867619823527
истина,8.223351030991196
истина,20.377646100080973
истина,8.856338305486693
истина,16.757039736636305
истина,11.695879607225503
истина,5.376032177297102
истина,8.70184558763436
истина,14.015375403857444
истина,30.697312413354823
истина,9.168666234180595
истина,2.0210641722016076
истина,5.579356546805028
истина,3.1054115392326738
истина,25.79837849398476
истина,14.033514412217098
истина,12.25819270694459
истина,17.190008048397097
истина,3.208897589374141
истина,8.717420295325496
истина,20.116458331054716
истина,7.776236669619612
истина,6.066145788768002
истина,41.96339349091048
истина,16.365951774902328
истина,18.176920118295975
истина,30.792839112051517
истина,10.985251310747094
истина,18.584298135713965
истина,21.854664707412716
истина,17.405311496971564
истина,8.33888313501767
истина,22.6413503979585
истина,10.772962841730905
истина,21.591158607103146
истина,10.90776735339149
истина,5.3579942550489
истина,5.376189346101022
истина,4.721452184507492
истина,7.781311940172124
истина,6.449463672189266
истина,4.964796608070426
истина,10.342520312331715
истина,8.85665073958214
истина,12.10250649548399
истина,12.792172552712003
истина,9.679726967590126
истина,13.048926819780455
истина,7.15362000478847
истина,13.402329851834892
истина,24.486702353792072
истина,16.737641547463706
истина,9.501736654702233
истина,12.99881527681511
истина,17.002931825568304
истина,4.156916536668644
истина,11.811671204106297
истина,12.24256286675121
истина,29.377495569101427
истина,7.443949555034028
истина,16.443025508991674
истина,15.900389967438809
истина,9.810848906480363
истина,39.58917193826785
истина,13.772961149393836
истина,4.695759941999762
истина,7.526021866834902
истина,48.37293338036449
истина,25.993413131502514
истина,9.708530315275814
истина,22.54319217901974
истина,10.305798516167693
истина,12.469645386378577
истина,8.88523537725237
истина,15.764761368963566
истина,33.485654110875714
истина,17.59221135654021
истина,4.9358398665290535
истина,12.593678689286406
истина,25.66752624661548
истина,34.74309931542658
истина,11.972147320373232
истина,22.796707482003704
истина,25.320725752707354
истина,8.754871034716581
истина,7.860936562598615
истина,13.848199720051815
истина,18.955789074697623
истина,25.418198298315225
истина,34.02920475826655
истина,10.239300154234567
истина,13.513156445306848
истина,18.55106463448208
истина,12.888913950452464
истина,7.633935580985186
истина,11.490028292233955
истина,10.211465552629985
истина,15.038362958201427
истина,12.15685403222722
истина,21.54183256232785
истина,8.57213795130584
истина,26.868159431992126
истина,24.369843924728112
истина,12.63084899599331
истина,26.224461213773413
истина,35.25085082015741
истина,14.426110629190003
истина,13.199905478929946
истина,6.517971572733661
истина,7.001174890907751
истина,1.650744960944812
истина,12.161990420148035
истина,9.247420676317763
истина,12.738865022337588
истина,4.894403107974538
истина,17.938774628045813
истина,8.840155965308252
истина,2.1497946893699513
истина,7.445883635528475
истина,16.794229185019375
истина,6.9270252405419575
истина,23.7270465606763
истина,18.53307878545516
истина,35.48128187175956
истина,18.780441552074603
истина,5.23802379831634
истина,14.715315310171427
истина,9.524314794240343
истина,9.836677500804901
истина,13.019834782865217
истина,7.706583385404883
истина,6.332712080108841
истина,9.086273408086155
истина,17.96052681569515
истина,37.737591586703225
истина,3.959933587047665
истина,15.655621396698043
истина,11.266215614328143
истина,8.692143214003083
истина,5.240862439450794
истина,10.19636323781639
истина,7.997648369035016
истина,5.478233933515936
истина,14.39096631792046
истина,44.69739891435804
истина,12.620430817003594
истина,16.645950315921137
истина,6.69863576463691
истина,23.40501752882207
истина,10.110048440665338
истина,35.70150942741968
истина,8.729160325274881
истина,28.840594716923203
истина,14.979943008672882
истина,10.769465755910192
истина,28.585261194825613
истина,19.355748839251355
истина,7.021748963778038
истина,11.096483719334476
истина,35.07377102529851
истина,6.069481881656943
истина,3.159448973570644
истина,17.050821541494617
истина,5.374523078048598
истина,13.284441524530795
истина,14.544115205726069
истина,12.515028265217605
истина,14.350052140166776
истина,11.394214935797496
истина,3.65618543571023
истина,5.593194340518571
истина,31.03736943829116
истина,6.0872242527303335
истина,39.29286554990626
истина,6.933701152047318
истина,9.30571383425998
истина,10.911600737072638
истина,8.161903392064668
истина,27.002723502983656
истина,11.870150900434945
истина,12.109150262901137
истина,31.267482516972514
истина,12.625712584667413
истина,17.98163495778714
истина,3.7556162251122904
истина,24.588077666537657
истина,19.205816616572427
истина,11.36021587153499
истина,32.33567351785018
истина,23.25623466225262
истина,12.856327977071164
истина,19.044238396203045
истина,30.37858851944069
истина,1.4969003316331673
истина,12.398501758037657
истина,28.96103558616326
истина,9.483621685625888
истина,4.134110037173086
истина,26.966349828066644
истина,29.003180799377507
истина,15.619118705941924
истина,10.118720917627959
истина,9.675013199693272
истина,9.912026951165943
истина,21.797600207690866
истина,42.90449768016481
истина,28.245937548849557
истина,22.561042301761383
истина,54.283628057613534
истина,21.71354894432388
истина,4.149137245271048
истина,9.5682019077425
истина,9.059954197409887
истина,46.3379042782924
истина,20.41408839835691
истина,43.44951006906358
истина,37.129879755078235
истина,5.322776955582944
истина,21.885226311974257
истина,17.901020263418555
истина,18.32027765081192
истина,8.268822231560828
истина,10.5821494733211
истина,4.557753409281951
истина,7.841803908130285
истина,35.72690539708515
истина,18.69221343186453
истина,41.8256999728158
истина,9.673703636684364
истина,15.146668650086987
истина,14.414452789294025
истина,17.3678544105822
истина,12.732188526409075
истина,17.708636937122208
истина,7.218954454729792
истина,38.58105414662971
истина,31.380158578110393
истина,8.052629884239511
истина,30.809987770598013
истина,16.683393232707353
истина,13.254141552308209
истина,8.858946218761178
истина,13.12092918128537
истина,6.261454225263842
истина,32.53966207512481
истина,18.350647254073714
истина,3.053438773298635
истина,11.084410015170668
истина,15.877502358264621
истина,11.921836543270537
истина,25.53158453922091
истина,9.820748934014727
истина,5.277629511951588
истина,28.735828609714304
истина,22.12840447182464
истина,9.523179704999013
истина,3.383266591698527
истина,4.115957266544082
истина,8.357086295046695
истина,7.013436256383706
истина,23.211709773647783
истина,19.784316708932806
истина,6.83566849265535
истина,29.031570368524612
истина,21.687482688659095
истина,30.045465963564908
истина,10.865774001081409
истина,32.63940224297507
истина,49.35381004928332
истина,13.275276529400513
истина,8.07817359606617
истина,9.597860528278812
истина,6.347912006657726
истина,0.45778356230962236
истина,13.098116195211274
истина,21.69982515180211
истина,24.905332981413835
истина,15.203643638922308
истина,13.99636219639675
истина,17.612386856644683
истина,9.275497087193074
истина,4.719022162414021
истина,13.84289488146683
истина,13.84126688867563
истина,10.96968506163251
истина,23.092796735818794
истина,7.062993951450255
истина,9.985594378488962
истина,10.421756529180033
истина,5.002370369111657
истина,4.294116117768189
истина,38.247757770207826
истина,11.770255305489716
истина,13.282034272763728
истина,11.76778734040985
истина,19.063960477228324
истина,10.081162939375215
истина,11.638923185626417
истина,17.012150915909604
истина,4.9728007591331345
истина,8.903578181239789
истина,6.144300510444705
истина,8.235799445367519
истина,18.563187925285632
истина,16.279583243847643
истина,34.91820942153787
истина,7.413357904098367
истина,35.09479479848683
истина,20.88276679697254
истина,6.8794642421419
истина,18.11627932844293
истина,12.035848346728494
истина,15.728045763259212
истина,15.720587301759863
истина,12.927582363197569
истина,13.309478584965321
истина,16.691958655046918
истина,17.958114469016557
истина,8.281387143956538
истина,27.659606708550523
истина,34.538719210190806
истина,26.997310165589916
истина,8.459233697391928
истина,30.307528997641263
истина,18.95806986211567
истина,10.472148331344812
истина,7.015686282819299
истина,9.661472653258205
истина,8.46467220449928
истина,8.441050177888537
истина,16.29333286813962
истина,12.75652028899433
истина,16.33921585954545
истина,14.65982694315549
истина,8.821748992776248
истина,11.163304064462238
истина,3.187382825405603
истина,17.589106759332978
истина,15.685269774901705
истина,18.753437476732
истина,7.630637567106163
истина,17.46997560028419
истина,17.681479404042243
истина,5.597554506597824
истина,15.523013426924274
истина,10.660803284832772
истина,13.259956793465456
истина,24.792509699499497
истина,13.666865017010675
истина,7.370608536176254
истина,8.178860090517073
истина,11.116374339333214
истина,27.435014826601506
истина,12.618673104921456
истина,9.82591403688115
истина,18.21899506897124
истина,38.431844069707566
истина,5.7535152018894875
истина,28.60273559465871
истина,16.52238597868432
истина,16.626847947549784
истина,4.764124320500001
истина,8.741732965895496
истина,25.591436024877694
истина,9.506421917486794
истина,10.495856781041388
истина,11.996310764162416
истина,13.590973112172886
истина,18.927758312599284
истина,8.668148709014291
истина,10.126796125318862
истина,15.912107954501316
истина,7.417517294257426
истина,2.26660755260072
истина,12.145656614146889
истина,9.303373697536959
истина,29.25168253508832
истина,4.963062312641462
истина,19.22288355009821
истина,8.334365964886242
истина,33.45323083981196
истина,3.345676325817952
истина,16.049249115879842
истина,7.26748114561692
истина,11.587243241261776
истина,11.851718978672299
истина,19.381738654253468
истина,10.239423385218274
истина,5.511893570964162
истина,10.737099912560637
истина,10.614206856525042
истина,7.890621918646087
истина,22.951416877598987
истина,14.075926557302083
истина,10.677353438158022
истина,7.189455941434947
истина,21.761369227584332
истина,15.159200895661819
истина,5.730742350091416
истина,14.764747846899972
истина,50.83285527639567
истина,21.40025937283389
истина,28.090465382214386
истина,10.185497578120273
истина,6.751239907664701
истина,12.763389264251845
истина,14.857334011477926
истина,11.49534933964989
истина,5.204937046400053
истина,13.353101038187567
истина,18.161692996096544
истина,26.50455898017383
истина,25.166218466450946
истина,6.935932062189185
истина,15.635581151995474
истина,8.235910508689011
истина,10.025121090239228
истина,8.46968004669975
истина,6.354472676090461
истина,6.947359797401934
истина,9.740434653366139
истина,1.184864198422426
истина,13.766034657166804
истина,4.5628379664909495
истина,5.555152438375597
истина,6.073976813174463
истина,6.592842066535219
истина,28.12407032874721
истина,10.801465388453344
истина,29.989304325346666
истина,15.92702830215622
истина,7.534342999040262
истина,19.205043913601834
истина,10.681709410321176
истина,15.820897179790705
истина,23.691234084925163
истина,13.769303608275086
истина,8.072571132499501
истина,13.51022566903328
истина,6.336832094692068
истина,39.01819821963318
истина,23.915204877849497
истина,10.36166666281423
истина,4.235862256561726
истина,7.7493497402615255
истина,8.10666247366287
истина,7.849818199972094
истина,12.113692356093877
истина,4.218015996188042
истина,15.851036294346944
истина,9.650140949766985
истина,17.590762862467805
истина,11.69032041518236
истина,14.725516296020784
истина,18.72167756046653
истина,6.682352301356594
истина,6.373004415964888
истина,12.548095849059962
истина,12.557685891608655
истина,7.326938552970658
истина,34.46883380068424
истина,8.131492730471109
истина,10.1709835035979
истина,7.448990810621557
истина,10.520648429581591
истина,14.857424902492223
истина,39.688728948799685
истина,16.34815063116288
истина,5.926119987278646
истина,8.154880470580139
истина,23.369574230929206
истина,8.227426605119378
истина,8.425709681508877
истина,9.88765319260168
истина,13.707649667691982
истина,29.804541027487005
истина,12.757223652406058
истина,20.06224542953754
истина,8.398824702874988
истина,6.413104700683167
истина,22.850964765907694
истина,4.504080605454679
истина,11.86587974028308
истина,27.475165120091802
истина,24.830560396529407
истина,4.168018162819084
истина,5.2731729300098635
истина,16.282632298814356
истина,12.867508280316152
истина,10.31716641001189
истина,27.97386579916399
истина,11.827424399901382
истина,27.68018937254239
истина,11.704304411702475
истина,8.357983438423993
истина,31.320089225881887
истина,17.680142231588583
истина,3.532373375223674
истина,6.415612766726187
истина,6.257552745191605
истина,15.200622227208779
истина,28.500425986928704
истина,15.69181843046314
истина,18.712442254153352
истина,7.553809316805662
истина,7.8499374323581605
истина,6.1843686391582615
истина,11.65046256026609
истина,10.18007609074385
истина,34.741840559243286
истина,8.473751225521559
истина,18.704560605039056
истина,16.577184864966654
истина,6.884466596207948
истина,5.10439769353714
истина,33.96974116415845
истина,15.791289224562144
истина,20.00925119796267
истина,17.229346460214277
истина,5.253636708072488
истина,20.636639390974686
истина,15.76147853775781
истина,6.365111165340006
истина,40.62136664320477
истина,24.86988531530227
истина,9.345998590588895
истина,22.354073583097694
истина,24.419676660093863
истина,13.01364547348744
истина,19.656006725806154
истина,12.910457527074957
истина,11.788782567703434
истина,7.998870593603732
истина,12.535270417946036
истина,11.997450434129632
истина,2.2415749588204914
истина,9.774216561077452
истина,8.891302880923142
истина,7.598580941131034
истина,9.923184140247997
истина,14.772882677170143
истина,3.569857033856445
истина,43.73807187241216
истина,13.172302356284591
истина,40.203258396155114
истина,18.95111192467465
истина,11.597309560630315
истина,9.787811834110787
истина,4.083618349620499
истина,14.762274673376538
истина,8.087508417379691
истина,11.692684240709397
истина,13.336549323859026
истина,24.843070375368246
истина,12.688973637952902
истина,3.6241307348551017
истина,11.378321721633505
истина,2.025917520036501
истина,3.5629654065650858
истина,16.02946006805551
истина,5.632869136214644
истина,20.638818274507123
истина,6.327009428237944
истина,12.339515517168564
истина,23.417567549767824
истина,1.755655049064175
истина,10.345802234664903
истина,26.899240984420082
истина,34.41594764407724
истина,9.599462468912346
истина,8.347834205751347
истина,29.77472127458178
истина,3.7668958689212038
истина,9.715725143772975
истина,20.832273346666558
истина,10.664384012432942
истина,13.720950438106337
истина,14.114340498645083
истина,29.93101050673051
истина,60.915716636632276
истина,8.34288526473799
истина,43.83845494592724
истина,16.82443029342414
истина,5.5636435654129786
истина,7.385223792160546
истина,13.798131598668359
истина,27.658617322624394
истина,18.997515371473792
истина,8.176249181179957
истина,21.52281548803457
истина,6.2299591806153165
истина,15.395549633428317
истина,26.212977624745395
истина,19.809949869578297
истина,45.7945646248687
истина,5.900694535143996
истина,17.307954178714265
истина,51.46777831531294
истина,9.613514661974015
истина,1.7830284551544722
истина,5.170950766796935
истина,11.571650351840045
истина,10.151978307294387
истина,13.466266084698844
истина,13.664979481124867
истина,5.776972692781047
истина,15.110323918680317
истина,29.266214472655637
истина,12.133117208211143
истина,8.632110280940537
истина,29.284880856357802
истина,14.05346374222078
истина,17.437605842168473
истина,26.689045299586148
истина,9.248048690090142
истина,18.740545551527447
истина,12.122046671841552
истина,16.768914015471967
истина,2.1099723045911425
истина,6.852040740285592
истина,15.88077654393336
истина,13.830278681629288
истина,14.736435412088483
истина,22.0499163385382
истина,12.69811881428018
истина,26.99017401276845
истина,15.228846723980173
истина,16.72142874290391
истина,17.825775072445666
истина,6.99874581880529
истина,22.783417640311306
истина,13.503507214085909
истина,15.216266751346305
истина,10.930169867661998
истина,4.1149416495837015
истина,9.841864083163522
истина,25.902343051367282
истина,6.79502675513032
истина,9.542380420375197
истина,12.05280234755649
истина,12.753776711414826
истина,3.9273594129640874
истина,6.992982147866573
истина,6.554896541486213
истина,25.146716606137726
истина,17.293365661957047
истина,13.411372075885364
истина,14.112305915048633
истина,20.11430837808996
истина,29.34956132908984
истина,11.811570642531365
истина,8.91132509491758
истина,3.044414718182861
истина,16.899439061950165
истина,16.984307981167134
истина,6.509397256254755
истина,7.543874292438936
истина,13.221012249125067
истина,8.810130410290743
истина,45.90299443517033
истина,67.89659660173172
истина,15.863158793034506
истина,4.340598459070044
истина,5.51336958560386
истина,17.54809214141534
истина,15.893914338374548
истина,10.326228875114936
истина,10.145213832853532
истина,5.319220002893918
истина,11.441630984381735
истина,11.482719707687135
истина,8.07575053519464
истина,10.472330739577904
истина,16.01346275567001
истина,5.882239554479023
истина,17.58582201365625
истина,3.8813219726504706
истина,9.059105334501947
истина,33.40361736584043
истина,24.94581108621354
истина,18.703911829031824
истина,15.045953971562826
истина,33.00947134605438
истина,13.79090688128216
истина,5.494010653746416
истина,15.286969942533998
истина,11.772814608149046
истина,5.619917892672808
истина,10.947101091364559
истина,19.48227362728815
истина,7.1451937160649885
истина,4.652834535179276
истина,35.47332901684955
истина,22.66313085004554
истина,6.505985302404613
истина,7.104592133781068
истина,13.67398118265731
истина,12.863208916706503
истина,28.261191662020174
истина,15.78060774473863
истина,12.702161514350866
истина,4.464971019612015
истина,6.579089294037
истина,37.03401128251818
истина,5.2091435260544365
истина,26.09571828734331
истина,10.946555530568594
истина,12.696556851064518
истина,6.537850318054698
истина,35.89013867767583
истина,2.679688542087833
истина,8.222224737276536
истина,14.987239536346989
истина,37.004384000285434
истина,14.647853544408614
истина,12.930119350202038
истина,20.34850375969316
истина,6.348335607933662
истина,12.166935852376605
истина,23.097698817121888
истина,30.99650415281889
истина,4.525256429637256
истина,7.488718448696983
истина,30.315415082515376
истина,13.732946243911423
истина,11.399054525108404
истина,2.315101065969893
истина,19.26104223138134
истина,26.47336322415581
истина,21.494472650549945
истина,3.551764467675709
истина,8.650250516787723
истина,10.348014123650572
истина,29.81188554534983
истина,9.00569238198619
истина,17.968785838712467
истина,12.42504334620773
истина,6.2849592003617225
истина,5.491950196921833
истина,5.610614041055029
истина,17.259855449216673
истина,22.88291083007944
истина,11.247735151644994
истина,14.840383716218001
истина,6.1321405702743155
истина,15.250417477425332
истина,42.441580727054905
истина,16.30046146102052
истина,11.536254294713986
истина,10.525525102643453
истина,7.714610805090496
истина,13.285252851151219
истина,15.049695203081628
истина,7.096541859363311
истина,19.691265502006086
истина,8.14178242017465
истина,15.808373632510847
истина,2.991391713710934
истина,3.524470725761316
истина,5.745532602048485
истина,10.153531968340918
истина,14.292153991098788
истина,15.12603068273932
истина,19.729622161876623
истина,13.259853734334406
истина,13.605396660276536
истина,5.759301583603394
истина,6.997318493203865
истина,11.044748554481288
истина,54.610224567672404
истина,9.888382841992
истина,28.10045134019036
истина,28.72156812310724
истина,6.418995796471698
истина,8.59372513574278
истина,9.954522727425552
истина,3.533032065571732
истина,7.011905121308887
истина,31.363398837947518
истина,7.581848067577694
истина,22.99196814507166
истина,14.835760578060611
истина,14.301540822533486
истина,11.629428354267295
истина,3.6092795776605975
истина,20.38005812684434
истина,7.427085603824921
истина,7.621431659250707
истина,5.645406852128566
истина,17.826046811991155
истина,10.549011423400776
истина,18.840698809401285
истина,4.322242723107523
истина,12.842528717374552
истина,4.363729267130455
истина,30.474966299046805
истина,2.955421372315695
истина,14.531901989801522
истина,15.04778459594178
истина,31.88753863625945
истина,10.42859197377379
истина,7.952272233104597
истина,9.920401417628575
истина,22.530164389875402
истина,8.118064636913534
истина,13.446753996698355
истина,13.037813483276791
истина,23.349250867830733
истина,9.194020813515202
истина,9.632301981792933
истина,6.7581705347454815
истина,30.941668698638587
истина,13.460898918453914
истина,3.5404250828253816
истина,8.088405457014428
истина,4.585771771724033
истина,29.13875898780167
истина,15.563916738547011
истина,10.460830372023842
истина,11.4771439199145
истина,9.841294710018056
истина,30.08884028824582
истина,4.827906250149798
истина,5.19898262550295
истина,22.74033395902835
истина,8.512712538254245
истина,12.403878411249924
истина,25.200582837755164
истина,12.220785835506689
истина,11.607469255007258
истина,4.030461364606019
истина,14.297275970361952
истина,10.85249115524585
истина,7.225557258639679
истина,18.23030364859445
истина,12.08571488841552
истина,12.31025972661568
истина,18.959817812567113
истина,3.0656005651295226
истина,7.178088548036735
истина,23.791497279965643
истина,11.896531466434705
истина,20.97745817142659
истина,15.55617377129566
истина,16.803094961856893
истина,3.3441141711081417
истина,11.289101273279543
истина,19.423615869412494
истина,12.0633825149459
истина,2.950104315990182
истина,16.677268128222305
истина,25.552490226685887
истина,2.779725260961168
истина,6.217154689550078
истина,14.072250007543069
истина,36.439866660551935
истина,1.6808179924020685
истина,25.445175944914205
истина,34.23183904504758
истина,16.046577904833676
истина,11.049838154149592
истина,18.736485708644764
истина,2.2294375884177096
истина,8.235482424822747
истина,23.33341403938394
истина,44.650747167193934
истина,20.494078860456046
истина,14.515949988535612
истина,4.380992037914217
истина,14.308000840122709
истина,14.79735111971873
истина,11.26717454857247
истина,17.88197785218927
истина,19.792900764065443
истина,8.544564132929356
истина,42.80998581671733
истина,6.628275834773033
истина,35.13641839082911
истина,2.5014974417599785
истина,29.045652450246653
истина,15.410120048755882
истина,9.707913454188532
истина,32.627788291525555
истина,5.954597015155258
истина,11.051706973393806
истина,8.430732896681157
истина,22.155241791013776
истина,11.401644287247588
истина,27.819036641668145
истина,32.7312609507131
истина,2.582645283424456
истина,6.9008168343354015
истина,10.609530947692
истина,14.578125577148498
истина,12.264956818866787
истина,8.217686345571096
истина,2.71547481821365
истина,18.310611863910086
истина,5.474535156915881
истина,5.106619597538165
истина,25.8694452341945
истина,34.355336935708934
истина,13.22390762285426
истина,9.71663044325512
истина,8.826543263417383
истина,64.27155076167551
истина,22.477238080572796
истина,15.371402408611676
истина,21.589836612301696
истина,16.424589258552725
истина,25.79017253721879
истина,10.64617157013756
истина,13.221207105959701
истина,7.935278278651368
истина,7.393590944862278
истина,6.219454384152883
истина,21.46353030064875
истина,15.410624844494478
истина,25.238803844467206
истина,90.40427612950711
истина,2.282925166400303
истина,16.865126471987498
истина,14.403850319686972
истина,10.187498816428437
истина,11.350530026055313
истина,7.197131226321533
истина,9.4368419517573
истина,5.685056353304488
истина,13.484919505577594
истина,8.096174175556643
истина,15.496665057628203
истина,9.67232986402436
истина,14.450015334299684
истина,28.133139617054965
истина,10.520259913168884
истина,16.58594404576424
истина,16.789099847876255
истина,17.336356881678213
истина,19.62745086984571
истина,6.785023479563781
истина,17.781482409523534
истина,6.440161574836109
истина,22.586450272190454
истина,12.413675356316876
истина,1.882156210269695
истина,15.774196245735126
истина,14.444121899342578
истина,25.278932580801857
истина,21.849166342614208
истина,8.635796347594697
истина,24.55588353233044
истина,34.6774896122426
истина,23.82895667116612
истина,6.96117304455269
истина,4.408089675751301
истина,6.812774928061209
истина,7.818730165977829
истина,16.01875534294273
истина,17.22072837481059
истина,14.971121265358533
истина,16.211258344323856
истина,9.327255973294996
истина,5.666860304651255
истина,17.601117095798145
истина,10.307441719278028
истина,20.64600447704465
истина,60.55782182642824
истина,12.914231671734285
истина,10.362449363312013
истина,16.569208275596395
истина,20.125552759952846
истина,13.913545355690545
истина,27.201950208176772
истина,41.46599522926748
истина,7.839678694360657
истина,4.649398939392964
истина,18.98260304173935
истина,17.8773756413659
истина,7.25779354859541
истина,29.369427971958224
истина,8.447588888854265
истина,28.193423388622005
истина,26.809429162067914
истина,27.86039835042427
истина,26.265452858962053
истина,52.2404253786261
истина,6.721002179375061
истина,25.920497023592105
истина,44.1583115290954
истина,27.768515912083224
истина,5.078075738192921
истина,99.60060951799339
истина,11.423000601557517
истина,15.411006280859594
истина,12.420903043097779
истина,14.116647893234235
истина,9.70814976032063
истина,15.281054829112684
истина,13.39761169199065
истина,3.320398415001011
истина,27.96045125366792
истина,12.659317566103965
истина,11.569844682183064
истина,18.721455655883616
истина,13.035593705422595
истина,27.65713492781869
истина,15.347011097225957
истина,14.190255739646936
истина,20.456054579491152
истина,11.892788991017824
истина,25.498807812955675
истина,5.445481452303247
истина,16.579897057390507
истина,6.935128223677141
истина,11.299804041457762
истина,3.6466409969746976
истина,13.218984452865513
истина,36.756066421978744
истина,17.385333315546678
истина,14.444369711505493
истина,3.646091407772216
истина,14.283350632648174
истина,19.433874066676992
истина,22.023238718436794
истина,25.343394234982394
истина,9.04192103091954
истина,14.044437249285204
истина,13.666426934048047
истина,10.520401049587019
истина,8.578117928280857
истина,26.817934408725755
истина,36.20418313636311
истина,5.144143872493108
истина,23.17976380413481
истина,30.38120302318608
истина,14.534851139678505
истина,4.1993679981095315
истина,11.439015291214861
истина,14.774151901094791
истина,14.522754970776987
истина,15.274135315023283
истина,16.792501803741775
истина,3.2621265487502296
истина,26.0900307185483
истина,12.944454430998956
истина,14.198914521290854
истина,6.84146227423579
истина,18.16044120425071
истина,34.19325631078851
истина,8.48201832122944
истина,10.158620547506477
истина,29.9762236162381
истина,17.130944093506905
истина,5.064992909531886
истина,17.320764318146853
истина,36.188481308125944
истина,23.43145835236177
истина,17.279790034602033
истина,9.439547182664796
истина,10.931704298523053
истина,13.289647204499065
истина,15.909066671308983
истина,15.507220194620107
истина,18.718783125112083
истина,12.623450525729549
истина,15.617555246323574
истина,7.715631487310263
истина,23.80342519987752
истина,10.148517999608625
истина,10.350618530135023
истина,15.503226290258912
истина,28.420478566311402
истина,12.636970800137302
истина,8.674458134886855
истина,30.745242822048024
истина,5.44385630743294
истина,32.733065868098834
истина,22.874108420280834
истина,9.741447329461078
истина,9.919777384578078
истина,24.223410506701995
истина,20.958952425299067
истина,9.347170997313412
истина,11.896013821774494
истина,20.17932449138134
истина,18.107725638109187
истина,25.696931572867392
истина,17.874536159191322
истина,17.345547423109167
истина,3.0089890138992734
истина,26.67871953060721
истина,5.846613280911616
истина,33.14367607524309
истина,26.9290539353966
истина,31.28517624280548
истина,22.198569177861117
истина,11.158215856589381
истина,7.397135090458104
истина,16.696228485554542
истина,15.28605187935845
истина,24.397255946434946
истина,7.479097463614032
истина,24.303658899307543
истина,36.29573224674091
истина,5.354251495838328
истина,16.295997412335197
истина,7.1346823484425625
истина,15.27734344612339
истина,5.055659818811273
истина,3.7969923592049453
истина,8.959949024789902
истина,23.21368005411206
истина,9.469518409857852
истина,30.8140767566554
истина,17.998202587148448
истина,8.829577114249373
истина,5.353277110575545
истина,25.184044235467958
истина,15.332904952457822
истина,46.776574238785116
истина,11.046221705178375
истина,6.437394079867294
истина,10.134137641772735
истина,9.445889376313552
истина,7.207751637512447
истина,5.321667577784128
истина,7.438733754462552
истина,12.596113583915157
истина,11.257233363192986
истина,4.5065415056713505
истина,9.778077910764734
истина,18.805059883263688
истина,8.46484645009685
истина,46.257843631526164
истина,11.319969934588432
истина,44.0058652841155
истина,7.019742589401539
истина,33.596030554812046
истина,4.3991251912329465
истина,10.94082800215285
истина,15.391390632712625
истина,18.022000484149963
истина,9.4730171989121
истина,2.4500963797515127
истина,4.839639109443624
истина,26.43563086828624
истина,19.18281438131222
истина,26.8137324041902
истина,6.776898655227935
истина,20.338028126556488
истина,14.419182516534784
истина,4.260887247819815
истина,7.596175436034903
истина,6.643609700516878
истина,8.884188436124028
истина,38.09589236860778
истина,19.273357822773985
истина,29.1252117632318
истина,8.511318500916987
истина,8.708692303146059
истина,6.924615799376346
истина,9.842570302564333
истина,23.50745240801962
истина,22.259823194249897
истина,8.728755168875416
истина,18.81955134471618
истина,27.09122972366886
истина,1.3899002355743872
истина,13.360539989069382
истина,14.510990577277486
истина,9.58776112503276
истина,8.06672362991285
истина,53.00419150174217
истина,17.934791458178278
истина,7.412719331400375
истина,7.1832463977827015
истина,11.600966621126478
истина,16.094391041199877
истина,5.166949238399468
истина,13.918307920292072
истина,2.9515910434537798
истина,2.9940020518011963
истина,33.15607256529482
истина,7.30646491218574
истина,8.624231740293299
истина,10.904805422133188
истина,17.05701063133924
истина,5.703204148706029
истина,9.120706389142073
истина,15.792295652389893
истина,6.901357989511245
истина,15.898221080990393
истина,51.75358178086534
истина,6.620340562797293
истина,26.293081717469
истина,3.622464365937217
истина,12.962769688042892
истина,23.775660511689367
истина,43.00492914075914
истина,8.655123268831886
истина,20.754902708949835
истина,4.463500143367053
истина,13.47549424341878
истина,4.660398757622908
истина,4.909077472773535
истина,16.814061165993607
истина,5.841497913780415
истина,5.479963002947176
истина,6.550301870017509
истина,11.798540716296074
истина,14.647966043611564
истина,6.8661872210216455
истина,5.674731908520105
истина,6.421083641880472
истина,10.636941167929038
истина,14.167069455675028
истина,3.480557700387659
истина,5.925141204998502
истина,16.953719212870855
истина,15.196361767308193
истина,50.80150127569205
истина,36.27409215713838
истина,4.938428552833644
истина,12.291909276121
истина,9.158838177908965
истина,22.377546017698556
истина,15.557902040788292
истина,11.78128065049695
истина,27.25845156359982
истина,14.6622605008247
истина,29.88226962380528
истина,6.393211534287716
истина,12.457485881778961
истина,30.299154274304296
истина,7.325950937668121
истина,20.921429868614155
истина,20.828483817819123
истина,13.962637101572122
истина,16.31498638735965
истина,25.69812031921504
истина,24.48917528120624
истина,5.053808481052476
истина,15.774539491630842
истина,9.93502067820781
истина,13.360293428159562
истина,19.87013710098991
истина,3.152732673826342
истина,10.492326724187434
истина,16.97795360655003
истина,38.74227587770012
истина,7.499064098597484
истина,2.4447864908788963
истина,31.25398632361631
истина,21.69776297427837
истина,19.733284748426655
истина,32.47244153425314
истина,16.04634823437878
истина,13.03621631663367
истина,24.64706464183311
истина,14.07675020579062
истина,12.285822013886023
истина,5.697048590505327
истина,5.775346294446886
истина,7.591407742475584
истина,16.385304602916346
истина,16.378816022543763
истина,36.00812939335501
истина,6.697836160685364
истина,18.335513953570118
истина,10.708617446257787
истина,20.38133084811119
истина,13.985040190961985
истина,15.19410981566174
истина,14.336545128115521
истина,21.785044004354184
истина,4.288140302465621
истина,12.170524814258462
истина,12.026366182105942
истина,15.941545083426966
истина,25.508561865671027
истина,5.913819811582754
истина,14.775826522753858
истина,4.592240787816718
истина,15.178522947468672
истина,5.74200594366412
истина,4.9805331937727
истина,16.291370558831783
истина,7.714935655241341
истина,20.664454151053473
истина,19.118348331874316
истина,8.397904202026764
истина,11.322828702717297
истина,10.85829989771933
истина,7.989305535941831
истина,18.619714471122258
истина,17.44631161261119
истина,15.584234124850434
истина,13.545518317742376
истина,7.307742176735765
истина,16.229842287219807
истина,20.53005870516705
истина,21.248219290808866
истина,17.687021680985577
истина,4.826312391228916
истина,7.834264274567591
истина,39.12995745162841
истина,19.094116951570214
истина,4.77285234508592
истина,4.142961243922684
истина,38.300108916394564
истина,8.250422222873706
истина,31.80850499563868
истина,7.3048593816592176
истина,10.58871101136394
истина,13.197134553783606
истина,21.989167022130516
истина,10.472620894615133
истина,12.761253670024107
истина,14.014036134779563
истина,17.945338278491484
истина,12.227858971335245
истина,20.52167284521405
истина,5.541028068562301
истина,12.588472425965563
истина,7.719112945254081
истина,5.681310404128416
истина,8.312681875365223
истина,22.497142716913352
истина,10.901993786977712
истина,14.524987966350153
истина,25.7698410696703
истина,28.18267400055089
истина,46.60547970359571
истина,17.028040496047865
истина,41.16970684670275
истина,16.6868403149429
истина,10.65325628969941
истина,24.01922329635736
истина,3.0281013811721476
истина,12.123285063133165
истина,14.212406484590119
истина,6.374310944457518
истина,17.278180321475883
истина,20.9622604529852
истина,16.923203151213265
истина,8.469644964250927
истина,20.304968512967918
истина,22.104607585746304
истина,32.16337004176498
истина,15.338139746802254
истина,8.259592618544175
истина,14.788105702273024
истина,31.789751396209212
истина,6.355648318066052
истина,14.235418789746491
истина,9.110883095679547
истина,6.444629037741446
истина,6.570088274888108
истина,7.056488210555903
истина,14.495576174202295
истина,34.21694561321428
истина,12.128990587576498
истина,31.484761950049162
истина,9.435320616634497
истина,6.422239260686176
истина,40.24808151791029
истина,5.682261933181669
истина,15.552389290346925
истина,26.099282741206416
истина,4.2431126045196175
истина,16.791831707440952
истина,8.007228432473088
истина,21.816341385196313
истина,18.311510478500697
истина,16.08173667807667
истина,23.13219314376329
истина,5.999486782911426
истина,3.9764309144323144
истина,21.199185803856118
истина,7.1460408647549905
истина,20.54830346627722
истина,4.738877105767032
истина,8.93244104282984
истина,13.122466393167837
истина,46.05699685353318
истина,7.5298458123266565
истина,2.9577885632657095
истина,12.676372121881482
истина,13.107980480691326
истина,17.892899544724557
истина,14.501525743743171
истина,20.39805516505532
истина,12.89610326071114
истина,3.2519629297254453
истина,15.448868651498316
истина,9.059442650113791
истина,12.462124493267929
истина,8.848495034775851
истина,3.106315716917468
истина,9.742185149687108
истина,7.774434699808755
истина,16.55673704812065
истина,29.905444300629917
истина,12.627006410471644
истина,10.261853316485682
истина,5.863780463546631
истина,6.70694491814791
истина,23.821584219130358
истина,24.6175158053896
истина,7.583797108658992
истина,7.768635206212691
истина,4.321244205484961
истина,22.09794956374868
истина,6.555837690812773
истина,6.133397363258399
истина,42.38320946214517
истина,15.73614620860779
истина,12.133525446070553
истина,5.271357478980899
истина,15.524482419934596
истина,13.60762292963737
истина,8.040624168308156
истина,1.6606841565258605
истина,16.652169432964225
истина,36.59841363038586
истина,4.699171567615689
истина,21.392192531883552
истина,16.94211830832568
истина,36.101863020431864
истина,4.607062503007524
истина,8.114610720891651
истина,16.952918477561994
истина,18.14507195733659
истина,15.386421185361474
истина,5.768481896366142
истина,4.930323357905679
истина,11.863992331143136
истина,19.8408867673278
истина,13.152317621930335
истина,20.35125181620243
истина,22.530029274004036
истина,48.774710462516765
истина,4.534749593221208
истина,10.94398941658532
истина,11.998738639326834
истина,16.30864319338941
истина,16.431681914060125
истина,35.19067778054537
истина,36.8735928409894
истина,17.194187851747838
истина,7.66439491613166
истина,21.414465224828653
истина,7.056396893994802
истина,2.613253438490303
истина,10.908085157991387
истина,18.460138931609862
истина,24.378841184792844
истина,5.686179438286995
истина,6.642406790390086
истина,7.555150952925885
истина,9.794639413545534
истина,27.124012810586624
истина,10.132205478922552
истина,43.06561494651476
истина,12.565149032071655
истина,12.078184591074914
истина,21.24804962204021
истина,4.376933224866031
истина,17.489412188196173
истина,17.26509226375171
истина,13.259768414936765
истина,16.455677142326444
истина,5.987421403819787
истина,17.34792216444109
истина,18.343328006451948
истина,13.364365484704155
истина,13.946688864544473
истина,18.431546051756023
истина,10.481686576747325
истина,8.69357902055117
истина,6.404841832071737
истина,15.460885182539167
истина,9.497689925987974
истина,6.537866278593713
истина,19.075310790868553
истина,10.683233576698271
истина,7.156038809132729
истина,11.857804863084723
истина,26.062526638457435
истина,19.198481749134253
истина,14.947063519390586
истина,16.33404587801816
истина,8.177888747826751
истина,3.7461152774902873
истина,28.60699584940938
истина,18.974893844087624
истина,10.552009088217186
истина,15.741681491063732
истина,9.57598035222071
истина,25.77613372622054
истина,8.818256286037718
истина,19.221013871877883
истина,26.550136288137224
истина,3.6177174757025146
истина,9.178314914350214
истина,7.4302304389575475
истина,5.4856796785809925
истина,38.79926699512538
истина,13.883521453574884
истина,3.0178960875272374
истина,9.297200765920921
истина,14.932846597067893
истина,35.69102581095462
истина,5.093788036261105
истина,13.923040215096451
истина,28.075271298873734
истина,7.874207530089048
истина,20.873833798715452
истина,19.087796140604244
истина,6.112627106466256
истина,6.875187276585207
истина,3.2593835701682528
истина,23.680097534513425
истина,16.702617930475743
истина,7.854406215737839
истина,18.905423902250913
истина,12.915715690927648
истина,9.461077372737957
истина,1.7608428032466519
истина,8.735811162066696
истина,38.42477886221002
истина,9.5764268529397
истина,26.44482407102598
истина,11.500514888297381
истина,40.429866800961584
истина,7.66135281175583
истина,13.36197984303172
истина,4.2160783681273575
истина,7.96371456955965
истина,17.765530819913767
истина,5.232551853936222
истина,16.75414324690212
истина,10.311028193393152
истина,59.442604684041264
истина,6.039639361664149
истина,29.710889780696505
истина,18.44969723889787
истина,5.5844500985305086
истина,4.289588757637949
истина,13.53692702543907
истина,5.944411359355314
истина,20.903642118977864
истина,34.764050228206166
истина,17.65338519778319
истина,15.629766498676792
истина,59.63169451460873
истина,9.332762393807377
истина,14.802367028706524
истина,9.337788158513842
истина,17.403812335020984
истина,23.671029738023993
истина,7.282510469625319
истина,13.052283003570103
истина,10.387423508145496
истина,9.21190263844164
истина,10.946778486495663
истина,19.882688179824058
истина,21.47155807693096
истина,16.244574565073865
истина,21.749439811229085
истина,10.77547396238906
истина,3.205144055639844
истина,6.634952045939397
истина,19.680183323306377
истина,14.866056376646554
истина,13.829727930364204
истина,6.592492898787178
истина,13.08111877333745
истина,10.043156353433991
истина,13.622419125832446
истина,17.193686198640535
истина,12.569555670604988
истина,36.837828928519116
истина,9.331776681993214
истина,13.577898104091256
истина,9.830863746556874
истина,8.404170086044827
истина,14.682823149022488
истина,10.340310073362726
истина,11.193585347791293
истина,16.853615083768126
истина,13.485189128815936
истина,23.043014422986232
истина,14.722700736309035
истина,37.15041965926494
истина,5.5979929497503855
истина,17.979139057297516
истина,10.676493475808563
истина,3.4070189880120414
истина,25.790533297457696
истина,5.122299439491364
истина,15.452404394342057
истина,10.019718225789644
истина,28.58901658498255
истина,18.618563508969856
истина,14.863586353143372
истина,15.039855245138169
истина,15.593913769777547
истина,3.5532731584888877
истина,40.76375984740868
истина,6.448736571941234
истина,29.921768941875456
истина,30.415870151753793
истина,11.677581831999188
истина,13.380895008176246
истина,7.373073756347163
истина,64.58036344408245
истина,18.34855330336815
истина,19.894005274277234
истина,33.3517981403492
истина,20.747073277739055
истина,9.757564719750805
истина,10.636120041103291
истина,16.538601831278775
истина,19.09066051969946
истина,30.333938869782358
истина,10.519113059023184
истина,9.386499907007472
истина,45.0424115768432
истина,12.78576726383966
истина,10.34706237236568
истина,6.668506909627727
истина,4.1694565384176645
истина,29.694148951458995
истина,4.030306456849819
истина,29.27148648029388
истина,9.780784455513524
истина,2.0237600888116436
истина,6.159507583836071
истина,23.22514221620777
истина,11.613198444592594
истина,9.73707403567251
истина,26.20709887081615
истина,19.47776899536343
истина,4.219349471611533
истина,50.16473523080197
истина,13.194525199514217
истина,14.376984848435384
истина,31.32779209683739
истина,8.69768921587008
истина,6.591061823663414
истина,11.154811077694283
истина,9.5189581858126
истина,7.27409203233354
истина,2.2412633732508875
истина,27.376262858291817
истина,22.368237163772704
истина,35.184637107844225
истина,18.346979421457192
истина,8.474884662816024
истина,12.929227305289157
истина,24.048752155704392
истина,16.02519270966058
истина,20.930056466870695
истина,7.424073840185224
истина,11.78041960690004
истина,9.604204609337401
истина,24.448255651099522
истина,13.721316387455628
истина,15.606058861616926
истина,29.903917893969194
истина,8.877256262504599
истина,14.74136699043484
истина,9.497102242926752
истина,24.51752487864299
истина,32.850462533282446
истина,9.406435874348176
истина,5.581709455368321
истина,13.490649069229608
истина,26.071974549055525
истина,8.421254312415131
истина,17.285592106027828
истина,19.311305741699453
истина,12.582079592439714
истина,1.4040264686511692
истина,8.921873766505577
истина,10.890171718864895
истина,32.16755248819833
истина,7.1272607707017865
истина,26.817755864281786
истина,12.512728696818161
истина,11.704414486627462
истина,22.222953977730164
истина,15.72128306921532
истина,17.187128014877622
истина,24.732588630189596
истина,6.891963575735298
истина,8.411522076716132
истина,15.393812499784966
истина,6.8377843539306005
истина,7.598039921520967
истина,24.31028511219942
истина,23.619608957118324
истина,2.1883857451995246
истина,9.483756082831222
истина,17.929505500843316
истина,38.809357279744006
истина,11.562204440176828
истина,8.83557351435515
истина,5.604331472764196
истина,5.9620470106416255
истина,5.810313741274456
истина,11.231745169346567
истина,49.02524932269456
истина,17.028020171585563
истина,19.51930837515138
истина,11.787858750434728
истина,3.6399702886504555
истина,26.387251912002668
истина,15.188738722379874
истина,14.816144900116583
истина,20.839464531315322
истина,18.2885676915278
истина,19.561508606005184
истина,29.072944254701394
истина,12.280265613893365
истина,6.354884304354113
истина,21.141174028606546
истина,6.348357478116408
истина,12.488007624968791
истина,4.8115049504942435
истина,13.13469273647123
истина,5.050641885709249
истина,15.052415363096195
истина,4.945316897425508
истина,6.731794037845945
истина,7.96850567726241
истина,14.811681420748519
истина,30.36668232380602
истина,10.165588659786028
истина,7.523718221247936
истина,10.914922749753766
истина,7.42966758150005
истина,20.81702365698091
истина,13.751345998148334
истина,31.808785685263985
истина,11.036107681995842
истина,49.649852990229725
истина,5.989045165128719
истина,24.005491593001917
истина,8.832238373954794
истина,4.475824517580102
истина,35.81913899273141
истина,55.061170439959184
истина,33.054054540112865
истина,9.19936594876218
истина,3.53922527359488
истина,3.6461972770159656
истина,15.087042715598226
истина,9.78420641871891
истина,14.003181871953604
истина,24.288096075937695
истина,17.394856981651184
истина,4.093593056068219
истина,6.6071209885514275
истина,21.12348376354843
истина,24.687303478036597
истина,4.0072579698551
истина,22.180301538470196
истина,1.0169040958504965
истина,12.121400631427916
истина,20.642262720307876
истина,2.567364149885253
истина,12.591439914826005
истина,23.80556201672112
истина,11.046405449827027
истина,27.158298856684155
истина,11.386843043883676
истина,12.47404764045513
истина,17.35017463977648
истина,28.611667675945093
истина,9.692196675099979
истина,31.626269659976437
истина,11.40453370663368
истина,10.679459723881237
истина,14.75041813185647
истина,13.740782918339805
истина,5.3278835629712615
истина,8.162054105345467
истина,13.529782711384968
истина,15.334069458809942
истина,12.3458158181108
истина,12.836096206600747
истина,11.165741929830814
истина,9.596867950905981
истина,5.216039981650793
истина,12.586161169295721
истина,8.048892829969246
истина,35.16385763838173
истина,15.117914578434792
истина,4.028432633512451
истина,12.606405872486977
истина,8.767263722497972
истина,15.91164972957654
истина,15.629747902520378
истина,19.58566832964218
истина,7.119945217811519
истина,9.763386838470973
истина,3.7582742143743353
истина,18.325273965573775
истина,34.12459080741334
истина,29.512690396829456
истина,7.72359195881211
истина,13.320086410684416
истина,3.98961006254572
истина,4.680127946436215
истина,20.323222922192105
истина,25.62458599203223
истина,5.855655449758906
истина,6.096391291426668
истина,5.686426846931791
истина,7.476440532968111
истина,19.118669776086044
истина,29.87750091517599
истина,5.223078628883819
истина,19.29985487539976
истина,14.04626240733425
истина,34.69795422468607
истина,10.102698756391312
истина,17.247442499533523
истина,5.997774851149035
истина,1.723365873239945
истина,7.0950264910688645
истина,26.660833095153933
истина,9.790186674811554
истина,33.519573330708866
истина,8.843350506340917
истина,8.29886575217445
истина,15.779704162916007
истина,48.60108503637154
истина,29.754291747391218
истина,8.381998780468567
истина,14.496097818425238
истина,16.080622682027037
истина,8.223134586631025
истина,19.068700201140068
истина,4.2377630577915415
истина,10.127052083047612
истина,27.816850868508283
истина,3.884321930014958
истина,23.87200852021496
истина,16.43941427340442
истина,8.457123376295014
истина,13.463509591464263
истина,8.399981609923312
истина,28.955314049451232
истина,28.26389459303287
истина,19.397111715674093
истина,13.352722683272983
истина,6.382554958749442
истина,37.48576748838467
истина,12.131400991980215
истина,14.91299614683194
истина,10.49729107602306
истина,17.319627569379136
истина,10.62658755656645
истина,28.68166637981191
истина,11.543907640698535
истина,17.54156803756709
истина,16.00085106147158
истина,21.587677882940618
истина,8.111575779760654
истина,2.7709821372026058
истина,3.424216224570271
истина,14.756649228283116
истина,20.948248946219664
истина,19.83072657383877
истина,24.124338167030636
истина,14.297367246901096
истина,17.37705034956402
истина,14.9025556868044
истина,27.747636146387865
истина,24.72257435204471
истина,15.682078588692384
истина,33.74623592650534
истина,16.22443047218865
истина,8.558361370131315
истина,5.38969745352341
истина,5.01946120746167
истина,21.999865801485328
истина,17.313778192507918
истина,17.296300825076244
истина,24.02950504402085
истина,19.43405382853501
истина,27.04283214175603
истина,13.69497452587898
истина,8.732984475476565
истина,16.641906162040762
истина,10.577360405039023
истина,23.69492026909708
истина,18.918292352528905
истина,9.789711314723508
истина,38.31897807803825
истина,2.438025242330971
истина,5.420902295014867
истина,10.01126626389141
истина,14.596503703943517
истина,15.888501825034753
истина,10.732166849801665
истина,27.688937596950844
истина,5.609964758645316
истина,20.681792247602374
истина,30.908208333884048
истина,28.883858214827985
истина,8.876300930929157
истина,16.489140360211962
истина,12.588541823310926
истина,7.0483130224587995
истина,29.61094773574957
истина,20.227927248022212
истина,29.685816767647232
истина,29.1063538448565
истина,6.987805760250088
истина,14.12181127961832
истина,15.430573987754165
истина,10.847442903049426
истина,9.074697180849556
истина,29.819658852078078
истина,41.81545360640715
истина,9.706027009921284
истина,23.27589615135315
истина,16.942855744597043
истина,7.534703913429144
истина,10.299793577154896
истина,7.329560924240527
истина,14.798834641656617
истина,20.22274789766339
истина,21.61098968159134
истина,18.722473466447045
истина,12.062361828877666
истина,34.36549992682908
истина,32.53563589605271
истина,10.86581921827902
истина,12.265856850903022
истина,11.863439063001792
истина,11.764605421162956
истина,7.459912467260574
истина,25.598284978659056
истина,7.284576048574536
истина,10.36061318190189
истина,5.394857967642446
истина,8.214052727363606
истина,40.04200454652921
истина,17.61034724152913
истина,4.477504169509348
истина,23.690164342257304
истина,19.630480734861653
истина,25.415324401583085
истина,17.097353057945362
истина,36.69263819371728
истина,15.474142140530672
истина,7.890411459805498
истина,40.08428177150104
истина,36.419977892992726
истина,18.34420943466732
истина,27.105263237621088
истина,7.515753317648738
истина,8.4276528679092
истина,17.28935864850167
истина,25.35562656704627
истина,15.782178764013072
истина,21.987127097181908
истина,16.3738000618468
истина,9.615067790710377
истина,24.05190952769383
истина,18.358232512438626
истина,4.870719467512138
истина,9.214205631916686
истина,17.05544969015659
истина,14.098621059863426
истина,14.644753936702548
истина,2.931826217940396
истина,12.702735640481123
истина,8.74097592819381
истина,10.679320698402403
истина,39.04017395480169
истина,34.00207121776859
истина,6.84443841287567
истина,2.0825217681962362
истина,11.941531114261473
истина,6.104712223329772
истина,1.7577164169868067
истина,15.956101711730259
истина,3.9660499066270885
истина,10.113715250886376
истина,9.52060120464237
истина,4.082127164257172
истина,12.410724029878264
истина,6.983726801382133
истина,9.241021835701554
истина,9.275255291857711
истина,11.901310096135557
истина,11.050533215810756
истина,4.878882343051792
истина,17.536159165171078
истина,25.951786613811436
истина,17.270157384912174
истина,23.25062285639344
истина,6.402120309411255
истина,11.703706982805144
истина,4.824311361756887
истина,6.300110198449918
истина,19.62673506616495
истина,4.004828807052644
истина,22.968835346268992
истина,16.05563270694433
истина,5.279415722117006
истина,16.342737407310103
истина,27.010037684768935
истина,5.76273834981917
истина,19.03058030438426
истина,14.431475892654491
истина,17.207735046678543
истина,5.180661673605072
истина,41.28053592070556
истина,22.510007590081223
истина,9.914473290360247
истина,19.581820801486913
истина,18.610366531753662
истина,11.030261238992729
истина,7.840055888507898
истина,12.57018401066446
истина,12.061319879312885
истина,12.344052385386137
истина,17.566131797541424
истина,21.101414930813167
истина,9.48825082621751
истина,5.969148804337482
истина,2.264902039172775
истина,11.431813734568056
истина,4.56464392024659
истина,6.3728753845288
истина,6.831803125576105
истина,23.059991627618132
истина,14.393240415371558
истина,2.6707998679245994
истина,15.471662838955366
истина,55.508924774639794
истина,22.29750056762732
истина,18.501315531477136
истина,4.42811004845077
истина,6.080136317741946
истина,13.439774622948635
истина,10.725970271006316
истина,11.045870660170927
истина,5.98444763701992
истина,7.252890626322189
истина,3.5343966674901006
истина,10.498010993207021
истина,23.36614028021601
истина,13.622893437310939
истина,26.672305519306345
истина,5.1914444718799455
истина,10.167467506334116
истина,18.05470183608172
истина,20.38534884939065
истина,13.067634582252698
истина,18.93514915655542
истина,8.731584806634581
истина,11.60317421094492
истина,15.836571079642226
истина,17.84059622405693
истина,20.943450504544177
истина,8.197244069830946
истина,13.564685321536055
истина,3.614361460426946
истина,12.762596528225018
истина,5.511537222815467
истина,1.9897691422224064
истина,5.52389556911379
истина,20.32676744635374
истина,18.686928513284645
истина,16.191157012181556
истина,8.457053867717375
истина,9.55177548345033
истина,23.488238391388464
истина,6.896107152071703
истина,9.060180565378634
истина,21.52532113969782
истина,11.21956091054873
истина,7.360511642734566
истина,10.295905655224042
истина,28.257840736164756
истина,29.38200290927717
истина,16.22709222570554
истина,49.048202302252314
истина,4.361429840902744
истина,4.249896572073963
истина,19.086019858470475
истина,12.129936034101524
истина,17.09150403250141
истина,53.758607622311345
истина,8.204044314859704
истина,11.461492459607719
истина,12.090836070732994
истина,15.628264663649388
истина,13.979846857088763
истина,21.806602369240025
истина,12.236163332089621
истина,30.423168196688955
истина,12.898204844581734
истина,19.560837624330823
истина,8.228654168381627
истина,8.22725962493353
истина,15.642104766275818
истина,8.650621801314736
истина,10.97945180387367
истина,9.856515239319698
истина,12.600684055785973
истина,29.165250253523364
истина,5.225555811742989
истина,25.41412856522402
истина,4.591799233152524
истина,8.767048364374983
истина,10.939622778956494
истина,15.630718083839783
истина,9.630709809332345
истина,21.829327334890948
истина,27.800596498500887
истина,6.774132958212659
истина,33.09628312103698
истина,12.218460404395648
истина,14.712736894906552
истина,4.337338922159449
истина,12.443823672260226
истина,25.831140263707667
истина,28.600845698905523
истина,6.233819745295551
истина,24.74685563029836
истина,11.263200888437048
истина,10.168623486586231
истина,17.10638311079573
истина,11.492158126664792
истина,18.804544438500333
истина,29.213844754307488
истина,30.01452154380783
истина,12.960822174810277
истина,14.898000208294247
истина,12.873811062018916
истина,7.877703638404195
истина,12.595092359809867
истина,15.443091247993845
истина,13.097497500394418
истина,8.976929101180986
истина,13.50008720032217
истина,46.816836989036204
истина,14.962292905401362
истина,25.255371036369425
истина,5.010022553147532
истина,36.74210002022018
истина,7.976128930159371
истина,23.8462230300985
истина,6.852659673122423
истина,23.751903366946365
истина,13.952012858827915
истина,4.513082762200485
истина,22.1554617538246
истина,8.100301947819746
истина,17.987682825839006
истина,17.303707218316042
истина,49.35937240536731
истина,17.19956868777652
истина,24.179945381830883
истина,14.110043259760857
истина,11.607432828090271
истина,15.42545317108095
истина,39.29331377588469
истина,1.1039393620640063
истина,38.108075720600766
истина,17.56194982131286
истина,12.420979719542771
истина,2.2781417978962946
истина,11.163532447839888
истина,11.158003412254722
истина,22.924771392914458
истина,20.128661556910863
истина,16.780862643056796
истина,18.558104454497833
истина,10.340151319617672
истина,15.246820827477563
истина,44.35696437325372
истина,18.879874221372482
истина,8.00358755394559
истина,6.486078884644028
истина,9.432014070229908
истина,18.729964961306838
истина,24.40559927105899
истина,15.83676853874326
истина,9.437119916734352
истина,19.253431772677974
истина,20.397517319756716
истина,26.18219284025122
истина,20.75149294644791
истина,29.694118412711646
истина,19.639305114701116
истина,12.164677247786411
истина,25.175594413769097
истина,27.125091580935887
истина,3.8488201472276735
истина,6.08189888141666
истина,18.15760971390796
истина,12.022927351390173
истина,6.074572187751891
истина,14.197885429689663
истина,12.946154978316784
истина,49.82054734890106
истина,28.309345080668443
истина,29.641561995956003
истина,34.315356081381985
истина,25.389515514010164
истина,9.58232222375841
истина,12.969304961537683
истина,38.89358846077125
истина,10.569929932924962
истина,29.5399201820949
истина,13.901799713992837
истина,29.367711582255996
истина,12.124230171731423
истина,5.80268041064515
истина,4.162793130857083
истина,6.16397737113335
истина,27.72229198713896
истина,9.319898193267196
истина,6.571628687875544
истина,16.173994063347088
истина,14.471574240818153
истина,37.5562904560967
истина,15.043060782022016
истина,10.242663438079559
истина,5.452951800748964
истина,15.678274267853173
истина,18.060278090009636
истина,33.8274374856559
истина,12.315989991494305
истина,12.005036907330393
истина,6.687455824124411
истина,13.66751500924101
истина,7.6174927306695235
истина,8.227074462672764
истина,5.333123273353418
истина,7.193651725352801
истина,10.670810604098087
истина,25.456126202652683
истина,23.84690308098753
истина,8.51784202996673
истина,32.24697610520877
истина,28.408629857873507
истина,18.22759275029203
истина,7.226866658830094
истина,9.01405234434908
истина,7.169836036562633
истина,10.860863293939545
истина,4.323035162580592
истина,5.331359639012708
истина,18.509307418844877
истина,5.616838569614046
истина,32.79542216737144
истина,23.620008792647415
истина,15.591262431780862
истина,23.523135115543305
истина,19.09644121238523
истина,7.622115352949659
истина,3.8848611619425815
истина,39.84222460526613
истина,29.471384289537248
истина,3.7744520069055496
истина,9.01714277882227
истина,12.20236822397712
истина,13.883223579736516
истина,15.013536708433048
истина,7.4048812249241465
истина,9.116797198311467
истина,76.78325135308569
истина,13.09293929825275
истина,9.318292056335233
истина,15.25171617538043
истина,17.505292571017442
истина,23.172926612901847
истина,8.93981062806202
истина,17.11471835123822
истина,16.076488384620063
истина,2.589018927683632
истина,3.67989458972593
истина,8.092215450224035
истина,13.782336893063317
истина,19.04054601663686
истина,27.066430046515244
истина,6.206012797092499
истина,13.707441648790432
истина,20.395965542985984
истина,19.206820965596343
истина,9.261589425344908
истина,2.1367239582424005
истина,16.635839218286588
истина,10.121599779232643
истина,28.46794930902746
истина,3.9302227220378603
истина,11.215155289994355
истина,16.325988083696693
истина,21.827486519771718
истина,3.2822951041204838
истина,3.985160688952745
истина,11.039993026206007
истина,12.228681250936514
истина,1.0265653651409015
истина,12.886665349627796
истина,7.775318574518525
истина,13.456787630608863
истина,0.5474076931996488
истина,4.831284805064245
истина,10.000944341341308
истина,40.73603026057851
истина,12.490085775574414
истина,13.723070378536473
истина,16.959009160867186
истина,26.02017558590475
истина,10.385388710781745
истина,7.486457194170891
истина,16.8942897072468
истина,4.7027950554997435
истина,11.529033379964767
истина,10.70239045887979
истина,50.07061306248938
истина,12.970183840140162
истина,15.870967590934022
истина,14.077619474810769
истина,29.023845039837084
истина,14.629347188519057
истина,41.08530792183326
истина,17.535322751832307
истина,23.356793663044893
истина,11.921675510285503
истина,10.49527136978183
истина,10.992514695304678
истина,11.815170927053272
истина,23.016626225615678
истина,14.826293716539814
истина,11.914272107314405
истина,14.917797299054097
истина,12.625574359897584
истина,21.609979234496237
истина,24.80546923235336
истина,34.57983171641949
истина,12.77719163260144
истина,26.082720169534426
истина,27.91387364528748
истина,7.597923928734255
истина,14.12422746501137
истина,8.211157812190127
истина,21.03844034902506
истина,12.417009451960077
истина,16.742037541256714
истина,15.356378805885667
истина,13.056278441034829
истина,36.18697782657414
истина,11.397996734415418
истина,15.651757445178799
истина,8.63462839466978
истина,12.816682817174131
истина,36.493883432277045
истина,9.87402643086652
истина,4.4408143536188796
истина,12.721439486247839
истина,17.752780170457136
истина,27.335349940244807
истина,17.06787422275943
истина,11.758659239833246
истина,35.58464102546343
истина,33.73853355942476
истина,13.104466966854583
истина,9.873307722435591
истина,6.007430610057508
истина,3.8783689370965178
истина,26.147816722928372
истина,12.932653858765589
истина,15.733476826725287
истина,3.6642099762546687
истина,16.652694521499456
истина,25.310419893619184
истина,16.67961454818252
истина,7.829267851560312
истина,9.064656954257813
истина,10.757560890967671
истина,21.172934807534784
истина,20.027347595047768
истина,14.511357456087001
истина,34.491465490089055
истина,12.897444203876457
истина,20.836010689566365
истина,22.989257463156854
истина,11.254662876789569
истина,16.86463723965492
истина,14.079645120272982
истина,11.526518173441488
истина,13.036832594443073
истина,20.468704096946674
истина,8.411421003097711
истина,15.35721623140094
истина,12.953486304243087
истина,2.3541706492557672
истина,12.756339927580497
истина,13.803304327953462
истина,3.5314248715337717
истина,10.993624608076015
истина,9.540663839271645
истина,7.669296702921883
истина,20.84165905627043
истина,1.4203619125491784
истина,9.601615432542854
истина,29.213730728785382
истина,14.547293337144616
истина,4.636484051499627
истина,20.36174046097946
истина,9.207163485284827
истина,8.89256378805446
истина,18.28896760854081
истина,12.539094973744124
истина,8.617301419994911
истина,10.145195843465192
истина,14.237112861643848
истина,26.327460731647633
истина,6.26402763735361
истина,50.913132515346675
истина,5.586518659901498
истина,7.406363603842117
истина,21.471314832803035
истина,5.1708155220574845
истина,6.187183682674372
истина,19.822871620699065
истина,17.383119118221863
истина,22.363708693425885
истина,17.688885398134634
истина,11.315213190775056
истина,30.927611420056344
истина,12.045212178116133
истина,4.9146207525711265
истина,12.225430731692294
истина,8.512958271014393
истина,17.772975694487876
истина,12.44479857993981
истина,12.437306933667596
истина,73.06136647383255
истина,10.171059808544333
истина,16.289159212445846
истина,6.611694973010287
истина,9.398574904502421
истина,19.340918920072557
истина,6.95537492464358
истина,9.49349581307607
истина,27.39510177642507
истина,20.022330527725565
истина,34.061970540541324
истина,9.203234607584223
истина,6.202960624305879
истина,58.02841149821335
истина,7.274288444993186
истина,2.787542436200435
истина,4.385052882150088
истина,7.597032893712498
истина,6.807969186550906
истина,11.435979717838878
истина,25.573765790817728
истина,9.379451058535167
истина,13.904444944828033
истина,14.328326660405487
истина,11.048388617290998
истина,5.100031047462121
истина,5.568356851174562
истина,13.046627332423682
истина,13.318598813564721
истина,20.869512063215165
истина,5.1837602187002565
истина,21.24273732232413
истина,16.857723308995812
истина,3.1863925288464894
истина,43.45548017625272
истина,38.8407485020041
истина,8.351638940001916
истина,7.454807914074296
истина,13.156033115115175
истина,23.457394513352636
истина,19.290548812951087
истина,9.953662183565369
истина,1.8491045616364983
истина,9.508595424941305
истина,11.783644074719003
истина,16.363516219586636
истина,2.7792210196730744
истина,21.28474789967065
истина,14.541153173141435
истина,4.476489084593018
истина,12.259163402232168
истина,22.629003283548236
истина,3.5715321507495554
истина,10.806844130555666
истина,21.005270685059713
истина,8.20985674154522
истина,11.362055547703967
истина,9.527402250744007
истина,32.931123386120696
истина,3.2327618430828187
истина,8.778489480001733
истина,4.647460259093188
истина,28.924140150471597
истина,17.303282375812273
истина,10.41980799513064
истина,2.953083643676216
истина,13.351076568069466
истина,4.681875881060683
истина,9.654437100773912
истина,6.97226564086199
истина,6.237940557910922
истина,16.043726486144017
истина,6.068706736175605
истина,18.4953052857755
истина,24.865262598781413
истина,13.479898976118657
истина,7.94495540140883
истина,19.75378050155927
истина,20.360963151696186
истина,36.54541019570169
истина,33.4335009786536
истина,20.83377685222654
истина,4.157273936034402
истина,12.587446753079815
истина,15.681436768214233
истина,12.018407392539014
истина,9.335468631403355
истина,4.308179104851148
истина,9.547871497520935
истина,25.94745840410387
истина,7.778956263140764
истина,7.42965587786251
истина,26.24231022282227
истина,12.566265877643584
истина,2.4008086459758387
истина,27.81133304654629
истина,21.014123493624503
истина,21.700074886308407
истина,4.231313911502619
истина,5.120376268517976
истина,18.12682119626276
истина,2.329023940171137
истина,4.754620100939672
истина,28.76223667756493
истина,4.240983992619798
истина,14.77278819341684
истина,7.696987897927791
истина,12.744255831575495
истина,19.53016533881435
истина,10.758910101118227
истина,28.775607768447294
истина,24.981173736124955
истина,13.30020397822841
истина,20.507009442332595
истина,10.769120604411833
истина,26.111813125534866
истина,11.421403836470546
истина,46.80912641215897
истина,24.71662081828424
истина,8.514708009527633
истина,30.65116999830079
истина,14.230478358701454
истина,7.207962719358938
истина,9.62741883675043
истина,34.891878084547294
истина,13.46113794015603
истина,6.5685496844629885
истина,14.824780176063271
истина,24.453992513211443
истина,10.340931675300705
истина,10.02508510028246
истина,2.501382099262994
истина,4.2183065615686175
истина,20.329797925967405
истина,10.207379195275074
истина,9.847710100288687
истина,41.96961005750786
истина,30.70247624666124
истина,8.069535398117825
истина,33.587509415450356
истина,30.741309671548027
истина,8.776614126540975
истина,7.5035316017917015
истина,11.10632458838711
истина,8.292479416986804
истина,21.881116142943966
истина,13.274972714923539
истина,7.372080900027726
истина,22.233859991715125
истина,8.609502397969237
истина,5.589982819292864
истина,31.942810721185523
истина,9.913619173120807
истина,10.262255395811767
истина,9.555958696221234
истина,3.957497183085126
истина,19.20267064426969
истина,20.456424544580543
истина,18.555828869185454
истина,35.56748568800106
истина,15.074564326023749
истина,4.233867577131949
истина,15.713771115961723
истина,36.59479372544095
истина,4.510067499707979
истина,19.71940029458799
истина,9.705434978112999
истина,8.420789718321135
истина,5.736145008307802
истина,1.0576402860610072
истина,21.600788628431843
истина,46.130531831503575
истина,26.780513933810536
истина,14.656932846440604
истина,13.88533207089509
истина,2.1210384752265257
истина,21.8095200953029
истина,22.561219194914113
истина,7.101454321653166
истина,20.817206143867836
истина,5.898578698466628
истина,31.022383641754466
истина,13.752920379115437
истина,7.376459571902428
истина,18.584649192042296
истина,21.422646814082952
истина,14.10997171339893
истина,20.18231637764374
истина,27.78302598209704
истина,14.953172464883306
истина,5.158182497796559
истина,12.808866314473377
истина,13.457173047428178
истина,8.188831134906845
истина,26.392885475957662
истина,15.82679680007075
истина,38.74883991223949
истина,7.635595426839729
истина,7.509286358279136
истина,3.2181695440052
истина,18.762042442816654
истина,20.035274878543216
истина,15.436441749552923
истина,6.527481371076135
истина,15.682127086403836
истина,5.935919749195451
истина,20.154546896372935
истина,21.12086745037173
истина,32.885227301599826
истина,11.464489537753789
истина,13.809993240188815
истина,9.211234699843136
истина,12.93434255148188
истина,13.200765137516841
истина,39.84935095285755
истина,28.14065758895179
истина,3.1392249128930985
истина,23.675035492290622
истина,16.0661347578954
истина,22.49147913089902
истина,23.92339248255
истина,8.834227402374363
истина,13.166291984076866
истина,24.429847074386977
истина,9.130895430713013
истина,9.113617580337294
истина,18.31721079652373
истина,9.110281023325872
истина,3.1149456814634116
истина,13.485267180977267
истина,2.925106089971461
истина,5.758901900931289
истина,28.53137309337855
истина,13.628910043682355
истина,11.771956044297223
истина,22.947349920336656
истина,18.47328949215238
истина,6.6919722274636495
истина,3.489272456405
истина,18.270526506786183
истина,10.05624845512072
истина,25.001405907829778
истина,22.76074585812057
истина,20.49719241579875
истина,21.50280676635347
истина,14.856265498190083
истина,12.29234034206366
истина,7.077290204287188
истина,14.437664265610298
истина,8.91704065322742
истина,20.722892007400226
истина,3.995986561558063
истина,26.031819602531613
истина,16.53512637768783
истина,13.03753932818154
истина,9.595225953551017
истина,13.664582665263623
истина,19.88700738538608
истина,28.795161235241657
истина,15.825998284607445
истина,30.812966432770285
истина,28.341581053662974
истина,27.101605922530794
истина,19.45822295952517
истина,8.257231815099564
истина,7.134165487056771
истина,2.190101658510481
истина,15.488768536952488
истина,8.533424588660306
истина,8.645263860900595
истина,14.70338690984988
истина,7.974504288768318
истина,21.168644596119364
истина,10.076192235084804
истина,26.381497541758584
истина,18.60920768817106
истина,30.598478814283453
истина,7.65810938489647
истина,15.3964875686204
истина,26.582413362307076
истина,2.821366127772675
истина,57.80702016737579
истина,2.0375603378728475
истина,4.2596536773597915
истина,13.462528001727643
истина,1.8531738805309625
истина,20.122008170294084
истина,50.34913766881768
истина,25.242379313287046
истина,49.32047065263946
истина,20.624544948380496
истина,9.258816808317407
истина,9.302610630811174
истина,7.263531001831302
истина,15.402709935921
истина,49.81757044579608
истина,27.363357475166914
истина,9.100309221162608
истина,23.506140397771084
истина,6.611203079208877
истина,6.96003070059886
истина,15.22247638765219
истина,43.08255595740667
истина,11.849684433058737
истина,10.996050055863899
истина,6.438886151059444
истина,6.655666837334353
истина,11.858883147796707
истина,18.68268494331525
истина,14.19810492110312
истина,23.30351177031187
истина,6.424637383201122
истина,22.15291981147939
истина,8.811772775880662
истина,23.312057506669674
истина,23.121235095936164
истина,6.997404695249467
истина,10.75025216560561
истина,20.825644568372198
истина,2.2193947965643983
истина,8.443251371689586
истина,8.552509701240531
истина,12.58925455429964
истина,14.265910316708675
истина,26.801919176286436
истина,22.55014377677251
истина,34.023482222633746
истина,12.292477372116528
истина,28.6192100380093
истина,11.671584571674504
истина,11.600396885814256
истина,10.70684581991241
истина,10.105684257030148
истина,3.3843853121594556
истина,7.832258796671254
истина,13.55049780550393
истина,25.46815511047939
истина,3.8485327066743986
истина,6.228979791005992
истина,4.652273169871982
истина,15.547369635484824
истина,5.510651895432797
истина,8.987488630479568
истина,13.956552112131877
истина,37.025567340640606
истина,6.189173391588334
истина,23.444817231787894
истина,10.38620058196807
истина,11.229655897996013
истина,27.942948971041236
истина,13.04845897415846
истина,15.006934810934567
истина,6.213798929463248
истина,4.86637207568966
истина,16.063828144067863
истина,20.63243724499516
истина,14.726014923784513
истина,8.540055293877922
истина,43.14048329688912
истина,63.30927783364033
истина,22.659517716399517
истина,24.976287304421405
истина,5.729316486660322
истина,6.549807938472988
истина,13.638721143887349
истина,12.795135226992327
истина,25.607376827886924
истина,20.61871957275015
истина,18.59619881322998
истина,9.215539049829085
истина,6.433573599038126
истина,8.793109981740486
истина,17.317916727612783
истина,7.759343308387802
истина,16.76370135035239
истина,39.79537801665998
истина,18.351852921503397
истина,13.179724390824402
истина,12.939922300591714
истина,19.645829035663343
истина,29.80084269120371
истина,3.6542056332066615
истина,11.768090993284401
истина,7.510122692959433
истина,18.015417308589722
истина,9.394455071952477
истина,7.06425978000537
истина,84.02190585278164
истина,15.370588418436917
истина,15.90479240724223
истина,10.062015021695537
истина,8.770533991541232
истина,6.390599841196811
истина,38.9135180664389
истина,31.905653191543692
истина,17.60581662371569
истина,7.315854715871386
истина,6.231408104107598
истина,11.87761342457025
истина,19.257273785561594
истина,15.024410528495801
истина,8.588272432188845
истина,11.81113750559861
истина,11.647996669925249
истина,4.1564549525185965
истина,33.34767040908267
истина,5.982031165079256
истина,14.131913799323016
истина,17.448163471567756
истина,33.4287541483685
истина,24.199224856686033
истина,3.9718451011926854
истина,8.404743902390356
истина,10.288041356215517
истина,14.715628744733603
истина,10.431067633599088
истина,7.481425342065592
истина,13.21972775426278
истина,4.576474273765653
истина,19.415485778579203
истина,27.95609135152123
истина,27.645429108530255
истина,10.328546178469473
истина,22.19469192135064
истина,3.8595910993686973
истина,37.01039626626388
истина,6.50067510405507
истина,2.000396052329176
истина,23.226373860050952
истина,13.297019794177412
истина,12.425332153136429
истина,6.507073010394948
истина,5.481430862619439
истина,6.518259876084301
истина,27.065914825043844
истина,8.80951399563065
истина,11.645118814838195
истина,37.928965529305515
истина,23.689117911414208
истина,9.49310443953614
истина,5.759450459512905
истина,14.161923492125155
истина,22.620757531552826
истина,5.540091674972118
истина,8.111641052094782
истина,14.12376154100792
истина,24.38562646303607
истина,4.2352633924203715
истина,22.073845378518826
истина,9.699538818568438
истина,20.199368802740157
истина,27.498833596834498
истина,7.963879684077067
истина,9.294124162244644
истина,18.15382436403682
истина,10.221191175346615
истина,23.87870209958378
истина,15.754491053686383
истина,2.5533035438235823
истина,12.521354986318626
истина,4.888136265939206
истина,7.266164108672504
истина,8.104101183352302
истина,12.371444282801965
истина,20.017448657514688
истина,26.547152755798386
истина,15.93275088582881
истина,3.1228994603257143
истина,52.609417487090276
истина,15.587420931051145
истина,7.580982538047881
истина,13.919584250257923
истина,8.894910705745426
истина,23.418283648410576
истина,18.398077669087403
истина,11.804417599747788
истина,22.220380569461387
истина,6.861838973742486
истина,21.795930709174876
истина,4.166168299279211
истина,26.43119807688101
истина,13.670027536164636
истина,8.919027014355024
истина,22.11119345641944
истина,6.4273581335080445
истина,2.2120712406266825
истина,34.75576801856239
истина,14.23681398841515
истина,3.792109989082057
истина,18.74324873553362
истина,13.406913166616862
истина,7.588398883397729
истина,46.53483919774584
истина,30.917952099011636
истина,22.063273351461223
истина,4.118292111408133
истина,19.238205672175475
истина,54.32376217572052
истина,5.22793625347593
истина,4.346649014894362
истина,16.198282190040494
истина,14.866496064154667
истина,19.12620409112276
истина,26.57029711575041
истина,6.209456407092696
истина,12.757154209961351
истина,28.835910959757197
истина,8.29971867237411
истина,34.08172457954388
истина,39.03737604655849
истина,12.693126713460828
истина,58.2410233887288
истина,12.287063282966681
истина,24.81971800722141
истина,7.935747541961535
истина,9.593441824739639
истина,12.338374323189619
истина,10.51882628951278
истина,16.95644403785868
истина,4.5079465358498405
истина,4.124042539677877
истина,24.369948966553707
истина,14.204332889720789
истина,5.07216771288737
истина,14.624027000930509
истина,9.08374797612674
истина,13.161891537186278
истина,8.482198783963643
истина,13.479706033528347
истина,3.9974331844412028
истина,23.826420023297853
истина,20.04167348799887
истина,11.691936131818691
истина,21.669858024089603
истина,4.915903671208702
истина,19.567258767186622
истина,15.034278172906923
истина,3.965346807511162
истина,0.5219233493328014
истина,12.00671598670026
истина,23.605527618386713
истина,19.58805810868589
истина,12.643596723687144
истина,20.5083428575262
истина,7.230883717795905
истина,24.29962233330931
истина,10.429529827508759
истина,11.998716869536391
истина,9.962870275645479
истина,8.832081904502115
истина,12.734544245985907
истина,7.856168094846494
истина,21.405218844886704
истина,15.406929392635057
истина,3.116960418402084
истина,13.840591352630318
истина,11.807451891655093
истина,27.07782471516513
истина,20.34977723673819
истина,24.911627280534105
истина,8.402036077366272
истина,2.7766907235928278
истина,10.531086361955442
истина,23.943238456693813
истина,9.738035005271374
истина,4.436946163588111
истина,3.2293705894139846
истина,11.623957767956673
истина,9.193766324508038
истина,5.041505233343856
истина,4.780834419763809
истина,5.380396896835707
истина,4.93090847794012
истина,13.74949048610746
истина,5.597170822603072
истина,7.619649848762238
истина,10.4779818569823
истина,13.477091405372683
истина,15.795587209300075
истина,17.719190443030598
истина,17.82838864355974
истина,22.024630933385204
истина,5.49656448763753
истина,10.212124023105192
истина,15.358323560372007
истина,5.159057793939203
истина,12.58437949793348
истина,12.257015686025865
истина,17.96076194905209
истина,8.392488968015476
истина,4.5295801020434645
истина,3.9100746036750618
истина,22.755472921774288
истина,14.214462655920995
истина,3.2753537076898684
истина,14.634057316770875
истина,20.029025302987193
истина,15.405330808382821
истина,18.363407513578018
истина,6.537184198046088
истина,12.311141820921584
истина,9.384878426064219
истина,18.8732354776122
истина,10.93468977725863
истина,9.260636468764506
истина,14.794558590706552
истина,22.813274042121773
истина,14.875127565249592
истина,16.739380489501478
истина,15.543102154608281
истина,27.65370890478027
истина,25.098481927908335
истина,26.664541776079822
истина,26.153028535442512
истина,17.048071162829565
истина,9.66359678177446
истина,7.389474734579576
истина,54.98349005468977
истина,13.125445308744368
истина,14.198839131247409
истина,20.840308521659214
истина,12.283228372636552
истина,20.17922502799635
истина,3.701024136733566
истина,12.17504311163389
истина,10.802530277367818
истина,18.20725638257983
истина,33.11830567779119
истина,31.4456973924124
истина,5.553315200375769
истина,25.490204679950374
истина,11.866656375012354
истина,11.300189381004355
истина,4.290683760709232
истина,18.50377303567801
истина,12.636521666646694
истина,12.018647246321514
истина,9.158734698253252
истина,13.607429120301596
истина,8.712485831513881
истина,14.312666666837536
истина,11.770572696180798
истина,4.345781680447291
истина,10.665382424381356
истина,9.756118646921797
истина,26.68675187872585
истина,16.93176304280494
истина,5.945827320489887
истина,7.166278351888839
истина,30.977270369068577
истина,10.19569643253276
истина,29.765852631445377
истина,10.7028208293251
истина,18.943981116803002
истина,18.679478653752053
истина,11.587304511213512
истина,7.056862390771537
истина,15.028871195586351
истина,11.574402871532415
истина,10.49854583631426
истина,9.589485793877033
истина,7.920976265501048
истина,26.281463939734092
истина,2.2467002106707628
истина,20.21898218733795
истина,24.51919191240447
истина,6.332621453793329
истина,6.35606158432615
истина,35.73662702486087
истина,11.119694981861183
истина,42.45566566092335
истина,10.902318612147223
истина,29.529295456265217
истина,12.1231633652326
истина,35.40367318138666
истина,23.328522817737394
истина,25.833843171252905
истина,14.941205945677607
истина,10.610692226627373
истина,8.577309813024106
истина,7.892439636466753
истина,26.97081247755251
истина,14.232707877713974
истина,18.495562091210523
истина,1.7065094925655382
истина,28.748526402400255
истина,23.377316316211186
истина,5.618431176395677
истина,16.439299813475746
истина,24.748207584258516
истина,7.309726896521016
истина,3.002668347230099
истина,37.72315997062163
истина,18.43416760783265
истина,5.262168771198837
истина,9.920625659688648
истина,50.0118299865701
истина,39.570179081341664
истина,15.919708607377196
истина,6.017195455349783
истина,22.623891442515777
истина,3.5715611921319153
истина,15.000076023803071
истина,10.305794457248549
истина,19.728294368913346
истина,13.409057341935297
истина,15.317954283798015
истина,21.632322366948802
истина,7.498611522954519
истина,7.838882906607101
истина,12.775276415656045
истина,0.776035536728708
истина,17.017717493961793
истина,12.283694584119752
истина,7.988385295043048
истина,4.635977936425122
истина,11.566411125376558
истина,20.133751331553597
истина,9.163441166165859
истина,3.9423223707498005
истина,16.867284695995803
истина,31.402433639032793
истина,17.972225525700978
истина,5.353521737117846
истина,21.428514582901503
истина,10.231938259428674
истина,7.517652947615364
истина,3.7953327019955365
истина,14.245367046073717
истина,8.604711220813837
истина,6.376722739281727
истина,16.21721486942959
истина,12.689239924537894
истина,14.868316301301395
истина,21.739067268081854
истина,10.95308876226072
истина,29.426380330473194
истина,17.74085401892941
истина,10.433071226943214
истина,9.336247204697102
истина,19.960499262455254
истина,15.699056278933632
истина,20.967812063599617
истина,20.892655495206867
истина,43.31820035133893
истина,23.310505971854266
истина,23.76554165854116
истина,7.538595369600588
истина,3.0861218982799805
истина,2.816716950204869
истина,7.10121308521636
истина,14.569345712387074
истина,4.459963149266429
истина,8.922725439658826
истина,12.99733837972795
истина,12.143999965307955
истина,26.5430380719471
истина,7.999225505340451
истина,20.950404349492175
истина,11.094887256758994
истина,18.33665668830973
истина,29.528490608829745
истина,11.05672359733719
истина,16.85109292236623
истина,21.665192622976928
истина,21.572285677160508
истина,6.115532917601797
истина,19.06043484264859
истина,5.360058235263949
истина,5.355711545609396
истина,16.878662548752047
истина,19.480804486010268
истина,10.225907126308009
истина,22.247560598335024
истина,7.746843365244202
истина,15.7383428556969
истина,13.437252221661023
истина,37.589639878064936
истина,7.114816452392655
истина,22.65768747971926
истина,11.426417017913865
истина,19.88139681603908
истина,19.950424333966236
истина,11.739395682531288
истина,8.774180046201664
истина,31.39014146621075
истина,15.22362831891816
истина,21.529502151191583
истина,12.026062260119778
истина,14.21897280168627
истина,12.841748440691088
истина,30.982778571780138
истина,22.320584429676273
истина,14.729504189968658
истина,19.19342594635622
истина,4.793607289287299
истина,33.83109962219099
истина,8.957244415008995
истина,20.585604791258167
истина,8.192331551371584
истина,16.41192315767634
истина,26.995576617171984
истина,8.934375994889345
истина,6.436499582222483
истина,9.45177379184898
истина,25.143668705254964
истина,3.85367448794183
истина,6.524270034466233
истина,25.06104793756335
истина,15.728192675175384
истина,7.952160450481903
истина,20.19793870363595
истина,3.5421619335789685
истина,6.31432112652878
истина,7.001308557772592
истина,14.388444348803166
истина,31.333038788237772
истина,27.94124937901944
истина,15.941339815448973
истина,13.432556674213032
истина,8.203050770288224
истина,6.1463622307719366
истина,6.799942880925039
истина,6.029083579886697
истина,11.369010862444995
истина,6.655596698235626
истина,4.844963233546883
истина,10.876538069964832
истина,28.718164720030472
истина,19.699815624849016
истина,10.817564707149376
истина,5.236215634933574
истина,4.690398390058535
истина,12.434404552034712
истина,12.168605487911156
истина,12.674314885391434
истина,16.878787181681332
истина,24.622499646375875
истина,14.96351206489677
истина,6.600865104208722
истина,8.476537823602145
истина,22.41850617533291
истина,15.169785077715115
истина,23.126472055513705
истина,7.9813321817994165
истина,4.7221752528438135
истина,24.57502973447022
истина,11.514683088330779
истина,13.809353293779559
истина,11.053734638132834
истина,27.371798183582715
истина,4.998351093430935
истина,21.444587759953667
истина,7.779780809216139
истина,51.207481494284224
истина,23.7439066190654
истина,10.495894880416934
истина,7.365837508321105
истина,10.10719563654857
истина,17.043174539294867
истина,19.2629208034153
истина,7.64075322182682
истина,18.111325772319606
истина,11.087401649104525
истина,5.088352206836867
истина,18.049082088972966
истина,4.179082452649344
истина,16.62565983414642
истина,5.5607474234265615
истина,16.997039804612964
истина,5.892277179478927
истина,11.18689984418043
истина,18.09182998507038
истина,33.0940059398031
истина,6.840895693911188
истина,25.223848173153698
истина,5.44358898327791
истина,4.2672174907358364
истина,1.8529003240216557
истина,7.789065326348872
истина,6.068566079507387
истина,27.26996120567332
истина,13.47368359793738
истина,5.889497535311185
истина,37.51250410542837
истина,29.38979732161326
истина,3.1529467855486377
истина,28.40573644561305
истина,4.644166397022783
истина,10.396541914370607
истина,35.00858175514283
истина,26.111696730621418
истина,11.636251989625686
истина,3.3593835949237563
истина,16.95464038403088
истина,7.288084953082144
истина,17.687644353480326
истина,15.448781150067076
истина,4.640852846729474
истина,34.6890220446728
истина,29.77500701675245
истина,7.349873920370495
истина,15.824951612777468
истина,18.27577694613565
истина,6.6087698414372635
истина,20.337393013455156
истина,15.146889460299185
истина,23.550231194678744
истина,2.855633191372662
истина,18.397180588166403
истина,17.885852788819737
истина,10.339431915171122
истина,31.228253363160825
истина,15.14514848770002
истина,14.41874221675874
истина,20.760691250478715
истина,15.308820906857916
истина,17.158598646440353
истина,4.233725614523511
истина,32.80750316217097
истина,22.180077385843823
истина,20.323505797823923
истина,4.078365864812695
истина,15.274894994958967
истина,22.111066418315588
истина,2.295928083505843
истина,10.848565250752362
истина,34.67116895554335
истина,8.714365508128301
истина,7.285954604672206
истина,22.98068261367916
истина,35.513731886677114
истина,6.125335736648145
истина,15.997292386584332
истина,16.183685727321226
истина,6.4916738994579575
истина,46.94633229342075
истина,15.575116429860765
истина,13.634644707387361
истина,4.099913317866649
истина,13.85589255366865
истина,11.328715286253878
истина,17.641000847090268
истина,13.942246167335414
истина,2.4263597900176554
истина,12.763292553766497
истина,14.564806102099235
истина,8.347388331837955
истина,12.275211777354034
истина,28.6764193668867
истина,24.789921760189237
истина,24.23826170194587
истина,25.692725119917842
истина,15.577663086107835
истина,24.19927946615804
истина,2.022559703685189
истина,8.914676084823263
истина,17.413609415356525
истина,14.560926486658786
истина,12.321334856284599
истина,6.088075114836807
истина,18.079541538301704
истина,4.48502393962148
истина,6.471081665304689
истина,14.688651084482897
истина,22.398417171349234
истина,7.028477406727114
истина,7.747709149126293
истина,29.856501172570184
истина,22.731680586130484
истина,19.967912691726447
истина,8.394344519698414
истина,22.619935829650885
истина,14.150948709503876
истина,5.5226495356158045
истина,38.050719197925446
истина,9.730106938315988
истина,7.542152164666018
истина,11.956303621523734
истина,6.431389295819211
истина,15.664379216450197
истина,29.863006941158886
истина,11.843672097487852
истина,11.223285792428907
истина,12.01558414218151
истина,10.094511788864395
истина,11.685409644298689
истина,17.95088846162233
истина,19.643364480632307
истина,26.39008748648258
истина,8.292692902126037
истина,35.04051738213766
истина,3.899112250041814
истина,8.707580203591927
истина,6.197056993189127
истина,17.944528874579564
истина,19.26260123339133
истина,7.160780731032653
истина,7.664766944141994
истина,35.06132406005181
истина,16.231008673547418
истина,13.99405614595236
истина,23.045663312298224
истина,9.145701396596989
истина,13.12626906425136
истина,25.08674481833596
истина,5.820922085281405
истина,29.785291656958787
истина,11.789122026653976
истина,35.61881985080504
истина,7.758956210245741
истина,18.741448518840297
истина,12.56987239641494
истина,30.257784465580528
истина,20.529257469884918
истина,12.972563347430373
истина,7.0371009227459655
истина,8.168602270606787
истина,5.13409489788624
истина,24.764803996877944
истина,8.878346576664512
истина,9.853375122064353
истина,35.39960240861446
истина,19.260662908044385
истина,35.7169584727291
истина,9.872070776008997
истина,17.403499977726675
истина,7.036679133479759
истина,4.0018493132838815
истина,18.113783386606308
истина,17.109747536590938
истина,4.65271618755542
истина,11.41701859534981
истина,14.835752342616011
истина,6.96555523758804
истина,23.848611361940566
истина,15.623552156534998
истина,7.504145022787539
истина,8.063256648433631
истина,27.308814712473833
истина,13.309627993952297
истина,71.61345614315955
истина,18.20660776625566
истина,7.469111026779924
истина,8.159025293657043
истина,18.717069474812718
истина,12.707874361233214
истина,18.798668228479137
истина,8.063945579063581
истина,5.925595909867624
истина,2.136776164349358
истина,25.322702648837428
истина,12.957057724176048
истина,3.918690851396026
истина,10.881384911545872
истина,18.61531030129371
истина,6.342138294536895
истина,7.714093106894532
истина,22.76042162961648
истина,5.822286371354332
истина,15.87641119999076
истина,9.657206437526625
истина,21.5352415936758
истина,12.518158606650463
истина,8.322427827946491
истина,45.14679907850454
истина,16.913972445883225
истина,28.483409387756193
истина,42.61522554077405
истина,24.751521484029734
истина,19.45721044957634
истина,13.163549815082213
истина,11.273536019262334
истина,25.719399941309423
истина,8.951752404471119
истина,4.728431868967627
истина,12.68015847815767
истина,32.01896929417589
истина,9.537202406945191
истина,19.767700253490734
истина,11.493493236036485
истина,26.640107038825207
истина,3.5124796034505508
истина,10.54306386557074
истина,35.14418721907785
истина,14.472703540543062
истина,22.517031775242316
истина,13.65118398372158
истина,2.73049610971012
истина,7.548935432423296
истина,11.649078925829023
истина,17.790448688276207
истина,7.449650084687356
истина,16.94883039171185
истина,5.734035790172641
истина,52.46190698563152
истина,11.210774986052389
истина,4.960045583066533
истина,25.21640234534196
истина,2.709301502641809
истина,10.872228677463287
истина,34.64508252995352
истина,8.956413016165698
истина,15.420857405751391
истина,5.42650139646395
истина,12.071190526103312
истина,7.156554910075942
истина,24.028259756441884
истина,12.373771770136555
истина,12.087065617584074
истина,11.911410229172398
истина,19.956501146369035
истина,31.737470608922127
истина,22.170502449926694
истина,5.650265255061974
истина,11.978979654637337
истина,9.331809877158184
истина,7.239177470072832
истина,4.369646144415315
истина,7.550989769749536
истина,13.283396397492876
истина,22.20005207758897
истина,12.990360514554894
истина,10.84639320254708
истина,3.6296008819604664
истина,25.070855942233827
истина,19.87366781953922
истина,11.104768830298422
истина,26.81505969402246
истина,21.790402127129482
истина,9.732381670782647
истина,18.88327674232181
истина,6.347148046323446
истина,26.97239805545285
истина,34.69453566600791
истина,21.998983486382
истина,48.80225962385931
истина,33.122756355249386
истина,14.104841244902456
истина,35.77657824278208
истина,12.91288080770693
истина,13.803674810642631
истина,7.274176111291134
истина,7.74970309880676
истина,17.677687657004146
истина,15.67752144164403
истина,10.618690083568545
истина,21.33617367960589
истина,72.39792805098261
истина,9.127081712122223
истина,19.480659028252546
истина,23.520949801142116
истина,10.371783024533595
истина,7.825561998356765
истина,15.91285761066181
истина,13.30236257008011
истина,9.313094376772472
истина,8.90311619288802
истина,41.181941975808066
истина,19.46237114726964
истина,56.63976693045862
истина,14.440619997847518
истина,10.258285033033356
истина,3.8633782939567523
истина,12.159929988356536
истина,8.071443225692077
истина,4.727851429393866
истина,16.516004960554238
истина,17.146018196201634
истина,56.53893821866189
истина,18.0099156010087
истина,16.985543394706472
истина,25.36575534733838
истина,4.198044592423991
истина,9.98540575768316
истина,23.38093599276561
истина,13.476116996127002
истина,16.225112015714007
истина,7.278134103483379
истина,25.44402653462857
истина,4.860644982684627
истина,9.076698932109682
истина,8.494450005626348
истина,4.475350681399391
истина,20.43476264222287
истина,12.474441912194688
истина,6.868939141990666
истина,1.8430633279788786
истина,31.117798881155704
истина,26.34715681196602
истина,16.521070548796196
истина,11.48023487135888
истина,6.927238270760226
истина,11.589332073815685
истина,9.982810636891507
истина,21.894854805013466
истина,7.900132860258707
истина,4.1935872118216775
истина,9.135013886811578
истина,20.27342450540391
истина,57.02928646041182
истина,9.192113463917241
истина,37.276373312382475
истина,4.085289909387598
истина,15.478189271641668
истина,3.749976993190179
истина,5.997016100681282
истина,17.30185055638075
истина,8.448294037838165
истина,19.47763909681115
истина,18.421643842378195
истина,6.500824443144526
истина,6.165371809356379
истина,35.24448018855083
истина,5.6541747826544935
истина,30.484120121363485
истина,3.133321914021371
истина,7.478216748386059
истина,2.3222676812606156
истина,8.364223450500226
истина,19.767871838133512
истина,22.826639817933135
истина,15.939168325610872
истина,5.673439046778719
истина,8.298565959453128
истина,24.816291517323428
истина,10.665617998195835
истина,4.341981634806581
истина,14.122341558268628
истина,3.796746319967758
истина,19.491382461873336
истина,1.4358901707296259
истина,8.540607475038058
истина,3.953261699131525
истина,10.10392590367449
истина,5.204901133640916
истина,16.715683206648816
истина,6.535958218476888
истина,19.447852515728798
истина,22.86554905939154
истина,8.84038127261916
истина,4.6701943403923645
истина,17.053912171399887
истина,25.96466653006365
истина,5.148388578829547
истина,11.547222108207663
истина,10.422323191304258
истина,23.266847706874046
истина,11.413797423236613
истина,22.348881328288005
истина,7.654477649439987
истина,10.781711435382347
истина,19.478825413389252
истина,12.238475898680822
истина,18.764240557212464
истина,14.722404542348137
истина,7.661283443724761
истина,6.186071849687408
истина,5.044515192726157
истина,9.71819871716628
истина,8.513485337673796
истина,26.0635598719265
истина,11.211389435853604
истина,12.408687915792605
истина,7.2400691057462305
истина,5.69884596378567
истина,29.559043587128816
истина,6.912341637008788
истина,11.096191947673095
истина,3.1215332768897337
истина,24.417226075922137
истина,18.380383745259874
истина,27.72529310240971
истина,6.855035285679419
истина,23.85534730141004
истина,9.905943414606122
истина,11.489890977913856
истина,5.982643962655985
истина,13.346760302244956
истина,2.780347108280952
истина,10.981213911744447
истина,33.579596951429664
истина,34.81896102488276
истина,5.232638141307357
истина,30.184328744310793
истина,11.262406714830963
истина,5.75296332244317
истина,3.99694173481334
истина,31.159248134832833
истина,7.12848190477767
истина,4.751379465398544
истина,9.190641886438582
истина,34.4675954849685
истина,9.618115012046278
истина,8.176915971854578
истина,8.595529252784106
истина,24.104273452524467
истина,12.581516706879874
истина,1.6146262762324806
истина,17.63729943812177
истина,15.141378620526993
истина,20.099941282443083
истина,2.5333714946607193
истина,16.635879082955277
истина,6.943539956937928
истина,3.0404271198774695
истина,23.770813539954865
истина,14.685287976066322
истина,13.726785384526874
истина,2.3172012202542227
истина,7.207193186897946
истина,5.829156129991507
истина,15.1038937278801
истина,10.939012616226664
истина,30.775871274235655
истина,6.878119457835668
истина,8.443813921121004
истина,5.525661819143136
истина,45.28353842695583
истина,10.46679436657097
истина,2.0969376806010356
истина,5.980649672710721
истина,30.20943648142387
истина,26.93312310378068
истина,15.950954714183668
истина,52.07919223921506
истина,54.70478545078741
истина,49.196865289468285
истина,21.541236206234476
истина,18.06944876566922
истина,27.71628029931874
истина,43.32145690976449
истина,11.787109228983116
истина,26.06810531255174
истина,13.95200448048972
истина,10.320685259196761
истина,18.477477159931492
истина,21.27753229713481
истина,7.552224565459623
истина,3.6132094029827555
истина,8.205559430138939
истина,2.5247949223010497
истина,33.796747329249
истина,29.80948154148149
истина,4.8118053749400245
истина,12.431222942107787
истина,3.699225404707888
истина,2.606184216881985
истина,2.6897362945789283
истина,3.1032227139598048
истина,18.351354407520308
истина,36.24320947033197
истина,6.1364993651334165
истина,11.63262023012948
истина,29.601245206212013
истина,19.52341607496492
истина,7.521608671854251
истина,31.863169919970627
истина,18.84248965024714
истина,12.863544842072027
истина,7.546344088796919
истина,19.28984841423835
истина,16.359551488756217
истина,14.082365211360255
истина,11.08047170735399
истина,11.101540108971577
истина,36.49560400573321
истина,16.848356022055075
истина,10.127865487722605
истина,28.192702903900035
истина,5.100552752298143
истина,9.952558736584761
истина,3.8951217004226333
истина,26.509918211342583
истина,5.603136047713194
истина,5.055470350291744
истина,6.029325876529107
истина,8.322245007390421
истина,6.372880646486948
истина,21.335610083532007
истина,10.61329632805041
истина,16.94345027034831
истина,6.762609819746298
истина,6.54978242698011
истина,28.547305729517262
истина,10.949003114290417
истина,6.1577030340280645
истина,4.475371451681072
истина,12.852600538302584
истина,15.890502205679581
истина,20.17604373970577
истина,19.264115039603556
истина,21.660237055739444
истина,8.304204633671402
истина,19.84446529879886
истина,15.078269042245369
истина,14.570904942630726
истина,8.89911782657839
истина,8.690852584518371
истина,12.215264783783736
истина,19.448172531925877
истина,17.309368328714815
истина,8.894805578503997
истина,35.14877402060928
истина,8.557267883073282
истина,12.127833906775093
истина,5.072642876215913
истина,27.373103247093475
истина,12.396489069619806
истина,9.132270541809095
истина,8.607405333347973
истина,12.332926888487972
истина,28.277512484686056
истина,18.90023600175852
истина,9.786152439102437
истина,14.437287396641771
истина,10.208793485177571
истина,10.627387786540245
истина,44.635471042930405
истина,12.130996858384105
истина,7.192995257872564
истина,7.783467181953155
истина,10.686492887481815
истина,23.973421454100922
истина,13.83834328046717
истина,7.039756184921227
истина,9.234442999394659
истина,9.301226607321121
истина,23.88778119156933
истина,31.107165046699738
истина,15.810352926397226
истина,14.848062314596781
истина,21.666299860017944
истина,20.03222775170088
истина,12.161651602840172
истина,28.66909614024737
истина,11.708885929290396
истина,9.075960959970931
истина,27.90721067139782
истина,34.51178709528943
истина,9.250953594841178
истина,10.564449024684821
истина,50.99424183073375
истина,4.056857888541621
истина,23.7742761215727
истина,13.368685456134346
истина,26.87334262383803
истина,2.6087993180402944
истина,3.9568696141054924
истина,27.85168886564216
истина,17.02897995197098
истина,20.380674618745257
истина,4.688248074453631
истина,27.589048047537986
истина,23.279613044953674
истина,19.883008003820557
истина,19.923379229229802
истина,21.399419189431953
истина,3.6390208161033915
истина,6.185993270680016
истина,44.83133785936437
истина,12.662574480225867
истина,11.000813464347123
истина,10.407083077117965
истина,4.928014058382734
истина,10.411146592505098
истина,9.497377705789768
истина,9.053656480580567
истина,8.929154447089855
истина,4.521615883004027
истина,17.47114318311756
истина,18.312512688843253
истина,16.99702940306166
истина,16.94844473647484
истина,23.162810233971328
истина,15.876318486502951
истина,42.609084373542984
истина,23.899579094045805
истина,41.73981230652889
истина,17.274225180030097
истина,22.043445674995706
истина,32.91381108576722
истина,27.568991795360535
истина,7.185745238029139
истина,11.740131943738717
истина,9.127440247853873
истина,17.931722155931393
истина,10.639000102770948
истина,22.6475538065659
истина,3.208807550289608
истина,21.059185200208468
истина,8.99982598750966
истина,15.368853192675285
истина,5.501422011541475
истина,24.486860072381972
истина,10.362689048583782
истина,21.289705339137434
истина,13.70764614578936
истина,13.918610389253846
истина,13.163546561701455
истина,9.388964885603443
истина,33.811707539344425
истина,23.70272304719016
истина,10.370473555479368
истина,7.950417514976081
истина,16.60359285664682
истина,37.820670467653564
истина,27.544485584317105
истина,7.708093365216307
истина,7.928040739332011
истина,18.035924248356153
истина,7.44157944486489
истина,22.09253119191248
истина,7.93554341327074
истина,7.94060977492073
истина,4.483555687930561
истина,12.376509510386771
истина,24.9660804859074
истина,19.626873852637992
истина,3.7493092924470024
истина,29.44088318585483
истина,7.0088763842126625
истина,15.424633765456358
истина,11.939821082664691
истина,20.52935894133553
истина,22.247469237598516
истина,5.869622146111977
истина,5.278159772796734
истина,26.948399707043947
истина,8.26881447709863
истина,15.582649729928871
истина,33.24723764960832
истина,18.889718647567882
истина,4.972604253329485
истина,13.277728565024162
истина,19.388461609633556
истина,15.852572031994677
истина,25.468208571560083
истина,16.99078668791927
истина,7.753529217363189
истина,23.47261345394419
истина,5.874357716285375
истина,6.099137023418939
истина,5.760859677594832
истина,21.301725538872773
истина,13.12745645494789
истина,10.21186088222167
истина,13.900817048122104
истина,6.036635962371977
истина,17.771210474098474
истина,18.802023416215544
истина,19.56049467345284
истина,2.41269943819664
истина,6.890012913604097
истина,11.862285050721475
истина,20.81845028894265
истина,4.603004451407802
истина,11.503121195816222
истина,9.946756909965828
истина,11.850006447188026
истина,3.2698665893066416
истина,44.77018744819618
истина,8.745169149973268
истина,25.845609279546423
истина,3.4548163740990256
истина,18.890194259524062
истина,22.18925462537871
истина,15.02110583613477
истина,43.97847956799241
истина,8.986008599871537
истина,7.77721349535704
истина,40.54671806418098
истина,4.781910314784609
истина,8.549899281095644
истина,1.9524662651048272
истина,17.385253658123784
истина,8.213772668081866
истина,32.91030382225449
истина,12.25645868586503
истина,22.665163244349934
истина,20.088719377742947
истина,0.5755221431361432
истина,15.164054680697376
истина,34.088255183894795
истина,6.081093454671117
истина,21.568381429778473
истина,17.847446534841083
истина,4.810132151008137
истина,4.668054213980684
истина,12.88476043171512
истина,2.9028073330677717
истина,8.22490397101901
истина,13.11214990176095
истина,10.404665682826494
истина,30.062747602027407
истина,20.104778597232883
истина,9.946005904813866
истина,14.413114546391169
истина,41.95788353094351
истина,11.241358054556557
истина,5.76448490368589
истина,5.548849817350023
истина,11.818285570277828
истина,28.843574739142895
истина,11.190369469089607
истина,34.08316824063093
истина,56.12620067908516
истина,21.99713094953013
истина,4.113033947410834
истина,11.312036637257888
истина,29.79909709311566
истина,22.232657713933506
истина,27.654310868880987
истина,7.9994938699800695
истина,16.339866341554334
истина,21.27631458110744
истина,23.11254125479274
истина,7.484124007314863
истина,9.484003225206262
истина,31.693857534945437
истина,10.87335506979967
истина,33.95190343992019
истина,18.74881069721633
истина,3.9340062319060003
истина,10.235961705332242
истина,3.2624794472929137
истина,5.3921001156194635
истина,29.31449953624154
истина,22.03296898981366
истина,12.728385981795268
истина,7.311239689395823
истина,18.96878578148499
истина,13.6892681459556
истина,18.16354381750443
истина,20.459447295579395
истина,12.916713833590721
истина,37.21113775137222
истина,7.9228297732325945
истина,2.1322038529035594
истина,24.992924983893396
истина,13.023669764939287
истина,5.286732048388707
истина,66.41830631865092
истина,12.247317701324278
истина,4.985836500446741
истина,11.21090458102959
истина,8.598218401648055
истина,6.6902270320857555
истина,11.132886225991324
истина,19.429844031818448
истина,30.86414140587999
истина,4.102015796632324
истина,8.129320066380073
истина,7.837185509534315
истина,24.44500000303006
истина,4.715125695935172
истина,2.6993898316677383
истина,5.135266548232896
истина,15.565612808044714
истина,3.58555382201986
истина,8.358857396523685
истина,5.786303202594252
истина,16.823730600253363
истина,30.231311791042287
истина,5.4227311453299984
истина,15.330218112505978
истина,15.351941303803267
истина,9.525358610290217
истина,19.314680841171462
истина,8.66915747185207
истина,14.371814274315375
истина,6.339390769372951
истина,13.876576909183933
истина,34.34321791094584
истина,31.264483020465356
истина,57.45033882790927
истина,38.22672334128924
истина,36.737832936321304
истина,15.394819090440434
истина,5.1468616304842065
истина,5.95057503663754
истина,17.40757336359843
истина,4.2638538436649105
истина,15.469126313112053
истина,5.35097085573761
истина,3.5733533717742745
истина,5.075294184832089
истина,23.300175105398836
истина,10.819764711769652
истина,22.952371954700453
истина,27.656812624073268
истина,43.69298584661415
истина,27.19709513108696
истина,32.19099750159761
истина,15.886542108751456
истина,7.614075354840997
истина,7.656536321634391
истина,11.708649956837618
истина,14.052673970566289
истина,11.01084986129284
истина,7.041426077702276
истина,14.184873230432997
истина,6.747539262461815
истина,15.073515856672246
истина,19.53678570634859
истина,4.733444674360765
истина,26.834623026945142
истина,8.06871969263846
истина,37.952966419145056
истина,24.907280578819925
истина,12.511072979346014
истина,28.559202660407053
истина,6.454160328024353
истина,31.819778743792277
истина,4.017073567329446
истина,10.053310301975818
истина,32.07652790502159
истина,8.358372478377014
истина,11.142090660912277
истина,11.084747867877965
истина,13.365661299516614
истина,5.935197039010764
истина,15.894023283028025
истина,24.31732481182292
истина,5.867184700544641
истина,9.914078906869166
истина,6.673488164930863
истина,9.876500674476839
истина,13.146266197568107
истина,3.0783753357941785
истина,28.228864964047162
истина,6.478010883214716
истина,9.535208130846485
истина,4.380767247024045
истина,22.327128696385273
истина,9.687598055530156
истина,8.547501418931327
истина,7.437595791052666
истина,14.141930517029724
истина,13.20589990437691
истина,25.967409190070807
истина,16.878081604127537
истина,22.1042227336473
истина,28.89071568700858
истина,24.742695610886244
истина,8.138779580742673
истина,7.86101554553197
истина,9.012300961822591
истина,5.768304773516102
истина,13.77541192832023
истина,6.98467057629694
истина,5.182507979194481
истина,9.40064891062347
истина,13.724300005329692
истина,5.423985963207169
истина,23.3874203266385
истина,4.042612120431556
истина,28.290256853535453
истина,13.052642247019625
истина,12.617883925814038
истина,12.665275718790717
истина,4.9806433307935745
истина,14.944197838171181
истина,59.16288033034888
истина,1.4701186439837544
истина,29.623893189136744
истина,25.85525443128312
истина,19.995796598419794
истина,16.678853306408328
истина,24.5325013352682
истина,8.645993877813748
истина,20.830466058310954
истина,9.51592030253748
истина,12.092934687617714
истина,22.207475032531224
истина,20.582686659515254
истина,4.026713944752645
истина,13.723781591785883
истина,14.933434879783286
истина,19.030784883962767
истина,4.840065413230409
истина,12.550596880699116
истина,34.78233029861691
истина,5.259743629531189
истина,3.8968504983713883
истина,31.46638812873552
истина,7.759487237877651
истина,12.008753771154833
истина,21.37970034675809
истина,6.596891762215426
истина,9.433776749184902
истина,25.01053625229888
истина,30.383556170782406
истина,6.3566091606122725
истина,33.344862339906626
истина,2.7364990343270796
истина,10.53799527292279
истина,15.893695686703282
истина,16.901758433551173
истина,30.283353819014373
истина,12.9286700251444
истина,15.379721277560519
истина,19.840798711611903
истина,8.762896852451957
истина,23.18588975760005
истина,26.507278395946404
истина,24.548834306667118
истина,5.975690481114675
истина,6.453316224723184
истина,10.006973775373435
истина,30.043144489087823
истина,11.787897855696333
истина,26.0602628968779
истина,16.020941505534307
истина,21.87704311491297
истина,15.513879900371643
истина,5.9836466765243435
истина,12.072195340435702
истина,9.213753691524033
истина,11.127586881071679
истина,28.59433843569145
истина,17.671596327990898
истина,6.497791263353522
истина,17.844095694853372
истина,20.044683309275538
истина,9.430835397215994
истина,17.64572785018472
истина,21.448049352343208
истина,6.999559088381783
истина,11.801855317437267
истина,8.85030678407593
истина,5.92178827963809
истина,4.6181729651030325
истина,22.61881277429989
истина,5.1705968818165475
истина,27.210507623474665
истина,7.278877169448121
истина,4.242947693056985
истина,6.745346754625493
истина,29.526817276075235
истина,4.156250780976241
истина,22.09151744469019
истина,16.849626202841
истина,8.263678087171549
истина,18.648650258044093
истина,11.749633875651469
истина,11.988390427075123
истина,26.552678367646244
истина,21.846982497724653
истина,12.804515760816486
истина,3.210889315780225
истина,7.047450805215376
истина,14.709625297132334
истина,6.836170426170837
истина,9.224080512686161
истина,10.135695221074515
истина,12.911683750679334
истина,13.528259380729295
истина,3.4747283311625847
истина,10.079613390989312
истина,8.07790927171404
истина,8.668712330545418
истина,11.35778454368843
истина,18.514988785488896
истина,11.88195635754099
истина,24.41023541629552
истина,38.90290936003522
истина,14.941986714841203
истина,35.48318755461734
истина,8.314505942332506
истина,19.346341106768037
истина,5.6367397977632665
истина,23.43191224893597
истина,17.0935642171125
истина,5.59952027702883
истина,13.770615782764956
истина,3.8600359144698495
истина,12.1052176219712
истина,6.844744308917791
истина,14.10074665360275
истина,21.482416906064586
истина,25.46911693519107
истина,11.737850136581503
истина,14.083931631048152
истина,6.682934175703582
истина,25.705081120160443
истина,21.855028662127545
истина,14.913086896351498
истина,14.408904294987464
истина,12.120671276115615
истина,41.628069949251376
истина,20.89898216695908
истина,2.08022187859119
истина,4.717343015043482
истина,16.54667578279468
истина,21.9782275884987
истина,33.37292983659222
истина,8.909751681538555
истина,40.425489712392256
истина,10.63892414819663
истина,26.70700312223439
истина,5.936902344372263
истина,14.769964520671403
истина,22.221293609727894
истина,12.859285516715335
истина,17.583460224761943
истина,12.569687582365898
истина,2.786616620877451
истина,4.955386377036333
истина,23.28348497073069
истина,14.926935904424955
истина,9.88863370981851
истина,19.140286509144183
истина,37.39600694184495
истина,1.8115521398141667
истина,4.295504251662215
истина,18.37265356018427
истина,29.843125699558946
истина,20.435935164974094
истина,9.897628429577715
истина,15.029468706128124
истина,7.188712763989712
истина,7.351185758683613
истина,8.65425758630576
истина,9.260931661520903
истина,10.395551339687373
истина,12.730809978515513
истина,10.329004387366169
истина,7.61572975286665
истина,6.159306359879328
истина,21.25103959635223
истина,10.394556124633837
истина,39.54783532835084
истина,38.14255047511331
истина,16.993210469112636
истина,2.593425958226929
истина,5.540689767077471
истина,17.027722649398168
истина,20.983112127525267
истина,23.737301594919625
истина,7.173336335754602
истина,21.415387694517854
истина,11.622878569612006
истина,8.48777122517159
истина,6.305253273367037
истина,14.311067973120357
истина,2.8304715016393356
истина,9.21419911764489
истина,4.491714687236092
истина,20.471749416318552
истина,41.762971055937044
истина,4.8916211518922825
истина,8.929594654029815
истина,19.70831808594716
истина,4.901747517004156
истина,10.915781514328046
истина,8.674484714532655
истина,18.4401025814858
истина,14.788159759092341
истина,14.08563057342266
истина,5.173979505618638
истина,22.202437051146514
истина,40.410394675093045
истина,15.82207595508416
истина,16.76813157007326
истина,10.852199751793314
истина,12.543717378013257
истина,8.444674484138936
истина,13.360196009696345
истина,8.31153171631951
истина,15.484945847328772
истина,10.603880105105578
истина,30.744659868074642
истина,7.040345785982036
истина,7.285504800588563
истина,23.34995596922733
истина,12.774520449115704
истина,4.535541615435902
истина,6.416922688749061
истина,11.792535817413214
истина,5.915728321372043
истина,20.66110507331213
истина,22.45908925453013
истина,4.187417797113832
истина,4.366620175152662
истина,22.34626789186914
истина,12.155507472669388
истина,21.568434078263458
истина,38.04222446510502
истина,8.141918911537195
истина,17.176921617007512
истина,18.75334331032725
истина,17.540787381184757
истина,12.499152691636283
истина,4.426484639299675
истина,40.059439948496916
истина,9.792889212893284
истина,7.368949184510799
истина,17.04353880461247
истина,16.550202267552006
истина,8.081173398532615
истина,9.61808948025799
истина,27.306968054350296
истина,11.868937634943338
истина,4.991507147945213
истина,25.80207948901949
истина,0.35152309706840845
истина,22.069090973947635
истина,9.609739681761505
истина,10.821012750935722
истина,15.667128916272642
истина,5.404389856583386
истина,28.10418296445975
истина,49.30202615517739
истина,7.025113246122064
истина,9.574154067644876
истина,19.129737338365054
истина,7.7805393366437325
истина,23.71381324600059
истина,9.71415952810121
истина,17.36087029732032
истина,33.550921977072335
истина,11.233563770715909
истина,5.03367963769678
истина,10.483191803422983
истина,17.299142208173315
истина,2.2430837192566306
истина,10.215671788084986
истина,5.452374356225123
истина,30.819159594433902
истина,5.210899596619589
истина,14.087579948607974
истина,21.786650033829225
истина,20.069904091399163
истина,8.689103906370523
истина,15.601403440624765
истина,12.937999585435417
истина,23.322435601512744
истина,18.595935168854137
истина,22.283377365546844
истина,5.903494869071987
истина,13.254710059051522
истина,21.27243811766246
истина,25.95533289090967
истина,3.2446912732327196
истина,6.613896423803141
истина,7.213678294999145
истина,13.263379588403932
истина,20.08759636732007
истина,7.975992951784969
истина,12.175937146586922
истина,2.2048470488890417
истина,12.402933971007567
истина,64.62659340106889
истина,10.50443528314549
истина,22.155623642975783
истина,17.4079827451652
истина,19.936816268418305
истина,23.39687384225246
истина,12.94018680009565
истина,10.418508610940496
истина,7.535125741475694
истина,11.32100693887411
истина,18.87273016280584
истина,14.302534605809369
истина,21.51868146396251
истина,26.050951600417843
истина,42.91920978621752
истина,22.390433754330147
истина,12.298191377886063
истина,3.96529937985909
истина,7.122232398687357
истина,32.35173331901598
истина,5.9401106448065
истина,7.8930174927373535
истина,7.73743573510312
истина,12.712934524093427
истина,27.386054858818454
истина,7.855376788225151
истина,8.174594183340446
истина,22.0974739062371
истина,12.684546017006365
истина,9.83599611652356
истина,18.29917135744921
истина,15.578550356896727
истина,11.206620324970848
истина,15.80782082766019
истина,25.34984829300234
истина,20.438356241447465
истина,9.59510760406776
истина,24.93038957293782
истина,15.176344932596937
истина,7.361549453262433
истина,20.133476856520293
истина,14.735769659016047
истина,41.72313383299444
истина,23.113193450285944
истина,2.70303561262723
истина,16.184208124346544
истина,0.9646874081845845
истина,16.7328745658089
истина,7.312697222223695
истина,6.634462554242165
истина,16.775936171428604
истина,22.039872440655643
истина,20.93810137122574
истина,15.452590684913542
истина,2.84034281371797
истина,29.775652983192423
истина,33.548051656746864
истина,12.22492231298724
истина,40.32221817482503
истина,5.79571028971088
истина,2.756897046004824
истина,16.304067397604257
истина,25.153187392401893
истина,6.502688694132259
истина,13.454748732435688
истина,5.933176729401817
истина,16.04236587192416
истина,9.809414546651693
истина,24.661677624047243
истина,27.319599455760088
истина,13.61151559127589
истина,10.014804647797053
истина,19.62031355210744
истина,46.95463568412814
истина,26.640219847812755
истина,11.509834053005271
истина,14.613739955369638
истина,71.80571790607077
истина,9.279658400509078
истина,6.032327337400258
истина,19.161416083256082
истина,10.7663389869081
истина,5.286430705833807
истина,33.11247485617019
истина,16.401739800117724
истина,17.235134528398817
истина,34.20797212151053
истина,16.611200045393318
истина,33.57579396833379
истина,15.02047608132709
истина,19.393050183594468
истина,4.681352895737912
истина,3.4125538274353717
истина,10.82122669761068
истина,7.344961065680492
истина,17.828990409003936
истина,9.981896756812912
истина,7.192626232496256
истина,17.85382976841534
истина,13.211238352726848
истина,11.850712464540328
истина,4.7121910927344715
истина,7.179055266842746
истина,20.32807484611742
истина,25.847584747246355
истина,4.981321247718283
истина,14.392774622364078
истина,9.718931020474802
истина,11.795861398821678
истина,28.066542937989958
истина,16.019384971408538
истина,10.862876979789494
истина,13.637759182594642
истина,10.144970877180144
истина,16.59509947040034
истина,11.576722523226245
истина,18.127884453279123
истина,1.2316495339805826
истина,32.45380041057662
истина,3.7197005837770356
истина,26.377167561346617
истина,13.47300183817418
истина,7.649801281811239
истина,53.665773624853024
истина,7.848112641272848
истина,9.49853012635453
истина,17.039361795119234
истина,3.016199014958993
истина,3.3483381532563223
истина,4.8684056774714195
истина,5.9594306340534775
истина,16.391712532525904
истина,3.1006344575024833
истина,9.844379750733786
истина,2.3241975022703665
истина,20.44810693898024
истина,8.077225725173639
истина,21.51321803438993
истина,14.786720370362703
истина,6.547803319331228
истина,4.877653988356042
истина,9.212138286575113
истина,28.479635660180385
истина,9.00748304194687
истина,10.764102118618192
истина,41.67376469712289
истина,14.373622918238478
истина,10.682718388286725
истина,7.1409764134857685
истина,10.377873455911093
истина,32.11853687249882
истина,32.309517605022094
истина,48.592240421733365
истина,7.1997762272081225
истина,7.606901521800556
истина,7.521922906592613
истина,4.566639546970101
истина,6.795314335788509
истина,12.064302834368984
истина,10.27419759833025
истина,12.500081681908007
истина,52.7887127794761
истина,14.359775820197992
истина,12.137212932077375
истина,35.87758587877056
истина,7.242755106882629
истина,14.144029974845456
истина,8.898210679233486
истина,10.4629191282606
истина,10.08715663487291
истина,20.75014028748954
истина,37.465876915580616
истина,13.395214115990145
истина,3.6100119700133297
истина,10.698657168918498
истина,5.457780108710091
истина,18.0431211456592
истина,4.606781835730349
истина,10.670504226194424
истина,8.436142264241559
истина,19.496066124614472
истина,9.546011017514388
истина,23.13284918167394
истина,6.944687727874077
истина,22.854935465180613
истина,5.7180993893829655
истина,13.328826200513909
истина,6.928605223622389
истина,27.100560171310935
истина,13.133311415322474
истина,6.278673937265885
истина,29.596893098046763
истина,7.6526325283320515
истина,3.4435695093624594
истина,11.870006599550955
истина,12.89845590488793
истина,6.878252252863886
истина,20.481679230099886
истина,14.964463045127218
истина,2.0539028562999198
истина,7.181608406898839
истина,6.369473109418883
истина,3.412200090666216
истина,5.1937481331449655
истина,6.954910062154628
истина,18.473786934513043
истина,21.12000410708753
истина,10.844197299592459
истина,15.341814928583156
истина,14.048377260338917
истина,19.217355468207977
истина,7.542899857625447
истина,21.055014367382192
истина,8.34057002509526
истина,13.66825202004674
истина,21.618684549202346
истина,10.83027214300201
истина,8.639141247310498
истина,14.281448717689774
истина,7.233281578293152
истина,2.8087077494475814
истина,15.51681612927825
истина,25.325391738673517
истина,12.048394963218735
истина,15.397791656179603
истина,18.037671318774827
истина,22.462943524528814
истина,59.18265538721841
истина,19.97873885985474
истина,25.282293015486445
истина,10.982091793225969
истина,17.622255594560265
истина,31.571868941475397
истина,19.16379815536003
истина,21.411200338821615
истина,18.78600001301336
истина,6.204943894958664
истина,17.079248948131255
истина,14.355898337662449
истина,14.749895185544121
истина,6.841284435113721
истина,5.6199639217701645
истина,41.082053943458725
истина,31.34820782329929
истина,2.467716161533253
истина,22.678287274834997
истина,10.39296235182045
истина,14.494566549620941
истина,17.69288548976815
истина,22.03669176382025
истина,15.212375564183459
истина,14.485070762520287
истина,10.834106004257087
истина,25.970901765850336
истина,4.447054701433133
истина,19.582587399677294
истина,10.84922301332664
истина,19.974756906638365
истина,3.748340076834287
истина,10.90138526594065
истина,13.142755610310282
истина,13.432415570630397
истина,11.871031999319325
истина,5.122278450420769
истина,5.377590964182952
истина,32.6817066984848
истина,25.177263204267483
истина,18.12052647123906
истина,34.35808885234579
истина,8.388391330318651
истина,8.726645441914638
истина,17.45969102494904
истина,20.082056869029945
истина,8.370779365567484
истина,19.149629268744988
истина,6.157072667307431
истина,4.401519882957196
истина,18.430511471597356
истина,5.7769444632559255
истина,10.8495328247221
истина,15.201136939062192
истина,3.8252423126340904
истина,7.173956553538208
истина,22.776204618336305
истина,14.265066149009154
истина,16.36353751316919
истина,2.02751439650027
истина,8.381841857162733
истина,3.5997430807634716
истина,5.601821555426751
истина,10.981742860027834
истина,9.275377654645384
истина,2.9738827470874174
истина,7.601602350068984
истина,12.325933251250955
истина,14.279965489002501
истина,9.68353771146068
истина,2.350130326605835
истина,3.833484613442019
истина,10.604376790861117
истина,15.791303863128423
истина,24.154994614682366
истина,6.445656766042626
истина,4.965751332137198
истина,19.023920800409677
истина,22.171691360058027
истина,2.2516877837310165
истина,6.27363653825944
истина,11.98984418383352
истина,3.063226848243935
истина,16.16626044774715
истина,5.090515109106663
истина,26.779556177077687
истина,22.90888253906072
истина,28.08676978780325
истина,6.969859546152167
истина,17.711510364338842
истина,2.8446299207633388
истина,16.427489365567197
истина,15.473792132458858
истина,10.472882403540652
истина,18.852055280704295
истина,6.076375505186244
истина,13.26239267452477
истина,17.07162262846004
истина,13.049121433880622
истина,16.177173639650665
истина,12.473890991712286
истина,4.445471464681353
истина,6.808288996588767
истина,3.4346140399907097
истина,16.898454032431825
истина,5.027890193169493
истина,23.21282231489223
истина,16.929668380882795
истина,27.963131847046647
истина,16.69327122617918
истина,6.569119236973222
истина,14.945488342124667
истина,6.621880287470619
истина,22.22774993761007
истина,12.658841472925285
истина,13.268459445998193
истина,9.00752462036481
истина,18.16298289542099
истина,22.004081299648398
истина,11.896775177575075
истина,11.861599245332597
истина,22.68862355358812
истина,6.963616574226217
истина,28.627154196516212
истина,8.306822948644191
истина,23.979923828889493
истина,23.13769931629668
истина,27.45510740120288
истина,28.474576757003508
истина,6.848072004134128
истина,4.754474969307907
истина,14.151666551226947
истина,14.865371938110286
истина,4.650506562277899
истина,6.877740140146027
истина,8.683532818983824
истина,19.09156883981275
истина,6.123867092070254
истина,23.952946414905036
истина,35.79785596577463
истина,6.440302397060303
истина,5.557638227268988
истина,14.832033026982494
истина,26.765079841184214
истина,25.692444525633007
истина,12.81616590733936
истина,15.297155046709374
истина,5.987001467938863
истина,15.621554398801553
истина,54.02518621748101
истина,10.992904119605493
истина,11.618886756940649
истина,16.015970238599934
истина,9.844351800803022
истина,6.453781099790198
истина,12.967633517164524
истина,5.144762604540889
истина,8.074926806377663
истина,24.16911662940798
истина,6.960274805066206
истина,4.9444843898917075
истина,11.539363360358982
истина,13.49739596327229
истина,15.156468116023401
истина,6.1543974593043185
истина,6.645027618044636
истина,7.994118814328957
истина,7.928683184401655
истина,11.205231190147856
истина,13.064115624267252
истина,30.554240291690796
истина,30.32961345744245
истина,64.69568534603519
истина,24.55903441637512
истина,10.486293666210358
истина,4.816077263648287
истина,11.832588347115443
истина,16.986435534361643
истина,4.385651845457577
истина,9.858788674136601
истина,29.59816546915969
истина,23.33166729160783
истина,8.058999759623493
истина,5.468920311943335
истина,6.057241255430416
истина,18.30240414662086
истина,3.7979998406126776
истина,4.32323888056399
истина,7.325709920774912
истина,8.388311628261274
истина,22.947927564443734
истина,13.551564536930481
истина,18.402707297827103
истина,9.600972057219053
истина,12.499815940267814
истина,5.405597180558698
истина,14.070170570275657
истина,12.385966005613568
истина,7.375865394605472
истина,23.340640210869772
истина,2.3531790678094557
истина,7.94353339620538
истина,3.9541390035377395
истина,10.138457559410316
истина,15.59286268209513
истина,5.892350353472483
истина,12.175512486908392
истина,35.893189275099346
истина,26.018902422133394
истина,8.796831513226115
истина,9.159633073143953
истина,31.668786628228446
истина,25.0043893387257
истина,19.337363125940378
истина,13.223790376669333
истина,4.661025036591786
истина,11.366011258460409
истина,7.179687751698408
истина,12.021247379555774
истина,2.838042753968717
истина,13.542200426199154
истина,7.2305187694659185
истина,13.201597685662332
истина,11.944091122313734
истина,5.704770811988693
истина,12.110796460765624
истина,19.668952803886384
истина,7.047193013226388
истина,17.898228735597463
истина,35.09829814419237
истина,12.062603382666063
истина,26.080759992719706
истина,3.0233806116879736
истина,13.38564382462242
истина,50.06767326998422
истина,18.706426689535228
истина,21.38246403818419
истина,7.016015972330665
истина,25.084927913760296
истина,12.063269871659376
истина,3.1557983002311403
истина,4.641775584071632
истина,2.454569416522426
истина,15.849710270326778
истина,5.646001435247602
истина,13.671969204608807
истина,31.9568351248724
истина,10.852538255898892
истина,2.8881509638380773
истина,18.59035589923121
истина,13.959691391432631
истина,5.302360603245727
истина,9.080998978537949
истина,10.360380763813243
истина,18.506863346411883
истина,17.196840917178505
истина,2.6404174874402404
истина,19.070123100169578
истина,20.281199366052324
истина,5.447296554785245
истина,18.646359014784252
истина,8.724703745386975
истина,11.860594095444082
истина,4.431259609637792
истина,15.160385040345297
истина,4.133723644610446
истина,5.151641460807859
истина,8.911662709393763
истина,6.013161303943149
истина,27.679536972577807
истина,9.679318381053122
истина,22.953616109961864
истина,11.322884036727881
истина,10.351544473790273
истина,25.285645250207438
истина,6.657887539291478
истина,19.68842877019463
истина,27.944573065938677
истина,7.2184172352450595
истина,19.11016837901432
истина,7.296503908801506
истина,24.887486163834765
истина,2.630703723098713
истина,6.6498676683242035
истина,16.6409099779709
истина,18.52117774718679
истина,26.416429282392237
истина,7.443300845476858
истина,11.316061099476821
истина,11.289003016097057
истина,37.92617677014064
истина,10.129335734841177
истина,7.145210627764529
истина,22.943797291064175
истина,3.9720157626886543
истина,16.52303826325681
истина,4.605641824130503
истина,22.02158779100838
истина,22.6571438567885
истина,15.827001343660621
истина,26.47296161967663
истина,5.529589968626678
истина,19.456505027215893
истина,6.730128220604479
истина,8.60186070853753
истина,3.5387775437997933
истина,7.182207539307109
истина,15.5993097519408
истина,3.6578790488829043
истина,15.380315480149356
истина,9.460703147570579
истина,18.98525942765665
истина,9.413081814775612
истина,11.571316018788426
истина,22.201218862947222
истина,17.217470193975753
истина,4.912765009648888
истина,6.761267210996129
истина,18.20800021936179
истина,6.10269323344887
истина,36.08882336817753
истина,26.532447659451194
истина,22.804507163048882
истина,18.369194474423754
истина,22.24083158608867
истина,23.359763244663434
истина,5.015955630257134
истина,22.01599682133113
истина,16.375005315713704
истина,21.930430922812665
истина,8.601297350768071
истина,29.142548018446476
истина,45.16357151755233
истина,45.73068611209811
истина,7.595812101118334
истина,11.30325135611479
истина,13.254798755941628
истина,33.18051194700032
истина,9.75005466340319
истина,14.778170112198707
истина,6.567420124455992
истина,31.811393997262854
истина,12.68342788863222
истина,6.862077375822759
истина,17.655668732248728
истина,3.499308024916778
истина,20.439727531710794
истина,41.33059394416953
истина,17.86148086539572
истина,15.303638787556903
истина,16.20551779629061
истина,11.245781727406454
истина,15.107073042821458
истина,30.62816886527552
истина,10.236007609515084
истина,28.1189888846913
истина,10.310889774870677
истина,15.60961940542492
истина,20.544065164043953
истина,2.997227321837525
истина,10.830438007597307
истина,13.294711084835932
истина,3.0677393698783284
истина,5.2971046637113055
истина,2.7497244491784825
истина,18.201250662528473
истина,8.901671036601702
истина,8.851097349759561
истина,5.702390469392658
истина,15.63082626434285
истина,13.112083788507295
истина,13.595725539910323
истина,2.9993279139548434
истина,14.416619844054933
истина,28.151378826122542
истина,22.62204421349883
истина,7.752583453397412
истина,21.565201624155428
истина,9.925320067041968
истина,19.988606905182642
истина,3.2490332534100776
истина,3.021009272753267
истина,21.49542527213501
истина,18.315629358284745
истина,5.2459909787249766
истина,7.837454151196901
истина,8.27734771944686
истина,22.882442477683057
истина,20.48043245946617
истина,28.77589108390863
истина,5.537554923871932
истина,4.037338059160611
истина,10.46362232660149
истина,7.426481785090334
истина,7.3818532140008974
истина,19.207141130466763
истина,52.76974994974072
истина,7.088451632052063
истина,8.436780785124618
истина,19.62325716838434
истина,75.2401088044233
истина,7.647371162975542
истина,29.583072436537876
истина,10.126711040212031
истина,9.216521389762136
истина,20.745812933991996
истина,9.130698193377905
истина,4.201402441126511
истина,9.459530484504716
истина,12.288626598956727
истина,9.014032353580827
истина,17.468227281031155
истина,13.397405346314834
истина,35.55172250672067
истина,4.3553627612516115
истина,15.224355401676673
истина,9.461128941146871
истина,5.906834368029989
истина,17.993704540440646
истина,16.00612936904865
истина,54.63276897431397
истина,16.83990643893248
истина,7.645149841509733
истина,16.172830872653464
истина,34.87814158418858
истина,22.036135098017475
истина,10.560877617724055
истина,10.289299329539743
истина,13.542494583220748
истина,10.533915990556721
истина,6.294357167809807
истина,6.846122219839368
истина,12.21585457959937
истина,11.48318568543401
истина,18.384325361853143
истина,13.953281063440144
истина,4.469096311462497
истина,9.903091609511147
истина,18.19668151913778
истина,7.333362638076279
истина,3.6255596482315227
истина,19.516434187785055
истина,14.449456264931811
истина,12.397973729999471
истина,3.839941533362364
истина,12.095745129729295
истина,6.738853146974829
истина,1.5390169634649808
истина,4.334941675272949
истина,9.532754324056448
истина,10.197126106595467
истина,13.253199964245944
истина,19.10354894160203
истина,28.637074276561968
истина,9.263174702183997
истина,25.689291482076698
истина,14.050679783924975
истина,10.432073366582628
истина,9.520618771386644
истина,24.240743162659022
истина,4.830224177229429
истина,17.8129771353013
истина,46.16217171242174
истина,14.148079989105986
истина,15.755816845738263
истина,18.9571483647815
истина,22.215641436227916
истина,14.963778960123308
истина,3.972448669416789
истина,13.042707204349398
истина,11.607594137132939
истина,16.56837545239139
истина,11.129795090883093
истина,15.210571530775539
истина,4.406733085885136
истина,11.94315300501346
истина,7.169097853114243
истина,2.0277366950556006
истина,9.699026326007097
истина,21.4481426800628
истина,7.243507621374424
истина,19.47170708673681
истина,22.318639128733665
истина,5.649317793819758
истина,11.585359517924672
истина,10.21307807824645
истина,35.52281987145167
истина,4.113612667029493
истина,9.310118628784949
истина,2.224318336685681
истина,8.488293556527799
истина,25.552838044769455
истина,51.05333476804005
истина,8.917867322855091
истина,8.27737737156627
истина,14.14676801109577
истина,12.200020456099299
истина,18.84024420666084
истина,10.501943914806064
истина,15.985599272444391
истина,35.22612769483622
истина,8.446938508814352
истина,16.651038133866606
истина,8.899288540982152
истина,1.6019550104396465
истина,7.918090599873455
истина,11.134921100763258
истина,28.998571714201795
истина,3.8148564033682897
истина,6.855593891393632
истина,19.86937463175436
истина,13.38694305884919
истина,15.215747057265013
истина,10.133278732398326
истина,16.017745728310516
истина,16.024684748668676
истина,8.067825107041948
истина,27.87705503315346
истина,8.366842836367292
истина,20.163425123984204
истина,15.862319312836192
истина,5.9792088630869
истина,26.14513762977872
истина,19.22797686215728
истина,11.174859776507764
истина,26.688319375530828
истина,12.771650039273146
истина,23.74459955610451
истина,15.004824028729686
истина,12.515291547096703
истина,8.13810972405189
истина,7.158381606072769
истина,8.20748266057662
истина,16.966441432427665
истина,29.244403218976412
истина,3.9859508301625244
истина,35.17077046503627
истина,4.521960429887217
истина,8.277918881808514
истина,11.982312512623976
истина,3.7706372251725933
истина,20.432891340530187
истина,6.47003173102711
истина,1.7491615351507077
истина,12.781287040145672
истина,14.236306660434007
истина,7.348876063705547
истина,18.519734193277117
истина,20.84343774325234
истина,1.1809281102329008
истина,5.714994602360218
истина,67.0975573304647
истина,17.784762604475855
истина,7.174872111077065
истина,10.257006817573957
истина,9.382413542311522
истина,5.790164932614179
истина,20.150866463057017
истина,40.61305520691919
истина,18.871358610293935
истина,6.855160745413205
истина,8.262678912828529
истина,24.569702294429014
истина,8.361322901905858
истина,5.268335733665506
истина,5.68954907425295
истина,15.66425900245845
истина,16.853272813060318
истина,36.2187867596962
истина,14.142645698162895
истина,15.26088600782575
истина,20.730699333973675
истина,7.682552224254012
истина,7.885373957788616
истина,41.151634976281855
истина,16.087742294278826
истина,3.8361034001155154
истина,13.364956824256518
истина,10.90151173651786
истина,19.6880703707217
истина,19.081404499381545
истина,9.144771501571615
истина,8.396596031401156
истина,6.141940528042234
истина,7.651255997530196
истина,39.98810388305149
истина,11.938939136620451
истина,21.565498781316656
истина,5.8726412778301285
истина,5.168784018562908
истина,22.954880721857002
истина,18.589419947590518
истина,30.973428526856594
истина,9.905503354957242
истина,3.899204132351956
истина,7.377133455356991
истина,18.48273923835407
истина,20.010083532893514
истина,13.02497641361058
истина,17.794972292726406
истина,26.12977784400237
истина,16.851077858635698
истина,17.30620865133283
истина,6.669929772868315
истина,14.67043213808886
истина,17.49735584872809
истина,23.26463540412945
истина,7.632033152060988
истина,9.15875592928249
истина,3.210142945997934
истина,2.2121724536461524
истина,27.53693077269207
истина,5.969452283080104
истина,22.785633447160706
истина,14.994189976365732
истина,3.6501406118468878
истина,31.601903866514583
истина,14.256947401054354
истина,12.198865146513507
истина,13.067543189194184
истина,16.016613434203485
истина,24.240422910530775
истина,11.903747828793238
истина,19.16567713519327
истина,6.705226858851544
истина,17.499270164390378
истина,31.247281103329595
истина,1.4365254229527198
истина,9.004455408932731
истина,11.431754471926789
истина,24.938764387354166
истина,27.52600763938051
истина,14.463394396143956
истина,18.291236068392198
истина,5.924154820755192
истина,27.418287324212464
истина,8.074273247494848
истина,22.957472532893405
истина,3.3583525056112293
истина,4.943250904048476
истина,23.480927008985
истина,16.001163196919464
истина,19.20145223690726
истина,8.837363480196204
истина,27.15893461079859
истина,11.830362088818593
истина,16.796481593312702
истина,13.811971472299003
истина,17.477333405573273
истина,27.28965158257599
истина,13.751771740192462
истина,27.597313568863285
истина,15.600502498650348
истина,3.053471084773844
истина,19.593806301264223
истина,6.45736788892046
истина,9.779093150013006
истина,8.700092780461787
истина,6.237444978625272
истина,14.013701373478463
истина,9.330813566945707
истина,3.2746520063902573
истина,10.105537889141392
истина,3.174854842603722
истина,8.842734386835415
истина,3.214493602107162
истина,11.517373947881474
истина,21.847652105563547
истина,22.951326409739554
истина,12.291402909179322
истина,24.46824929832103
истина,4.943917520450018
истина,18.31949931016505
истина,10.959703169150162
истина,9.061662467664624
истина,4.589371370091606
истина,15.840053222737966
истина,5.9845762240060685
истина,11.12743634097104
истина,19.23971947489202
истина,20.89300567469644
истина,23.179989682446536
истина,16.371828904734087
истина,3.619764081721166
истина,12.8976334596208
истина,15.238847339102774
истина,17.045673661408365
истина,14.137573376627905
истина,12.784441715535307
истина,11.093222050899879
истина,11.593558637674917
истина,19.6825780932178
истина,10.616951664178709
истина,18.909720261678782
истина,22.55564425420959
истина,4.967557966462024
истина,8.727193694430087
истина,7.530489300399454
истина,16.985161950559583
истина,27.930671373995217
истина,19.164481156008478
истина,47.15359536464455
истина,6.224052230035756
истина,3.9512116325847844
истина,20.388702731779933
истина,7.751873921569974
истина,8.725269268639138
истина,39.7814915365543
истина,10.649509790947423
истина,16.723834061228573
истина,8.55387503204265
истина,2.9961937753466668
истина,8.73062179754598
истина,9.272742492882827
истина,6.961602435162707
истина,10.918794340390951
истина,3.967838895600936
истина,16.21253675961856
истина,4.832524218398233
истина,23.249370817509394
истина,20.504091282741058
истина,6.471563613796807
истина,13.181941948916979
истина,6.047897510670951
истина,23.835974012750476
истина,4.2034381767318365
истина,4.958061299935955
истина,24.123630117202772
истина,20.248003993597173
истина,20.669189746206335
истина,7.869973596522531
истина,15.720244481341908
истина,13.183832495636107
истина,16.622171193157914
истина,34.29992290958381
истина,3.119783133278014
истина,10.571688475798755
истина,5.92240508085698
истина,13.536959683433636
истина,5.91380070520333
истина,24.049031448758647
истина,15.725123785081163
истина,8.261073015219386
истина,9.917482666945263
истина,7.875815001601778
истина,3.6235558758950734
истина,8.278064117014273
истина,17.566749208041248
истина,34.42696207715907
истина,26.75949778887162
истина,16.31706658139782
истина,11.938027615108457
истина,8.018036798798047
истина,5.204262655114919
истина,15.979071531272712
истина,16.25869524715349
истина,3.619029692717672
истина,36.13343094546427
истина,14.045546575920802
истина,14.172952626128147
истина,5.489001513925701
истина,10.277805776034473
истина,3.3771834848787763
истина,11.061345444566207
истина,16.01087721106555
истина,14.391191114858785
истина,11.212386816112026
истина,7.813292722389162
истина,15.55831896294184
истина,9.161729464284198
истина,16.059560982404264
истина,8.613628273078918
истина,19.41802693823856
истина,12.838249380300491
истина,3.358410817983226
истина,35.37154804842977
истина,17.86440409384844
истина,6.072457209226547
истина,17.26489894864539
истина,7.016342701385986
истина,22.420116018160005
истина,10.220629202096855
истина,26.299366124545625
истина,12.248718555082661
истина,27.104186695026357
истина,17.43775597592901
истина,7.343034898072915
истина,20.199786675795444
истина,10.579999005197912
истина,12.145994105722687
истина,14.776863289119223
истина,10.322671270558441
истина,10.633793635406162
истина,3.2297512887329023
истина,25.76887172937729
истина,10.117509714716407
истина,7.676486104683262
истина,8.922387269224082
истина,8.197744465170341
истина,10.563751680475516
истина,3.560594158333131
истина,49.586320902964644
истина,35.65148775970974
истина,30.739949457856504
истина,20.30076373453536
истина,2.533934012292492
истина,21.812049426649967
истина,8.248350286089167
истина,19.815863176060706
истина,13.407471860324554
истина,14.062393106658309
истина,28.683151954019824
истина,13.871558737859486
истина,11.920001499898486
истина,13.811258260972833
истина,3.45031561350328
истина,15.5004881807204
истина,42.126908818673314
истина,29.689537899587037
истина,18.53383439254797
истина,8.400467646595066
истина,14.381329899575972
истина,7.370946933035338
истина,14.308178793972024
истина,7.299828996953151
истина,14.233891103172283
истина,9.95756636117782
истина,5.890442802270464
истина,13.098467524147104
истина,22.71317383816271
истина,11.134857876837255
истина,7.658642062363713
истина,5.481816701367181
истина,10.512044966796998
истина,11.715052414081338
истина,20.181248658829087
истина,9.452406676885989
истина,3.804194985296827
истина,7.448799274314288
истина,21.82890136315889
истина,13.050967245839507
истина,2.7890180097757042
истина,11.539730031984636
истина,10.00399311602337
истина,33.838496251473785
истина,21.788231310495263
истина,15.198825541295681
истина,20.32186086556809
истина,24.821964798039417
истина,9.467704336630733
истина,8.724696687253955
истина,18.027288616418826
истина,15.515959668916658
истина,18.856256343283757
истина,9.601770609230366
истина,40.778759586474486
истина,4.056755582332425
истина,20.03784149753408
истина,7.118717619410024
истина,6.073129449804637
истина,13.445892813504878
истина,37.574903374487
истина,6.27659296354918
истина,7.687527111167645
истина,4.846421645732482
истина,6.5611272981896835
истина,7.149591921009512
истина,20.113754428490935
истина,6.617021350871635
истина,15.228306076698836
истина,8.545573429932535
истина,12.162467623241266
истина,10.614531297332718
истина,26.60824052784158
истина,11.074298958188168
истина,21.934550537345388
истина,11.466766351810545
истина,8.812151624937059
истина,16.557169770139623
истина,34.981966857522394
истина,3.3668851420466104
истина,15.628668540183682
истина,26.178816098944388
истина,13.084160431165166
истина,16.108285552918886
истина,21.42728690755823
истина,40.492921301671124
истина,12.50842059692275
истина,16.740848788525295
истина,16.800662456712125
истина,5.15946047340067
истина,14.196393935116333
истина,32.969855945687115
истина,7.510176463397678
истина,19.363323941152817
истина,5.035362139104949
истина,17.893682888064276
истина,7.105357286812815
истина,9.686104905492048
истина,4.761048402565557
истина,36.56623022843314
истина,35.019696066707894
истина,8.685245432037025
истина,12.143081160779856
истина,11.689747327746824
истина,24.9501162268348
истина,14.25052744297691
истина,18.263101403456076
истина,9.358351190275359
истина,9.386126134877548
истина,7.041810938844888
истина,11.875895373519846
истина,14.871091398208764
истина,9.848560131467956
истина,14.334572472979398
истина,12.880672239282914
истина,19.907132709138118
истина,27.287188662162496
истина,15.45817711681935
истина,17.552019508150316
истина,12.344835868338611
истина,6.8673600949263305
истина,12.478622529476176
истина,6.229977826434313
истина,16.50596757531702
истина,18.087905113641604
истина,7.028559152758294
истина,18.562379015143996
истина,14.788437771730292
истина,11.266918866404323
истина,18.98086666026318
истина,22.95930277953326
истина,4.566256956777433
истина,5.712813787441949
истина,15.768312544441873
истина,11.038712233786622
истина,7.528386125394757
истина,5.703949904113416
истина,18.234942066944495
истина,6.211751166479819
истина,9.905058244979026
истина,20.356260913647546
истина,28.788434642724468
истина,4.726938076818143
истина,3.4751567587369374
истина,11.5422034011177
истина,10.444841691696585
истина,9.61356035172445
истина,3.537828588487432
истина,5.905489881513965
истина,23.78072454551383
истина,10.357584424906388
истина,22.664149051738
истина,33.434458514061404
истина,16.089615859237387
истина,8.019179392301307
истина,17.29755560319856
истина,11.901972109149087
истина,13.86329153577029
истина,9.661651413075564
истина,10.347540557152836
истина,4.495186264620217
истина,12.33172914808694
истина,14.719379919893608
истина,22.75511188076964
истина,5.50686350208904
истина,36.842060475084864
истина,11.470307480913991
истина,36.04851975802385
истина,15.280662362025964
истина,14.959330642047325
истина,9.435291834103987
истина,15.708880573147315
истина,28.748790755266274
истина,9.731065049533658
истина,12.422453880538056
истина,10.099337200426795
истина,20.413609603278076
истина,11.957365046809477
истина,4.124620651198495
истина,3.3265569018592887
истина,24.567944240902754
истина,7.036892532367278
истина,17.190847305697105
истина,17.369206671655597
истина,6.621901757327518
истина,20.987365035165304
истина,4.2968105515600925
истина,24.46084148129829
истина,9.806218464280569
истина,26.205101436260122
истина,19.292203813638835
истина,7.905434250629103
истина,13.48506174719914
истина,12.27562323588043
истина,6.2616167878377915
истина,14.259122690596135
истина,60.79744198592302
истина,7.2661522171582735
истина,9.868674853333635
истина,7.531684398154228
истина,7.169359806992435
истина,53.1181583011707
истина,22.857195665458203
истина,33.52514897989366
истина,7.62625211216927
истина,16.046720985451927
истина,6.143301715764238
истина,6.9985232823471275
истина,19.330936834892462
истина,16.57952984798089
истина,12.265732866090087
истина,14.673101830296169
истина,8.076216989511366
истина,5.1393670490777605
истина,0.9287144018852589
истина,4.959128593463075
истина,17.31708877293917
истина,14.871995378367396
истина,9.598371389597279
истина,7.166297255043252
истина,16.641366115614264
истина,29.610214128208142
истина,12.607804455573197
истина,29.690867206583896
истина,17.69793164446266
истина,6.878268564755073
истина,12.509045205734164
истина,25.711638327668556
истина,29.166373036802717
истина,32.26055400843697
истина,3.926651739172603
истина,3.0197980002146183
истина,15.22029140593877
истина,4.739889043851994
истина,7.670725216702745
истина,12.389206138547465
истина,7.098718235846932
истина,14.748438820830463
истина,10.27858238652659
истина,42.768875376715016
истина,5.382843060403248
истина,7.343676048721675
истина,5.9177224973674125
истина,6.823946444061662
истина,13.627620092469991
истина,16.956963562844948
истина,10.790755113980833
истина,10.622460893352246
истина,26.39871426596185
истина,20.92753425874965
истина,12.373909673739782
истина,15.745768252214761
истина,7.222558473868806
истина,17.757664138587728
истина,46.6484491987745
истина,9.326504159266523
истина,25.894274193632
истина,16.277265152399284
истина,6.457876600484273
истина,16.033331757208543
истина,25.319415943844675
истина,15.364133522071178
истина,23.75447695447276
истина,7.325471595973924
истина,22.243020091363597
истина,9.689327874407521
истина,6.766721112862399
истина,10.488991408586525
истина,17.04582499742248
истина,17.31931984294145
истина,42.34285406341866
истина,14.078482544818478
истина,4.869447837709093
истина,13.693084146997382
истина,8.906375963848042
истина,17.601327934410655
истина,14.340335531068236
истина,25.693372516913474
истина,2.2086604877812945
истина,13.567180300529934
истина,4.4317681807085965
истина,17.337367744507166
истина,46.110484668019126
истина,19.318266090288724
истина,12.535426455978667
истина,15.560755111850423
истина,10.70757759729193
истина,8.580782218509778
истина,12.136196310422612
истина,10.01385841288958
истина,62.6539200180615
истина,15.668100796229222
истина,19.714599980205936
истина,34.56908505365124
истина,46.15649901592834
истина,34.69425107803428
истина,10.897550000449089
истина,6.812842794625741
истина,19.353261660705897
истина,24.50208539894062
истина,22.625303734302094
истина,21.751848571603404
истина,12.224588718133027
истина,22.784326716638994
истина,4.745114191587051
истина,15.366166340781628
истина,8.945130377639718
истина,46.44009110045387
истина,10.046188752723126
истина,5.515238162307256
истина,11.443495601326054
истина,2.2427828815831505
истина,34.3225039447123
истина,71.46547015278625
истина,8.615012602217698
истина,18.496881873619287
истина,5.15870631330505
истина,7.857530285454352
истина,9.87974170734202
истина,16.688993083896182
истина,14.208823875788074
истина,5.826429929034584
истина,25.237564210886415
истина,8.038677627985784
истина,7.854452974471887
истина,6.259910095730106
истина,13.802051935118715
истина,11.741107610112735
истина,2.7796553696526534
истина,8.730167319406526
истина,12.189520638092421
истина,17.35574275990865
истина,18.589535843879425
истина,12.472028146505858
истина,2.312400106160961
истина,9.574322094974521
истина,23.320006849283676
истина,9.052322389195588
истина,6.738716259497069
истина,25.979546239713436
истина,5.8045519793914835
истина,7.368531359001244
истина,17.36470392213947
истина,12.158060470231908
истина,33.12754743482527
истина,8.599988794429102
истина,30.464595070689267
истина,14.893926678120696
истина,17.31470437573936
истина,8.137995116464516
истина,21.82630431553589
истина,7.160279494537072
истина,19.645206407228684
истина,10.793443709883935
истина,5.319707799253763
истина,17.00336597407596
истина,3.6964441612894494
истина,22.805993305492283
истина,16.920226472636983
истина,21.623539727929096
истина,20.208443353367077
истина,6.265668174388098
истина,26.39147638521871
истина,20.655019909943
истина,15.908739187091896
истина,6.119035548262172
истина,4.388782901864806
истина,31.592258009052546
истина,36.43248949643818
истина,14.896469402500149
истина,10.757959759416664
истина,8.553483714401114
истина,10.407927198698108
истина,18.21529217511628
истина,12.870840258318372
истина,37.84507110195988
истина,5.8119638961386695
истина,24.591493879997643
истина,10.521060457803195
истина,10.201069328257125
истина,6.040704926900618
истина,5.14730040217993
истина,5.808222004313492
истина,6.199668289690376
истина,15.51219001029613
истина,8.517784302798873
истина,7.589135574600733
истина,36.05501115994471
истина,15.536435746467607
истина,16.990737548141265
истина,13.470832394365932
истина,7.296022397451952
истина,21.374077834349066
истина,12.109697776904156
истина,2.2342695613755095
истина,15.76768550959698
истина,11.014564902281398
истина,10.238621198920221
истина,13.743569881584042
истина,7.887731795004857
истина,6.876835050048574
истина,6.637414507751306
истина,3.6841185094552538
истина,9.17459176435124
истина,15.44935227125291
истина,22.36559718110816
истина,17.77257627836085
истина,8.31510406685233
истина,22.912666288241343
истина,32.80598951415674
истина,3.7414252721944568
истина,23.207768029332442
истина,16.140024709520937
истина,17.796502308818607
истина,5.042853712056502
истина,22.03285568827089
истина,6.919970236829723
истина,10.227807244293002
истина,27.468778217159972
истина,4.666018527672625
истина,20.413624995070574
истина,22.2649202327282
истина,19.030990154560005
истина,2.7672506210830945
истина,5.585710632431262
истина,4.222455247771965
истина,13.125495101722166
истина,18.86538822546717
истина,5.415153574560115
истина,14.863707960768057
истина,11.667743226638471
истина,12.93110404569932
истина,17.80350766394848
истина,8.482654225595851
истина,3.6019923942414165
истина,7.102698541095242
истина,5.542668177286487
истина,16.179990144916435
истина,3.551598691603691
истина,17.709410358699643
истина,20.60568645480351
истина,41.931700960754156
истина,42.148049210649134
истина,21.03291668030987
истина,8.481911644796655
истина,6.031578813305557
истина,14.113649668863461
истина,13.257984911632333
истина,10.373623040913868
истина,7.05985938746473
истина,9.412067472129834
истина,12.587152810031984
истина,16.271146181517075
истина,8.54114217649843
истина,26.927086225579473
истина,23.10468279587039
истина,11.945541427067646
истина,5.577777470495198
истина,13.893633499053507
истина,4.161783316508201
истина,9.004293732894926
истина,36.40646540912648
истина,30.825005913840577
истина,6.4083418082952415
истина,21.609261796727246
истина,7.944218257377692
истина,45.407005891311314
истина,26.0707084770391
истина,31.67941384201017
истина,18.750615234544256
истина,7.849205650224119
истина,6.955421985693387
истина,9.992468892072452
истина,10.175430653582787
истина,8.269787534391355
истина,5.182418091194832
истина,31.98104714465408
истина,4.179657883081657
истина,12.128348981793648
истина,3.545551491777334
истина,21.504428045263527
истина,13.415303220547322
истина,15.89558520344481
истина,23.25444731096236
истина,37.540908705326885
истина,11.673513252166089
истина,9.943546268943898
истина,40.97200503759416
истина,27.172695851353232
истина,19.634177779493264
истина,17.853065698919625
истина,9.48466316614391
истина,21.597615114664734
истина,7.472486685394626
истина,6.4826692694102706
истина,16.206049296847482
истина,11.442426647995042
истина,4.795546478030934
истина,6.096328424206314
истина,6.769381363287516
истина,11.075529009378227
истина,6.16119261402573
истина,20.034779166981124
истина,36.420870088150274
истина,2.392066003548181
истина,23.25818745274532
истина,30.461086474569655
истина,11.28104839221935
истина,7.144624006257578
истина,8.265306928603923
истина,9.977627748349299
истина,4.657215200545448
истина,9.706080030219908
истина,21.61966501764606
истина,7.430195809181777
истина,8.788479665301809
истина,11.941105712970794
истина,5.588087320902712
истина,20.805692223691587
истина,9.01102811143364
истина,26.09769597628887
истина,33.268186009818166
истина,10.263991962184285
истина,11.435692035665507
истина,6.66814272913492
истина,6.211597457828766
истина,8.475444095480025
истина,9.823257935979397
истина,31.152638067234797
истина,11.729744149404848
истина,20.737571184899092
истина,21.21663982146846
истина,48.81057430577957
истина,9.573733117333365
истина,19.15608464000287
истина,19.928070271298605
истина,8.618305673476376
истина,1.1913234294875754
истина,14.233969702531693
истина,8.555195585156921
истина,27.157751241425164
истина,11.474600063537107
истина,1.781431613980085
истина,5.651832070767331
истина,48.78101912888479
истина,4.89037854814778
истина,3.7133239405930256
истина,32.51043643829352
истина,11.392247208823973
истина,15.543185309648223
истина,3.794388565105832
истина,12.457072192114317
истина,5.844675074913271
истина,16.32977177959035
истина,9.452780338557075
истина,22.468857072566244
истина,19.010804335162735
истина,17.672993361434767
истина,21.347864528636595
истина,8.390714052399163
истина,27.813393571077874
истина,22.05559819467987
истина,8.094415410788047
истина,4.7317930906817125
истина,4.321360661272246
истина,8.191643464731632
истина,9.937192293713581
истина,14.47182557054117
истина,27.721762893905176
истина,19.532420048288756
истина,8.283244594608433
истина,12.381598594202925
истина,8.429082163107735
истина,17.287045022790384
истина,17.050261713549414
истина,8.491230249432068
истина,11.202723833110554
истина,16.352464205981228
истина,34.4040895819056
истина,15.465293890461378
истина,20.173283766420013
истина,17.227876809414678
истина,33.00090708244921
истина,3.52727788799049
истина,9.631882936879148
истина,8.725499974088546
истина,21.655759409023368
истина,10.253468992335701
истина,9.238305916176397
истина,19.633423131997606
истина,13.881615519338558
истина,17.889136941233737
истина,37.33731431222895
истина,13.799371132841753
истина,4.663960516015282
истина,6.332306945796118
истина,27.92267806743733
истина,31.096445471129684
истина,13.936374184699023
истина,36.35414452005416
истина,18.143669421485555
истина,9.805490706440517
истина,19.241929602800443
истина,11.031125151893203
истина,23.999606727318955
истина,11.963646929915523
истина,18.749823073390445
истина,18.658032355433434
истина,10.660600207360002
истина,47.84051903352546
истина,23.204585003908917
истина,37.21385749369975
истина,10.89175512788418
истина,13.858120221119435
истина,12.391658294911451
истина,31.81508272182025
истина,18.002244984449092
истина,9.078918409488441
истина,23.149801310019733
истина,40.53381078843268
истина,10.884937351902396
истина,7.299914148637418
истина,15.746776388514078
истина,11.540814165581729
истина,6.381562859269915
истина,7.4420772764165815
истина,36.65527110267902
истина,16.51759168658341
истина,16.971984237275592
истина,6.808643374782786
истина,9.884824164318825
истина,11.905921736143785
истина,11.815223164693302
истина,22.526124372767846
истина,21.982419731154522
истина,18.822992472977894
истина,24.545213082400267
истина,4.447523038333374
истина,11.570112130498503
истина,2.686239370996712
истина,41.8374087580639
истина,32.053907320332094
истина,26.92667947299087
истина,4.929894699273437
истина,23.03812359408591
истина,5.331077809041009
истина,25.569298647319165
истина,6.712233890901446
истина,17.20790933987329
истина,43.13407671098825
истина,23.47418084880023
истина,41.792671042832055
истина,6.147240484321708
истина,27.2928594071046
истина,13.96511969021979
истина,11.339625101336445
истина,18.85739062886248
истина,19.47231898388644
истина,15.6990841993129
истина,11.095855667447724
истина,25.291536212665903
истина,14.194818812728828
истина,3.2004896590194147
истина,6.102643564257573
истина,23.44676732656476
истина,5.882638759985534
истина,10.967216444058474
истина,14.435446698103455
истина,13.952607817256393
истина,6.94079494246629
истина,18.70799230315437
истина,25.021558674480193
истина,15.044663271307552
истина,38.12858859481341
истина,7.763671945122693
истина,7.806682964289417
истина,6.106408185413487
истина,13.320227572706962
истина,22.96706626842331
истина,13.331617285055453
истина,20.768837316177503
истина,39.60740021523814
истина,46.65916719581905
истина,6.12222379333485
истина,18.32080744561327
истина,5.72052401804601
истина,25.38422440456099
истина,21.745524692521023
истина,28.746756964007584
истина,9.648250818759083
истина,5.926249173306507
истина,5.662495849787126
истина,16.807203235198152
истина,4.7762668810689615
истина,13.909109185485722
истина,13.937163539535492
истина,28.507865393462854
истина,20.094461467808955
истина,12.935278465351521
истина,40.85710325452551
истина,8.883652163815041
истина,3.1892865203643197
истина,27.36060625626942
истина,22.270195485273092
истина,18.346880160248002
истина,18.153455950083664
истина,5.112091741667968
истина,8.667012743129405
истина,7.113723373083201
истина,8.67207361368527
истина,2.9315110868353953
истина,9.271607949735957
истина,41.933881028907614
истина,6.96926587483634
истина,6.322622355623561
истина,6.986275877267184
истина,16.49207186295679
истина,42.20410686719938
истина,8.287909764879691
истина,5.88697208725367
истина,3.609233548717427
истина,0.7665399705484212
истина,18.869521202233276
истина,7.233643066241498
истина,5.364710413667007
истина,6.531612365659874
истина,18.881897223390833
истина,15.631535769200813
истина,8.61962309028622
истина,19.34155655330431
истина,13.434007976866805
истина,12.376621514243457
истина,7.797622619893643
истина,22.7139710228041
истина,15.623157533402532
истина,9.764380453210851
истина,17.209333954392044
истина,17.79211242201565
истина,6.073560935582295
истина,19.31466789692237
истина,28.30268421107872
истина,14.09569989904579
истина,5.074013975710078
истина,5.67980467676068
истина,14.001073806059448
истина,14.319394760383265
истина,14.932817687803691
истина,38.33751960592781
истина,19.852138378647364
истина,34.145280780084946
истина,14.835090266661016
истина,20.83217093100373
истина,32.66338835940227
истина,14.67973657757058
истина,6.243130000964928
истина,21.376713668116942
истина,3.2917902996851636
истина,8.365754399948374
истина,22.21247927340118
истина,26.340721246082094
истина,2.600470876044604
истина,16.42497407817017
истина,11.583220278895594
истина,5.419655416915881
истина,10.129155370414955
истина,9.597432844927509
истина,14.352254956487755
истина,2.926576136086909
истина,47.21731485427395
истина,8.73306977542553
истина,21.392750537119053
истина,47.808532430145796
истина,2.3964451006760714
истина,1.6358377615657298
истина,26.206013191210996
истина,9.706831927041666
истина,13.206862752480625
истина,20.83365200742969
истина,16.489459649934293
истина,35.18092871841399
истина,20.310715290505975
истина,4.650167729386338
истина,23.899094896730944
истина,8.742316959589358
истина,8.971867175169482
истина,15.059197682652718
истина,8.675389708028538
истина,9.198834849186742
истина,23.279577470858975
истина,10.109123884855316
истина,7.672229890135233
истина,9.559781841767354
истина,7.826216949243295
истина,15.815019278252276
истина,12.17953829630992
истина,3.3623862292986315
истина,6.459196432998058
истина,5.876332559191573
истина,9.140370877458134
истина,26.13524668305341
истина,19.270529774901007
истина,3.522518122130861
истина,29.68586056230604
истина,6.039432655247512
истина,20.00927857144937
истина,19.36154525625559
истина,9.740273440062197
истина,10.883746522713563
истина,18.973339901135596
истина,12.53694342988488
истина,12.039528902141651
истина,24.13718538789615
истина,23.27797609768802
истина,39.971049869448485
истина,14.324377225664477
истина,21.366770595947035
истина,14.842592556765986
истина,20.171849591604822
истина,2.196635405406311
истина,6.692805121666264
истина,6.591926506732199
истина,15.259332682724505
истина,17.689478160108454
истина,8.272884187590407
истина,27.084073858510124
истина,12.312181025633986
истина,10.309463157204345
истина,36.677047926379416
истина,6.2622654437225265
истина,30.208182529943464
истина,11.942632179420428
истина,4.825052499882006
истина,20.177568619205
истина,16.49159920124699
истина,11.803113719884525
истина,6.6159311291070315
истина,8.74916120317772
истина,19.343974325417573
истина,9.376843482503824
истина,7.681930222579159
истина,14.8171774397461
истина,16.648352858873697
истина,2.155187037960349
истина,8.457160691239991
истина,5.199077824670196
истина,21.429723868962775
истина,10.900977965178164
истина,21.96840163757691
истина,14.033270792287087
истина,7.874120813314175
истина,4.426578828856545
истина,2.8067341333452767
истина,7.244872350376064
истина,7.085072691540766
истина,18.476756904507898
истина,9.092141181041999
истина,4.434874944585396
истина,48.928699118845614
истина,24.163345586646077
истина,13.069761493136333
истина,56.09755235075025
истина,7.258152334377483
истина,6.301937053401255
истина,9.32400017133975
истина,8.331743250164672
истина,16.274511905349428
истина,22.97525726518166
истина,14.02339440224858
истина,4.186423251601427
истина,18.45065816351788
истина,2.5445679270611468
истина,39.88192043603155
истина,14.990081657718518
истина,13.628736432001954
истина,39.04867823885024
истина,3.434438355626252
истина,32.817520239429655
истина,5.647505543415432
истина,3.0670872375257097
истина,13.553106822603196
истина,19.63332156484752
истина,7.0238033998878535
истина,14.895238578290677
истина,19.26575620394238
истина,9.613669957394835
истина,4.9080359601945025
истина,4.304126925331811
истина,10.943221116628568
истина,5.841921200991596
истина,22.161377962433754
истина,8.87528426478977
истина,39.77251407353692
истина,6.524796918403393
истина,8.750491231910958
истина,19.97565493132462
истина,9.240431943850046
истина,9.008358758515339
истина,51.87203727921076
истина,8.870154474101739
истина,8.838190269753166
истина,2.6892991470039926
истина,4.359080683395665
истина,24.761099767652652
истина,14.071535111126732
истина,13.68310092775272
истина,15.800106016160584
истина,29.220106483239704
истина,10.24663915735184
истина,13.604824898772598
истина,28.98183780164492
истина,15.411859965639774
истина,9.268822786854221
истина,8.55237688016476
истина,26.572479231822236
истина,21.51909317745952
истина,14.34398063238373
наивная MLE,32.50801633273007
наивная MLE,11.701105593405494
наивная MLE,10.737430119069117
наивная MLE,11.916990935352947
наивная MLE,29.772672481647035
наивная MLE,24.14250646281706
наивная MLE,5.120005310753792
наивная MLE,6.9296744806713635
наивная MLE,14.896681427519734
наивная MLE,2.970708690274111
наивная MLE,35.65934095721844
наивная MLE,7.436751158089659
наивная MLE,1.7160653887774293
наивная MLE,6.5683151014538135
наивная MLE,9.079203785800825
наивная MLE,15.53817110786526
наивная MLE,8.15888522376712
наивная MLE,3.8885222756276248
наивная MLE,14.171166671795852
наивная MLE,25.95561353755037
наивная MLE,13.388956357626004
наивная MLE,13.892986965956874
наивная MLE,7.752048917299439
наивная MLE,21.457726863534855
наивная MLE,7.569244456642908
наивная MLE,19.923979929377044
наивная MLE,6.235161377617518
наивная MLE,7.383761571491263
наивная MLE,14.569016480749166
наивная MLE,15.55362241294913
наивная MLE,10.954131338388954
наивная MLE,24.843134207168806
наивная MLE,18.75727929723364
наивная MLE,11.60829557688586
наивная MLE,9.883939338826927
наивная MLE,24.04247649056871
наивная MLE,17.851920075930273
наивная MLE,31.627666889076643
наивная MLE,9.06607885284901
наивная MLE,5.719639308416104
наивная MLE,5.4704191482521995
наивная MLE,7.48494470001776
наивная MLE,6.433853444053375
наивная MLE,14.60925127082445
наивная MLE,9.972232684070253
наивная MLE,14.109741804609877
наивная MLE,10.172084059980683
наивная MLE,10.905453727026485
наивная MLE,5.051980892961729
наивная MLE,15.739985668611716
наивная MLE,22.53145960096501
наивная MLE,13.999674753753544
наивная MLE,11.810304036315454
наивная MLE,15.796961802073511
наивная MLE,7.823986519397018
наивная MLE,11.25587173527607
наивная MLE,13.83419443515422
наивная MLE,2.482567364439478
наивная MLE,14.428620227992589
наивная MLE,12.335638972275177
наивная MLE,19.68215468562057
наивная MLE,17.776510976746657
наивная MLE,14.356704143082508
наивная MLE,12.803714543858232
наивная MLE,13.775260130680897
наивная MLE,8.256290548304209
наивная MLE,12.158445752540985
наивная MLE,15.422709226302947
наивная MLE,23.548581138476212
наивная MLE,9.62402660121569
наивная MLE,4.3499307723612715
наивная MLE,27.052767551650064
наивная MLE,5.968346144983004
наивная MLE,14.89131512076067
наивная MLE,13.774602994624027
наивная MLE,5.320310645096939
наивная MLE,15.150719380153774
наивная MLE,21.027603498822845
наивная MLE,14.339010909151025
наивная MLE,18.31792669196636
наивная MLE,6.531458259892942
наивная MLE,2.8575006563898517
наивная MLE,15.424094771228402
наивная MLE,10.102019493757581
наивная MLE,12.503454615940761
наивная MLE,13.117626773713953
наивная MLE,5.547377989342983
наивная MLE,4.383046037894457
наивная MLE,8.710899976240775
наивная MLE,14.184447061061107
наивная MLE,10.210151382752699
наивная MLE,13.05223957172159
наивная MLE,10.480268772761079
наивная MLE,11.815223002903048
наивная MLE,26.990765239828825
наивная MLE,10.672598296108905
наивная MLE,15.441805603941251
наивная MLE,8.826204690675361
наивная MLE,10.572215457033845
наивная MLE,4.7812626968973495
наивная MLE,21.927248945202166
наивная MLE,19.5399832293988
наивная MLE,4.756350705525014
наивная MLE,8.800789311307021
наивная MLE,21.72118407947656
наивная MLE,2.91559547138084
наивная MLE,5.15521858693529
наивная MLE,8.428243485394242
наивная MLE,12.192350161010848
наивная MLE,11.82011165464849
наивная MLE,5.044045281812284
наивная MLE,8.000951322254965
наивная MLE,9.044075303672894
наивная MLE,7.875705524673894
наивная MLE,8.873534319510345
наивная MLE,22.34062712070525
наивная MLE,5.374668340649685
наивная MLE,36.45630309693197
наивная MLE,3.6111043821904794
наивная MLE,10.111703029243198
наивная MLE,42.33441490029316
наивная MLE,10.710409925372772
наивная MLE,7.130960331454381
наивная MLE,18.249991755257803
наивная MLE,11.06611105865052
наивная MLE,11.161484076292489
наивная MLE,32.91736216038649
наивная MLE,6.86572581978249
наивная MLE,7.599954729525342
наивная MLE,3.940793713213207
наивная MLE,4.91297807555711
наивная MLE,32.06267143152445
наивная MLE,16.423891944530954
наивная MLE,18.061528261070873
наивная MLE,10.811243862820012
наивная MLE,6.178044071612865
наивная MLE,5.507817976402741
наивная MLE,25.95061514058552
наивная MLE,17.35037005213895
наивная MLE,22.91760176745045
наивная MLE,27.241231759799845
наивная MLE,15.327342625966578
наивная MLE,2.6989961205317514
наивная MLE,14.120090340208257
наивная MLE,6.003981226057288
наивная MLE,8.040544729241319
наивная MLE,19.837221205178178
наивная MLE,8.888036515667148
наивная MLE,13.72584993214394
наивная MLE,7.212386776028284
наивная MLE,7.577830094522888
наивная MLE,15.62778447838602
наивная MLE,4.130389312891487
наивная MLE,19.58149894406187
наивная MLE,4.343523580746966
наивная MLE,12.473771176146276
наивная MLE,6.60903215765509
наивная MLE,14.544920839210572
наивная MLE,8.715050747177044
наивная MLE,6.713374513612066
наивная MLE,6.887472727357866
наивная MLE,13.557523109365903
наивная MLE,21.359965673734983
наивная MLE,8.716433816739936
наивная MLE,18.232959436826512
наивная MLE,31.620668585391577
наивная MLE,10.836536740805057
наивная MLE,31.553058083901256
наивная MLE,3.012132942560056
наивная MLE,18.27660082636963
наивная MLE,15.071153288983455
наивная MLE,6.668029986443455
наивная MLE,9.974838661740673
наивная MLE,5.605524821455362
наивная MLE,8.252584116374399
наивная MLE,8.792889654581893
наивная MLE,9.591112733699369
наивная MLE,8.934203385942377
наивная MLE,6.07914968089383
наивная MLE,29.74378989523935
наивная MLE,13.830109080977437
наивная MLE,17.939580719826075
наивная MLE,9.26046235417855
наивная MLE,11.999515903046504
наивная MLE,5.2163879576885215
наивная MLE,9.256192164155228
наивная MLE,10.67158373120514
наивная MLE,15.172088765357413
наивная MLE,9.214921053153788
наивная MLE,6.389344288688516
наивная MLE,26.62348215197001
наивная MLE,11.741537690493837
наивная MLE,7.851909865827366
наивная MLE,15.501431942959435
наивная MLE,19.471269209340445
наивная MLE,51.152749610733046
наивная MLE,3.9192873758106046
наивная MLE,13.461888203316109
наивная MLE,13.602117558073806
наивная MLE,21.49600191967629
наивная MLE,13.745016426774765
наивная MLE,5.266876663788212
наивная MLE,19.439048224482804
наивная MLE,12.415751382015817
наивная MLE,2.3980309862690956
наивная MLE,6.772105769279048
наивная MLE,33.29288134939391
наивная MLE,32.80002999558874
наивная MLE,7.271184681510805
наивная MLE,9.699420714219782
наивная MLE,6.164663454602822
наивная MLE,10.307338439841955
наивная MLE,9.17264743728899
наивная MLE,4.110349934897349
наивная MLE,23.064664055333342
наивная MLE,4.551529498470547
наивная MLE,19.134020216038138
наивная MLE,12.549431200531778
наивная MLE,7.513780708927518
наивная MLE,21.009113260061945
наивная MLE,22.648738231317456
наивная MLE,12.180922991589753
наивная MLE,27.27274095794487
наивная MLE,29.48787758845826
наивная MLE,17.10399657365907
наивная MLE,21.066346363128762
наивная MLE,9.489938728676929
наивная MLE,13.593839069231858
наивная MLE,20.033452117762934
наивная MLE,9.078675413589785
наивная MLE,6.029005066667143
наивная MLE,6.330130523268647
наивная MLE,15.767743576960239
наивная MLE,7.994212115489537
наивная MLE,6.548402496739703
наивная MLE,28.84759516089096
наивная MLE,2.8669900509128174
наивная MLE,10.269431114983192
наивная MLE,24.92848380991503
наивная MLE,6.61225040656906
наивная MLE,9.376428232442894
наивная MLE,25.778757208951056
наивная MLE,11.072141570586684
наивная MLE,8.533031772144431
наивная MLE,13.101150817113062
наивная MLE,3.7348289612376395
наивная MLE,16.750381611066704
наивная MLE,4.038535388597643
наивная MLE,23.396119664982436
наивная MLE,22.24980601462689
наивная MLE,4.561229669103078
наивная MLE,23.524210616636378
наивная MLE,9.953133424190368
наивная MLE,16.06720128335064
наивная MLE,14.380312339391757
наивная MLE,11.178975115930267
наивная MLE,27.646070057046614
наивная MLE,10.170363173488404
наивная MLE,12.925156340510835
наивная MLE,8.419859991600642
наивная MLE,8.43576191660882
наивная MLE,17.49212063070687
наивная MLE,3.98031674854368
наивная MLE,3.979878504074257
наивная MLE,17.76385227892518
наивная MLE,42.14205085746366
наивная MLE,4.6713021168018285
наивная MLE,11.117543062217386
наивная MLE,3.2960100689087573
наивная MLE,29.01190475192283
наивная MLE,5.556179251052199
наивная MLE,24.05336250724585
наивная MLE,9.871744706188954
наивная MLE,15.824291309385451
наивная MLE,27.122566794086683
наивная MLE,7.424913244035305
наивная MLE,17.358894356413735
наивная MLE,14.43446675575046
наивная MLE,8.469851203704215
наивная MLE,5.3797205776995085
наивная MLE,16.46879379161342
наивная MLE,14.081989293337553
наивная MLE,8.973647414493616
наивная MLE,13.36179872122161
наивная MLE,4.677219905582374
наивная MLE,13.724115582822659
наивная MLE,14.322655075636058
наивная MLE,15.131861971048858
наивная MLE,5.157327313253092
наивная MLE,5.445437634313216
наивная MLE,28.401499695725093
наивная MLE,8.733263759412385
наивная MLE,14.936758501640826
наивная MLE,16.808200682680045
наивная MLE,14.860529109678799
наивная MLE,13.490532676695484
наивная MLE,11.456110946231705
наивная MLE,13.288398193187291
наивная MLE,22.927312206123176
наивная MLE,17.729192692759014
наивная MLE,34.60710779806183
наивная MLE,7.777014925345732
наивная MLE,17.66132390835883
наивная MLE,5.139196758200878
наивная MLE,14.797388577453095
наивная MLE,11.113226805308129
наивная MLE,20.86136920380847
наивная MLE,7.151087754274143
наивная MLE,21.15441975090762
наивная MLE,7.183043488284872
наивная MLE,31.471401752395394
наивная MLE,12.418413933540428
наивная MLE,5.542600196806614
наивная MLE,21.372408039571567
наивная MLE,2.1047107111965855
наивная MLE,17.537265768883437
наивная MLE,7.274540561502635
наивная MLE,16.716410657120036
наивная MLE,4.224728648180687
наивная MLE,9.638292774716827
наивная MLE,17.03348951450854
наивная MLE,5.099667104954951
наивная MLE,53.3362331442802
наивная MLE,17.761213570440955
наивная MLE,15.249835214750364
наивная MLE,15.06652996652435
наивная MLE,17.711354858938318
наивная MLE,7.074761814838532
наивная MLE,16.70868240538683
наивная MLE,14.842952752108658
наивная MLE,20.10464347647857
наивная MLE,8.869450500059415
наивная MLE,17.255190397985114
наивная MLE,7.332950515846915
наивная MLE,3.578434393165751
наивная MLE,10.636293490390047
наивная MLE,18.174479483626722
наивная MLE,10.408093644522461
наивная MLE,15.209969624874809
наивная MLE,4.5210796952194
наивная MLE,2.3751393952474915
наивная MLE,14.807066321587325
наивная MLE,15.519897942943972
наивная MLE,32.98770583376718
наивная MLE,16.06398761176165
наивная MLE,5.229367184216878
наивная MLE,12.340809501195825
наивная MLE,26.06766047367011
наивная MLE,9.488595948649587
наивная MLE,0.5968616861078377
наивная MLE,5.284887015573117
наивная MLE,19.78625659095372
наивная MLE,19.739775944336877
наивная MLE,5.962763003431336
наивная MLE,2.688476043812022
наивная MLE,5.947869744708143
наивная MLE,9.462704078845597
наивная MLE,27.16331023017407
наивная MLE,7.057626720640183
наивная MLE,3.9348708494924587
наивная MLE,16.270230912618903
наивная MLE,9.172070479394913
наивная MLE,7.650388487335099
наивная MLE,15.278981058964536
наивная MLE,29.05440899824655
наивная MLE,5.599244814973963
наивная MLE,11.97951706627719
наивная MLE,13.479477090344881
наивная MLE,7.8168287957007285
наивная MLE,25.134667388430906
наивная MLE,24.815385179788414
наивная MLE,4.662589310971694
наивная MLE,7.714836301218986
наивная MLE,10.823240111187745
наивная MLE,6.665063083633531
наивная MLE,13.729642260161041
наивная MLE,10.877699991381611
наивная MLE,10.706510903743157
наивная MLE,21.471952272257628
наивная MLE,25.60646255775734
наивная MLE,5.509528814941605
наивная MLE,14.31062232906989
наивная MLE,12.28068245544036
наивная MLE,7.210511922788665
наивная MLE,18.708553901523764
наивная MLE,6.846762526630192
наивная MLE,19.218322140529594
наивная MLE,3.7090409821789754
наивная MLE,18.706326034568466
наивная MLE,5.981382031556904
наивная MLE,10.939814339918172
наивная MLE,11.594862317635313
наивная MLE,21.379635063350566
наивная MLE,15.386354102477767
наивная MLE,6.01694447067046
наивная MLE,28.86518360624862
наивная MLE,5.958501157131444
наивная MLE,4.479324631356626
наивная MLE,31.782690317980162
наивная MLE,10.175525352057162
наивная MLE,29.34672754105408
наивная MLE,6.62295023866415
наивная MLE,21.72371976629611
наивная MLE,36.088623683805665
наивная MLE,1.6151963452860498
наивная MLE,5.26583813831604
наивная MLE,8.989142859868364
наивная MLE,12.838281766662956
наивная MLE,19.484263263512524
наивная MLE,14.038248291087987
наивная MLE,5.413767790876033
наивная MLE,21.175219721807967
наивная MLE,19.307798289692023
наивная MLE,7.423151291922198
наивная MLE,38.40737709151505
наивная MLE,17.581418746983783
наивная MLE,25.088443966074472
наивная MLE,6.355070640782511
наивная MLE,7.957536566107876
наивная MLE,5.605051110195635
наивная MLE,5.587901882265122
наивная MLE,32.778479260202175
наивная MLE,18.324635576970444
наивная MLE,8.981822882081682
наивная MLE,14.64979290100876
наивная MLE,7.9548915668051405
наивная MLE,31.448067617292757
наивная MLE,18.28905144977763
наивная MLE,26.309013463030027
наивная MLE,5.6147859211463444
наивная MLE,8.781500483564495
наивная MLE,34.22533205735738
наивная MLE,32.25657314205443
наивная MLE,27.831416399706935
наивная MLE,2.2983452756110654
наивная MLE,10.66252938198172
наивная MLE,42.55994928828089
наивная MLE,17.451020675406703
наивная MLE,16.310291630123274
наивная MLE,23.577745372190655
наивная MLE,24.04727792493612
наивная MLE,12.467405132596308
наивная MLE,22.66474906225811
наивная MLE,8.366655856888881
наивная MLE,5.128333607699827
наивная MLE,24.120750431867876
наивная MLE,4.947949839733275
наивная MLE,6.587065978197807
наивная MLE,8.832140583855946
наивная MLE,27.959649522634926
наивная MLE,25.094314370073143
наивная MLE,11.670990762788863
наивная MLE,24.268103420530977
наивная MLE,13.644506341869947
наивная MLE,9.79353337537702
наивная MLE,3.433813561575764
наивная MLE,12.656652959397082
наивная MLE,32.20831305390891
наивная MLE,8.669240598151772
наивная MLE,36.16186717377257
наивная MLE,6.03966261884144
наивная MLE,16.587101064024598
наивная MLE,13.55266710034455
наивная MLE,6.567791917713156
наивная MLE,9.412796545608423
наивная MLE,23.953016000570887
наивная MLE,5.189402340805122
наивная MLE,20.471392780437863
наивная MLE,14.145556041322969
наивная MLE,9.223769616899268
наивная MLE,25.39591142727342
наивная MLE,9.429553309852036
наивная MLE,8.982522038825122
наивная MLE,0.9475081631147954
наивная MLE,16.106745155612884
наивная MLE,18.796983515440076
наивная MLE,51.27503924019828
наивная MLE,11.402645487200743
наивная MLE,6.861706185438752
наивная MLE,11.411225661678472
наивная MLE,16.007459886120913
наивная MLE,17.684433011513278
наивная MLE,21.81005260284642
наивная MLE,12.079703820345271
наивная MLE,24.293677798002186
наивная MLE,24.160009553212273
наивная MLE,10.379993439700176
наивная MLE,3.6414686124092643
наивная MLE,9.734438657679757
наивная MLE,11.442690569144702
наивная MLE,18.523209412502347
наивная MLE,5.909209510271056
наивная MLE,5.137247062452396
наивная MLE,7.34356370356535
наивная MLE,10.610140365873795
наивная MLE,10.134546064992357
наивная MLE,14.839693523618454
наивная MLE,22.172640949535975
наивная MLE,20.076156720040462
наивная MLE,25.083433310214854
наивная MLE,17.78577465131586
наивная MLE,29.329257002123896
наивная MLE,8.954859380464997
наивная MLE,19.223018294940445
наивная MLE,27.45529924237098
наивная MLE,15.910160524168393
наивная MLE,4.693779958045893
наивная MLE,18.731458036630535
наивная MLE,22.299882001993566
наивная MLE,9.831519677978124
наивная MLE,18.961900442594967
наивная MLE,1.8233901516757223
наивная MLE,25.827798247670408
наивная MLE,7.08110132935749
наивная MLE,19.77510471850857
наивная MLE,11.416620535592987
наивная MLE,10.101197288055438
наивная MLE,6.004538258092338
наивная MLE,2.9891123287338126
наивная MLE,13.069707517473367
наивная MLE,21.452466441616444
наивная MLE,17.795819548153826
наивная MLE,19.12859307204267
наивная MLE,15.85271255183917
наивная MLE,19.0593212400033
наивная MLE,8.92285603248716
наивная MLE,6.773540896948533
наивная MLE,11.569338004178757
наивная MLE,8.764150488426326
наивная MLE,24.73523282400801
наивная MLE,12.711489190450308
наивная MLE,6.507146666611721
наивная MLE,2.179651999916916
наивная MLE,12.887045018983201
наивная MLE,15.334092651055713
наивная MLE,20.57839007268302
наивная MLE,48.26669806489055
наивная MLE,9.89738922862048
наивная MLE,6.680887320990804
наивная MLE,23.15590086126948
наивная MLE,18.38945673485329
наивная MLE,32.19344456935588
наивная MLE,21.491278606025222
наивная MLE,9.42010682901415
наивная MLE,36.47623465351258
наивная MLE,15.945448694050505
наивная MLE,30.367007290695348
наивная MLE,14.784631634432403
наивная MLE,8.631375308957647
наивная MLE,6.946067388452704
наивная MLE,8.47315827995655
наивная MLE,26.406408193091472
наивная MLE,14.946346224042417
наивная MLE,4.4306749855294045
наивная MLE,13.37913394373745
наивная MLE,37.005916332022466
наивная MLE,5.882082723703055
наивная MLE,12.507526886738987
наивная MLE,8.607663302365204
наивная MLE,17.327041424737008
наивная MLE,9.95018438998076
наивная MLE,9.39146688056904
наивная MLE,24.856394265064797
наивная MLE,28.173426122585575
наивная MLE,22.801523047310283
наивная MLE,32.63091749219446
наивная MLE,8.64361652787687
наивная MLE,4.6461697208925035
наивная MLE,11.589636674283328
наивная MLE,6.692926927110966
наивная MLE,12.894282511064304
наивная MLE,8.881608999192444
наивная MLE,12.4923124963845
наивная MLE,14.811446759573874
наивная MLE,14.108990149362507
наивная MLE,4.074354138322257
наивная MLE,6.159430114619898
наивная MLE,6.8448627000630164
наивная MLE,17.30107929736385
наивная MLE,11.302505453657668
наивная MLE,11.45922553391334
наивная MLE,14.247228462119429
наивная MLE,1.9556612831522995
наивная MLE,5.529338432073722
наивная MLE,11.39738354356243
наивная MLE,9.962390542213122
наивная MLE,8.072021419552296
наивная MLE,52.506792362072844
наивная MLE,14.719585239315919
наивная MLE,11.410506943695761
наивная MLE,12.100179628130672
наивная MLE,16.969973349989147
наивная MLE,24.51754300744335
наивная MLE,13.19176433688967
наивная MLE,4.950962614015406
наивная MLE,48.303467142317004
наивная MLE,5.120948849021487
наивная MLE,11.388268495324688
наивная MLE,2.9136037876100014
наивная MLE,17.41858393489131
наивная MLE,18.523412286164834
наивная MLE,10.831672142285315
наивная MLE,28.365651841799234
наивная MLE,9.90328730334842
наивная MLE,5.945694440138089
наивная MLE,9.315161405825252
наивная MLE,10.959507172380142
наивная MLE,20.902438244972046
наивная MLE,7.9089604613907145
наивная MLE,6.49320427625881
наивная MLE,26.42115120455181
наивная MLE,27.037560258755825
наивная MLE,3.3560041222901242
наивная MLE,8.200048791000807
наивная MLE,3.3482145675608153
наивная MLE,5.666657090094307
наивная MLE,11.066367416873318
наивная MLE,28.14354640096864
наивная MLE,25.351405845158347
наивная MLE,14.658366989230448
наивная MLE,20.704288392306665
наивная MLE,30.290818256280417
наивная MLE,8.241021703785963
наивная MLE,18.555535378578824
наивная MLE,2.3227113793518113
наивная MLE,4.163071054366314
наивная MLE,20.046866115903548
наивная MLE,21.923011193071815
наивная MLE,9.083226899894171
наивная MLE,10.351609616902508
наивная MLE,12.53580350534122
наивная MLE,36.74271267606428
наивная MLE,4.905704405160645
наивная MLE,32.11031048598307
наивная MLE,21.02206209433424
наивная MLE,2.7789058195583345
наивная MLE,11.599529818675746
наивная MLE,4.865269352089374
наивная MLE,3.634704429202131
наивная MLE,20.830301960114575
наивная MLE,32.25371447026957
наивная MLE,10.677734690092356
наивная MLE,8.061803542220748
наивная MLE,5.3385325193526505
наивная MLE,9.07178809923487
наивная MLE,13.145377348438803
наивная MLE,3.4992437694136456
наивная MLE,11.438973851551523
наивная MLE,39.61691792477456
наивная MLE,22.858565326587367
наивная MLE,5.286045585422669
наивная MLE,34.185620252078415
наивная MLE,25.271942870246804
наивная MLE,12.134985336841268
наивная MLE,21.27755059256402
наивная MLE,30.55415141762101
наивная MLE,16.473754704996402
наивная MLE,9.935233426772855
наивная MLE,7.937961646552571
наивная MLE,12.016726379280447
наивная MLE,8.959800244022453
наивная MLE,48.83789831491758
наивная MLE,22.530649214029506
наивная MLE,11.347581921481323
наивная MLE,28.528753350147618
наивная MLE,8.01049756388619
наивная MLE,36.000252254361754
наивная MLE,5.187211739433234
наивная MLE,9.227202218061617
наивная MLE,19.24176739527959
наивная MLE,3.017754647007875
наивная MLE,10.018497713485944
наивная MLE,10.24514353341097
наивная MLE,2.5816141117759974
наивная MLE,18.755092928753193
наивная MLE,3.408007364502934
наивная MLE,24.545428929754785
наивная MLE,5.745646049655623
наивная MLE,29.18257235364083
наивная MLE,4.778358584077321
наивная MLE,9.382571665323033
наивная MLE,8.700130067396003
наивная MLE,11.089924589396432
наивная MLE,14.688623059839017
наивная MLE,11.330126568960779
наивная MLE,5.746540146946378
наивная MLE,8.731349892382383
наивная MLE,12.95124998382951
наивная MLE,25.186078461982383
наивная MLE,3.619771077402934
наивная MLE,5.992121473580058
наивная MLE,10.080651170130237
наивная MLE,19.664761165404073
наивная MLE,31.25816583538817
наивная MLE,23.11605082800305
наивная MLE,33.940806108882434
наивная MLE,12.30805126162548
наивная MLE,21.79116483708689
наивная MLE,2.0952155504804777
наивная MLE,4.4812943571598645
наивная MLE,7.189040164827828
наивная MLE,38.59991678686654
наивная MLE,11.54456869366536
наивная MLE,15.008806295545083
наивная MLE,14.232073607708564
наивная MLE,3.0983511866206794
наивная MLE,28.745946939297056
наивная MLE,4.941781435462889
наивная MLE,11.938273373130178
наивная MLE,14.864223113519703
наивная MLE,15.018499331303346
наивная MLE,11.964911377780266
наивная MLE,10.986397009892576
наивная MLE,25.533685235006057
наивная MLE,4.138340401739826
наивная MLE,17.886254674726427
наивная MLE,7.505338065387689
наивная MLE,27.521735294163527
наивная MLE,10.960893180527277
наивная MLE,8.512863846254032
наивная MLE,16.874484316608097
наивная MLE,23.481838998153446
наивная MLE,6.035472781079957
наивная MLE,15.28714230624772
наивная MLE,17.80426188739009
наивная MLE,22.86590029622957
наивная MLE,12.91891753790173
наивная MLE,14.397824753418105
наивная MLE,19.17854213010258
наивная MLE,7.422456769796414
наивная MLE,4.481084838294068
наивная MLE,11.646189932597972
наивная MLE,22.715740145003977
наивная MLE,18.53449342501797
наивная MLE,10.168244250108224
наивная MLE,20.45108216359003
наивная MLE,25.957008004540654
наивная MLE,4.6286959015226925
наивная MLE,10.70595539769501
наивная MLE,8.665252991654999
наивная MLE,32.37999261281752
наивная MLE,2.6741360747619503
наивная MLE,10.192373000462347
наивная MLE,9.71895465061179
наивная MLE,3.9212152622011405
наивная MLE,25.718040030801696
наивная MLE,6.714451420120645
наивная MLE,9.509838156128717
наивная MLE,9.006935602446038
наивная MLE,11.78478550138122
наивная MLE,4.28193228205362
наивная MLE,5.077078683173073
наивная MLE,23.783843321282404
наивная MLE,6.908525008153778
наивная MLE,19.997105030652698
наивная MLE,9.211902715952409
наивная MLE,23.398119505014137
наивная MLE,32.718924778802254
наивная MLE,18.367991284970298
наивная MLE,17.99554339675779
наивная MLE,19.082931867762333
наивная MLE,12.98825031501751
наивная MLE,4.1084374008061335
наивная MLE,16.014905971833542
наивная MLE,6.874291381780408
наивная MLE,8.19319449440474
наивная MLE,27.81447103339282
наивная MLE,7.565964505328622
наивная MLE,7.669943291771947
наивная MLE,8.323343783150857
наивная MLE,12.955992986259321
наивная MLE,5.159983558268002
наивная MLE,5.184633551593921
наивная MLE,5.818892106560477
наивная MLE,10.124341410754528
наивная MLE,37.31980558628847
наивная MLE,6.2788973865971345
наивная MLE,13.72459836350402
наивная MLE,15.157487645848764
наивная MLE,17.422146137876368
наивная MLE,33.73682854803151
наивная MLE,11.749800236575314
наивная MLE,12.905494178453486
наивная MLE,29.93915498926582
наивная MLE,35.81552724181247
наивная MLE,6.0685969860133175
наивная MLE,27.35731304134044
наивная MLE,9.671280778193157
наивная MLE,13.917026592691704
наивная MLE,10.04213442379975
наивная MLE,11.060163476501
наивная MLE,10.275932572886944
наивная MLE,12.815651168686038
наивная MLE,23.6896435920573
наивная MLE,3.1094660605408846
наивная MLE,14.032040866975162
наивная MLE,35.57059886250397
наивная MLE,24.491116027356412
наивная MLE,21.53384073543674
наивная MLE,5.979436518822313
наивная MLE,9.139557529128101
наивная MLE,14.186229730930986
наивная MLE,9.209499770729263
наивная MLE,26.79133134834288
наивная MLE,25.642527460187384
наивная MLE,9.775702374861138
наивная MLE,7.922982028599557
наивная MLE,7.907722322464794
наивная MLE,30.933610011038823
наивная MLE,19.80543001908688
наивная MLE,7.717276478816723
наивная MLE,11.831744130204187
наивная MLE,4.944001439081593
наивная MLE,22.255356644817965
наивная MLE,24.316322039322696
наивная MLE,23.89471829542443
наивная MLE,23.79208272603241
наивная MLE,6.854238829409986
наивная MLE,35.28906301194977
наивная MLE,3.654534476904389
наивная MLE,5.208753708232691
наивная MLE,34.14210885282269
наивная MLE,12.502244192939752
наивная MLE,19.953748063916677
наивная MLE,11.502832613098729
наивная MLE,8.663269212235
наивная MLE,7.805277029080976
наивная MLE,8.809070942718018
наивная MLE,21.50327843731772
наивная MLE,15.427441863133566
наивная MLE,2.306269192572727
наивная MLE,26.65729210098757
наивная MLE,8.991834135422451
наивная MLE,8.228588407027761
наивная MLE,2.4160106886167196
наивная MLE,19.388139193876203
наивная MLE,8.066185587134694
наивная MLE,10.019764408873263
наивная MLE,1.7803821190462867
наивная MLE,13.96252918133159
наивная MLE,18.995301841822744
наивная MLE,2.5063637351021955
наивная MLE,9.556740859259445
наивная MLE,5.198229499786166
наивная MLE,19.1850584056869
наивная MLE,18.361064732833235
наивная MLE,29.942009525323886
наивная MLE,19.558941575827617
наивная MLE,7.9337020740662965
наивная MLE,16.615625601266274
наивная MLE,5.3826379275732545
наивная MLE,10.134485624094527
наивная MLE,6.515590218850232
наивная MLE,18.334488550922252
наивная MLE,19.97186220467656
наивная MLE,23.278720333961935
наивная MLE,9.759115884230614
наивная MLE,6.680132655946639
наивная MLE,13.459536145172889
наивная MLE,14.63574826086089
наивная MLE,27.28598470634061
наивная MLE,13.744633644207962
наивная MLE,27.438047555896798
наивная MLE,3.6668085605754723
наивная MLE,24.454596689988144
наивная MLE,8.287077044809086
наивная MLE,13.536928125811125
наивная MLE,5.599433656894171
наивная MLE,27.134760073113366
наивная MLE,28.50294414848702
наивная MLE,7.572610109311882
наивная MLE,8.80911021387756
наивная MLE,15.659290231572944
наивная MLE,8.923171789071038
наивная MLE,5.83379057656953
наивная MLE,16.262894174644607
наивная MLE,18.70822558456692
наивная MLE,44.79201917595843
наивная MLE,17.07290381726544
наивная MLE,11.722052982493535
наивная MLE,4.793805393842357
наивная MLE,6.042219495972683
наивная MLE,4.993877075839571
наивная MLE,41.044942277969284
наивная MLE,30.009422212103658
наивная MLE,10.160227864869585
наивная MLE,23.437823656479203
наивная MLE,92.19279285694556
наивная MLE,17.444675815546656
наивная MLE,10.70144701492826
наивная MLE,9.83528452156059
наивная MLE,8.651344347594536
наивная MLE,13.103144597868638
наивная MLE,6.049209157558841
наивная MLE,8.61532884657269
наивная MLE,7.200307620832481
наивная MLE,7.22983767622647
наивная MLE,26.579223901549554
наивная MLE,9.023353321792275
наивная MLE,3.112797115364626
наивная MLE,3.501630811930043
наивная MLE,5.095370399813159
наивная MLE,6.247502976826732
наивная MLE,20.29302082759939
наивная MLE,27.694328307994233
наивная MLE,10.989442989054712
наивная MLE,20.916218101017915
наивная MLE,10.186389573686109
наивная MLE,9.461188492700032
наивная MLE,4.996724128438735
наивная MLE,11.570850986089578
наивная MLE,34.2977351600887
наивная MLE,16.21508570035307
наивная MLE,9.258576431115094
наивная MLE,32.67267369104639
наивная MLE,16.47589781749463
наивная MLE,11.477884636873911
наивная MLE,7.689415225080106
наивная MLE,5.794272522828154
наивная MLE,10.010163113269764
наивная MLE,8.877511596210258
наивная MLE,13.540429517236143
наивная MLE,13.5519234343062
наивная MLE,34.758163494558126
наивная MLE,29.726091299492836
наивная MLE,13.658486665465603
наивная MLE,12.421637450395579
наивная MLE,5.767781935657613
наивная MLE,3.3317964414740193
наивная MLE,6.831093380216789
наивная MLE,22.74546271823677
наивная MLE,9.283407254552046
наивная MLE,23.869865346347645
наивная MLE,13.60211334559598
наивная MLE,3.546997503942179
наивная MLE,22.96543440883165
наивная MLE,6.759284072722476
наивная MLE,9.618733790990497
наивная MLE,14.239795389235786
наивная MLE,16.17381366646736
наивная MLE,14.330016239438208
наивная MLE,12.62236734097263
наивная MLE,18.666067509506885
наивная MLE,25.36395686945202
наивная MLE,16.447168439722073
наивная MLE,6.321790361508311
наивная MLE,15.461553532614165
наивная MLE,29.977193195797106
наивная MLE,13.93376438492453
наивная MLE,3.760248968814964
наивная MLE,6.521635698667923
наивная MLE,4.618402233476512
наивная MLE,40.74454520734355
наивная MLE,14.092335497065084
наивная MLE,3.7738511160299235
наивная MLE,36.90995152358302
наивная MLE,11.079104301312979
наивная MLE,7.111483344421538
наивная MLE,3.0090051044762207
наивная MLE,19.083808439483047
наивная MLE,3.7172874283253057
наивная MLE,6.837514484359029
наивная MLE,10.189963903739368
наивная MLE,20.470899597977663
наивная MLE,18.298762387384926
наивная MLE,19.668600972009386
наивная MLE,14.891886578137576
наивная MLE,3.0681614498714787
наивная MLE,9.050721717464409
наивная MLE,7.968081346137698
наивная MLE,11.473611793245372
наивная MLE,26.62478427418411
наивная MLE,2.6153371632866027
наивная MLE,21.42292925426531
наивная MLE,10.490138840560238
наивная MLE,22.017768723512443
наивная MLE,9.45177751198238
наивная MLE,25.71684526128918
наивная MLE,25.097694750387753
наивная MLE,19.82017222170797
наивная MLE,7.466166042198285
наивная MLE,12.721918251739496
наивная MLE,23.1849417043408
наивная MLE,21.656047645715233
наивная MLE,29.916054213564827
наивная MLE,9.974012911981886
наивная MLE,26.018060073703097
наивная MLE,34.687325432128354
наивная MLE,5.460785340045516
наивная MLE,18.969932004736787
наивная MLE,17.097582514938026
наивная MLE,2.888030787847571
наивная MLE,5.1161329806329405
наивная MLE,19.722127487870495
наивная MLE,13.987924119306793
наивная MLE,63.6956406994685
наивная MLE,28.355979256987606
наивная MLE,6.029387722379585
наивная MLE,7.204843016612973
наивная MLE,8.973338925365924
наивная MLE,14.786739477046442
наивная MLE,5.77361172388781
наивная MLE,32.61480260288516
наивная MLE,5.314063648170421
наивная MLE,13.658549635515666
наивная MLE,4.364727340390115
наивная MLE,10.424481018719812
наивная MLE,18.59078263637736
наивная MLE,3.047613639932174
наивная MLE,11.915053543893983
наивная MLE,6.8010849244801435
наивная MLE,14.301040573821552
наивная MLE,9.693336981548
наивная MLE,13.554750793517544
наивная MLE,9.192386728153284
наивная MLE,11.06770460798671
наивная MLE,7.42361295905353
наивная MLE,29.708462125511456
наивная MLE,17.967202101835063
наивная MLE,9.56089192533417
наивная MLE,10.338402975127984
наивная MLE,9.469686935977279
наивная MLE,12.32837794613479
наивная MLE,8.718622037367032
наивная MLE,25.548006625065426
наивная MLE,7.292689985817614
наивная MLE,10.44423913903904
наивная MLE,24.69485422318337
наивная MLE,18.677778664675408
наивная MLE,19.38470395459849
наивная MLE,18.53477069029909
наивная MLE,6.919201511127358
наивная MLE,9.959824304962012
наивная MLE,18.715232013207824
наивная MLE,7.788840272699716
наивная MLE,43.49247105778857
наивная MLE,43.8319249336033
наивная MLE,30.297857527823222
наивная MLE,13.874003730294943
наивная MLE,24.548170747738915
наивная MLE,31.9138611174536
наивная MLE,21.773468814922396
наивная MLE,28.397227513670362
наивная MLE,10.047038098865361
наивная MLE,8.091479419060837
наивная MLE,11.541300677312794
наивная MLE,2.83758319803704
наивная MLE,10.982621878354893
наивная MLE,21.48557481822622
наивная MLE,4.432833709918103
наивная MLE,13.031494805651942
наивная MLE,2.7724759039205598
наивная MLE,5.968876596519776
наивная MLE,23.515768543311808
наивная MLE,1.1381081038478729
наивная MLE,22.499833907470368
наивная MLE,18.64643261457847
наивная MLE,8.766164151687104
наивная MLE,3.871198372105436
наивная MLE,10.691115237653724
наивная MLE,23.741147764000324
наивная MLE,11.525804472521095
наивная MLE,17.48863562425108
наивная MLE,9.78802568875429
наивная MLE,3.6724114352420947
наивная MLE,14.565595070787595
наивная MLE,5.032501026321899
наивная MLE,16.871065813552566
наивная MLE,9.125204048061859
наивная MLE,14.514268713781993
наивная MLE,4.511199906007804
наивная MLE,12.107781348315436
наивная MLE,4.294167722887703
наивная MLE,16.5684087779649
наивная MLE,4.635736153182233
наивная MLE,26.729220204984003
наивная MLE,6.376355382791947
наивная MLE,11.654948620376503
наивная MLE,12.140554702522085
наивная MLE,13.432741415953261
наивная MLE,11.770021345032763
наивная MLE,4.016861261614356
наивная MLE,30.834635659066954
наивная MLE,15.757621674751615
наивная MLE,9.042282516244473
наивная MLE,2.879336198956042
наивная MLE,5.469017615905621
наивная MLE,34.30298137266639
наивная MLE,20.88897280501071
наивная MLE,15.722046445936476
наивная MLE,4.786133176891978
наивная MLE,9.171485034827498
наивная MLE,8.702730203201101
наивная MLE,10.360863268275807
наивная MLE,13.916775847204216
наивная MLE,9.02469398567559
наивная MLE,15.979908320892042
наивная MLE,13.502244732314725
наивная MLE,16.872611416307297
наивная MLE,7.718746259595859
наивная MLE,16.28728464862131
наивная MLE,13.722415554828384
наивная MLE,7.668617519252828
наивная MLE,5.14593864351188
наивная MLE,19.109823219010394
наивная MLE,6.5081303986903425
наивная MLE,29.764968621413953
наивная MLE,16.340798532194135
наивная MLE,17.910112471472388
наивная MLE,4.739197866207066
наивная MLE,12.923238217786619
наивная MLE,15.67386485038108
наивная MLE,11.799235011730861
наивная MLE,9.911156299200877
наивная MLE,5.104414318399096
наивная MLE,19.71996299702186
наивная MLE,10.067693567271883
наивная MLE,12.015115312268295
наивная MLE,23.706445847117912
наивная MLE,7.462447132725121
наивная MLE,32.66432045871487
наивная MLE,19.509148480326743
наивная MLE,2.862596855815364
наивная MLE,34.389229313538586
наивная MLE,10.338178131028089
наивная MLE,9.844106754662127
наивная MLE,37.11142406938462
наивная MLE,14.527064849835853
наивная MLE,5.826469815689528
наивная MLE,10.168008591401318
наивная MLE,2.676264191284071
наивная MLE,23.97007267796494
наивная MLE,30.303055900209344
наивная MLE,6.24282924426289
наивная MLE,26.15331654386013
наивная MLE,20.149095974804304
наивная MLE,10.439770980573748
наивная MLE,8.125995770848066
наивная MLE,11.499243344487788
наивная MLE,7.013558331910607
наивная MLE,29.21370104161326
наивная MLE,11.750257146439955
наивная MLE,22.74608939188381
наивная MLE,24.82129042649131
наивная MLE,10.305690927997524
наивная MLE,7.508785168234802
наивная MLE,2.198914222908008
наивная MLE,25.299763984895232
наивная MLE,8.408268488346577
наивная MLE,13.378968749224338
наивная MLE,9.224804461146388
наивная MLE,22.205531904289764
наивная MLE,13.983754890341409
наивная MLE,11.165114847662473
наивная MLE,9.534466826447458
наивная MLE,10.193872254907284
наивная MLE,8.29808681826639
наивная MLE,15.586494989654064
наивная MLE,12.022546381762677
наивная MLE,21.97498234454012
наивная MLE,6.286988963358836
наивная MLE,17.008667234645472
наивная MLE,32.139478468982105
наивная MLE,7.454229041653799
наивная MLE,2.501067844310581
наивная MLE,11.173639731416564
наивная MLE,17.591684632134175
наивная MLE,20.91857579850916
наивная MLE,12.304286425949066
наивная MLE,25.10420626192342
наивная MLE,13.795863279897299
наивная MLE,22.438360948446558
наивная MLE,27.326489604956485
наивная MLE,34.189802304955776
наивная MLE,3.060184045586549
наивная MLE,12.756478276149537
наивная MLE,16.52786358035584
наивная MLE,6.789114325718862
наивная MLE,6.77889274977688
наивная MLE,30.376004106797414
наивная MLE,46.44284261305029
наивная MLE,16.009591473727557
наивная MLE,9.685671094045487
наивная MLE,17.8955789510933
наивная MLE,6.8503413475875625
наивная MLE,20.476855904592757
наивная MLE,8.906695342254693
наивная MLE,8.248492372930503
наивная MLE,3.3365462895307
наивная MLE,20.883540600176683
наивная MLE,24.430791035041448
наивная MLE,8.18697931171637
наивная MLE,17.325067442240687
наивная MLE,11.554575554806394
наивная MLE,8.958326894693545
наивная MLE,11.36777835042439
наивная MLE,11.279697645473117
наивная MLE,21.338902968031668
наивная MLE,6.3581786928119515
наивная MLE,34.47040738763501
наивная MLE,10.623201698401267
наивная MLE,3.8864955556015426
наивная MLE,11.473069963016409
наивная MLE,8.875974469480902
наивная MLE,25.07760792307244
наивная MLE,13.078668477090691
наивная MLE,6.218415938352259
наивная MLE,27.662999358111552
наивная MLE,7.184834930989745
наивная MLE,22.622764291729347
наивная MLE,9.510100219350237
наивная MLE,9.258858688018153
наивная MLE,17.21451502217562
наивная MLE,8.846371244915781
наивная MLE,29.56505133261311
наивная MLE,29.280060352717147
наивная MLE,26.78205513012112
наивная MLE,4.0781053983959215
наивная MLE,8.182078163315227
наивная MLE,18.453148865558752
наивная MLE,2.5522007046202044
наивная MLE,7.024308595408891
наивная MLE,5.0559698556460715
наивная MLE,18.58962532177093
наивная MLE,10.092916623382735
наивная MLE,7.341090823312302
наивная MLE,13.38871822224188
наивная MLE,1.6634518534407043
наивная MLE,4.601256096806852
наивная MLE,7.613015736346549
наивная MLE,10.34433710400468
наивная MLE,15.783763684222375
наивная MLE,8.7470217806244
наивная MLE,6.396140442649077
наивная MLE,4.340892526119124
наивная MLE,12.84600742432115
наивная MLE,13.16070781467803
наивная MLE,14.107985235826494
наивная MLE,3.9092464281511345
наивная MLE,2.771394911572587
наивная MLE,35.7937716177436
наивная MLE,38.74715695925137
наивная MLE,15.462414918379723
наивная MLE,39.587961435450254
наивная MLE,8.646347866182879
наивная MLE,3.0846429076819364
наивная MLE,24.949636355387305
наивная MLE,23.685535510376077
наивная MLE,7.305695159833457
наивная MLE,4.509129265226016
наивная MLE,11.342108474221792
наивная MLE,16.435175831684475
наивная MLE,25.380103887302656
наивная MLE,5.363742238960753
наивная MLE,29.816937477611198
наивная MLE,4.950251271269755
наивная MLE,22.91121297550069
наивная MLE,4.751982660485517
наивная MLE,7.865900082935296
наивная MLE,13.498293152982715
наивная MLE,11.671279186713512
наивная MLE,9.264960009447076
наивная MLE,8.968099809777641
наивная MLE,7.943250932878005
наивная MLE,6.296792969504549
наивная MLE,7.613370281904389
наивная MLE,5.983136698690339
наивная MLE,5.400738157284941
наивная MLE,26.165314888755542
наивная MLE,14.549746516188272
наивная MLE,2.5710002559798752
наивная MLE,15.79265513753894
наивная MLE,4.268628711382298
наивная MLE,24.290668124679474
наивная MLE,15.115789996241777
наивная MLE,23.60414178089581
наивная MLE,1.7465481847995366
наивная MLE,16.027884970865518
наивная MLE,8.114602962481833
наивная MLE,8.318570554413624
наивная MLE,14.786646106463243
наивная MLE,10.728276543246722
наивная MLE,11.421117253235506
наивная MLE,11.011314300609513
наивная MLE,12.232883660370302
наивная MLE,4.665808730064538
наивная MLE,17.999691376612194
наивная MLE,2.944429416547124
наивная MLE,7.257624554273267
наивная MLE,33.986566780021406
наивная MLE,2.0317026945447187
наивная MLE,4.25600857729839
наивная MLE,8.140369152520995
наивная MLE,12.039878087507677
наивная MLE,8.074158120412232
наивная MLE,17.209511142696414
наивная MLE,13.584288308684371
наивная MLE,26.34184665880835
наивная MLE,10.612758687486112
наивная MLE,10.22230531212126
наивная MLE,14.758387970789471
наивная MLE,16.6237066105937
наивная MLE,5.160612717594274
наивная MLE,13.39672442243464
наивная MLE,12.98121402389838
наивная MLE,7.894508655070241
наивная MLE,8.653778265129228
наивная MLE,3.341998561395291
наивная MLE,14.817144932207789
наивная MLE,7.651477882193163
наивная MLE,31.59813464626522
наивная MLE,10.575918305298845
наивная MLE,3.291611375239611
наивная MLE,5.240973733338273
наивная MLE,24.948985280641896
наивная MLE,12.264045482059995
наивная MLE,14.0045482870846
наивная MLE,13.635245604686418
наивная MLE,26.57504874823222
наивная MLE,32.40579080804338
наивная MLE,5.780908575029137
наивная MLE,13.40466610699344
наивная MLE,3.4414353951858243
наивная MLE,11.497938873073691
наивная MLE,3.664800878708829
наивная MLE,18.265567276831916
наивная MLE,9.131104879352542
наивная MLE,5.86955096924204
наивная MLE,6.291678117718245
наивная MLE,0.6282887407524225
наивная MLE,17.398441093142694
наивная MLE,10.499548332051573
наивная MLE,16.54125217552127
наивная MLE,13.822457639057864
наивная MLE,15.544955946472832
наивная MLE,8.22159519101278
наивная MLE,10.242622538353107
наивная MLE,5.892158553323456
наивная MLE,8.941001489192113
наивная MLE,4.202748388780964
наивная MLE,7.722840346627346
наивная MLE,8.19406408909227
наивная MLE,16.814000357964744
наивная MLE,11.502032808788561
наивная MLE,9.155538761530803
наивная MLE,11.992551969293384
наивная MLE,7.001878228698901
наивная MLE,5.202913617143485
наивная MLE,9.803305968757403
наивная MLE,23.803213622852745
наивная MLE,4.909482914162602
наивная MLE,23.439710011100956
наивная MLE,15.456625012159353
наивная MLE,15.745155775578652
наивная MLE,27.174507425229915
наивная MLE,4.893129211623574
наивная MLE,2.0486979788279607
наивная MLE,57.5530443992051
наивная MLE,7.3946951972371
наивная MLE,2.374988361243328
наивная MLE,17.591422743126085
наивная MLE,18.545132091001946
наивная MLE,15.301321649638382
наивная MLE,2.1863869129494575
наивная MLE,9.349582127085377
наивная MLE,6.139102706383179
наивная MLE,5.672104739364538
наивная MLE,7.72252950191613
наивная MLE,14.134854806399881
наивная MLE,17.795267332394324
наивная MLE,13.326456875470935
наивная MLE,48.94088847287614
наивная MLE,2.8048272768725946
наивная MLE,1.4456342268961022
наивная MLE,15.301097589789464
наивная MLE,5.580601533731562
наивная MLE,9.796414451868872
наивная MLE,12.193083719293448
наивная MLE,8.750138681393711
наивная MLE,18.14381966989187
наивная MLE,12.866378729907215
наивная MLE,6.3521276017372506
наивная MLE,5.032558387580213
наивная MLE,6.763131577726465
наивная MLE,8.376156147519122
наивная MLE,3.274726760918495
наивная MLE,8.940235802000936
наивная MLE,15.357244213089047
наивная MLE,10.708236540542288
наивная MLE,34.533124770449874
наивная MLE,2.0749673703102633
наивная MLE,9.6030151974189
наивная MLE,15.518361878422805
наивная MLE,3.9112480524859574
наивная MLE,10.838282575428483
наивная MLE,7.575956772439312
наивная MLE,8.627265488773016
наивная MLE,12.863846457715361
наивная MLE,16.256414423192545
наивная MLE,5.927724534622103
наивная MLE,17.612235769458824
наивная MLE,5.8252299432366295
наивная MLE,14.282870041683292
наивная MLE,5.0256545391058
наивная MLE,7.66591418514146
наивная MLE,28.50055976544587
наивная MLE,29.615960838384304
наивная MLE,8.258691986415363
наивная MLE,16.49776040157709
наивная MLE,14.738001591978666
наивная MLE,10.154582854953581
наивная MLE,10.262817592326531
наивная MLE,9.981316443774364
наивная MLE,21.365021888172766
наивная MLE,6.097091721345227
наивная MLE,6.5165311251943105
наивная MLE,15.85563050270967
наивная MLE,13.953716690873579
наивная MLE,5.629908833983536
наивная MLE,20.14080532543936
наивная MLE,2.7348215498303268
наивная MLE,13.581402516192028
наивная MLE,14.082886299227116
наивная MLE,22.99002207065268
наивная MLE,25.670263679702455
наивная MLE,12.350227845691522
наивная MLE,6.299050888319224
наивная MLE,20.12290369887053
наивная MLE,9.661762466879697
наивная MLE,15.708748987914813
наивная MLE,7.627476855209224
наивная MLE,14.271738987856303
наивная MLE,13.109304919260277
наивная MLE,14.171177853966261
наивная MLE,8.333660268840193
наивная MLE,40.153753849790625
наивная MLE,18.813887758753577
наивная MLE,12.22170596752517
наивная MLE,8.68814575558048
наивная MLE,4.333887488591202
наивная MLE,15.77945819627395
наивная MLE,11.228034120351035
наивная MLE,29.060992053625412
наивная MLE,4.341186128131511
наивная MLE,21.462516168533245
наивная MLE,30.06683516521344
наивная MLE,6.584171876950853
наивная MLE,4.13797065633295
наивная MLE,28.635340402290513
наивная MLE,27.081182965804924
наивная MLE,9.256490015694325
наивная MLE,24.149195948612558
наивная MLE,64.14413639777817
наивная MLE,13.612696849068541
наивная MLE,18.190952918569774
наивная MLE,12.318081087304282
наивная MLE,39.75238924693237
наивная MLE,9.058660011580084
наивная MLE,5.323005176888683
наивная MLE,6.513715272182195
наивная MLE,4.668783300073762
наивная MLE,41.21098543929921
наивная MLE,5.4032241521903215
наивная MLE,7.71445180133899
наивная MLE,16.872769122521305
наивная MLE,9.69978668802784
наивная MLE,15.572761333689469
наивная MLE,8.23077879234488
наивная MLE,12.245755941808778
наивная MLE,0.6057033527426547
наивная MLE,10.463066848799585
наивная MLE,3.9536295057538022
наивная MLE,23.743362218810315
наивная MLE,2.678319914974616
наивная MLE,19.046049470427274
наивная MLE,10.354425625612183
наивная MLE,5.3988720458020865
наивная MLE,9.942138834569086
наивная MLE,13.168270641882465
наивная MLE,1.4069253751978452
наивная MLE,15.518434571286654
наивная MLE,18.397579813952554
наивная MLE,33.09279965274272
наивная MLE,23.866938428569622
наивная MLE,20.914621941017664
наивная MLE,30.493911269212425
наивная MLE,21.00499465983407
наивная MLE,17.592271270745265
наивная MLE,3.0162771886860513
наивная MLE,2.9482333284562396
наивная MLE,16.403962096039123
наивная MLE,6.227299067524761
наивная MLE,11.274332388237491
наивная MLE,16.19668125949731
наивная MLE,5.603097943964491
наивная MLE,20.19852072099165
наивная MLE,21.76174164882674
наивная MLE,4.5815273764880615
наивная MLE,9.162073646065501
наивная MLE,12.865507609151988
наивная MLE,16.401158675508967
наивная MLE,8.833896728704383
наивная MLE,7.730237043869503
наивная MLE,21.211110203186728
наивная MLE,9.414116581972998
наивная MLE,12.390310508104191
наивная MLE,17.51653821704316
наивная MLE,7.319939201362862
наивная MLE,11.579172642488981
наивная MLE,12.230045404631392
наивная MLE,6.516696771819364
наивная MLE,12.15072808818823
наивная MLE,6.711887044180411
наивная MLE,13.577948309652182
наивная MLE,29.75294363679879
наивная MLE,6.84036838407612
наивная MLE,24.22598660241335
наивная MLE,24.229099599501325
наивная MLE,10.454450698128246
наивная MLE,10.504979257759766
наивная MLE,14.503368957222413
наивная MLE,20.073098793346194
наивная MLE,9.173994383635117
наивная MLE,22.805344668021053
наивная MLE,12.470074176910193
наивная MLE,14.402744874894601
наивная MLE,7.483587491757029
наивная MLE,15.998911805050373
наивная MLE,6.686607599043731
наивная MLE,4.601808095601345
наивная MLE,24.158598760982798
наивная MLE,28.078266576437333
наивная MLE,14.84215490131855
наивная MLE,20.991432339168576
наивная MLE,14.135019763179674
наивная MLE,22.703263892707493
наивная MLE,6.909065659293174
наивная MLE,18.57873303762534
наивная MLE,27.35401957935404
наивная MLE,16.420103984598953
наивная MLE,16.580650845991357
наивная MLE,13.831267154202
наивная MLE,9.605414654845994
наивная MLE,18.915914627197115
наивная MLE,13.472921817644979
наивная MLE,17.879428500636955
наивная MLE,23.39087908874879
наивная MLE,24.658581895330848
наивная MLE,8.976183329536429
наивная MLE,8.600146394596901
наивная MLE,13.117239527924392
наивная MLE,20.678304752644713
наивная MLE,20.079973188210534
наивная MLE,8.237437101317838
наивная MLE,29.1184193143402
наивная MLE,5.812752973661485
наивная MLE,12.921833278818372
наивная MLE,17.743719795248296
наивная MLE,10.83692066142472
наивная MLE,9.569105278990678
наивная MLE,15.849804664217437
наивная MLE,18.404522688317826
наивная MLE,4.690356719674908
наивная MLE,16.414582079030783
наивная MLE,11.885206155188744
наивная MLE,14.259499482927431
наивная MLE,17.160040475166632
наивная MLE,9.725210077331875
наивная MLE,23.045680015050433
наивная MLE,12.581767257632428
наивная MLE,2.6943558626124116
наивная MLE,3.192655442039748
наивная MLE,20.624088632035075
наивная MLE,22.162144030760796
наивная MLE,18.943218554896948
наивная MLE,18.92593744586334
наивная MLE,9.240426791355858
наивная MLE,12.586616370294596
наивная MLE,16.956106988643306
наивная MLE,4.646233193202091
наивная MLE,15.513035788835847
наивная MLE,22.840510500487735
наивная MLE,15.528097929464609
наивная MLE,30.192282881643404
наивная MLE,7.677010685276908
наивная MLE,11.549575511737217
наивная MLE,8.628670747828458
наивная MLE,12.423552835183703
наивная MLE,18.54491619581962
наивная MLE,20.18976166060481
наивная MLE,8.67159382042043
наивная MLE,8.446678746193319
наивная MLE,10.868620189882483
наивная MLE,5.695533817503449
наивная MLE,25.11102445993576
наивная MLE,16.730500321954317
наивная MLE,19.6708806093799
наивная MLE,6.670302273641892
наивная MLE,5.923994895843637
наивная MLE,17.169121036700083
наивная MLE,9.207993653011222
наивная MLE,9.566862897896117
наивная MLE,20.330625463333256
наивная MLE,17.782028463109057
наивная MLE,14.494886059151266
наивная MLE,4.50468881790886
наивная MLE,10.479965130694334
наивная MLE,10.18883431644067
наивная MLE,8.24728190358943
наивная MLE,12.527998025200986
наивная MLE,16.031200971348937
наивная MLE,13.754679361378509
наивная MLE,7.536425512496174
наивная MLE,17.34540023038918
наивная MLE,10.669759227479254
наивная MLE,9.152961229361221
наивная MLE,12.286007013467724
наивная MLE,21.693529251246176
наивная MLE,22.12836001684482
наивная MLE,21.52774555869315
наивная MLE,15.225144598648985
наивная MLE,19.63876282462423
наивная MLE,13.389542800977328
наивная MLE,26.74023001876447
наивная MLE,3.8244191577782853
наивная MLE,27.552292527423326
наивная MLE,23.356095990485596
наивная MLE,11.967766500789452
наивная MLE,9.068832985787175
наивная MLE,9.512508483750384
наивная MLE,4.02181275362053
наивная MLE,28.644570351780125
наивная MLE,12.669616661064323
наивная MLE,16.414237807695198
наивная MLE,38.17611828897901
наивная MLE,7.190110746799713
наивная MLE,7.281791689113822
наивная MLE,23.99338950170049
наивная MLE,20.355143708755364
наивная MLE,11.366827047945545
наивная MLE,3.9660995156193115
наивная MLE,12.33839353539934
наивная MLE,11.619121502290499
наивная MLE,22.06670227049118
наивная MLE,69.35333240728892
наивная MLE,18.353416219194816
наивная MLE,13.996761885066158
наивная MLE,13.960983790794643
наивная MLE,0.8209256285463372
наивная MLE,3.4895833855225504
наивная MLE,12.45865480261897
наивная MLE,14.183872517730958
наивная MLE,14.191185757117324
наивная MLE,3.8733120750548498
наивная MLE,11.728886796148384
наивная MLE,15.618366477350639
наивная MLE,11.936775927467272
наивная MLE,8.478815263175722
наивная MLE,27.49767587045315
наивная MLE,22.27170878544997
наивная MLE,6.719585863630382
наивная MLE,18.352246666871835
наивная MLE,10.851642783286508
наивная MLE,10.83208134446192
наивная MLE,25.799602721984158
наивная MLE,4.178993932176044
наивная MLE,3.0533975966921387
наивная MLE,3.2428282761811844
наивная MLE,25.646766812781937
наивная MLE,10.808727539094507
наивная MLE,15.244336183855683
наивная MLE,21.477026875259956
наивная MLE,14.940740137444818
наивная MLE,3.751713087760682
наивная MLE,8.100978931944036
наивная MLE,7.963987352487162
наивная MLE,6.2758566140637075
наивная MLE,10.907346345903154
наивная MLE,13.446147644035031
наивная MLE,19.600478785285667
наивная MLE,13.77556624757065
наивная MLE,23.176189466559137
наивная MLE,5.650306261787158
наивная MLE,3.074812790008264
наивная MLE,5.492903898261924
наивная MLE,8.590416059945595
наивная MLE,21.816966657636947
наивная MLE,6.250350000749954
наивная MLE,30.281613672254387
наивная MLE,11.752353638415393
наивная MLE,24.883051378367718
наивная MLE,2.879950909140061
наивная MLE,2.2267738858215536
наивная MLE,6.382894689658832
наивная MLE,29.945396560123502
наивная MLE,22.52081966550096
наивная MLE,2.7341924097130352
наивная MLE,8.292265132693727
наивная MLE,29.09714835717829
наивная MLE,21.634615795273866
наивная MLE,7.346096351503906
наивная MLE,12.03969986190629
наивная MLE,48.46137557106919
наивная MLE,11.029426047040243
наивная MLE,9.798655434330689
наивная MLE,12.316455543612458
наивная MLE,7.71303961424309
наивная MLE,15.968270849480145
наивная MLE,19.490435844976155
наивная MLE,4.565237112710548
наивная MLE,3.6971529443652216
наивная MLE,10.967393216024348
наивная MLE,6.80341547408847
наивная MLE,34.662059832964076
наивная MLE,30.594625488951255
наивная MLE,10.922562981766795
наивная MLE,4.763342801806095
наивная MLE,13.846161726909948
наивная MLE,5.259560771157486
наивная MLE,29.369576089794407
наивная MLE,14.018188876958966
наивная MLE,15.941103181628987
наивная MLE,16.13659140252298
наивная MLE,21.025478981372807
наивная MLE,21.001875485441055
наивная MLE,22.282723741539563
наивная MLE,9.952240177481013
наивная MLE,6.481997659978191
наивная MLE,11.477563516266752
наивная MLE,9.811664462623433
наивная MLE,25.43808719741432
наивная MLE,13.584716398959833
наивная MLE,8.912966813263719
наивная MLE,14.90067007376243
наивная MLE,6.640434931979744
наивная MLE,38.1421709096672
наивная MLE,13.469744271041424
наивная MLE,17.303977918871862
наивная MLE,7.111808526292977
наивная MLE,16.206522682751626
наивная MLE,13.148511971581543
наивная MLE,22.51614802775776
наивная MLE,21.95370496662348
наивная MLE,8.247531800774365
наивная MLE,3.1331502051619475
наивная MLE,4.367301021077302
наивная MLE,7.384217557272937
наивная MLE,28.786955647049425
наивная MLE,20.017811560294803
наивная MLE,44.07921309393443
наивная MLE,5.379821916841097
наивная MLE,4.227982846975855
наивная MLE,3.266926667491873
наивная MLE,3.4779429907020836
наивная MLE,12.572383704124832
наивная MLE,25.47856213243066
наивная MLE,18.975060385596635
наивная MLE,5.993510898304256
наивная MLE,3.526901310943011
наивная MLE,15.090258790670768
наивная MLE,13.474071922695034
наивная MLE,28.508484821111182
наивная MLE,6.102311783487657
наивная MLE,21.099753347833524
наивная MLE,29.193074621777225
наивная MLE,10.662531870744395
наивная MLE,7.599687496303244
наивная MLE,16.8261648207284
наивная MLE,8.26095775757229
наивная MLE,13.437309030950447
наивная MLE,1.2969357027588382
наивная MLE,4.05570043647333
наивная MLE,10.31255684957711
наивная MLE,16.28145236669528
наивная MLE,4.811449696707083
наивная MLE,14.049741660720859
наивная MLE,21.987273246392917
наивная MLE,10.925430676936129
наивная MLE,29.58490190195375
наивная MLE,7.019643510001701
наивная MLE,23.625935208982536
наивная MLE,3.234100497901551
наивная MLE,1.7026287528502075
наивная MLE,17.78996956029912
наивная MLE,33.652690059243525
наивная MLE,9.31236761059763
наивная MLE,5.369207257691813
наивная MLE,3.560626160601643
наивная MLE,21.15710593774507
наивная MLE,11.758380628362081
наивная MLE,10.461427094232063
наивная MLE,18.558979889379415
наивная MLE,11.860371826374944
наивная MLE,13.681698637314188
наивная MLE,17.57084430081064
наивная MLE,15.42440630972273
наивная MLE,27.722263834557598
наивная MLE,13.753653833891233
наивная MLE,41.88107878422411
наивная MLE,4.709344014758456
наивная MLE,1.6661286336617394
наивная MLE,7.405567245339827
наивная MLE,12.604084171505221
наивная MLE,5.366369060507778
наивная MLE,4.132786258887895
наивная MLE,17.75215455999812
наивная MLE,5.593327133563038
наивная MLE,6.5077092225638
наивная MLE,20.00988047288004
наивная MLE,16.169422778861556
наивная MLE,12.780895767866811
наивная MLE,29.490588858863404
наивная MLE,23.004357709477446
наивная MLE,21.120527496025
наивная MLE,5.402718286863787
наивная MLE,13.99437248002288
наивная MLE,14.287615124285999
наивная MLE,3.600126096519701
наивная MLE,10.914715077575007
наивная MLE,1.2774257264630775
наивная MLE,5.382941206115046
наивная MLE,11.741800531500536
наивная MLE,21.061386164491005
наивная MLE,26.904510670382354
наивная MLE,11.60234045011706
наивная MLE,26.844363239706748
наивная MLE,5.555816223263156
наивная MLE,34.02595189963216
наивная MLE,18.488310433452224
наивная MLE,62.808815943844564
наивная MLE,11.4950491964902
наивная MLE,10.543538048297986
наивная MLE,15.219151797349976
наивная MLE,1.9791489222582643
наивная MLE,15.792173004942166
наивная MLE,9.881110841992848
наивная MLE,7.053262165037581
наивная MLE,11.789167514625465
наивная MLE,6.805232450929752
наивная MLE,6.2547327636086685
наивная MLE,2.6188493793516807
наивная MLE,14.185127569889634
наивная MLE,11.20995861645714
наивная MLE,7.536947212245067
наивная MLE,21.107772404697144
наивная MLE,7.3594923254989455
наивная MLE,13.476055614962956
наивная MLE,13.28943867392788
наивная MLE,11.354664853411617
наивная MLE,18.291093282950037
наивная MLE,18.085815370059578
наивная MLE,20.2179861139918
наивная MLE,14.96049019702156
наивная MLE,6.115610392856358
наивная MLE,10.653394101234827
наивная MLE,9.499135063247072
наивная MLE,1.4097593991600696
наивная MLE,15.128843683141728
наивная MLE,8.806288439476365
наивная MLE,3.0280329823555205
наивная MLE,11.55918205944014
наивная MLE,11.85552472578545
наивная MLE,6.503384551768011
наивная MLE,11.622348878628484
наивная MLE,17.385951220694004
наивная MLE,16.524422965612406
наивная MLE,19.393106891923708
наивная MLE,5.5577157753475666
наивная MLE,11.99723375130408
наивная MLE,14.07130402342085
наивная MLE,9.342379050801146
наивная MLE,11.216006762397498
наивная MLE,8.91436598412329
наивная MLE,27.398545830713477
наивная MLE,6.656117080553618
наивная MLE,6.510145765967551
наивная MLE,15.953829062419594
наивная MLE,9.288910243180469
наивная MLE,8.375977065967158
наивная MLE,18.748483902495927
наивная MLE,11.688031074773114
наивная MLE,7.3698806233733904
наивная MLE,15.645084962485766
наивная MLE,40.69813281425754
наивная MLE,15.489309477621443
наивная MLE,6.70956061721198
наивная MLE,5.87818697760193
наивная MLE,29.78707060865851
наивная MLE,1.7683284463717466
наивная MLE,13.701567259740473
наивная MLE,16.297185802026682
наивная MLE,18.995659920030796
наивная MLE,18.9619014163252
наивная MLE,6.179004989771121
наивная MLE,15.468678220381662
наивная MLE,5.545080938970716
наивная MLE,3.292860082684276
наивная MLE,3.873476186460145
наивная MLE,11.280965685769722
наивная MLE,4.896972996329737
наивная MLE,29.86091829144197
наивная MLE,32.70950661694209
наивная MLE,22.673403820506394
наивная MLE,10.354247771974693
наивная MLE,12.035461887432428
наивная MLE,5.508910168345245
наивная MLE,14.119948870001057
наивная MLE,8.10177054113488
наивная MLE,11.605833320598288
наивная MLE,14.322679417238803
наивная MLE,13.11914637824352
наивная MLE,13.196837232437975
наивная MLE,9.165058070171764
наивная MLE,9.16156801299437
наивная MLE,36.986119639838705
наивная MLE,6.878228048479504
наивная MLE,17.608712244568718
наивная MLE,13.220618766620035
наивная MLE,3.7200833523483183
наивная MLE,32.51577773906982
наивная MLE,7.806094983293063
наивная MLE,13.718874103327886
наивная MLE,0.5830277845327985
наивная MLE,8.648002164405865
наивная MLE,6.35644111969897
наивная MLE,28.707018234914703
наивная MLE,8.419245501429854
наивная MLE,9.372063969719543
наивная MLE,6.918711977400113
наивная MLE,7.1067525330725925
наивная MLE,12.520177949869787
наивная MLE,19.56929091198665
наивная MLE,16.31168523123545
наивная MLE,9.389795402624591
наивная MLE,32.45668397022908
наивная MLE,9.239994848122166
наивная MLE,14.879524423147112
наивная MLE,17.94391281313255
наивная MLE,21.330401126029145
наивная MLE,6.771128744068996
наивная MLE,8.041358770422462
наивная MLE,11.035151845140337
наивная MLE,4.026890432252221
наивная MLE,3.7403267860148106
наивная MLE,17.66595497221734
наивная MLE,11.905306041318214
наивная MLE,9.244134052876031
наивная MLE,13.899768855819726
наивная MLE,22.748515110033086
наивная MLE,50.95455930344866
наивная MLE,2.3340806483723773
наивная MLE,7.334625217108784
наивная MLE,10.314669683607026
наивная MLE,17.754329528160653
наивная MLE,10.127526716847811
наивная MLE,6.182526951462444
наивная MLE,4.256543003181419
наивная MLE,15.418833956837103
наивная MLE,5.241562754517629
наивная MLE,15.646290362710127
наивная MLE,15.471860719281477
наивная MLE,12.851049706226046
наивная MLE,74.13085025550046
наивная MLE,9.078409635027137
наивная MLE,17.607595051254133
наивная MLE,10.317010036725787
наивная MLE,7.152783178566757
наивная MLE,9.593417862236784
наивная MLE,16.745403524703843
наивная MLE,12.615237878902034
наивная MLE,34.9724904583137
наивная MLE,24.20301459864118
наивная MLE,16.47391589602153
наивная MLE,20.405444473124785
наивная MLE,6.961685407997768
наивная MLE,12.278960805945385
наивная MLE,7.303590183275526
наивная MLE,11.64074098843066
наивная MLE,13.335984137239333
наивная MLE,2.6394277612756256
наивная MLE,5.6957286643694065
наивная MLE,5.13317991218795
наивная MLE,6.511780321221213
наивная MLE,27.106706249821762
наивная MLE,23.45295484210289
наивная MLE,14.364230811167344
наивная MLE,19.138243282780316
наивная MLE,9.730533391991314
наивная MLE,19.497275986197295
наивная MLE,12.748835925573351
наивная MLE,15.735196122637674
наивная MLE,23.723780434827603
наивная MLE,3.448706755404907
наивная MLE,12.039183348937064
наивная MLE,9.717313817670139
наивная MLE,7.966380010286066
наивная MLE,6.477430734902861
наивная MLE,17.823174230747615
наивная MLE,18.406670851371587
наивная MLE,9.709636702445014
наивная MLE,18.52431300475358
наивная MLE,18.165925497111772
наивная MLE,6.954077350831294
наивная MLE,17.93175063583589
наивная MLE,32.47075877379775
наивная MLE,24.866290095433182
наивная MLE,10.124414443031569
наивная MLE,11.110688813114956
наивная MLE,8.408861520442953
наивная MLE,22.66470872301297
наивная MLE,16.530408368535983
наивная MLE,1.9138146159136078
наивная MLE,13.973937847478982
наивная MLE,23.48594756800726
наивная MLE,14.680147043020277
наивная MLE,8.796493548636697
наивная MLE,2.559028606574625
наивная MLE,9.555013320929454
наивная MLE,19.097504333310948
наивная MLE,6.4919740892273206
наивная MLE,23.500727569036254
наивная MLE,11.71131908283784
наивная MLE,33.609736621270415
наивная MLE,32.3986759148528
наивная MLE,19.04863020067819
наивная MLE,5.568066712095119
наивная MLE,12.751799490604856
наивная MLE,39.01554492382203
наивная MLE,36.32709604230159
наивная MLE,15.691455247993716
наивная MLE,6.675243795353616
наивная MLE,7.401346110638188
наивная MLE,7.2227281781047665
наивная MLE,30.899225358587454
наивная MLE,5.755335074531552
наивная MLE,4.915838640884021
наивная MLE,43.75177119854851
наивная MLE,5.865762571500658
наивная MLE,7.731122538366101
наивная MLE,5.983383819121118
наивная MLE,8.90988308745463
наивная MLE,10.748246104921254
наивная MLE,14.640789687144805
наивная MLE,15.241110690482675
наивная MLE,30.27477980584321
наивная MLE,3.233604717069646
наивная MLE,14.125868159927169
наивная MLE,46.666685006738604
наивная MLE,6.493690060406328
наивная MLE,6.889628831127001
наивная MLE,18.731983525270962
наивная MLE,20.144973180376393
наивная MLE,1.9470934431076765
наивная MLE,1.6172282040748285
наивная MLE,8.43506249999984
наивная MLE,19.160217829104624
наивная MLE,13.880435955506565
наивная MLE,21.125669714460766
наивная MLE,19.772431605344558
наивная MLE,7.030541261022295
наивная MLE,5.532031237718899
наивная MLE,31.03734801064179
наивная MLE,14.886374635886906
наивная MLE,34.186222865916406
наивная MLE,9.414110821573978
наивная MLE,10.73405820743648
наивная MLE,9.86581694374744
наивная MLE,5.504567500719075
наивная MLE,21.66428102404293
наивная MLE,10.445153830809524
наивная MLE,22.469748472018004
наивная MLE,26.330636894554445
наивная MLE,29.623744523481065
наивная MLE,11.15699238826309
наивная MLE,3.1171681744721265
наивная MLE,7.070834305048013
наивная MLE,13.19158297805188
наивная MLE,12.013022992095337
наивная MLE,6.467058680144643
наивная MLE,47.39112039882808
наивная MLE,11.714457431944655
наивная MLE,14.188695275065507
наивная MLE,16.27162475715256
наивная MLE,13.640279920989464
наивная MLE,5.571031656898449
наивная MLE,15.121244331797687
наивная MLE,22.97680928172966
наивная MLE,3.773933682022646
наивная MLE,9.973916022503253
наивная MLE,3.57760917508765
наивная MLE,15.285890146461767
наивная MLE,47.92037180334901
наивная MLE,18.545035694789238
наивная MLE,4.451571514734341
наивная MLE,16.799580476986073
наивная MLE,3.789148506596711
наивная MLE,25.167423960876995
наивная MLE,13.27627044832229
наивная MLE,34.87848036053872
наивная MLE,11.975071901883181
наивная MLE,13.152608379794607
наивная MLE,20.5421529478623
наивная MLE,8.638678381105478
наивная MLE,28.46819582933665
наивная MLE,5.100813658471195
наивная MLE,11.270118225475096
наивная MLE,11.259719711758072
наивная MLE,6.361287759008398
наивная MLE,11.740848236096362
наивная MLE,13.431297006355667
наивная MLE,14.09265984126401
наивная MLE,12.982680332308668
наивная MLE,9.316281252130157
наивная MLE,27.63359456378375
наивная MLE,6.957904917758011
наивная MLE,13.24599098970903
наивная MLE,13.3144703099351
наивная MLE,22.101629342943188
наивная MLE,29.50640877694052
наивная MLE,20.712618344984712
наивная MLE,7.771814863292244
наивная MLE,13.424036379716158
наивная MLE,25.20673405233297
наивная MLE,29.216491499064315
наивная MLE,13.711853744394924
наивная MLE,7.284621415747805
наивная MLE,27.3043300735504
наивная MLE,15.224865011862155
наивная MLE,11.604191904725692
наивная MLE,24.47802514941582
наивная MLE,15.254102586845546
наивная MLE,10.094576566318478
наивная MLE,1.187474833769402
наивная MLE,4.155709724316949
наивная MLE,19.785615462264133
наивная MLE,11.77116697091808
наивная MLE,6.46562243868175
наивная MLE,25.555044860473043
наивная MLE,8.205433802876396
наивная MLE,6.132926349527371
наивная MLE,32.92664888439631
наивная MLE,16.35439238281262
наивная MLE,31.31734318941729
наивная MLE,17.790303986178056
наивная MLE,5.95340327084225
наивная MLE,14.178763389899505
наивная MLE,25.040404746319254
наивная MLE,13.887086087497215
наивная MLE,30.32339443171573
наивная MLE,14.89791055067197
наивная MLE,12.112954507334727
наивная MLE,7.535173057409842
наивная MLE,24.162467009096318
наивная MLE,6.168444313021593
наивная MLE,12.481646968417715
наивная MLE,10.523663544311088
наивная MLE,12.329405593675832
наивная MLE,33.280955379949965
наивная MLE,16.279720863969715
наивная MLE,9.545277838445145
наивная MLE,19.515762910907767
наивная MLE,31.25633678806197
наивная MLE,11.153285187687246
наивная MLE,44.69016349096003
наивная MLE,4.8301394201182575
наивная MLE,15.771748614843478
наивная MLE,5.139587251465404
наивная MLE,16.433881036264022
наивная MLE,9.3976767469624
наивная MLE,3.855375725013073
наивная MLE,17.38802330081513
наивная MLE,6.111304491443634
наивная MLE,17.845343608696357
наивная MLE,14.414153946046122
наивная MLE,29.201463797033337
наивная MLE,4.025293002515885
наивная MLE,12.500566246209711
наивная MLE,8.566102804336438
наивная MLE,3.615921856342993
наивная MLE,19.824969770039996
наивная MLE,3.4184889661297735
наивная MLE,30.519449558636893
наивная MLE,8.77023204593412
наивная MLE,37.97146653931737
наивная MLE,10.48470029128082
наивная MLE,12.496704973295685
наивная MLE,19.59066265234053
наивная MLE,10.225568699927278
наивная MLE,17.825998419197486
наивная MLE,12.979805943753094
наивная MLE,7.211721209986595
наивная MLE,8.006335772258419
наивная MLE,20.62533565099161
наивная MLE,5.4038577963588015
наивная MLE,17.851723140159788
наивная MLE,2.90967122147413
наивная MLE,25.024346407757804
наивная MLE,3.391361278624265
наивная MLE,4.721595649252371
наивная MLE,13.415311847028
наивная MLE,20.88804602304483
наивная MLE,17.201729233177204
наивная MLE,7.531271275415447
наивная MLE,15.489837172266231
наивная MLE,10.051875914392593
наивная MLE,15.910529996234118
наивная MLE,12.592866924546588
наивная MLE,12.229649647215306
наивная MLE,16.12697692239574
наивная MLE,33.82672991535812
наивная MLE,22.736637066408562
наивная MLE,10.224373713687632
наивная MLE,6.793707520262328
наивная MLE,4.289968076683849
наивная MLE,47.40639853041009
наивная MLE,9.087530042097791
наивная MLE,5.16207017812107
наивная MLE,6.3512175653682235
наивная MLE,7.738042379614695
наивная MLE,14.603205315761706
наивная MLE,17.05505021364547
наивная MLE,11.014424451366601
наивная MLE,7.241277780621638
наивная MLE,11.863442831119373
наивная MLE,26.582212483188798
наивная MLE,9.228751999907452
наивная MLE,4.78068439998126
наивная MLE,3.125898383728713
наивная MLE,17.992071803914783
наивная MLE,20.906091691488545
наивная MLE,7.516021907145619
наивная MLE,29.76850454627394
наивная MLE,20.046912863077495
наивная MLE,22.42028776238984
наивная MLE,15.904565867611279
наивная MLE,2.412689602085717
наивная MLE,7.961139625847266
наивная MLE,13.195997211501005
наивная MLE,11.177286287536935
наивная MLE,10.478983469260886
наивная MLE,9.57886458018602
наивная MLE,24.178406196777424
наивная MLE,8.283901084554655
наивная MLE,3.9215379763199514
наивная MLE,9.392783842868758
наивная MLE,11.342338926838123
наивная MLE,36.73907750704692
наивная MLE,1.6564063619705718
наивная MLE,7.868378043414593
наивная MLE,12.475326303042216
наивная MLE,7.555199037440106
наивная MLE,9.371269282156778
наивная MLE,21.163395873676155
наивная MLE,3.365249148324562
наивная MLE,23.377329498608475
наивная MLE,19.70167715134893
наивная MLE,16.494100344131727
наивная MLE,5.080182340484712
наивная MLE,6.159544116283522
наивная MLE,7.372560775887788
наивная MLE,14.619671471464851
наивная MLE,51.965162059270924
наивная MLE,10.628954931798226
наивная MLE,11.169695451262271
наивная MLE,16.537290470771893
наивная MLE,6.724847676740876
наивная MLE,8.259188954905156
наивная MLE,6.184029956648869
наивная MLE,9.229869102889813
наивная MLE,25.24185600155328
наивная MLE,11.920607788274985
наивная MLE,20.769696069833426
наивная MLE,6.052086011489831
наивная MLE,17.535857565062198
наивная MLE,4.681429206605494
наивная MLE,6.904322486977384
наивная MLE,7.927619978981578
наивная MLE,46.128163984203916
наивная MLE,4.719190780262639
наивная MLE,21.98911262955487
наивная MLE,3.7221085062449015
наивная MLE,23.536886804705965
наивная MLE,27.90614021775465
наивная MLE,12.394695319906603
наивная MLE,7.5086128155743195
наивная MLE,7.136421736791364
наивная MLE,4.990246783051017
наивная MLE,25.274159628431413
наивная MLE,21.423495611650598
наивная MLE,32.2527569268136
наивная MLE,26.13212595401348
наивная MLE,35.863203403722956
наивная MLE,7.394672140693781
наивная MLE,25.267871015130538
наивная MLE,40.9347379791215
наивная MLE,17.52422307695945
наивная MLE,22.07048842111323
наивная MLE,8.385379193231609
наивная MLE,13.362939492113753
наивная MLE,5.834209416869012
наивная MLE,11.032884861618607
наивная MLE,14.60558020145689
наивная MLE,19.737166994071284
наивная MLE,9.050658759243268
наивная MLE,8.576754694940028
наивная MLE,11.768924846761175
наивная MLE,10.390596913338992
наивная MLE,19.65291885258628
наивная MLE,13.023411497386654
наивная MLE,8.879533887501971
наивная MLE,9.209670182302638
наивная MLE,18.88619987809752
наивная MLE,14.587280242401867
наивная MLE,15.62010425887403
наивная MLE,21.3438686262651
наивная MLE,29.946800065297946
наивная MLE,33.452718475794086
наивная MLE,16.604377075659556
наивная MLE,40.62208202994564
наивная MLE,6.995278527465377
наивная MLE,5.675858705350109
наивная MLE,8.287816466083806
наивная MLE,8.944154818924346
наивная MLE,6.565890942163069
наивная MLE,7.105977580679506
наивная MLE,19.455725330758433
наивная MLE,24.513280646418643
наивная MLE,28.89924701096643
наивная MLE,11.33442744517281
наивная MLE,11.236185560880367
наивная MLE,18.52544325886916
наивная MLE,12.864813610719919
наивная MLE,9.33502707374121
наивная MLE,9.972161253889935
наивная MLE,3.797105022045714
наивная MLE,30.897573969373457
наивная MLE,12.708200358770362
наивная MLE,11.889729128032029
наивная MLE,8.043246136153174
наивная MLE,14.229796438960882
наивная MLE,7.934152231935068
наивная MLE,10.388306874046648
наивная MLE,4.353870637931659
наивная MLE,4.915664760278266
наивная MLE,16.98582147634648
наивная MLE,23.05109494978548
наивная MLE,9.288562210434657
наивная MLE,18.37007853319508
наивная MLE,8.539100649064672
наивная MLE,19.256979732536912
наивная MLE,5.968356672059898
наивная MLE,24.46767784858459
наивная MLE,13.77670309031797
наивная MLE,9.148431033140996
наивная MLE,8.691085705687431
наивная MLE,14.039761430778345
наивная MLE,14.095481785380416
наивная MLE,10.434089821145847
наивная MLE,4.101169770745819
наивная MLE,7.735985910196046
наивная MLE,12.099532228635463
наивная MLE,6.301824041078771
наивная MLE,24.64096400685444
наивная MLE,8.773632760805352
наивная MLE,15.616825733334927
наивная MLE,7.3985162014957755
наивная MLE,7.548835226053815
наивная MLE,10.541200443279084
наивная MLE,7.89997385724934
наивная MLE,9.772902631564067
наивная MLE,11.349739758930301
наивная MLE,13.179851300368249
наивная MLE,19.77926188687949
наивная MLE,3.081700456010089
наивная MLE,36.86649310042459
наивная MLE,12.303841684714005
наивная MLE,43.73065245240046
наивная MLE,17.21193266635636
наивная MLE,2.696377879674045
наивная MLE,10.288521755089569
наивная MLE,27.00447626582149
наивная MLE,12.135416051636888
наивная MLE,8.684395224017614
наивная MLE,8.407630726976592
наивная MLE,16.666664967312816
наивная MLE,14.659679374533244
наивная MLE,18.6940161381754
наивная MLE,3.2783671294370555
наивная MLE,6.303340010735434
наивная MLE,36.64752870633114
наивная MLE,13.569097716298726
наивная MLE,6.635647413927555
наивная MLE,6.475382738312207
наивная MLE,34.24394236635883
наивная MLE,13.568551936532373
наивная MLE,5.878414430846972
наивная MLE,9.2383258039862
наивная MLE,26.167813861981358
наивная MLE,23.59099736882621
наивная MLE,9.505634568154251
наивная MLE,13.96097434725789
наивная MLE,2.883278403215156
наивная MLE,6.70554840133607
наивная MLE,5.476508769895139
наивная MLE,6.228899608948413
наивная MLE,14.475936499223145
наивная MLE,16.726961570055117
наивная MLE,4.368223639656297
наивная MLE,8.26378557969521
наивная MLE,7.23976663140358
наивная MLE,2.52815086814369
наивная MLE,21.387751268049985
наивная MLE,16.81998979234648
наивная MLE,6.1724123699638564
наивная MLE,14.165503903937507
наивная MLE,21.427402582274627
наивная MLE,20.07942545526147
наивная MLE,22.53846634469331
наивная MLE,8.231403912097681
наивная MLE,10.150917884730864
наивная MLE,30.034978303174984
наивная MLE,7.803509269240337
наивная MLE,4.073630156055314
наивная MLE,15.677720623298
наивная MLE,14.440521734756167
наивная MLE,10.31253431209978
наивная MLE,5.598029351097246
наивная MLE,34.35985645063085
наивная MLE,8.451229404503971
наивная MLE,8.648799931201076
наивная MLE,14.26512977005082
наивная MLE,9.169332316989543
наивная MLE,5.235263782591217
наивная MLE,12.34724010339485
наивная MLE,10.725441216942315
наивная MLE,10.90793383703629
наивная MLE,12.825953647475586
наивная MLE,46.98608381827885
наивная MLE,9.541555531237135
наивная MLE,10.681838496721564
наивная MLE,7.353459808083334
наивная MLE,16.569863074511574
наивная MLE,3.0776709815505194
наивная MLE,10.932153137457494
наивная MLE,18.069977824202375
наивная MLE,27.166339173761706
наивная MLE,13.688445034628195
наивная MLE,3.9837425114374985
наивная MLE,15.206457527542648
наивная MLE,13.887238076650387
наивная MLE,4.044239679510324
наивная MLE,37.54436790497847
наивная MLE,11.27756742464142
наивная MLE,25.62025985866936
наивная MLE,20.865966477242168
наивная MLE,12.240294365256903
наивная MLE,13.347346195156845
наивная MLE,6.1807383073667905
наивная MLE,8.793991277853834
наивная MLE,4.984807641491043
наивная MLE,7.84990379434295
наивная MLE,19.40761360336487
наивная MLE,13.564169873556525
наивная MLE,23.330668162733247
наивная MLE,10.29916940512621
наивная MLE,2.1709546021829387
наивная MLE,4.248326640943509
наивная MLE,2.5241539621890645
наивная MLE,5.0204016009017165
наивная MLE,6.59694478922568
наивная MLE,22.219216448115827
наивная MLE,9.243245550567634
наивная MLE,10.657800728388906
наивная MLE,18.300309968787694
наивная MLE,10.101603731197727
наивная MLE,19.033617220869175
наивная MLE,13.644432364939219
наивная MLE,11.575822814850577
наивная MLE,22.915407006129335
наивная MLE,3.027599820030061
наивная MLE,9.02819263921267
наивная MLE,9.236633634915488
наивная MLE,15.4432091361221
наивная MLE,16.680828060624147
наивная MLE,19.200359564074994
наивная MLE,9.228194539301217
наивная MLE,24.23054611864336
наивная MLE,7.56399259135417
наивная MLE,19.36946138230861
наивная MLE,7.974438470890233
наивная MLE,4.68292775867845
наивная MLE,2.2207085818167585
наивная MLE,22.46491969362677
наивная MLE,14.284223420449496
наивная MLE,10.563189842589374
наивная MLE,13.223537278875854
наивная MLE,8.28523673978535
наивная MLE,4.884602999517375
наивная MLE,6.393801104058395
наивная MLE,10.391186651178776
наивная MLE,8.598805995366464
наивная MLE,18.983414398176933
наивная MLE,7.890491171747998
наивная MLE,19.868125122210188
наивная MLE,25.171116334115776
наивная MLE,16.643936370005495
наивная MLE,29.310402756450898
наивная MLE,1.96233247978673
наивная MLE,5.744575847741819
наивная MLE,10.803959626787247
наивная MLE,18.34926985355741
наивная MLE,14.467128085027749
наивная MLE,19.22346046340003
наивная MLE,3.9464345539790706
наивная MLE,4.882515877627922
наивная MLE,18.275631335646317
наивная MLE,8.361462080095041
наивная MLE,8.623489997906795
наивная MLE,4.8553765620072795
наивная MLE,46.372043724404065
наивная MLE,14.220748427390692
наивная MLE,18.44995554688697
наивная MLE,6.065300405988547
наивная MLE,22.909612122358624
наивная MLE,21.49826968750256
наивная MLE,10.219521041076431
наивная MLE,12.362101775890041
наивная MLE,3.164132070916951
наивная MLE,12.166645351130366
наивная MLE,14.042597360075161
наивная MLE,12.053022333296049
наивная MLE,2.8808832244739913
наивная MLE,9.85285260205319
наивная MLE,46.94255028843712
наивная MLE,9.76102951354639
наивная MLE,43.73114481523085
наивная MLE,6.512676473345384
наивная MLE,14.401060260980152
наивная MLE,18.266226190304817
наивная MLE,16.101926002145035
наивная MLE,3.6642589834199795
наивная MLE,7.009768122146596
наивная MLE,19.448657548476568
наивная MLE,2.7159427106779312
наивная MLE,54.69788677908282
наивная MLE,13.461522305381292
наивная MLE,12.485229055655331
наивная MLE,28.39881779785673
наивная MLE,21.519793549152244
наивная MLE,18.650124895932493
наивная MLE,8.654697547251464
наивная MLE,19.00735425453761
наивная MLE,19.790873165475706
наивная MLE,11.142780250662518
наивная MLE,15.554197782403115
наивная MLE,9.479150214682228
наивная MLE,9.539979870529486
наивная MLE,13.826527077632324
наивная MLE,33.59541060986826
наивная MLE,12.706249467328455
наивная MLE,22.122627827915544
наивная MLE,18.981691016991363
наивная MLE,26.264783649542203
наивная MLE,10.402197553307115
наивная MLE,29.70638395832331
наивная MLE,11.195595760965649
наивная MLE,12.547412409176676
наивная MLE,16.621986435215103
наивная MLE,13.805965447025006
наивная MLE,26.430137969200885
наивная MLE,14.810656271246806
наивная MLE,5.610649168590198
наивная MLE,9.711194231820173
наивная MLE,5.235635900797575
наивная MLE,6.745561606654813
наивная MLE,11.895814852364559
наивная MLE,6.034074203507679
наивная MLE,54.68248254109982
наивная MLE,8.228083643839792
наивная MLE,20.024559616946902
наивная MLE,6.093765913149949
наивная MLE,14.874618990585507
наивная MLE,12.93001900503309
наивная MLE,2.706360614949871
наивная MLE,16.45653336590331
наивная MLE,16.112398693227178
наивная MLE,10.848274215201569
наивная MLE,5.350906531422032
наивная MLE,14.657190632694052
наивная MLE,9.802625393841208
наивная MLE,11.676623427068037
наивная MLE,26.042422743558486
наивная MLE,57.712546878571885
наивная MLE,12.918353678649764
наивная MLE,7.19656651231848
наивная MLE,21.029706714406814
наивная MLE,1.6647495785518092
наивная MLE,45.80224649172686
наивная MLE,11.32623996306602
наивная MLE,21.020176267986635
наивная MLE,14.540462664027281
наивная MLE,15.596279417442963
наивная MLE,12.094767199211116
наивная MLE,7.211325026529328
наивная MLE,4.970143972410966
наивная MLE,7.933045369797142
наивная MLE,5.838756682798152
наивная MLE,15.051808922472318
наивная MLE,6.31000067466046
наивная MLE,6.151074318810132
наивная MLE,26.23175672831725
наивная MLE,4.477805090491736
наивная MLE,18.380307280535504
наивная MLE,1.735007904410752
наивная MLE,2.9535492955920413
наивная MLE,9.930048014886527
наивная MLE,22.898689610576636
наивная MLE,4.42707287905371
наивная MLE,33.13119385945726
наивная MLE,21.913555954474326
наивная MLE,8.524653795109327
наивная MLE,11.848925861912704
наивная MLE,14.486125586475
наивная MLE,4.6553304313395
наивная MLE,4.990031002138435
наивная MLE,13.408806698278873
наивная MLE,11.144084923735328
наивная MLE,19.661475703122246
наивная MLE,27.93245805930197
наивная MLE,5.915820764233125
наивная MLE,9.78881552333579
наивная MLE,6.74927536131076
наивная MLE,9.083405888180103
наивная MLE,9.880726868867267
наивная MLE,17.115328257618497
наивная MLE,9.127948867220905
наивная MLE,4.397854406202041
наивная MLE,7.6512151190814635
наивная MLE,7.975154553906209
наивная MLE,8.178995260359269
наивная MLE,3.727157640106233
наивная MLE,21.172273537412508
наивная MLE,17.47531424009886
наивная MLE,17.52813501750694
наивная MLE,3.9440289706106375
наивная MLE,13.919694044116795
наивная MLE,9.622234298193192
наивная MLE,28.451722111444795
наивная MLE,7.7514955963351735
наивная MLE,8.709137985029466
наивная MLE,8.168422995491877
наивная MLE,3.018968872154151
наивная MLE,10.763776214637986
наивная MLE,32.777355538213214
наивная MLE,5.7146602139419445
наивная MLE,27.441675991145047
наивная MLE,20.298275344141196
наивная MLE,10.833774395473114
наивная MLE,9.567490998089418
наивная MLE,9.853503551705293
наивная MLE,11.336719595427653
наивная MLE,5.764448736817525
наивная MLE,19.01444795389997
наивная MLE,19.159034033247217
наивная MLE,3.910745794851102
наивная MLE,16.51609181846402
наивная MLE,13.67976285321123
наивная MLE,19.158978847688353
наивная MLE,17.52736210164716
наивная MLE,12.17638538111991
наивная MLE,8.621275216211332
наивная MLE,12.749515682689488
наивная MLE,3.291801529093839
наивная MLE,7.236079595732059
наивная MLE,4.699520854412272
наивная MLE,22.077280795857877
наивная MLE,1.8719594029738027
наивная MLE,15.028135696835442
наивная MLE,7.675399218836392
наивная MLE,9.025622053102524
наивная MLE,17.744399705442632
наивная MLE,10.264490374011553
наивная MLE,10.413912056361267
наивная MLE,2.733903912082241
наивная MLE,9.497652163701394
наивная MLE,7.593765371503245
наивная MLE,4.813606571362895
наивная MLE,14.504527842863872
наивная MLE,12.36014216455629
наивная MLE,9.485311307355255
наивная MLE,19.150202535370383
наивная MLE,12.30203675980351
наивная MLE,53.04485125781102
наивная MLE,4.810198651719759
наивная MLE,8.414346400847256
наивная MLE,3.1019258462488835
наивная MLE,38.44873920872651
наивная MLE,3.867036047566737
наивная MLE,14.815989478811469
наивная MLE,1.6557465973803913
наивная MLE,5.723689326506872
наивная MLE,5.932918525954412
наивная MLE,3.684952717071445
наивная MLE,16.129122618713087
наивная MLE,15.712281507678268
наивная MLE,3.589067701406761
наивная MLE,20.79267765719988
наивная MLE,4.461334781508725
наивная MLE,4.064818730293968
наивная MLE,11.736695014271529
наивная MLE,5.181584848537493
наивная MLE,66.48554302135473
наивная MLE,23.224395741997483
наивная MLE,5.565735054276184
наивная MLE,21.023540712424786
наивная MLE,19.41469861649182
наивная MLE,8.130083451964301
наивная MLE,5.707984960854525
наивная MLE,6.754722659526462
наивная MLE,25.355935926365483
наивная MLE,34.84909149819627
наивная MLE,20.23277463155157
наивная MLE,17.39965231612847
наивная MLE,19.288477050881983
наивная MLE,8.994091914866116
наивная MLE,16.195498970798937
наивная MLE,6.897286590208563
наивная MLE,9.64946991579111
наивная MLE,12.208940025456453
наивная MLE,20.49120001643665
наивная MLE,6.1006385116540915
наивная MLE,21.018243973194995
наивная MLE,7.793185161394563
наивная MLE,4.28544605294724
наивная MLE,18.460108224128376
наивная MLE,22.87826441473582
наивная MLE,7.8497662027183965
наивная MLE,16.87375568216686
наивная MLE,22.370100264249118
наивная MLE,8.234637483444084
наивная MLE,11.905855258519193
наивная MLE,3.457509239436494
наивная MLE,15.354855002213714
наивная MLE,10.708788555043236
наивная MLE,7.061768349278904
наивная MLE,2.2629193843632467
наивная MLE,13.995896366965452
наивная MLE,6.147440583548905
наивная MLE,35.783033008637624
наивная MLE,17.068698051609267
наивная MLE,5.593076619090898
наивная MLE,6.128744314219995
наивная MLE,17.39265375697274
наивная MLE,8.810520012391228
наивная MLE,12.626112108748373
наивная MLE,13.03947781964363
наивная MLE,8.681633732953944
наивная MLE,6.673736437164944
наивная MLE,29.000896020482234
наивная MLE,24.136610707089364
наивная MLE,16.773250465295803
наивная MLE,16.771525147952275
наивная MLE,31.417394052931854
наивная MLE,13.072906769910203
наивная MLE,24.35905724148941
наивная MLE,5.176073400075226
наивная MLE,4.0103853451501585
наивная MLE,4.740656549691499
наивная MLE,7.183201195579133
наивная MLE,6.136552935299299
наивная MLE,5.029737116948612
наивная MLE,43.27281490901188
наивная MLE,24.490499662000534
наивная MLE,14.184772120043991
наивная MLE,8.600558341610606
наивная MLE,11.768244788730268
наивная MLE,5.5695737723793455
наивная MLE,11.658727203388404
наивная MLE,23.558371873635988
наивная MLE,9.235655572369303
наивная MLE,23.956829661115517
наивная MLE,33.18375074698828
наивная MLE,8.923824812373804
наивная MLE,18.98409373853858
наивная MLE,4.957345311040454
наивная MLE,9.271478291958172
наивная MLE,14.551472883155387
наивная MLE,2.496733330975189
наивная MLE,14.384959545661397
наивная MLE,14.070592723824149
наивная MLE,44.09558919649031
наивная MLE,10.357011966581616
наивная MLE,10.667081292232538
наивная MLE,3.4536494736491647
наивная MLE,15.439198890169806
наивная MLE,49.01080903295352
наивная MLE,4.329282369536691
наивная MLE,4.819588795926359
наивная MLE,4.868076103862322
наивная MLE,19.76613231337506
наивная MLE,5.509039086063352
наивная MLE,19.145480515518102
наивная MLE,15.220079633615866
наивная MLE,19.052620580591764
наивная MLE,30.4257806934761
наивная MLE,5.229617336324894
наивная MLE,13.159413506126342
наивная MLE,1.5965807875150526
наивная MLE,3.691915883640025
наивная MLE,6.795493634958813
наивная MLE,9.558360952340337
наивная MLE,8.894410637522386
наивная MLE,63.19294825080689
наивная MLE,4.265567139863166
наивная MLE,12.936256031972258
наивная MLE,27.907903787786857
наивная MLE,18.94678250607744
наивная MLE,5.0978729913435235
наивная MLE,5.539585819214492
наивная MLE,16.77352842885176
наивная MLE,18.868779234597447
наивная MLE,9.490187723979965
наивная MLE,17.66772735873952
наивная MLE,15.817124019935378
наивная MLE,12.094491396162871
наивная MLE,10.80118082971636
наивная MLE,3.2577288159738864
наивная MLE,12.578256948065308
наивная MLE,7.44276614009434
наивная MLE,11.967156622240523
наивная MLE,13.934908873839094
наивная MLE,8.739462197629354
наивная MLE,4.289414503495184
наивная MLE,17.580841820362792
наивная MLE,19.32519021375822
наивная MLE,8.787102961273085
наивная MLE,14.546938971391207
наивная MLE,17.039268548199168
наивная MLE,9.146507250395139
наивная MLE,11.10933396073084
наивная MLE,5.0357083600133326
наивная MLE,27.923497832829522
наивная MLE,23.751842220539686
наивная MLE,4.373621535030651
наивная MLE,12.848648452352528
наивная MLE,11.538417932496984
наивная MLE,9.324025096633996
наивная MLE,12.970107297070207
наивная MLE,20.778909657086228
наивная MLE,13.383431961145043
наивная MLE,3.78178064186973
наивная MLE,14.08235089088163
наивная MLE,8.315775814852305
наивная MLE,10.608842961574245
наивная MLE,4.4601505831629655
наивная MLE,6.328959794411892
наивная MLE,24.606067518612043
наивная MLE,21.62887328957875
наивная MLE,53.11203226209386
наивная MLE,13.339380542301676
наивная MLE,19.274312715213753
наивная MLE,23.6718071935176
наивная MLE,19.17744221806209
наивная MLE,24.677729219436927
наивная MLE,4.7926915233096
наивная MLE,12.732717166970271
наивная MLE,6.1680776859763835
наивная MLE,18.08555613095323
наивная MLE,5.04527170359352
наивная MLE,32.64156658280013
наивная MLE,11.848970592004441
наивная MLE,12.870674228543262
наивная MLE,3.2959470850253307
наивная MLE,8.393611295876234
наивная MLE,17.54464452689229
наивная MLE,18.99626064456322
наивная MLE,15.219103206996532
наивная MLE,26.269194769609303
наивная MLE,11.939396301325603
наивная MLE,6.655430088967517
наивная MLE,5.542377927314671
наивная MLE,11.500563028170692
наивная MLE,21.554726916355804
наивная MLE,11.575383208122139
наивная MLE,24.46328317611946
наивная MLE,10.02264123901961
наивная MLE,6.46343813446487
наивная MLE,24.673930094729556
наивная MLE,11.239913921929677
наивная MLE,3.902188138588749
наивная MLE,28.70933048643339
наивная MLE,21.654186691573873
наивная MLE,8.189909055102511
наивная MLE,7.18138044479619
наивная MLE,22.14963427569757
наивная MLE,20.401776537812808
наивная MLE,5.793979095639783
наивная MLE,7.69828371317443
наивная MLE,7.155924026468128
наивная MLE,17.438259237203674
наивная MLE,28.322919867189512
наивная MLE,5.08854370752097
наивная MLE,29.335875096324383
наивная MLE,12.637810178048444
наивная MLE,12.82274781932844
наивная MLE,16.377893572866515
наивная MLE,8.546654207657404
наивная MLE,6.9188510483951955
наивная MLE,10.838229397683424
наивная MLE,10.39372504811946
наивная MLE,8.051630132949672
наивная MLE,14.321983795805323
наивная MLE,7.133352352253142
наивная MLE,13.252763815957632
наивная MLE,1.811903973019171
наивная MLE,7.170662270306992
наивная MLE,1.989774795340287
наивная MLE,6.010228381994431
наивная MLE,4.603003721936458
наивная MLE,27.530514370939667
наивная MLE,11.29921669567092
наивная MLE,11.78129302450507
наивная MLE,12.09025946843014
наивная MLE,9.85387279675736
наивная MLE,33.01286863583383
наивная MLE,10.508060918932163
наивная MLE,10.849547171561003
наивная MLE,13.042431987595908
наивная MLE,11.34480404252918
наивная MLE,9.790670477937415
наивная MLE,15.647330281547198
наивная MLE,33.59371315892016
наивная MLE,3.0074159273325463
наивная MLE,16.507423655666045
наивная MLE,5.382077778400411
наивная MLE,3.684122732087506
наивная MLE,5.522417333649658
наивная MLE,8.23202235866551
наивная MLE,10.878704728691797
наивная MLE,16.708292499176444
наивная MLE,10.120746675324773
наивная MLE,20.67156212620627
наивная MLE,12.703915802273059
наивная MLE,17.81890593688837
наивная MLE,11.533731735865484
наивная MLE,8.235357693463733
наивная MLE,14.810036679862971
наивная MLE,5.483024029109631
наивная MLE,18.55677408805808
наивная MLE,8.065398278339167
наивная MLE,22.189816614790487
наивная MLE,10.164040146510944
наивная MLE,14.64359308402992
наивная MLE,33.698753669523086
наивная MLE,10.401315683931937
наивная MLE,27.930416741734163
наивная MLE,10.475143814236594
наивная MLE,24.564530451942296
наивная MLE,22.247144603183905
наивная MLE,22.549357230436332
наивная MLE,5.270158979844219
наивная MLE,16.302875171636956
наивная MLE,4.937483951108593
наивная MLE,22.70170360502233
наивная MLE,15.085596683608454
наивная MLE,28.722007438492195
наивная MLE,8.804966838284708
наивная MLE,9.783736596786326
наивная MLE,8.668607245515078
наивная MLE,12.209374293606226
наивная MLE,9.83833510668534
наивная MLE,9.504712740036867
наивная MLE,20.177047329927
наивная MLE,30.406065493853596
наивная MLE,10.88250795220485
наивная MLE,7.020172455332476
наивная MLE,15.665580630507883
наивная MLE,17.9698591028067
наивная MLE,22.59842336063073
наивная MLE,18.63873193101362
наивная MLE,12.502678668106501
наивная MLE,29.868311812907585
наивная MLE,5.149906589382116
наивная MLE,18.294070600917568
наивная MLE,5.664618501894211
наивная MLE,19.282305259609686
наивная MLE,21.335629995470654
наивная MLE,9.120540954751432
наивная MLE,8.388744235639706
наивная MLE,7.130088982171716
наивная MLE,11.846407919643607
наивная MLE,4.595633115070235
наивная MLE,18.040049276447075
наивная MLE,4.974185986558702
наивная MLE,9.908473969592459
наивная MLE,20.025830736263693
наивная MLE,9.528321078014432
наивная MLE,24.69210953763634
наивная MLE,20.343942829938083
наивная MLE,5.019090826924509
наивная MLE,20.01002908966302
наивная MLE,19.86823727857198
наивная MLE,26.226225105598758
наивная MLE,18.74135535381501
наивная MLE,27.05676749147926
наивная MLE,4.176664007706167
наивная MLE,6.847693448221566
наивная MLE,2.130788731113333
наивная MLE,20.101014677690113
наивная MLE,6.7792581092326865
наивная MLE,14.884774539554954
наивная MLE,23.724461510497385
наивная MLE,4.798456314855176
наивная MLE,18.508513871363462
наивная MLE,25.068610158589422
наивная MLE,20.100541889884276
наивная MLE,3.5899890585593024
наивная MLE,12.794391532964854
наивная MLE,19.519082111040703
наивная MLE,6.201071048770234
наивная MLE,7.289127694311256
наивная MLE,13.978852573310476
наивная MLE,8.861915258497982
наивная MLE,1.733818039075989
наивная MLE,10.307782721520187
наивная MLE,15.2192343321872
наивная MLE,19.555689133692088
наивная MLE,14.605028613595955
наивная MLE,25.472277748403542
наивная MLE,23.156640417775282
наивная MLE,31.708916971398004
наивная MLE,10.544531503524237
наивная MLE,2.859218245706675
наивная MLE,8.514332366803593
наивная MLE,8.8733130980507
наивная MLE,7.815612707205071
наивная MLE,4.904663446219284
наивная MLE,16.548285473868134
наивная MLE,9.599225651589359
наивная MLE,12.215198203860854
наивная MLE,17.744256524397017
наивная MLE,5.005111805291548
наивная MLE,9.80758150766301
наивная MLE,2.465723750387647
наивная MLE,26.712199188601986
наивная MLE,21.022565660282766
наивная MLE,10.727269461924056
наивная MLE,15.729569424366375
наивная MLE,4.774378935160851
наивная MLE,19.482035873328105
наивная MLE,8.539991259541601
наивная MLE,15.981076070446392
наивная MLE,8.167820744611742
наивная MLE,6.103595269787376
наивная MLE,3.6529303532243906
наивная MLE,3.0286124855328134
наивная MLE,17.37161441498378
наивная MLE,11.8385453113871
наивная MLE,20.10363723747043
наивная MLE,31.399935638431497
наивная MLE,30.406475168018112
наивная MLE,6.949478446779736
наивная MLE,20.67288311212891
наивная MLE,9.668768585332659
наивная MLE,12.716945182229338
наивная MLE,3.1085168818644306
наивная MLE,5.014019519430728
наивная MLE,2.207941331119966
наивная MLE,16.58561730536878
наивная MLE,20.21367275769206
наивная MLE,23.378705946756668
наивная MLE,24.623944418834455
наивная MLE,6.346301234368342
наивная MLE,8.29093850951863
наивная MLE,7.530895109338905
наивная MLE,36.04860251359778
наивная MLE,18.556227434110415
наивная MLE,8.955167258424362
наивная MLE,34.14492996155687
наивная MLE,13.259658933304156
наивная MLE,15.292524087543264
наивная MLE,7.537326420412776
наивная MLE,10.17760422772737
наивная MLE,3.441243093213383
наивная MLE,17.707978434828362
наивная MLE,12.171938217194175
наивная MLE,8.616991888693438
наивная MLE,11.142302373309274
наивная MLE,24.476332427770878
наивная MLE,10.027098083954526
наивная MLE,13.682405962609597
наивная MLE,18.786119410016706
наивная MLE,17.48056007081673
наивная MLE,1.1853363005592272
наивная MLE,31.816099387486766
наивная MLE,8.934061593831496
наивная MLE,26.658963931971655
наивная MLE,6.571324979243207
наивная MLE,11.329248851920203
наивная MLE,16.24441704528951
наивная MLE,6.348225936909113
наивная MLE,9.681414515843354
наивная MLE,11.298133633147776
наивная MLE,9.536703464985857
наивная MLE,19.61762781700208
наивная MLE,10.516736362737278
наивная MLE,17.597211159479485
наивная MLE,7.148097662912585
наивная MLE,13.000520391239474
наивная MLE,22.14945906244406
наивная MLE,8.196077374783384
наивная MLE,10.840617940305874
наивная MLE,16.472003937056392
наивная MLE,14.90194717380836
наивная MLE,9.725674193054761
наивная MLE,4.1979487077557724
наивная MLE,7.650711904307415
наивная MLE,11.016701798904899
наивная MLE,12.544987835543843
наивная MLE,13.35267910543377
наивная MLE,9.809850721701666
наивная MLE,21.37308939179682
наивная MLE,7.3664774737546095
наивная MLE,11.81037867817738
наивная MLE,20.133539325930034
наивная MLE,8.432928546038884
наивная MLE,13.788644140290318
наивная MLE,41.10070705923969
наивная MLE,16.386926878040214
наивная MLE,15.842609974133525
наивная MLE,13.281339297913505
наивная MLE,1.3329878170558023
наивная MLE,12.535951853505466
наивная MLE,6.214155158076247
наивная MLE,9.21065885550449
наивная MLE,24.022607656696632
наивная MLE,26.386093263765538
наивная MLE,17.211799147923916
наивная MLE,12.324560616187563
наивная MLE,11.192159075214517
наивная MLE,14.850365380333535
наивная MLE,10.24686796452163
наивная MLE,12.273833802138336
наивная MLE,17.73067826670634
наивная MLE,8.005908702985199
наивная MLE,21.385528381503704
наивная MLE,4.350838875751596
наивная MLE,12.366365663039709
наивная MLE,37.679829037849785
наивная MLE,20.19244300545493
наивная MLE,8.418896587524987
наивная MLE,17.917846977391232
наивная MLE,11.177915068503548
наивная MLE,9.022405598477857
наивная MLE,8.205354796498586
наивная MLE,22.474655041356268
наивная MLE,18.278990013857054
наивная MLE,14.599430457547685
наивная MLE,15.730141846220484
наивная MLE,6.420801038539998
наивная MLE,3.346778398818951
наивная MLE,17.936464120007127
наивная MLE,15.570845351106497
наивная MLE,13.188857520054754
наивная MLE,13.795778259448694
наивная MLE,17.181781230261166
наивная MLE,19.181430720999927
наивная MLE,19.189950435323887
наивная MLE,21.962355263667014
наивная MLE,37.08248950425188
наивная MLE,12.650152216244937
наивная MLE,30.709891948836574
наивная MLE,11.305721013781268
наивная MLE,10.591174340339007
наивная MLE,30.182968233911968
наивная MLE,7.032406832783231
наивная MLE,8.136122076462431
наивная MLE,13.923603831964886
наивная MLE,26.891997716970458
наивная MLE,4.5912919682711895
наивная MLE,20.367629626556724
наивная MLE,7.4778996664871995
наивная MLE,11.744669059392644
наивная MLE,15.503692735592768
наивная MLE,10.770939524001964
наивная MLE,7.153227391983237
наивная MLE,21.866304555435942
наивная MLE,8.589201606017644
наивная MLE,14.392440876106445
наивная MLE,8.95597425098562
наивная MLE,23.386392474852165
наивная MLE,13.121459272628119
наивная MLE,25.79540911039478
наивная MLE,20.420917170164717
наивная MLE,6.51980714652465
наивная MLE,4.931276096807478
наивная MLE,8.774101995972378
наивная MLE,12.495109040552965
наивная MLE,11.803177120938768
наивная MLE,23.372170554377888
наивная MLE,12.999182686171057
наивная MLE,20.239596357133493
наивная MLE,17.23586759561333
наивная MLE,13.196535569418023
наивная MLE,44.25015130296411
наивная MLE,25.573741626934602
наивная MLE,8.122435067303591
наивная MLE,9.346994312344794
наивная MLE,23.664295125791877
наивная MLE,15.834897956127552
наивная MLE,11.554263817450074
наивная MLE,38.71964554252329
наивная MLE,8.580301373225675
наивная MLE,3.719230730827362
наивная MLE,10.428646589291485
наивная MLE,10.647073565517118
наивная MLE,3.695663916693819
наивная MLE,27.533269609225915
наивная MLE,1.1115293108627433
наивная MLE,18.523439165034837
наивная MLE,6.18111448247817
наивная MLE,7.459659817419375
наивная MLE,2.8617157901377777
наивная MLE,4.210687682289967
наивная MLE,3.272535852149214
наивная MLE,13.453689330238259
наивная MLE,8.659263320552151
наивная MLE,20.529631749041442
наивная MLE,18.438406078610267
наивная MLE,7.325756034138575
наивная MLE,9.831507892378879
наивная MLE,31.03388544362456
наивная MLE,27.343671631477854
наивная MLE,12.110632307621287
наивная MLE,31.720200014572885
наивная MLE,8.211636702914664
наивная MLE,24.19601551779574
наивная MLE,10.383929229086476
наивная MLE,6.247428286494978
наивная MLE,9.974055785268389
наивная MLE,9.806035135606987
наивная MLE,7.329595499237364
наивная MLE,7.879007329524223
наивная MLE,21.764723049375547
наивная MLE,37.471065112866135
наивная MLE,16.239598021804365
наивная MLE,6.465776587775551
наивная MLE,10.299959451428345
наивная MLE,10.855509862229233
наивная MLE,16.836517201704012
наивная MLE,3.272178289335171
наивная MLE,28.25017904651839
наивная MLE,14.613831402057553
наивная MLE,16.38856413824296
наивная MLE,42.31726731617817
наивная MLE,29.94092526381342
наивная MLE,14.054779184607376
наивная MLE,40.13167590167504
наивная MLE,13.230962560722237
наивная MLE,3.235668325535433
наивная MLE,3.856176244685997
наивная MLE,5.156820605397712
наивная MLE,1.2430568132301452
наивная MLE,9.300598567421252
наивная MLE,13.948736198458102
наивная MLE,16.345886194792637
наивная MLE,8.640509107095843
наивная MLE,12.769828300953476
наивная MLE,34.28935771645366
наивная MLE,10.82696795795652
наивная MLE,18.67388903702351
наивная MLE,6.3483570604611925
наивная MLE,29.722288824335962
наивная MLE,8.303743111615349
наивная MLE,23.00615842751713
наивная MLE,15.081166238359087
наивная MLE,10.427363243395014
наивная MLE,20.629111846468334
наивная MLE,16.647499771225945
наивная MLE,22.34514177868473
наивная MLE,6.178411011945151
наивная MLE,6.483303575810161
наивная MLE,11.943088232119285
наивная MLE,17.435913950100254
наивная MLE,45.61279730220459
наивная MLE,15.642024378002393
наивная MLE,5.674306259707925
наивная MLE,21.267009363048857
наивная MLE,9.828566873969018
наивная MLE,1.6558816958957423
наивная MLE,11.821814383139419
наивная MLE,55.827603412609726
наивная MLE,15.385651165731389
наивная MLE,27.86736024860728
наивная MLE,10.759807906027936
наивная MLE,5.6987210038967255
наивная MLE,27.582483767808725
наивная MLE,9.04754084929777
наивная MLE,7.3124058540900165
наивная MLE,19.737160272675343
наивная MLE,18.63546318746689
наивная MLE,27.5216149092891
наивная MLE,7.88448913697785
наивная MLE,5.84405692994278
наивная MLE,3.962822370820443
наивная MLE,21.099739955832497
наивная MLE,7.766384918997797
наивная MLE,21.132474552405533
наивная MLE,19.497834819569626
наивная MLE,26.06601055111795
наивная MLE,31.947801991713895
наивная MLE,8.850669629916739
наивная MLE,17.08730051706976
наивная MLE,14.390011116380247
наивная MLE,4.724956888018056
наивная MLE,11.435474859738715
наивная MLE,18.50993919713674
наивная MLE,4.33015289865393
наивная MLE,3.7023756586754546
наивная MLE,24.096523722596327
наивная MLE,4.436367573053396
наивная MLE,10.619283097979089
наивная MLE,6.145634680036894
наивная MLE,22.43549764525152
наивная MLE,5.551562947197473
наивная MLE,23.541413463066284
наивная MLE,34.78070331673649
наивная MLE,7.297859150462892
наивная MLE,14.660745569650516
наивная MLE,33.22868330211708
наивная MLE,12.511390936869883
наивная MLE,12.806573628246523
наивная MLE,12.525874646164365
наивная MLE,13.780129348640774
наивная MLE,20.34911231008815
наивная MLE,12.310487456324513
наивная MLE,9.54003587170645
наивная MLE,20.18332068872912
наивная MLE,42.07122169212793
наивная MLE,31.336393066988542
наивная MLE,0.6004472329663009
наивная MLE,15.437084963939338
наивная MLE,11.150677264143443
наивная MLE,23.723633697562978
наивная MLE,10.097358387699048
наивная MLE,11.043889544948769
наивная MLE,7.320354941956408
наивная MLE,17.041603177434588
наивная MLE,4.8600275589124315
наивная MLE,11.172864006965192
наивная MLE,17.40667977747087
наивная MLE,11.467494409323226
наивная MLE,4.873378633178666
наивная MLE,6.774703052525043
наивная MLE,5.942055824738764
наивная MLE,6.976256220531145
наивная MLE,16.92460624876185
наивная MLE,8.173800428012735
наивная MLE,10.374273522593468
наивная MLE,9.609752086380832
наивная MLE,8.384621233341033
наивная MLE,22.541362243148928
наивная MLE,28.873164005916195
наивная MLE,7.688848425504009
наивная MLE,13.66611691737099
наивная MLE,2.8763759816626533
наивная MLE,16.754514894672617
наивная MLE,12.173995918318933
наивная MLE,35.15113836070054
наивная MLE,10.394265835028195
наивная MLE,26.393725122054533
наивная MLE,2.023476455174737
наивная MLE,4.976440547609288
наивная MLE,3.417289897461616
наивная MLE,17.203287975989326
наивная MLE,24.331188813335757
наивная MLE,8.589296684269115
наивная MLE,12.232684168462452
наивная MLE,7.758456727681243
наивная MLE,8.34724554433416
наивная MLE,9.316208640330139
наивная MLE,18.592190077811658
наивная MLE,27.572227575140662
наивная MLE,14.848204707094565
наивная MLE,12.444965955361901
наивная MLE,23.87646873491718
наивная MLE,8.40378480718042
наивная MLE,45.073248872629165
наивная MLE,13.021439700502203
наивная MLE,6.650963231127839
наивная MLE,14.786678533539956
наивная MLE,14.357131766727441
наивная MLE,8.2742414087952
наивная MLE,17.94891157270882
наивная MLE,15.85957214015247
наивная MLE,4.956039110704061
наивная MLE,26.73589926723608
наивная MLE,8.76038904839047
наивная MLE,15.242900678135083
наивная MLE,13.491882522918752
наивная MLE,10.595229373743663
наивная MLE,2.666689488335643
наивная MLE,21.608956607587267
наивная MLE,11.907997360666089
наивная MLE,1.1106024588190577
наивная MLE,4.397170959057152
наивная MLE,6.539659398090435
наивная MLE,9.758810470737632
наивная MLE,23.00347252701634
наивная MLE,23.397859345711197
наивная MLE,15.673441022798412
наивная MLE,22.165635182578818
наивная MLE,8.150111315458206
наивная MLE,20.218322875299485
наивная MLE,33.627138178071334
наивная MLE,3.654433314635803
наивная MLE,12.727678376188004
наивная MLE,25.37413861780361
наивная MLE,26.683609855917467
наивная MLE,7.995422681256851
наивная MLE,18.32476698492388
наивная MLE,12.344353708783522
наивная MLE,4.740257701061856
наивная MLE,38.06210611300919
наивная MLE,13.901460181121339
наивная MLE,10.742003261692822
наивная MLE,13.306380632235255
наивная MLE,2.2757429262644173
наивная MLE,20.55185060061596
наивная MLE,9.212791430107075
наивная MLE,14.794462723601745
наивная MLE,7.058789952101547
наивная MLE,3.4371560500347793
наивная MLE,24.19969560343482
наивная MLE,5.2847831352276575
наивная MLE,15.493492179904312
наивная MLE,7.4993346142100386
наивная MLE,30.899928654720583
наивная MLE,6.292800570134606
наивная MLE,12.165819776849517
наивная MLE,16.81562244732993
наивная MLE,1.1121773701757862
наивная MLE,23.821709328244616
наивная MLE,1.8041345574301386
наивная MLE,9.69617283325454
наивная MLE,19.52443331907379
наивная MLE,8.286259247980432
наивная MLE,15.118227077991543
наивная MLE,17.392212464686324
наивная MLE,10.222296743141033
наивная MLE,9.806222691843129
наивная MLE,14.827492767277942
наивная MLE,16.51830731828438
наивная MLE,17.289152272067167
наивная MLE,12.254342838096239
наивная MLE,11.156630361114217
наивная MLE,10.266967305094838
наивная MLE,5.227457628169819
наивная MLE,25.04581200571581
наивная MLE,14.362402303772715
наивная MLE,15.801343070147098
наивная MLE,6.640633198272997
наивная MLE,23.683765001585897
наивная MLE,7.1672585129297985
наивная MLE,15.669459179430127
наивная MLE,4.2856753869795075
наивная MLE,12.370965482579201
наивная MLE,14.100725553794682
наивная MLE,5.554907601726183
наивная MLE,12.789116064771616
наивная MLE,21.779422132274348
наивная MLE,7.815873210514951
наивная MLE,19.984302857685755
наивная MLE,6.904456113427965
наивная MLE,6.7766043715059645
наивная MLE,7.679758285601821
наивная MLE,9.79337234243034
наивная MLE,3.604081031284104
наивная MLE,19.902827552085125
наивная MLE,14.464276534505913
наивная MLE,7.100797993639297
наивная MLE,4.32658612412497
наивная MLE,13.487415177292666
наивная MLE,4.2791953549426225
наивная MLE,12.301482196118716
наивная MLE,25.176325843822568
наивная MLE,4.702607007985086
наивная MLE,35.91288555360178
наивная MLE,21.0311290084908
наивная MLE,15.320957755068283
наивная MLE,20.224984955203837
наивная MLE,38.74509021181576
наивная MLE,25.679248352563505
наивная MLE,11.494271938938859
наивная MLE,56.31583307383746
наивная MLE,3.3584272584258743
наивная MLE,3.8771159764395278
наивная MLE,13.950975756826548
наивная MLE,19.641716863171176
наивная MLE,22.004079728247696
наивная MLE,6.040075655694769
наивная MLE,20.971755308770987
наивная MLE,23.163690442322626
наивная MLE,7.6268678262360154
наивная MLE,10.006255993207763
наивная MLE,20.122703276313192
наивная MLE,15.31120233032542
наивная MLE,3.128216457913912
наивная MLE,10.802248043314417
наивная MLE,20.147461197357877
наивная MLE,10.83061820044981
наивная MLE,25.100494639495782
наивная MLE,29.046673669948905
наивная MLE,17.397471516371375
наивная MLE,13.533038939354416
наивная MLE,12.713397812436128
наивная MLE,8.283373627982378
наивная MLE,31.698124659284638
наивная MLE,10.303676018414514
наивная MLE,10.313270045478184
наивная MLE,4.712102713761871
наивная MLE,12.595737199060771
наивная MLE,24.02868716308275
наивная MLE,10.20610325863239
наивная MLE,4.397975447927978
наивная MLE,5.462911112327518
наивная MLE,5.729380235828309
наивная MLE,30.34651846423574
наивная MLE,22.4979066091846
наивная MLE,12.996349451146184
наивная MLE,19.02457776948696
наивная MLE,7.070361547433678
наивная MLE,15.301646309783653
наивная MLE,8.195205636275233
наивная MLE,17.29062747586754
наивная MLE,13.386882352727943
наивная MLE,4.583954579118609
наивная MLE,6.083569041719662
наивная MLE,8.507993441305869
наивная MLE,26.360377307395225
наивная MLE,37.30918073931143
наивная MLE,13.241028748815433
наивная MLE,24.44093173449071
наивная MLE,15.144683209895364
наивная MLE,20.81989674353563
наивная MLE,14.664202475441913
наивная MLE,24.9592939228164
наивная MLE,9.165965394456785
наивная MLE,3.647917636930931
наивная MLE,3.2672436938905367
наивная MLE,3.1789529708322473
наивная MLE,19.360952445944452
наивная MLE,16.13143560988177
наивная MLE,14.395331912232662
наивная MLE,8.530180434862121
наивная MLE,20.043335180047286
наивная MLE,13.980650772380294
наивная MLE,29.925377349484613
наивная MLE,3.4633640722727383
наивная MLE,7.201242141694167
наивная MLE,12.639552110443397
наивная MLE,7.256422621018995
наивная MLE,14.158767006146668
наивная MLE,9.325027656241929
наивная MLE,9.610322300933396
наивная MLE,5.5688590614308895
наивная MLE,8.807681502643055
наивная MLE,15.774487284725122
наивная MLE,9.048489849987813
наивная MLE,36.75805615592711
наивная MLE,12.452196316084379
наивная MLE,6.263592721369502
наивная MLE,4.940510539499207
наивная MLE,4.59109009793282
наивная MLE,6.176715482321557
наивная MLE,7.7759554658197985
наивная MLE,11.857989491975552
наивная MLE,41.13061377454742
наивная MLE,4.640057319491979
наивная MLE,1.8813907535834822
наивная MLE,30.421227892929416
наивная MLE,23.674311501765253
наивная MLE,7.8759792124096935
наивная MLE,26.192707344352144
наивная MLE,4.6693755266257
наивная MLE,13.277951622018868
наивная MLE,10.832818736958073
наивная MLE,8.077468692549076
наивная MLE,25.50917353874693
наивная MLE,10.030001583072705
наивная MLE,24.41335709121101
наивная MLE,0.22869202176398085
наивная MLE,13.230416576776934
наивная MLE,15.081479914023081
наивная MLE,12.693267247326027
наивная MLE,14.173445299721111
наивная MLE,10.48932113588624
наивная MLE,11.626598488646257
наивная MLE,10.887980133933969
наивная MLE,19.460831097953903
наивная MLE,18.738428486093614
наивная MLE,6.31365340283681
наивная MLE,6.798935435614595
наивная MLE,5.105688520820767
наивная MLE,23.804547589343386
наивная MLE,12.388199586623541
наивная MLE,19.21601796961825
наивная MLE,16.54321337363782
наивная MLE,18.69792938745445
наивная MLE,7.904337567076848
наивная MLE,19.941416184376916
наивная MLE,26.017964216857486
наивная MLE,16.33541872463443
наивная MLE,27.601518947607744
наивная MLE,10.692564955542776
наивная MLE,8.72407649509735
наивная MLE,30.360638401122785
наивная MLE,19.071256916617184
наивная MLE,14.536108850922147
наивная MLE,15.05780253235983
наивная MLE,24.1081884549247
наивная MLE,8.92125206441493
наивная MLE,6.645369906080242
наивная MLE,11.954856656526445
наивная MLE,18.433549217359406
наивная MLE,5.9199247759188935
наивная MLE,8.621574112057917
наивная MLE,9.239223143998888
наивная MLE,20.750296903425706
наивная MLE,28.042053808481512
наивная MLE,19.367288820790485
наивная MLE,12.105727033797699
наивная MLE,32.288355981467504
наивная MLE,10.80321969177407
наивная MLE,31.7344136580497
наивная MLE,10.394811154873464
наивная MLE,41.88341418469194
наивная MLE,32.86382800517123
наивная MLE,8.273916092399233
наивная MLE,7.219126917782075
наивная MLE,27.368632953714165
наивная MLE,4.382797261885048
наивная MLE,10.595086870636583
наивная MLE,1.8075144327128982
наивная MLE,23.619837056843675
наивная MLE,15.906004215879992
наивная MLE,26.73930948702385
наивная MLE,11.949313522016663
наивная MLE,12.382766037862414
наивная MLE,16.811352624583005
наивная MLE,11.163693182763595
наивная MLE,23.576624089860143
наивная MLE,12.084246376974543
наивная MLE,16.184215732028896
наивная MLE,24.18913639679258
наивная MLE,10.166964186386393
наивная MLE,19.40103256243041
наивная MLE,4.667327215982977
наивная MLE,8.70592481254814
наивная MLE,5.8801388120409275
наивная MLE,23.04963236639981
наивная MLE,2.0223277795628984
наивная MLE,6.561724539210424
наивная MLE,7.657271252083123
наивная MLE,14.58115014251922
наивная MLE,6.312195112392886
наивная MLE,4.660966535088875
наивная MLE,34.25582994387492
наивная MLE,31.596923758066293
наивная MLE,18.24358752579628
наивная MLE,12.216308607541409
наивная MLE,15.771672019550458
наивная MLE,31.04022578365141
наивная MLE,4.141150026891404
наивная MLE,5.404646634232317
наивная MLE,25.172151460371275
наивная MLE,17.232880093582526
наивная MLE,11.272449482998699
наивная MLE,8.401629827546579
наивная MLE,5.101804044701248
наивная MLE,13.162690568412778
наивная MLE,6.913965525352234
наивная MLE,15.583000650472155
наивная MLE,7.582359059161206
наивная MLE,18.419262317020273
наивная MLE,7.143522379112509
наивная MLE,26.60078457629365
наивная MLE,7.113317289625559
наивная MLE,22.004951521850614
наивная MLE,7.269297695390733
наивная MLE,17.427967997679577
наивная MLE,8.82184381163847
наивная MLE,16.393342732051504
наивная MLE,15.504290879726103
наивная MLE,16.3385108895049
наивная MLE,10.076221645266799
наивная MLE,11.636308318403373
наивная MLE,34.32385346508327
наивная MLE,3.1632455716581127
наивная MLE,17.46214942374854
наивная MLE,32.53541618450845
наивная MLE,19.819396466800704
наивная MLE,14.011205123660613
наивная MLE,16.598535018882984
наивная MLE,26.078967589845938
наивная MLE,19.464085116494523
наивная MLE,15.412627786980568
наивная MLE,8.689904422841344
наивная MLE,7.557110565759107
наивная MLE,11.3949937219846
наивная MLE,9.156387496429858
наивная MLE,16.834862421683592
наивная MLE,23.97067570528712
наивная MLE,6.127123403433829
наивная MLE,6.694880858881766
наивная MLE,17.987575912751723
наивная MLE,10.785234056412929
наивная MLE,15.545683520383673
наивная MLE,8.463451813474187
наивная MLE,10.757005565295357
наивная MLE,2.9326006026356417
наивная MLE,7.533813082721582
наивная MLE,13.571657476739833
наивная MLE,11.434967869152358
наивная MLE,1.8779329030552605
наивная MLE,3.957746021868619
наивная MLE,3.373030290319788
наивная MLE,2.489643976846733
наивная MLE,19.97667155880996
наивная MLE,10.63326771874527
наивная MLE,7.77994523794718
наивная MLE,10.085943128999794
наивная MLE,9.480853263670657
наивная MLE,11.478536051442147
наивная MLE,17.709956585605283
наивная MLE,12.390252519207928
наивная MLE,29.169850903806093
наивная MLE,15.836662664762931
наивная MLE,22.0134484871911
наивная MLE,6.858880238211366
наивная MLE,14.258659263789
наивная MLE,16.109868719580177
наивная MLE,21.983599208044904
наивная MLE,25.40675483124094
наивная MLE,17.33967311501413
наивная MLE,8.779633483170079
наивная MLE,7.226802044141792
наивная MLE,11.446566509584027
наивная MLE,24.095041163507243
наивная MLE,15.521296630519402
наивная MLE,1.3216645792319448
наивная MLE,14.953958455037277
наивная MLE,24.05121716261591
наивная MLE,13.683056448153945
наивная MLE,13.025417334215684
наивная MLE,6.906024982660071
наивная MLE,4.710400124483979
наивная MLE,10.218908949292924
наивная MLE,32.90395126564513
наивная MLE,14.849484705270733
наивная MLE,29.192758329553307
наивная MLE,4.450143853179002
наивная MLE,12.32158533909119
наивная MLE,9.441779473417444
наивная MLE,13.702161314658593
наивная MLE,12.352173560581388
наивная MLE,46.521774998259595
наивная MLE,15.799582649081067
наивная MLE,9.700176799054265
наивная MLE,10.533517591965694
наивная MLE,10.843369701442407
наивная MLE,3.095585935549214
наивная MLE,19.5062714406093
наивная MLE,19.3291966716099
наивная MLE,15.42117593282906
наивная MLE,6.284495989530827
наивная MLE,16.21522819794666
наивная MLE,6.221618270951407
наивная MLE,9.032900736805175
наивная MLE,4.46920854697248
наивная MLE,15.411313773935484
наивная MLE,14.960365404319553
наивная MLE,22.284678661900926
наивная MLE,18.704242697714925
наивная MLE,7.956216450578875
наивная MLE,5.776035996286723
наивная MLE,14.461289331230407
наивная MLE,12.956717705328668
наивная MLE,66.43198131017172
наивная MLE,13.103536644674449
наивная MLE,30.911852653154234
наивная MLE,8.862972106205966
наивная MLE,21.34945532886578
наивная MLE,5.707036002383818
наивная MLE,18.054612434405506
наивная MLE,4.831670209848408
наивная MLE,18.573913722582542
наивная MLE,11.885956848104948
наивная MLE,6.022259892881928
наивная MLE,5.446886735678653
наивная MLE,17.351046244174196
наивная MLE,5.141763768128719
наивная MLE,31.392438754364267
наивная MLE,6.954738141718934
наивная MLE,19.641123980360867
наивная MLE,8.308335372795353
наивная MLE,15.670995176321965
наивная MLE,11.922148950083926
наивная MLE,25.473945454507785
наивная MLE,7.485108624683343
наивная MLE,11.885397182157972
наивная MLE,12.122783134105678
наивная MLE,8.356316014373178
наивная MLE,8.658918857303322
наивная MLE,5.782932474616409
наивная MLE,18.060748839383855
наивная MLE,7.651294028881139
наивная MLE,18.809130949920778
наивная MLE,10.484422667007287
наивная MLE,8.781246671089594
наивная MLE,23.325046893746762
наивная MLE,20.03230630966803
наивная MLE,18.346930076006046
наивная MLE,6.3424886715386375
наивная MLE,46.224507369230224
наивная MLE,20.63436473786495
наивная MLE,3.4898830134894516
наивная MLE,5.555110310949683
наивная MLE,9.288851229010623
наивная MLE,8.005952388536226
наивная MLE,17.88665858966013
наивная MLE,11.872256636532326
наивная MLE,20.069982824566974
наивная MLE,10.10617534326156
наивная MLE,6.97497304563484
наивная MLE,35.99227072729902
наивная MLE,6.298445820252025
наивная MLE,4.195485076772046
наивная MLE,12.363569903783823
наивная MLE,8.409082981147106
наивная MLE,22.313278293504766
наивная MLE,8.136916471962355
наивная MLE,17.18422437970696
наивная MLE,18.6462014947388
наивная MLE,4.486396717439456
наивная MLE,12.506956918957894
наивная MLE,13.262944722841125
наивная MLE,11.628962503483198
наивная MLE,8.853341184608476
наивная MLE,19.82691516801418
наивная MLE,5.33560990902043
наивная MLE,24.5734187790326
наивная MLE,21.13970325378514
наивная MLE,4.40600993874906
наивная MLE,11.273838652610145
наивная MLE,12.420349073290206
наивная MLE,10.23389836384845
наивная MLE,3.855427614766958
наивная MLE,4.323063714152395
наивная MLE,5.811274210794375
наивная MLE,15.29870614515024
наивная MLE,4.33248766033181
наивная MLE,13.47785173000699
наивная MLE,7.007999358075399
наивная MLE,11.055643202996361
наивная MLE,15.758894269617675
наивная MLE,15.316755848789178
наивная MLE,13.532895818192769
наивная MLE,3.0562211403716253
наивная MLE,14.953637753773188
наивная MLE,36.184416618383295
наивная MLE,12.868613567264521
наивная MLE,24.119227989939333
наивная MLE,13.118595377085605
наивная MLE,8.74078830236002
наивная MLE,8.053860186593628
наивная MLE,10.445551418241104
наивная MLE,31.89257280784922
наивная MLE,4.896418945412415
наивная MLE,8.061165091934893
наивная MLE,3.614550901504134
наивная MLE,10.331869908011345
наивная MLE,13.034826594536657
наивная MLE,18.836007833766338
наивная MLE,14.445645381828452
наивная MLE,19.92037359368298
наивная MLE,11.862714672495557
наивная MLE,7.940803759931622
наивная MLE,5.034294877342566
наивная MLE,9.475472286291916
наивная MLE,21.15481204396297
наивная MLE,11.430118218608502
наивная MLE,11.717814911981328
наивная MLE,8.158355720658935
наивная MLE,6.963800967984672
наивная MLE,12.321287061155227
наивная MLE,20.55398750338593
наивная MLE,5.679244362281038
наивная MLE,7.45370484775955
наивная MLE,13.128121313443135
наивная MLE,9.902066196163284
наивная MLE,4.6101842575370195
наивная MLE,9.78045414248386
наивная MLE,12.42363614142453
наивная MLE,13.289720005053868
наивная MLE,6.869379658068049
наивная MLE,4.048147790665325
наивная MLE,15.583843796003658
наивная MLE,12.150174591587296
наивная MLE,7.662272731895671
наивная MLE,23.204176310796466
наивная MLE,7.267324418552473
наивная MLE,16.326183354683845
наивная MLE,22.878280553541142
наивная MLE,12.915606201026904
наивная MLE,16.363946420754218
наивная MLE,9.544403511081931
наивная MLE,23.935488954490985
наивная MLE,15.118938599882547
наивная MLE,5.3205502365416635
наивная MLE,21.266100139872794
наивная MLE,16.989167832942858
наивная MLE,10.233711737744454
наивная MLE,6.69587303256805
наивная MLE,13.978628391439965
наивная MLE,17.512606603433778
наивная MLE,7.899138351189247
наивная MLE,13.78800253362657
наивная MLE,16.02269660737157
наивная MLE,16.820983646902807
наивная MLE,12.972989345348804
наивная MLE,33.049062379526035
наивная MLE,2.1407255026392638
наивная MLE,10.824566276658604
наивная MLE,9.760790893512636
наивная MLE,7.779976353592406
наивная MLE,18.02598266773261
наивная MLE,5.369084180156681
наивная MLE,8.024345601506502
наивная MLE,5.103043737869903
наивная MLE,29.09479246442602
наивная MLE,11.60298516787889
наивная MLE,13.227459515070736
наивная MLE,38.470389604489206
наивная MLE,18.49233676748222
наивная MLE,6.250220741679538
наивная MLE,6.613989567389747
наивная MLE,17.45192450008834
наивная MLE,19.958137526024952
наивная MLE,13.207072010601337
наивная MLE,5.026343676655483
наивная MLE,24.472714476895938
наивная MLE,48.73036257301069
наивная MLE,19.71481043565622
наивная MLE,13.33935682800064
наивная MLE,6.636176072360497
наивная MLE,7.377543977986442
наивная MLE,2.2659453626630337
наивная MLE,6.875993639190334
наивная MLE,18.037660362815046
наивная MLE,27.946930034210368
наивная MLE,19.90708518085176
наивная MLE,12.565052889686278
наивная MLE,3.526007392920624
наивная MLE,10.11824644349672
наивная MLE,11.00565171675076
наивная MLE,10.762431979208909
наивная MLE,4.298984168466706
наивная MLE,11.198739620096926
наивная MLE,8.24522065645867
наивная MLE,10.881106458259922
наивная MLE,5.6462842153870465
наивная MLE,21.20040797011002
наивная MLE,7.261672239083646
наивная MLE,9.559210121809233
наивная MLE,10.785595670244348
наивная MLE,3.215840855288
наивная MLE,8.941384834872677
наивная MLE,16.76230811360235
наивная MLE,5.8356833844416105
наивная MLE,30.73490510558188
наивная MLE,32.39177855728357
наивная MLE,7.786309248748153
наивная MLE,9.280824556561884
наивная MLE,9.832752545039934
наивная MLE,12.460398938426813
наивная MLE,18.612949319160933
наивная MLE,16.098056474801837
наивная MLE,6.479879978126407
наивная MLE,11.691865484711466
наивная MLE,10.867267179159793
наивная MLE,7.962175335182103
наивная MLE,25.974143775999405
наивная MLE,21.004304882465366
наивная MLE,32.5953748486439
наивная MLE,4.473160791870205
наивная MLE,10.615900767453939
наивная MLE,28.16062946278423
наивная MLE,5.469225739992114
наивная MLE,5.030861646372005
наивная MLE,12.130471665963674
наивная MLE,26.114967402712026
наивная MLE,10.966829522820156
наивная MLE,6.04180371165567
наивная MLE,37.89349990233795
наивная MLE,4.186477783671101
наивная MLE,5.351961673113497
наивная MLE,8.092431726186385
наивная MLE,30.314100750221566
наивная MLE,2.55920005992829
наивная MLE,24.816379915006358
наивная MLE,7.872202027143795
наивная MLE,14.293971614982393
наивная MLE,13.642039342120935
наивная MLE,10.410042774011238
наивная MLE,4.196814795278097
наивная MLE,53.649325806419995
наивная MLE,17.992399501092656
наивная MLE,5.897342126628365
наивная MLE,17.72255898643904
наивная MLE,15.983371634953963
наивная MLE,9.019262597247865
наивная MLE,11.730591452107383
наивная MLE,21.682833160143694
наивная MLE,22.831254072551914
наивная MLE,26.563112374437306
наивная MLE,14.211831056648865
наивная MLE,16.667200591388085
наивная MLE,9.436512796229513
наивная MLE,12.416379005280884
наивная MLE,5.300579841224072
наивная MLE,15.330768719229496
наивная MLE,6.063990720460564
наивная MLE,2.0746175074465865
наивная MLE,18.677568172315578
наивная MLE,12.628485932992627
наивная MLE,20.540119141327967
наивная MLE,51.34411495122609
наивная MLE,44.094907115381204
наивная MLE,20.047742543275383
наивная MLE,21.08319741987055
наивная MLE,3.1402212156420237
наивная MLE,31.721642075536497
наивная MLE,10.819509777628966
наивная MLE,16.465670647193214
наивная MLE,5.9091031800135845
наивная MLE,3.4111300740048605
наивная MLE,10.760864915887915
наивная MLE,31.266284192973313
наивная MLE,14.308842823837187
наивная MLE,19.920090729108793
наивная MLE,15.282298366495551
наивная MLE,6.336747196605807
наивная MLE,4.491023135359061
наивная MLE,20.560226309757155
наивная MLE,5.505571961588105
наивная MLE,13.376281931279264
наивная MLE,1.7764731251134114
наивная MLE,37.59040838990161
наивная MLE,6.738068205503323
наивная MLE,4.149327175775905
наивная MLE,8.607638085828354
наивная MLE,33.73877597669485
наивная MLE,32.035282504439465
наивная MLE,2.846424940051526
наивная MLE,4.730404217028272
наивная MLE,9.772359036346575
наивная MLE,5.691107703949741
наивная MLE,20.832799876289865
наивная MLE,3.0306888831309347
наивная MLE,14.451757796894857
наивная MLE,27.773461793056995
наивная MLE,3.7355964665988224
наивная MLE,25.34217211450716
наивная MLE,12.34339654027643
наивная MLE,9.765210624579202
наивная MLE,4.664897857492123
наивная MLE,3.166653352161204
наивная MLE,14.825628472509091
наивная MLE,16.504246392138896
наивная MLE,13.663314875603259
наивная MLE,22.316786642527525
наивная MLE,13.359119468354084
наивная MLE,22.066488371678695
наивная MLE,12.881434376864984
наивная MLE,13.86575166324301
наивная MLE,13.498200328329382
наивная MLE,14.453702835946675
наивная MLE,9.810377888669429
наивная MLE,32.90935449771854
наивная MLE,9.15563307775397
наивная MLE,4.8995483175593515
наивная MLE,20.986739286011662
наивная MLE,9.5173655337223
наивная MLE,3.4173224350116382
наивная MLE,7.527123370029571
наивная MLE,19.725226480227093
наивная MLE,38.689143391655264
наивная MLE,1.5385969386498808
наивная MLE,31.40010225140334
наивная MLE,52.803133114330414
наивная MLE,2.946300710879114
наивная MLE,26.748917106281713
наивная MLE,14.282906799674068
наивная MLE,11.052659789038703
наивная MLE,6.293826991612715
наивная MLE,3.434631404977365
наивная MLE,21.57968023088023
наивная MLE,1.4439969310683196
наивная MLE,29.717097276358366
наивная MLE,12.002036126845482
наивная MLE,25.749307495146752
наивная MLE,18.71927633338147
наивная MLE,38.18851910727227
наивная MLE,4.159027343551559
наивная MLE,9.72540438498791
наивная MLE,37.981745285526586
наивная MLE,20.345790335083255
наивная MLE,24.480051519073754
наивная MLE,21.254563262645075
наивная MLE,8.591858465768528
наивная MLE,27.516602130538622
наивная MLE,9.172564363731599
наивная MLE,13.065742559186123
наивная MLE,10.290956439752216
наивная MLE,9.737707931750258
наивная MLE,17.59773500699345
наивная MLE,14.64540421399588
наивная MLE,7.632051998103681
наивная MLE,10.805542174823032
наивная MLE,10.886864253864074
наивная MLE,12.541992838194076
наивная MLE,5.955674673454322
наивная MLE,26.342670978877514
наивная MLE,8.711492911329083
наивная MLE,5.886636258835088
наивная MLE,4.090354062660173
наивная MLE,21.71705990373389
наивная MLE,2.533419591557487
наивная MLE,9.349165260637902
наивная MLE,7.566044338166546
наивная MLE,6.582346578781461
наивная MLE,7.719328774336675
наивная MLE,4.482261175067637
наивная MLE,20.421606623031355
наивная MLE,13.682567685413861
наивная MLE,12.169539158617503
наивная MLE,5.911305417502641
наивная MLE,7.4549553764529115
наивная MLE,15.293496699081981
наивная MLE,10.869605379118733
наивная MLE,15.058152327951918
наивная MLE,24.45268993476783
наивная MLE,9.285364056562756
наивная MLE,14.770780965262754
наивная MLE,29.850428101254398
наивная MLE,3.013462647272485
наивная MLE,10.660714619392397
наивная MLE,20.675375847904157
наивная MLE,15.015302592569467
наивная MLE,5.315434934301027
наивная MLE,9.293010042224125
наивная MLE,6.928891549571434
наивная MLE,19.24170600405781
наивная MLE,13.430417807237882
наивная MLE,11.396174573787167
наивная MLE,9.26810525474831
наивная MLE,11.494447262383767
наивная MLE,9.103045851619944
наивная MLE,16.549043440790285
наивная MLE,4.57075052449247
наивная MLE,31.204554420927458
наивная MLE,12.183225824383749
наивная MLE,22.17052780905007
наивная MLE,17.31460691315497
наивная MLE,25.22421561938817
наивная MLE,6.823684510730359
наивная MLE,18.308440794542733
наивная MLE,17.147376539524238
наивная MLE,7.93265702253008
наивная MLE,10.882544401067834
наивная MLE,4.517228367562296
наивная MLE,7.570319499195728
наивная MLE,2.5223939653136584
наивная MLE,8.793262385139554
наивная MLE,10.99878071595375
наивная MLE,9.06064954812892
наивная MLE,14.927209495561389
наивная MLE,43.248394908731186
наивная MLE,5.918566261999848
наивная MLE,13.673461438299324
наивная MLE,23.02346609226458
наивная MLE,25.709304297426446
наивная MLE,17.69935210104253
наивная MLE,12.332316576987283
наивная MLE,6.03604572571253
наивная MLE,7.64604822376422
наивная MLE,7.766855556608508
наивная MLE,12.705531870159419
наивная MLE,16.17214550508753
наивная MLE,12.760521714556628
наивная MLE,11.953145022219758
наивная MLE,7.938371620972372
наивная MLE,20.83805032379834
наивная MLE,3.5366856709630614
наивная MLE,7.659145220275365
наивная MLE,6.839834786296074
наивная MLE,10.142747291996251
наивная MLE,19.414102895695628
наивная MLE,14.104676067115538
наивная MLE,9.312509475523237
наивная MLE,8.743256531094325
наивная MLE,13.088448204159588
наивная MLE,9.555795761495672
наивная MLE,7.405950734951915
наивная MLE,19.26147841573717
наивная MLE,30.845160779445973
наивная MLE,30.59718543464852
наивная MLE,18.70067562754478
наивная MLE,8.218445349803165
наивная MLE,8.232939164192299
наивная MLE,15.077766192837494
наивная MLE,9.028954963233751
наивная MLE,20.181428588788968
наивная MLE,4.130758466158897
наивная MLE,8.538834757873207
наивная MLE,19.89245416886584
наивная MLE,2.032683656808444
наивная MLE,11.081929014987955
наивная MLE,4.4561156021344175
наивная MLE,15.34609762918041
наивная MLE,11.238969211301578
наивная MLE,19.100480169932908
наивная MLE,22.066331099586357
наивная MLE,24.299848912574344
наивная MLE,10.660356879664986
наивная MLE,4.495738985387231
наивная MLE,14.450848153610389
наивная MLE,3.760637499748817
наивная MLE,13.206625713807508
наивная MLE,37.27850224304419
наивная MLE,35.371292232697584
наивная MLE,12.843992398404087
наивная MLE,3.2602138118742654
наивная MLE,15.510657472685734
наивная MLE,14.958228873014404
наивная MLE,7.271051548346334
наивная MLE,7.529630971591912
наивная MLE,16.564793318202184
наивная MLE,5.46924235251478
наивная MLE,8.518692247362003
наивная MLE,6.932769887634487
наивная MLE,3.902092940688843
наивная MLE,21.719996123413427
наивная MLE,33.90046955874559
наивная MLE,11.554571943142586
наивная MLE,15.580648468959467
наивная MLE,67.96317925786138
наивная MLE,15.839798132069237
наивная MLE,4.223569001764379
наивная MLE,15.995557134693676
наивная MLE,4.522552331099445
наивная MLE,39.549957463267965
наивная MLE,7.0468139970360895
наивная MLE,8.476417502590945
наивная MLE,14.89475163498445
наивная MLE,18.90763990582364
наивная MLE,20.06311555121851
наивная MLE,8.061442454085087
наивная MLE,2.596571695052507
наивная MLE,10.597698633800356
наивная MLE,32.73149496147603
наивная MLE,19.56377887510362
наивная MLE,4.618767409614948
наивная MLE,14.08539406534315
наивная MLE,5.4837434740719395
наивная MLE,27.70044750683193
наивная MLE,8.747742568223778
наивная MLE,23.867057990615898
наивная MLE,35.524766291211805
наивная MLE,14.634422314011719
наивная MLE,6.266494162375877
наивная MLE,29.246737454937033
наивная MLE,18.217239020191926
наивная MLE,12.983320006971903
наивная MLE,21.479838457507025
наивная MLE,9.15545810105595
наивная MLE,6.464402973622894
наивная MLE,3.3010564141461893
наивная MLE,13.56271538004274
наивная MLE,18.741317520836112
наивная MLE,2.0656123573945635
наивная MLE,11.290143252739838
наивная MLE,10.961260027738101
наивная MLE,11.387156466631353
наивная MLE,6.5873236346415
наивная MLE,29.07913732703444
наивная MLE,11.462838814276566
наивная MLE,20.78400842300367
наивная MLE,6.635051427821578
наивная MLE,18.664431739953613
наивная MLE,16.066382538694167
наивная MLE,17.376651297480997
наивная MLE,27.625963062770417
наивная MLE,1.9920403609085482
наивная MLE,22.592565191728756
наивная MLE,2.714676677004762
наивная MLE,10.285125645546284
наивная MLE,20.82080207373624
наивная MLE,16.87066016840577
наивная MLE,13.297394719411361
наивная MLE,48.89344133445646
наивная MLE,46.461656237647745
наивная MLE,13.23266686919393
наивная MLE,6.919747821111048
наивная MLE,8.332202430576121
наивная MLE,10.807742807089326
наивная MLE,11.806820180645671
наивная MLE,19.459138929965597
наивная MLE,15.948665189882517
наивная MLE,14.586235481062836
наивная MLE,10.512305634119464
наивная MLE,5.621167508322326
наивная MLE,17.520246949595972
наивная MLE,8.473877004931465
наивная MLE,23.64930719862861
наивная MLE,10.393211348926966
наивная MLE,26.075447409330508
наивная MLE,22.381112320458634
наивная MLE,5.5872279932912825
наивная MLE,19.965148352187285
наивная MLE,9.441533507232254
наивная MLE,32.37340355638811
наивная MLE,7.155514598482346
наивная MLE,5.870363386233533
наивная MLE,6.035481125748914
наивная MLE,14.035685749879125
наивная MLE,23.68183668688693
наивная MLE,10.789276830788005
наивная MLE,6.252698493920603
наивная MLE,40.07497501405023
наивная MLE,4.476806609127527
наивная MLE,20.932872306450488
наивная MLE,7.957652050813982
наивная MLE,10.291666544966088
наивная MLE,27.26617325823554
наивная MLE,9.49174022791287
наивная MLE,2.7896492920827023
наивная MLE,12.95687463958716
наивная MLE,4.638000411950047
наивная MLE,5.274696615403475
наивная MLE,8.593438621166243
наивная MLE,18.663526389131924
наивная MLE,15.50041246015752
наивная MLE,21.506548057468713
наивная MLE,5.1798625869162525
наивная MLE,14.94025227992566
наивная MLE,3.2736388655917406
наивная MLE,9.943870790419481
наивная MLE,12.119594668473946
наивная MLE,2.0457317831241943
наивная MLE,18.71041239985158
наивная MLE,12.506923866458134
наивная MLE,13.999063594597654
наивная MLE,18.060762479651498
наивная MLE,24.629043186769415
наивная MLE,5.319741005959781
наивная MLE,13.390178703332051
наивная MLE,18.54884440954184
наивная MLE,50.39414588418885
наивная MLE,4.850865394630071
наивная MLE,13.881053232714654
наивная MLE,26.348929709278767
наивная MLE,9.110596212986234
наивная MLE,5.690092580986795
наивная MLE,21.96308847214902
наивная MLE,7.496095941014639
наивная MLE,9.358810133882823
наивная MLE,11.350950246426159
наивная MLE,23.4820395081822
наивная MLE,12.293959475523508
наивная MLE,4.07858576885716
наивная MLE,1.9933274621914778
наивная MLE,18.581228220429068
наивная MLE,7.015126998489596
наивная MLE,5.912271921981102
наивная MLE,4.651077496440763
наивная MLE,5.84813588906143
наивная MLE,27.40491164942085
наивная MLE,2.7861247392738706
наивная MLE,15.218641477797453
наивная MLE,12.06167049708454
наивная MLE,8.157862332173021
наивная MLE,22.539534499703265
наивная MLE,10.80600993273825
наивная MLE,16.079351889548004
наивная MLE,1.6926702830126885
наивная MLE,8.069880182444217
наивная MLE,28.27700173121418
наивная MLE,1.7083734766574636
наивная MLE,21.83679153276192
наивная MLE,21.59972266539427
наивная MLE,7.533470620361609
наивная MLE,12.120745601825963
наивная MLE,4.7473074995225595
наивная MLE,19.82358470361372
наивная MLE,2.9968662466445446
наивная MLE,19.049216264347567
наивная MLE,17.335109057933508
наивная MLE,20.814117830703147
наивная MLE,20.233434148620685
наивная MLE,23.906047864805217
наивная MLE,17.761662515286748
наивная MLE,12.846601796470006
наивная MLE,29.841539894739032
наивная MLE,9.50303104041329
наивная MLE,11.983513105844903
наивная MLE,12.171277352933954
наивная MLE,14.49197170092786
наивная MLE,1.1896373389782071
наивная MLE,5.304947661375183
наивная MLE,11.759586913446789
наивная MLE,17.895464282430403
наивная MLE,12.144894305465058
наивная MLE,9.335704279882691
наивная MLE,5.648968700231158
наивная MLE,29.102488669290512
наивная MLE,10.254600636745389
наивная MLE,18.706265847490428
наивная MLE,25.554593892749427
наивная MLE,3.541354563885445
наивная MLE,4.982275585062323
наивная MLE,7.235697886056269
наивная MLE,4.0504534179567635
наивная MLE,18.929966734416322
наивная MLE,17.487066313126967
наивная MLE,24.811731903538867
наивная MLE,0.7495324463814419
наивная MLE,9.84928208207007
наивная MLE,14.326131357934118
наивная MLE,21.107568498481804
наивная MLE,10.110379258699659
наивная MLE,16.762664209552753
наивная MLE,12.085215716719924
наивная MLE,12.469120078908604
наивная MLE,8.223798329205598
наивная MLE,12.861547734388633
наивная MLE,19.57420865305224
наивная MLE,2.9700571418098574
наивная MLE,21.340328922496745
наивная MLE,16.270587425280787
наивная MLE,9.852420246016818
наивная MLE,4.263801242371746
наивная MLE,17.7558759700557
наивная MLE,12.25495302415019
наивная MLE,3.343179092915373
наивная MLE,3.5722164025854166
наивная MLE,45.867653721973326
наивная MLE,15.744026703825936
наивная MLE,9.926331143466818
наивная MLE,1.6453457934483706
наивная MLE,7.199930562680485
наивная MLE,18.671489111511033
наивная MLE,10.610227660626983
наивная MLE,18.63041983826284
наивная MLE,15.055568783610974
наивная MLE,11.275250577617317
наивная MLE,29.554904774915443
наивная MLE,12.897990518255666
наивная MLE,4.440966370682822
наивная MLE,11.85918105328309
наивная MLE,25.45212876260401
наивная MLE,19.214426187447707
наивная MLE,4.57048998931456
наивная MLE,3.896240306483553
наивная MLE,22.687686076825518
наивная MLE,18.21270440722702
наивная MLE,11.089345140427387
наивная MLE,14.99296457294339
наивная MLE,14.803897237325618
наивная MLE,15.38797102991667
наивная MLE,7.212441315945297
наивная MLE,9.490256403051454
наивная MLE,11.224321393266806
наивная MLE,5.546601970622133
наивная MLE,19.972363863675263
наивная MLE,6.065632174739106
наивная MLE,6.556165823246574
наивная MLE,3.938008902917576
наивная MLE,7.472830268853324
наивная MLE,25.262295039035386
наивная MLE,8.98361490556324
наивная MLE,20.46112770724672
наивная MLE,9.740574789474978
наивная MLE,22.67493852114889
наивная MLE,19.162790127360093
наивная MLE,3.807851502714876
наивная MLE,4.706065316773813
наивная MLE,4.36946361755587
наивная MLE,4.764324421436929
наивная MLE,6.598560556299703
наивная MLE,2.787493405478771
наивная MLE,19.880849477173587
наивная MLE,7.061912622887027
наивная MLE,8.433093111954168
наивная MLE,13.906206970190263
наивная MLE,3.2200117071629215
наивная MLE,10.150841217925937
наивная MLE,17.426214237921386
наивная MLE,5.736089658132703
наивная MLE,14.05959732661439
наивная MLE,3.799237061834398
наивная MLE,3.3153395151618446
наивная MLE,18.46375933415517
наивная MLE,5.555694107397054
наивная MLE,20.778337627298328
наивная MLE,9.839331524211307
наивная MLE,17.63416499545341
наивная MLE,10.360522597194347
наивная MLE,11.249331869645156
наивная MLE,13.835575777793748
наивная MLE,24.877981310898413
наивная MLE,12.545325320882455
наивная MLE,12.995316966698233
наивная MLE,7.278452418257107
наивная MLE,8.089174961104028
наивная MLE,25.866893354945038
наивная MLE,15.602208359794076
наивная MLE,12.403438450306338
наивная MLE,22.645939518399395
наивная MLE,12.092540379719907
наивная MLE,7.42946406856197
наивная MLE,4.10894770670975
наивная MLE,31.09704183405872
наивная MLE,21.81845977849697
наивная MLE,10.735062759699737
наивная MLE,7.303689108945519
наивная MLE,9.422094695801352
наивная MLE,5.780433321653851
наивная MLE,10.686586312768686
наивная MLE,7.875423380781349
наивная MLE,11.211833752880448
наивная MLE,5.743514978437202
наивная MLE,34.44046213004526
наивная MLE,3.195019400136042
наивная MLE,16.645806250804313
наивная MLE,13.908909588293302
наивная MLE,12.108201198139884
наивная MLE,8.238761422695003
наивная MLE,11.547941024461487
наивная MLE,48.82851499424886
наивная MLE,10.981419232266852
наивная MLE,11.338467672692797
наивная MLE,5.30469074808875
наивная MLE,26.39313039201942
наивная MLE,19.612194567362785
наивная MLE,24.610589812819672
наивная MLE,7.106224375425905
наивная MLE,27.11933519908632
наивная MLE,22.591542015519334
наивная MLE,16.763979268758938
наивная MLE,15.15974759991262
наивная MLE,5.345646247943084
наивная MLE,9.176464083877336
наивная MLE,2.8477239134914454
наивная MLE,18.810348942151027
наивная MLE,8.940060793416876
наивная MLE,8.148660067152973
наивная MLE,19.375755969793808
наивная MLE,13.218329968220997
наивная MLE,18.10710004442339
наивная MLE,20.57798761808395
наивная MLE,8.927030248315036
наивная MLE,13.585146016954702
наивная MLE,35.63685714153304
наивная MLE,16.62192604626155
наивная MLE,8.022502465925582
наивная MLE,34.11788087386381
наивная MLE,11.411050671530347
наивная MLE,12.892546689372903
наивная MLE,4.7402918280958
наивная MLE,7.955147129387117
наивная MLE,10.599386454092084
наивная MLE,7.4666930107509835
наивная MLE,21.56650606610276
наивная MLE,15.927040249674691
наивная MLE,9.714196344289364
наивная MLE,7.9766129017969565
наивная MLE,11.464056724500914
наивная MLE,10.101794039215148
наивная MLE,28.523564131129653
наивная MLE,9.906753623501471
наивная MLE,6.539855038482791
наивная MLE,39.12492868680964
наивная MLE,3.144024013581845
наивная MLE,34.72485710583504
наивная MLE,23.28720904665723
наивная MLE,36.7228207838903
наивная MLE,15.403473042717508
наивная MLE,11.879070519172046
наивная MLE,24.772438037375423
наивная MLE,6.285588522806689
наивная MLE,7.909985024114759
наивная MLE,17.32592896908765
наивная MLE,9.27924255891347
наивная MLE,5.088453345250832
наивная MLE,4.259029547142476
наивная MLE,18.194201305565553
наивная MLE,36.710418515043614
наивная MLE,5.4514786351549445
наивная MLE,9.135557688477547
наивная MLE,7.9101033912031795
наивная MLE,10.95205818449732
наивная MLE,14.186573200647004
наивная MLE,50.49471337014771
наивная MLE,25.18515017515186
наивная MLE,20.02408721128579
наивная MLE,5.752441604733357
наивная MLE,26.163900551289384
наивная MLE,8.543925081834232
наивная MLE,13.711527745718447
наивная MLE,19.586990748949724
наивная MLE,7.681502027562635
наивная MLE,18.80925892533315
наивная MLE,41.83133412412884
наивная MLE,19.50584662351805
наивная MLE,10.089472370942723
наивная MLE,16.620812442754207
наивная MLE,10.700704264006859
наивная MLE,28.449116123827082
наивная MLE,11.78962363589125
наивная MLE,14.325840566079474
наивная MLE,14.754782592597785
наивная MLE,7.999874224931855
наивная MLE,13.327797378459532
наивная MLE,9.36833668284386
наивная MLE,6.45145973271625
наивная MLE,5.50630231370788
наивная MLE,8.627187007435808
наивная MLE,5.4740829998833975
наивная MLE,8.167301158026097
наивная MLE,9.643257765052345
наивная MLE,17.85048539719551
наивная MLE,14.73705748359285
наивная MLE,6.552426317557229
наивная MLE,2.8891041495835372
наивная MLE,42.19280930376432
наивная MLE,3.760495258350601
наивная MLE,13.538074886107074
наивная MLE,10.571181406517802
наивная MLE,12.705760482032078
наивная MLE,10.972262439586341
наивная MLE,4.2968972747772005
наивная MLE,12.298788149413717
наивная MLE,5.3618009039428145
наивная MLE,16.99381692326016
наивная MLE,8.408705791387675
наивная MLE,12.383535552696987
наивная MLE,13.675676866247755
наивная MLE,10.44132159927441
наивная MLE,11.001027249430262
наивная MLE,5.877880825246706
наивная MLE,10.761039204955967
наивная MLE,12.923852512611703
наивная MLE,3.7554153336491494
наивная MLE,17.721854905385612
наивная MLE,4.983224300113646
наивная MLE,3.2322021197746698
наивная MLE,21.851506112696516
наивная MLE,6.874650862134599
наивная MLE,8.278083487640075
наивная MLE,18.472413417269905
наивная MLE,8.706759211617685
наивная MLE,24.775472770285553
наивная MLE,2.797194629967774
наивная MLE,11.129180103570107
наивная MLE,23.367153597979637
наивная MLE,7.951077369010034
наивная MLE,2.3886706336892933
наивная MLE,13.538410087969346
наивная MLE,19.12280307468229
наивная MLE,11.452847404377117
наивная MLE,20.428513893817687
наивная MLE,27.86013699101748
наивная MLE,7.540844941215646
наивная MLE,18.618538255047035
наивная MLE,6.082503320115431
наивная MLE,7.182634470353553
наивная MLE,38.21797427674883
наивная MLE,6.334316041423655
наивная MLE,10.113212549207665
наивная MLE,5.990298237223673
наивная MLE,11.734373231847904
наивная MLE,10.113648480363285
наивная MLE,31.556125408882295
наивная MLE,10.057979468798578
наивная MLE,19.901134433091645
наивная MLE,26.55222795136163
наивная MLE,15.52942441060091
наивная MLE,12.927036215521543
наивная MLE,22.678681792668346
наивная MLE,1.6629666936730858
наивная MLE,9.55902303167416
наивная MLE,18.74594590310084
наивная MLE,8.807704580985655
наивная MLE,11.2411038338516
наивная MLE,19.07207826619643
наивная MLE,21.62570714423351
наивная MLE,7.1353187270131055
наивная MLE,13.703248717693514
наивная MLE,22.452823586528027
наивная MLE,26.418529576436356
наивная MLE,5.667750880855238
наивная MLE,6.065824909988136
наивная MLE,12.709159429269263
наивная MLE,15.380001945975357
наивная MLE,4.078707299351539
наивная MLE,11.303151719464545
наивная MLE,28.794345310826493
наивная MLE,9.17228166450752
наивная MLE,15.6095878844861
наивная MLE,5.018549857422076
наивная MLE,4.346197220218106
наивная MLE,22.02324898900166
наивная MLE,22.98544988670818
наивная MLE,9.516794444858174
наивная MLE,25.76871420708713
наивная MLE,5.146271555928972
наивная MLE,16.359425636918736
наивная MLE,27.33024338307034
наивная MLE,7.704720021728103
наивная MLE,16.178643606754207
наивная MLE,3.9573651590780914
наивная MLE,28.02501800451104
наивная MLE,11.713610362686449
наивная MLE,5.712268212971786
наивная MLE,16.175792686499157
наивная MLE,18.069464346863697
наивная MLE,10.621688905863229
наивная MLE,10.2234121631507
наивная MLE,16.245317495464207
наивная MLE,8.391395858201657
наивная MLE,6.630533252346609
наивная MLE,8.384212874018663
наивная MLE,14.043421947496778
наивная MLE,8.996339762198318
наивная MLE,17.76425642610271
наивная MLE,16.516923550838687
наивная MLE,4.788988829958287
наивная MLE,1.7734807526257144
наивная MLE,10.36168424327344
наивная MLE,9.15765882786843
наивная MLE,15.41274210102141
наивная MLE,9.043246134153918
наивная MLE,14.310195824121541
наивная MLE,3.9648937529371304
наивная MLE,31.70033541275938
наивная MLE,9.025047297516274
наивная MLE,17.488684763712747
наивная MLE,8.518157538394474
наивная MLE,11.840321119673309
наивная MLE,15.795455378172354
наивная MLE,9.398541974387296
наивная MLE,18.33192153684515
наивная MLE,10.888309440802045
наивная MLE,4.71560336825606
наивная MLE,3.467683524237227
наивная MLE,18.27952374491838
наивная MLE,26.812504128318736
наивная MLE,10.03889851467309
наивная MLE,6.321838411748676
наивная MLE,4.990494786493508
наивная MLE,30.326329096303084
наивная MLE,12.993746359320296
наивная MLE,7.693503808253638
наивная MLE,7.52814650369913
наивная MLE,14.574901207287187
наивная MLE,18.75283616484669
наивная MLE,8.560872175560439
наивная MLE,6.590280563346911
наивная MLE,6.841722072601593
наивная MLE,5.09623108903752
наивная MLE,10.233537603061354
наивная MLE,11.984838778453565
наивная MLE,21.68413658076723
наивная MLE,7.351981829094655
наивная MLE,8.617114828895131
наивная MLE,5.826824760087392
наивная MLE,22.074164708340245
наивная MLE,19.08261559573048
наивная MLE,12.654793425155528
наивная MLE,11.895893047634324
наивная MLE,7.050622291064697
наивная MLE,2.206463640878257
наивная MLE,32.932750964698755
наивная MLE,14.321556378241768
наивная MLE,23.744547646338212
наивная MLE,10.730682666531328
наивная MLE,17.89308317755846
наивная MLE,10.573623243825695
наивная MLE,10.773857302683341
наивная MLE,6.827942131040952
наивная MLE,12.368698611058218
наивная MLE,12.086354604063692
наивная MLE,15.368081392633563
наивная MLE,14.880739380109988
наивная MLE,6.873130740782479
наивная MLE,11.889451408488029
наивная MLE,7.634885155682779
наивная MLE,3.9027490107405987
наивная MLE,14.136079121500313
наивная MLE,8.261962953351297
наивная MLE,3.4107820125558104
наивная MLE,8.327726219473394
наивная MLE,5.441461768671049
наивная MLE,5.357379979398645
наивная MLE,1.7332086181859556
наивная MLE,2.134045586982973
наивная MLE,14.941768334051556
наивная MLE,20.019047459610885
наивная MLE,14.79857547872249
наивная MLE,9.635291256672204
наивная MLE,10.18837170696445
наивная MLE,13.960485235777082
наивная MLE,7.081726038202453
наивная MLE,9.871772192596957
наивная MLE,6.599863929581687
наивная MLE,20.188996949223608
наивная MLE,13.591590258709862
наивная MLE,10.757171560857573
наивная MLE,4.408574710108146
наивная MLE,7.651296573527988
наивная MLE,14.527730379201214
наивная MLE,19.95290616156211
наивная MLE,7.363693947160174
наивная MLE,9.441657748859559
наивная MLE,7.934876897465177
наивная MLE,6.991669652755369
наивная MLE,11.46850316387532
наивная MLE,4.035666556232112
наивная MLE,4.996502459589481
наивная MLE,30.12987301927614
наивная MLE,8.0467772307976
наивная MLE,12.84453027983853
наивная MLE,8.438588009889358
наивная MLE,3.8170238512981447
наивная MLE,10.037967601137971
наивная MLE,5.759780632400516
наивная MLE,19.328914707074603
наивная MLE,14.995266201899017
наивная MLE,4.814741850102739
наивная MLE,13.718160031406095
наивная MLE,7.940038753910402
наивная MLE,27.888413119122102
наивная MLE,14.809698990346687
наивная MLE,6.049421730753565
наивная MLE,10.36782968848009
наивная MLE,20.33288161961598
наивная MLE,29.60136900807899
наивная MLE,26.811446642154134
наивная MLE,20.313948140006957
наивная MLE,8.637190479966637
наивная MLE,22.99887251491553
наивная MLE,13.924053186940679
наивная MLE,20.163794028338614
наивная MLE,8.479770822769652
наивная MLE,13.005356531914401
наивная MLE,13.662141709715062
наивная MLE,10.53084866019209
наивная MLE,10.076884459955517
наивная MLE,22.617863806779948
наивная MLE,15.273122362250891
наивная MLE,16.763122245195635
наивная MLE,19.966884979294893
наивная MLE,15.536961449516378
наивная MLE,13.079836301070454
наивная MLE,4.410406953028795
наивная MLE,7.416323980820418
наивная MLE,23.96825866359809
наивная MLE,12.34624213791946
наивная MLE,4.590513825738174
наивная MLE,1.9657763001624526
наивная MLE,15.032600738765275
наивная MLE,6.76814536697848
наивная MLE,23.254824213194567
наивная MLE,13.312198861181503
наивная MLE,4.661186910878391
наивная MLE,7.713464090237373
наивная MLE,8.878225741076964
наивная MLE,12.940964512999184
наивная MLE,8.461823829199322
наивная MLE,6.493449563361024
наивная MLE,15.993795497947813
наивная MLE,16.52947478446491
наивная MLE,13.047856771752844
наивная MLE,10.908168452327729
наивная MLE,5.818904922812529
наивная MLE,9.066082711314777
наивная MLE,6.657501214995339
наивная MLE,35.49576681001947
наивная MLE,2.875922664869126
наивная MLE,20.20752003422795
наивная MLE,6.2877230947545995
наивная MLE,16.996226535137875
наивная MLE,4.4731465483420125
наивная MLE,7.481597771917662
наивная MLE,11.811199877868006
наивная MLE,12.277855562458265
наивная MLE,17.427652815690053
наивная MLE,11.96439310562568
наивная MLE,15.239552853799228
наивная MLE,5.571454919678114
наивная MLE,36.84767003234683
наивная MLE,18.432439372898454
наивная MLE,15.573457431657255
наивная MLE,7.572456005087652
наивная MLE,13.722777676451495
наивная MLE,14.737846406208511
наивная MLE,12.054287017065878
наивная MLE,8.53637505400715
наивная MLE,16.055745895302184
наивная MLE,19.671291112692217
наивная MLE,3.1342727022496453
наивная MLE,20.96917944753928
наивная MLE,3.478540813472299
наивная MLE,6.75457309866192
наивная MLE,20.094666767990667
наивная MLE,20.358913380017036
наивная MLE,2.6776464539550586
наивная MLE,19.34414352290824
наивная MLE,6.849128408206907
наивная MLE,19.436496067284565
наивная MLE,29.29190334031544
наивная MLE,9.850819126640992
наивная MLE,22.212518098244104
наивная MLE,7.484196567257101
наивная MLE,2.7950509230186946
наивная MLE,10.153944754893375
наивная MLE,8.511722106399239
наивная MLE,10.304545953596786
наивная MLE,19.96716565338842
наивная MLE,12.362494217456113
наивная MLE,7.83883686525834
наивная MLE,4.45444298876296
наивная MLE,4.11287581443097
наивная MLE,62.130248443444074
наивная MLE,13.801547753760108
наивная MLE,6.336347822235561
наивная MLE,21.95925153730597
наивная MLE,6.474334767986698
наивная MLE,7.594021836520541
наивная MLE,10.482972282381596
наивная MLE,12.959895736469438
наивная MLE,26.60387948110877
наивная MLE,1.7575223190585096
наивная MLE,35.244057691111124
наивная MLE,4.472016299300086
наивная MLE,25.177095527269557
наивная MLE,9.861488994900201
наивная MLE,26.486510590798108
наивная MLE,10.254762599780888
наивная MLE,10.303485276576405
наивная MLE,24.443098053673623
наивная MLE,10.394690904339758
наивная MLE,2.3428268036955444
наивная MLE,8.556171963219406
наивная MLE,22.186173495649555
наивная MLE,7.526597172972324
наивная MLE,15.88205806636799
наивная MLE,35.16551637809478
наивная MLE,7.050273149635869
наивная MLE,24.599353981938805
наивная MLE,3.096180450790259
наивная MLE,7.131185180031808
наивная MLE,14.417550393622836
наивная MLE,23.447411393873207
наивная MLE,34.52119718281604
наивная MLE,6.110440193855354
наивная MLE,41.38091124273966
наивная MLE,44.27198914983666
наивная MLE,13.189159746484085
наивная MLE,20.911996941246215
наивная MLE,14.71231196740657
наивная MLE,16.813489460631864
наивная MLE,18.520484322784608
наивная MLE,6.952077950743044
наивная MLE,10.354342309962306
наивная MLE,35.00132915292277
наивная MLE,11.480321546496992
наивная MLE,15.980078906147
наивная MLE,3.3113816671796483
наивная MLE,7.856023719836481
наивная MLE,12.37853540601731
наивная MLE,19.967537938716518
наивная MLE,10.540329395327658
наивная MLE,9.89803201891385
наивная MLE,28.009118183414373
наивная MLE,30.25207553189491
наивная MLE,5.842885409610361
наивная MLE,12.925152360831863
наивная MLE,14.072382155917564
наивная MLE,12.329984641894272
наивная MLE,10.527790083693032
наивная MLE,13.123879318739142
наивная MLE,21.27564714292858
наивная MLE,13.74794974842515
наивная MLE,20.391328154894595
наивная MLE,4.604780020228413
наивная MLE,12.855928064909989
наивная MLE,9.227173672211602
наивная MLE,14.656250355838786
наивная MLE,36.91799591094244
наивная MLE,6.564142231084283
наивная MLE,7.365945258337831
наивная MLE,21.860720325841854
наивная MLE,22.663167262952484
наивная MLE,6.142168780054363
наивная MLE,8.125225144616056
наивная MLE,25.52756905737418
наивная MLE,32.86332908971229
наивная MLE,9.316487918259991
наивная MLE,9.180288952716836
наивная MLE,5.631094033405772
наивная MLE,20.39128880359563
наивная MLE,6.37995592067519
наивная MLE,2.6638962468572194
наивная MLE,25.439650433843948
наивная MLE,5.644784732096406
наивная MLE,11.313379074192591
наивная MLE,10.157827610116568
наивная MLE,4.912030766534187
наивная MLE,10.652534748987554
наивная MLE,7.640386699515774
наивная MLE,16.70893957182725
наивная MLE,19.540842340903566
наивная MLE,29.555944308320175
наивная MLE,8.950670867128665
наивная MLE,6.954895355569075
наивная MLE,9.722692384372621
наивная MLE,8.37308712716127
наивная MLE,6.326002577897352
наивная MLE,9.444526999316615
наивная MLE,25.65303817386283
наивная MLE,27.85796931309131
наивная MLE,2.9485727979165413
наивная MLE,13.717463139177557
наивная MLE,5.555159047410858
наивная MLE,18.38403114114352
наивная MLE,24.48358182433816
наивная MLE,5.718976198361761
наивная MLE,5.56767280128021
наивная MLE,58.36097405397236
наивная MLE,9.221087405582484
наивная MLE,21.565112653321982
наивная MLE,0.7230966870984968
наивная MLE,32.24547351980753
наивная MLE,13.335763829793386
наивная MLE,14.143249693081476
наивная MLE,7.6671649858939634
наивная MLE,14.73860072106834
наивная MLE,10.023380234248478
наивная MLE,10.497557173705337
наивная MLE,11.624880209124
наивная MLE,7.7477407031223064
наивная MLE,7.880930397305268
наивная MLE,23.728670080925028
наивная MLE,11.222305127731936
наивная MLE,12.609812056636244
наивная MLE,29.95699165701371
наивная MLE,11.582302905390378
наивная MLE,16.036207454730956
наивная MLE,33.71911074309402
наивная MLE,8.322399305699495
наивная MLE,10.323258411306135
наивная MLE,5.793690785677573
наивная MLE,13.723904385177445
наивная MLE,10.213235499681142
наивная MLE,20.79518796007872
наивная MLE,31.76887152676682
наивная MLE,8.004276458624776
наивная MLE,13.225372583964695
наивная MLE,11.479003957639485
наивная MLE,13.332874597108884
наивная MLE,25.663557405199445
наивная MLE,14.258792621970546
наивная MLE,13.504811497000444
наивная MLE,14.208901509894664
наивная MLE,10.69894888707608
наивная MLE,13.604855489115877
наивная MLE,6.812643053921464
наивная MLE,14.395588529293434
наивная MLE,7.154732775393299
наивная MLE,15.8459728114614
наивная MLE,33.85470411431089
наивная MLE,22.52757978961046
наивная MLE,2.5861193070605015
наивная MLE,6.7344750127173665
наивная MLE,19.287574389675797
наивная MLE,6.562207258397753
наивная MLE,27.062374700306144
наивная MLE,7.058436408992622
наивная MLE,14.936101058123509
наивная MLE,37.47904198201559
наивная MLE,5.29904995386984
наивная MLE,18.11170426946745
наивная MLE,5.524746123877555
наивная MLE,23.79668895428374
наивная MLE,22.51225865669962
наивная MLE,14.5223606562819
наивная MLE,7.368084837013714
наивная MLE,7.312247370923089
наивная MLE,27.711312036716546
наивная MLE,11.547784143088684
наивная MLE,18.541058632013886
наивная MLE,4.27233640778393
наивная MLE,16.523887115901996
наивная MLE,24.297904053969802
наивная MLE,3.8248299063279454
наивная MLE,11.453959843985967
наивная MLE,28.368496845889734
наивная MLE,16.776110013519933
наивная MLE,6.963137455143483
наивная MLE,37.791373228255196
наивная MLE,40.751440105555076
наивная MLE,12.778619321702257
наивная MLE,10.942330707237938
наивная MLE,9.906475344503555
наивная MLE,1.6875027201891866
наивная MLE,8.87534272084369
наивная MLE,4.0071130106805395
наивная MLE,10.705139164517831
наивная MLE,39.435219005460766
наивная MLE,21.371187173102168
наивная MLE,17.25017371379257
наивная MLE,9.990375590559635
наивная MLE,10.900651092846418
наивная MLE,12.549857719821222
наивная MLE,14.197667963822886
наивная MLE,11.461548935153765
наивная MLE,9.023457356079977
наивная MLE,2.714559313273272
наивная MLE,4.395471287234531
наивная MLE,7.760886492065232
наивная MLE,13.759914431124539
наивная MLE,30.53556859764058
наивная MLE,4.467235456781782
наивная MLE,9.344411933524643
наивная MLE,2.972150578148902
наивная MLE,12.152214341191335
наивная MLE,9.755308152530546
наивная MLE,10.686799704560892
наивная MLE,8.26868769985297
наивная MLE,11.40327268444005
наивная MLE,17.870324567984984
наивная MLE,19.585308094353703
наивная MLE,3.6185372117507075
наивная MLE,25.219442186490717
наивная MLE,33.952136736339114
наивная MLE,14.90785231094155
наивная MLE,4.575208615798371
наивная MLE,3.1715810370528317
наивная MLE,13.220511619583569
наивная MLE,10.766734234854425
наивная MLE,5.415536623214042
наивная MLE,8.411210360355655
наивная MLE,10.619160814766495
наивная MLE,9.34386244233831
наивная MLE,1.992896626646762
наивная MLE,9.936212799866535
наивная MLE,17.746838560280747
наивная MLE,24.93429192262532
наивная MLE,33.01690681536158
наивная MLE,5.1566981081032495
наивная MLE,37.28641389377741
наивная MLE,12.250452454282186
наивная MLE,13.77876105594563
наивная MLE,47.01777793727045
наивная MLE,2.2565230779678584
наивная MLE,28.695290865870994
наивная MLE,28.117849409360048
наивная MLE,18.771546552958274
наивная MLE,23.91099496272969
наивная MLE,5.221206347140791
наивная MLE,8.813709528413627
наивная MLE,18.474122387469478
наивная MLE,27.690228885924675
наивная MLE,1.9389027261672909
наивная MLE,20.55090582302513
наивная MLE,20.729629829165674
наивная MLE,7.2123442937734
наивная MLE,9.21630815562853
наивная MLE,9.917194726909164
наивная MLE,4.64788313525582
наивная MLE,8.900586811489383
наивная MLE,24.200976466531255
наивная MLE,12.745259925594945
наивная MLE,28.946773596597264
наивная MLE,12.917899184567608
наивная MLE,8.61315313175828
наивная MLE,17.67919104787601
наивная MLE,34.82659013588698
наивная MLE,10.96700056808834
наивная MLE,4.38379563475879
наивная MLE,6.4525736022591325
наивная MLE,29.46231144019159
наивная MLE,4.96553048359625
наивная MLE,13.268337077596824
наивная MLE,3.0157704558258325
наивная MLE,6.469684290328761
наивная MLE,4.7950002912769785
наивная MLE,14.067642885942206
наивная MLE,17.250679384084982
наивная MLE,2.0767944077005778
наивная MLE,20.54334128860351
наивная MLE,37.79521051980277
наивная MLE,19.536115704116835
наивная MLE,5.103057111407201
наивная MLE,1.758917109918391
наивная MLE,9.317522702793266
наивная MLE,9.474137313097554
наивная MLE,7.34258793696487
наивная MLE,2.1984401108147407
наивная MLE,7.252398084256966
наивная MLE,28.247391882485935
наивная MLE,6.997445819112161
наивная MLE,13.616554174166335
наивная MLE,19.497111393149158
наивная MLE,8.462101895975753
наивная MLE,37.88163824974612
наивная MLE,8.946500522006074
наивная MLE,29.913612225887167
наивная MLE,1.4214601310734736
наивная MLE,10.716047251862317
наивная MLE,5.296084141866756
наивная MLE,9.488495605963298
наивная MLE,19.850717547500743
наивная MLE,19.1566152371623
наивная MLE,3.2805622101696033
наивная MLE,11.034622755627776
наивная MLE,8.127445302874534
наивная MLE,2.1118957882926677
наивная MLE,9.27444974456322
наивная MLE,32.48142370062372
наивная MLE,29.027248186088986
наивная MLE,12.856966464938878
наивная MLE,13.725564837514135
наивная MLE,7.034475589897789
наивная MLE,8.35694195640623
наивная MLE,11.096171133773646
наивная MLE,9.660636117630315
наивная MLE,6.950089400888269
наивная MLE,18.024660201855546
наивная MLE,3.3079060821901463
наивная MLE,7.407479527028669
наивная MLE,9.899745947353809
наивная MLE,5.360050717516291
наивная MLE,9.329725941052434
наивная MLE,49.91910332203885
наивная MLE,45.54585071589475
наивная MLE,33.53087253640947
наивная MLE,6.710519325920046
наивная MLE,4.329811281040806
наивная MLE,25.828096436802127
наивная MLE,28.23612753346653
наивная MLE,16.793855432422617
наивная MLE,6.675306711104067
наивная MLE,6.9616380252280265
наивная MLE,11.150863562964195
наивная MLE,9.155797564556986
наивная MLE,13.353499035830353
наивная MLE,5.120802498515132
наивная MLE,2.684455138869303
наивная MLE,30.299312828643995
наивная MLE,19.54679734620868
наивная MLE,10.752932248438544
наивная MLE,3.5480016882863805
наивная MLE,17.42678809939627
наивная MLE,6.160165871620318
наивная MLE,7.3892196427388
наивная MLE,8.288287307622833
наивная MLE,27.29598683789534
наивная MLE,14.572260300756824
наивная MLE,41.963331200147394
наивная MLE,21.832394412667924
наивная MLE,14.96465823167251
наивная MLE,12.515378527599786
наивная MLE,6.363290789406642
наивная MLE,7.779356291897304
наивная MLE,9.721185323291499
наивная MLE,22.873934785360742
наивная MLE,0.7003075985047461
наивная MLE,11.539204970443393
наивная MLE,8.81308540257259
наивная MLE,13.659328127088571
наивная MLE,9.024264127975261
наивная MLE,25.28109889507301
наивная MLE,7.046832557236712
наивная MLE,1.4386335340256802
наивная MLE,23.670522557165885
наивная MLE,6.214644766994687
наивная MLE,18.623918225422067
наивная MLE,8.21505949940755
наивная MLE,9.8113226715751
наивная MLE,8.895022080085978
наивная MLE,10.654147296714287
наивная MLE,11.05838665712017
наивная MLE,14.319071535064673
наивная MLE,10.196920880925909
наивная MLE,4.1093779429528166
наивная MLE,11.398213137433181
наивная MLE,13.512649533439657
наивная MLE,18.871548517863424
наивная MLE,22.51755759472862
наивная MLE,11.713553492969288
наивная MLE,2.4428944193977387
наивная MLE,10.068446977665355
наивная MLE,16.15328487757963
наивная MLE,7.691184208035816
наивная MLE,10.643086804792716
наивная MLE,38.21428556318218
наивная MLE,14.767679198988874
наивная MLE,7.578060070763934
наивная MLE,9.361910577316198
наивная MLE,28.539304833992887
наивная MLE,4.235472102852886
наивная MLE,8.60735451972949
наивная MLE,21.289556489951647
наивная MLE,4.14500687568376
наивная MLE,72.49677224331448
наивная MLE,19.15048853930862
наивная MLE,4.438823069451019
наивная MLE,20.456892476274334
наивная MLE,11.303044199453055
наивная MLE,15.232970253436479
наивная MLE,27.794858314254668
наивная MLE,9.576164359437785
наивная MLE,38.53158513708368
наивная MLE,12.391451901122986
наивная MLE,13.416159167368091
наивная MLE,11.033137913733782
наивная MLE,8.436363636548702
наивная MLE,15.59036558001131
наивная MLE,14.468094255078675
наивная MLE,13.806617101815537
наивная MLE,7.3119633518405385
наивная MLE,5.469946025300647
наивная MLE,9.477901197742128
наивная MLE,6.089041111510479
наивная MLE,4.630086290149597
наивная MLE,6.994096992397442
наивная MLE,15.123605806532783
наивная MLE,14.383501909359989
наивная MLE,22.476822348081292
наивная MLE,3.807359765633052
наивная MLE,9.353562178546776
наивная MLE,18.38728911051451
наивная MLE,8.01055588362395
наивная MLE,9.08339796857517
наивная MLE,7.875096254999278
наивная MLE,16.829373127362317
наивная MLE,5.448496504515994
наивная MLE,14.057888691136132
наивная MLE,6.094527500728494
наивная MLE,27.367651519457404
наивная MLE,14.050243600976795
наивная MLE,8.733841384417444
наивная MLE,29.979068590820525
наивная MLE,21.99287112219171
наивная MLE,4.315987470731994
наивная MLE,24.20427263625257
наивная MLE,9.177074922092674
наивная MLE,13.270399593118519
наивная MLE,6.460983445658767
наивная MLE,10.207160960035964
наивная MLE,15.368766086169206
наивная MLE,11.527779675714124
наивная MLE,9.494007269779882
наивная MLE,6.167067779388032
наивная MLE,7.275621992581957
наивная MLE,35.72905616440531
наивная MLE,1.7033286973483015
наивная MLE,11.616287881125446
наивная MLE,4.108219149403939
наивная MLE,4.615261994760931
наивная MLE,11.500239401693086
наивная MLE,36.93052765707654
наивная MLE,18.445605109512748
наивная MLE,32.89368802015051
наивная MLE,3.1854124511197437
наивная MLE,14.651884488375918
наивная MLE,34.73642639243842
наивная MLE,10.679088250803762
наивная MLE,4.72897280987144
наивная MLE,0.9701508918187961
наивная MLE,10.68193751290865
наивная MLE,18.295780064824314
наивная MLE,3.5674634207907467
наивная MLE,14.634207046273687
наивная MLE,5.931303152321072
наивная MLE,11.425379966719664
наивная MLE,12.765428295347244
наивная MLE,22.292671975978468
наивная MLE,5.607992751313792
наивная MLE,3.9369282842277307
наивная MLE,15.638858494330654
наивная MLE,3.8913567373278983
наивная MLE,32.681486203152474
наивная MLE,3.787335378938628
наивная MLE,10.478813098334925
наивная MLE,6.290022124733074
наивная MLE,10.976126432291426
наивная MLE,3.5996290770630157
наивная MLE,18.98733494306688
наивная MLE,10.451262067147319
наивная MLE,25.25242748104581
наивная MLE,5.863683255963757
наивная MLE,9.87453863068514
наивная MLE,2.6122877058131984
наивная MLE,31.571824773473335
наивная MLE,22.907397632325658
наивная MLE,7.350205870366064
наивная MLE,6.029256249749783
наивная MLE,18.768836954613768
наивная MLE,14.520120072911375
наивная MLE,15.424365267620171
наивная MLE,52.75694554591199
наивная MLE,8.321898360921379
наивная MLE,6.387021632531454
наивная MLE,6.746954815607548
наивная MLE,18.506688125954383
наивная MLE,10.61808204172579
наивная MLE,8.718792740472942
наивная MLE,5.692085863221081
наивная MLE,28.207424814781362
наивная MLE,25.795653157266692
наивная MLE,19.543582292631054
наивная MLE,0.8144570876503727
наивная MLE,8.2699216758253
наивная MLE,37.531609683317456
наивная MLE,12.740301695174646
наивная MLE,12.312107368283286
наивная MLE,10.665474071432856
наивная MLE,25.11808444853793
наивная MLE,2.9169981608156546
наивная MLE,17.977664318761974
наивная MLE,23.366734913255932
наивная MLE,13.752977617061749
наивная MLE,6.264049267795027
наивная MLE,5.76316405477042
наивная MLE,7.503849577541789
наивная MLE,1.7057238345657468
наивная MLE,3.6656322027142902
наивная MLE,38.15847765699155
наивная MLE,16.363016562268328
наивная MLE,4.180111979283903
наивная MLE,26.21252437859058
наивная MLE,9.089505758133058
наивная MLE,12.467000465877808
наивная MLE,44.41216271769606
наивная MLE,16.605336145417922
наивная MLE,2.608990875585082
наивная MLE,23.359966277045952
наивная MLE,19.841737808441792
наивная MLE,23.51763383743054
наивная MLE,17.452060756616433
наивная MLE,11.555498466957875
наивная MLE,6.229745768249833
наивная MLE,3.7251976033700953
наивная MLE,15.504715183935135
наивная MLE,5.439801025026349
наивная MLE,5.742283644848425
наивная MLE,34.262495926359286
наивная MLE,8.363212343081178
наивная MLE,16.105450897844104
наивная MLE,11.438359396368208
наивная MLE,5.285305522254699
наивная MLE,1.8430183653697003
наивная MLE,51.229527060761896
наивная MLE,24.664026985084973
наивная MLE,8.71890549047175
наивная MLE,13.535188550880333
наивная MLE,16.69241666507269
наивная MLE,7.0923306931308
наивная MLE,23.594923220837902
наивная MLE,3.3393251388471166
наивная MLE,6.324229837081462
наивная MLE,12.408200308750766
наивная MLE,29.997364198557534
наивная MLE,11.138558904371868
наивная MLE,14.450539237413706
наивная MLE,7.997579086802011
наивная MLE,21.038426833032254
наивная MLE,11.158896560503269
наивная MLE,9.148019657016025
наивная MLE,16.894862725937042
наивная MLE,18.308413173664427
наивная MLE,11.269930934084666
наивная MLE,4.170165511688952
наивная MLE,10.049786487140391
наивная MLE,15.124525814784363
наивная MLE,13.387101867248063
наивная MLE,7.354324195642983
наивная MLE,6.653369687243801
наивная MLE,5.604057536366421
наивная MLE,12.444622104956542
наивная MLE,10.507139967724678
наивная MLE,5.015656600342424
наивная MLE,45.56984693126732
наивная MLE,23.07577597261452
наивная MLE,12.136605568873549
наивная MLE,7.407396346966447
наивная MLE,5.686204471012721
наивная MLE,11.37651829640371
наивная MLE,4.415175184645953
наивная MLE,7.514964589612783
наивная MLE,19.1578809288992
наивная MLE,14.101486177946075
наивная MLE,4.67788715816457
наивная MLE,8.627114072122662
наивная MLE,9.056096582778443
наивная MLE,8.05952488271419
наивная MLE,8.367709250527248
наивная MLE,7.9311777695247025
наивная MLE,9.1924364538865
наивная MLE,39.2110116884608
наивная MLE,5.463938371983183
наивная MLE,15.999692182123287
наивная MLE,10.475293235698205
наивная MLE,21.112560426329278
наивная MLE,31.87177066482192
наивная MLE,10.698621784976725
наивная MLE,8.635428345898394
наивная MLE,9.14153403062528
наивная MLE,12.19953919673455
наивная MLE,12.262379138164683
наивная MLE,17.32162656102334
наивная MLE,13.984855506456174
наивная MLE,15.310493221356117
наивная MLE,18.82938265528611
наивная MLE,13.56911379334677
наивная MLE,9.814783248372471
наивная MLE,16.509546990494687
наивная MLE,5.172059120736354
наивная MLE,34.723172688970045
наивная MLE,31.323059620004855
наивная MLE,16.13686778539522
наивная MLE,3.1372379390882545
наивная MLE,6.010996378407659
наивная MLE,32.54807419668502
наивная MLE,5.289232991708608
наивная MLE,9.02340633372971
наивная MLE,57.376998628280326
наивная MLE,29.263840013976917
наивная MLE,5.19505027464757
наивная MLE,8.644037699042178
наивная MLE,18.246951158153003
наивная MLE,5.763537731947928
наивная MLE,9.201316174774185
наивная MLE,25.007320485600992
наивная MLE,8.275061775929425
наивная MLE,15.823843794477119
наивная MLE,11.044781050430416
наивная MLE,11.252209208320458
наивная MLE,8.617742637603744
наивная MLE,12.122447179302288
наивная MLE,18.6489143858382
наивная MLE,25.105497828771462
наивная MLE,11.169914374595528
наивная MLE,13.083975437623812
наивная MLE,10.971431215349051
наивная MLE,8.249685345687425
наивная MLE,17.50637848400838
наивная MLE,26.484348042310096
наивная MLE,22.52914615743517
наивная MLE,22.1099045689829
наивная MLE,24.614917081512104
наивная MLE,8.931910181361
наивная MLE,8.529589533924124
наивная MLE,4.394138721552576
наивная MLE,8.75202478573449
наивная MLE,18.03860974608451
наивная MLE,8.050291981528037
наивная MLE,20.7042844206686
наивная MLE,7.072717737329839
наивная MLE,20.931168590992943
наивная MLE,12.23751511269039
наивная MLE,9.916165530140871
наивная MLE,20.938591383201345
наивная MLE,21.498214147246998
наивная MLE,5.511295898561208
наивная MLE,3.678164429328178
наивная MLE,29.610637800481115
наивная MLE,4.3958998822168125
наивная MLE,4.408462084015851
наивная MLE,4.428814101009623
наивная MLE,16.281159579231968
наивная MLE,5.05067842688222
наивная MLE,15.978263811477762
наивная MLE,14.114373765448756
наивная MLE,18.636076074810195
наивная MLE,8.715896201897941
наивная MLE,30.38443706045826
наивная MLE,24.149004560175744
наивная MLE,10.555192606046617
наивная MLE,7.07603266567104
наивная MLE,5.816617782423705
наивная MLE,9.877155336022376
наивная MLE,9.997542749403355
наивная MLE,9.457063368025588
наивная MLE,10.163153772954846
наивная MLE,23.97020262654531
наивная MLE,7.728039610463362
наивная MLE,8.708471323348483
наивная MLE,14.36854383061397
наивная MLE,1.3784585433369065
наивная MLE,4.971057045404273
наивная MLE,15.996489083144821
наивная MLE,8.489100196305758
наивная MLE,4.057469196977234
наивная MLE,8.754752049199995
наивная MLE,11.358449450069616
наивная MLE,5.170127168347271
наивная MLE,10.881290355618336
наивная MLE,7.835340070867901
наивная MLE,18.712260184395806
наивная MLE,7.539536317031859
наивная MLE,5.33043904940714
наивная MLE,3.1236578218538424
наивная MLE,6.317308453493595
наивная MLE,17.304387232073847
наивная MLE,2.251238570495423
наивная MLE,11.673180784821312
наивная MLE,26.624852265954907
наивная MLE,3.0759845026285686
наивная MLE,3.310658733790937
наивная MLE,7.117156265276626
наивная MLE,39.6157646435065
наивная MLE,20.679297322301874
наивная MLE,9.79917136893314
наивная MLE,10.533780601950545
наивная MLE,27.777040553310826
наивная MLE,17.204840048826984
наивная MLE,8.570477484298255
наивная MLE,9.091555279687437
наивная MLE,6.758439420001603
наивная MLE,2.4022323115396
наивная MLE,18.858059027701813
наивная MLE,15.411543248616946
наивная MLE,13.215353423072255
наивная MLE,20.71655089608427
наивная MLE,15.772078348960392
наивная MLE,21.104968825841507
наивная MLE,20.38063390795568
наивная MLE,14.241378313575913
наивная MLE,6.511969325349722
наивная MLE,4.371688185645246
наивная MLE,23.557900433717883
наивная MLE,18.98655465075343
наивная MLE,6.639244331245969
наивная MLE,9.755087030702477
наивная MLE,23.177598397878352
наивная MLE,16.315352958669337
наивная MLE,15.080441239571478
наивная MLE,11.56217687928209
наивная MLE,8.004037974295178
наивная MLE,13.189426543604869
наивная MLE,3.482230256464686
наивная MLE,7.027382491078911
наивная MLE,26.926482573887917
наивная MLE,5.595842382926386
наивная MLE,21.596407311757417
наивная MLE,17.975353007151803
наивная MLE,18.511387537293533
наивная MLE,2.874747787717803
наивная MLE,43.98052457216099
наивная MLE,18.713907673623105
наивная MLE,11.457319803609092
наивная MLE,6.188770208827547
наивная MLE,34.63560179128332
наивная MLE,4.590161532189138
наивная MLE,14.102265112922952
наивная MLE,18.912600199977557
наивная MLE,8.154067782968223
наивная MLE,4.018424692238197
наивная MLE,23.317704682038357
наивная MLE,11.881100036462572
наивная MLE,23.073233695632737
наивная MLE,16.115555975690587
наивная MLE,12.11674351938198
наивная MLE,6.418630862398339
наивная MLE,14.883670302983406
наивная MLE,15.813982617156622
наивная MLE,27.696853213148227
наивная MLE,8.357615408429023
наивная MLE,5.233266659070519
наивная MLE,3.605894909411419
наивная MLE,13.892330988897971
наивная MLE,9.80353480632061
наивная MLE,27.279899594824986
наивная MLE,22.94444443254681
наивная MLE,11.498626539917163
наивная MLE,10.855256790936616
наивная MLE,9.46120113375282
наивная MLE,10.807440714424224
наивная MLE,12.15172359959131
наивная MLE,8.554762202099855
наивная MLE,10.793603145746491
наивная MLE,10.50854151447379
наивная MLE,14.890382058570353
наивная MLE,10.298247201874624
наивная MLE,23.58387458695534
наивная MLE,14.215286071231041
наивная MLE,3.5048571356514904
наивная MLE,7.627595916671748
наивная MLE,18.94365214626356
наивная MLE,27.28603910912771
наивная MLE,10.804984138623984
наивная MLE,7.874793484750689
наивная MLE,18.503136184481264
наивная MLE,8.08216832054906
наивная MLE,9.520023798848683
наивная MLE,9.142031418809884
наивная MLE,8.085185884861414
наивная MLE,11.3809979301891
наивная MLE,17.207408939516643
наивная MLE,19.09356660503225
наивная MLE,16.426661656448996
наивная MLE,16.93385865418744
наивная MLE,13.325115645244878
наивная MLE,22.27343173140254
наивная MLE,14.326144481225818
наивная MLE,19.48441961824867
наивная MLE,11.977117126156342
наивная MLE,37.969549610067844
наивная MLE,6.209379234114094
наивная MLE,2.7806017912945395
наивная MLE,7.463532944620706
наивная MLE,21.959889339323567
наивная MLE,14.66160519095887
наивная MLE,2.1288989251871544
наивная MLE,11.439396771744367
наивная MLE,13.664267555786063
наивная MLE,14.079173446689985
наивная MLE,8.57276617006052
наивная MLE,10.6125210805623
наивная MLE,5.3192255961458725
наивная MLE,37.950505341056484
наивная MLE,3.4000476176600234
наивная MLE,20.303986305386392
наивная MLE,9.77742889580769
наивная MLE,11.430497186907928
наивная MLE,5.2656875866936765
наивная MLE,3.5970171500199437
наивная MLE,12.998626876984853
наивная MLE,19.33130388433964
наивная MLE,12.105488872469362
наивная MLE,15.10889103610928
наивная MLE,13.259178682011607
наивная MLE,14.814551414776789
наивная MLE,28.025736527011233
наивная MLE,5.746578269844129
наивная MLE,18.4106548350949
наивная MLE,12.243339402615796
наивная MLE,3.439008057824859
наивная MLE,7.3425104855948895
наивная MLE,26.33247024864807
наивная MLE,10.953072359304961
наивная MLE,12.371610594586087
наивная MLE,5.666490274216473
наивная MLE,10.149194428106378
наивная MLE,34.40021644483325
наивная MLE,2.973107591256097
наивная MLE,14.530641350415571
наивная MLE,7.49983769413803
наивная MLE,18.911722430466828
наивная MLE,16.535347445166384
наивная MLE,52.31297956141434
наивная MLE,4.023826978881572
наивная MLE,4.210507271358823
наивная MLE,19.82227076495404
наивная MLE,20.130328116623367
наивная MLE,18.793293971297405
наивная MLE,17.724662657115474
наивная MLE,17.554308845782153
наивная MLE,7.785034457913657
наивная MLE,2.834843133563786
наивная MLE,18.378842287552338
наивная MLE,11.162413331754198
наивная MLE,6.342257996101873
наивная MLE,3.470181501703797
наивная MLE,25.760877442023794
наивная MLE,24.422967543169168
наивная MLE,4.496905185226572
наивная MLE,22.634310740481986
наивная MLE,8.272251066629387
наивная MLE,18.166907872142225
наивная MLE,10.64401520413444
наивная MLE,19.4192297136014
наивная MLE,16.839935256714185
наивная MLE,6.717113020314936
наивная MLE,16.88015504345048
наивная MLE,31.807014797522008
наивная MLE,43.418667976305514
наивная MLE,9.825159703609266
наивная MLE,25.73993742981892
наивная MLE,18.434136091729343
наивная MLE,12.593923181585705
наивная MLE,27.489212004022892
наивная MLE,7.8419942201601325
наивная MLE,13.476150099295893
наивная MLE,4.343292078288246
наивная MLE,8.403083153286836
наивная MLE,9.082096708108054
наивная MLE,19.097904469103444
наивная MLE,7.049230887086889
наивная MLE,2.527282095618836
наивная MLE,17.27824765386375
наивная MLE,9.048261228107338
наивная MLE,14.28998928180709
наивная MLE,15.796657590402045
наивная MLE,8.659885290217826
наивная MLE,7.9131683127279295
наивная MLE,4.324745002037619
наивная MLE,8.665505628632538
наивная MLE,7.581980587932076
наивная MLE,11.686869386809036
наивная MLE,12.714293318862035
наивная MLE,6.332275413183744
наивная MLE,2.7066786988793674
наивная MLE,8.74673114818051
наивная MLE,16.076682814042265
наивная MLE,7.109502319787404
наивная MLE,15.400804558654293
наивная MLE,3.919701208691596
наивная MLE,32.00339578075384
наивная MLE,5.915520994696689
наивная MLE,14.2190986627679
наивная MLE,17.767983733489434
наивная MLE,10.67737486828869
наивная MLE,15.796287460250035
наивная MLE,10.682779595245485
наивная MLE,26.088003247299042
наивная MLE,7.582887789807383
наивная MLE,11.948583441111568
наивная MLE,17.00383346213707
наивная MLE,9.021156580013377
наивная MLE,3.321469537045574
наивная MLE,9.104498485673988
наивная MLE,5.611794029345612
наивная MLE,2.424261616121314
наивная MLE,6.83751196617066
наивная MLE,10.612670836369826
наивная MLE,27.130574826428177
наивная MLE,42.72787621591595
наивная MLE,4.036002189237126
наивная MLE,16.131560338531916
наивная MLE,5.1397977820934235
наивная MLE,7.782300180932121
наивная MLE,9.903884373801093
наивная MLE,15.106166963975824
наивная MLE,15.477594269872045
наивная MLE,12.045128551247354
наивная MLE,14.274133594837409
наивная MLE,7.504147789484795
наивная MLE,8.318057150498555
наивная MLE,26.594046175100758
наивная MLE,13.609733416858571
наивная MLE,7.2248185619333976
наивная MLE,4.602427062136779
наивная MLE,7.44995508803396
наивная MLE,8.063905556264213
наивная MLE,6.561692919684515
наивная MLE,15.77478670473434
наивная MLE,8.045625337757336
наивная MLE,21.351026699883278
наивная MLE,17.732178075158323
наивная MLE,13.695557864489967
наивная MLE,7.555214287784938
наивная MLE,14.904852263530543
наивная MLE,5.588034707184695
наивная MLE,16.748005842716633
наивная MLE,10.11366659594051
наивная MLE,17.363230967887514
наивная MLE,4.1779555595338405
наивная MLE,8.844569804540676
наивная MLE,9.302665195829336
наивная MLE,37.949292127861035
наивная MLE,19.619451372792405
наивная MLE,4.775517447079009
наивная MLE,38.951853684638316
наивная MLE,19.261522939723992
наивная MLE,6.878500062370936
наивная MLE,9.746967569208513
наивная MLE,23.311105994370447
наивная MLE,36.8242420106638
наивная MLE,20.48688850525993
наивная MLE,3.4049249111788975
наивная MLE,26.219462245049435
наивная MLE,4.431801533720658
наивная MLE,24.30330236842507
наивная MLE,5.149335807139651
наивная MLE,30.310784277239343
наивная MLE,10.863604855900661
наивная MLE,9.151732040764275
наивная MLE,7.3375833971629785
наивная MLE,14.1499494402923
наивная MLE,15.10587414579416
наивная MLE,7.625446597411278
наивная MLE,21.730144805613776
наивная MLE,17.669058448093963
наивная MLE,12.53547944221822
наивная MLE,16.085957999483163
наивная MLE,13.622807817081004
наивная MLE,7.109648377739054
наивная MLE,12.370536933356828
наивная MLE,14.87412634719569
наивная MLE,5.224059670157349
наивная MLE,8.935162819912474
наивная MLE,25.321093973000465
наивная MLE,10.839999105870364
наивная MLE,7.777428356398178
наивная MLE,11.679004115740575
наивная MLE,12.60075872573514
наивная MLE,10.149538906045297
наивная MLE,18.231017362178733
наивная MLE,8.011297586026409
наивная MLE,13.83063064391611
наивная MLE,34.37012356266597
наивная MLE,28.357578781806396
наивная MLE,15.281137875172103
наивная MLE,16.84860380483122
наивная MLE,35.46937401743736
наивная MLE,3.0678031674819097
наивная MLE,16.46473149248592
наивная MLE,4.176514671947261
наивная MLE,5.362565166059242
наивная MLE,9.028808033389831
наивная MLE,11.04191405828426
наивная MLE,10.12518396077294
наивная MLE,12.63767742063654
наивная MLE,5.231405492290509
наивная MLE,9.279293881086458
наивная MLE,7.162553340704437
наивная MLE,14.46521990658943
наивная MLE,16.18394036825012
наивная MLE,12.262701829954063
наивная MLE,6.68932934048598
наивная MLE,26.393248657373498
наивная MLE,9.616240595402703
наивная MLE,5.332742339337421
наивная MLE,10.710041296502569
наивная MLE,23.053240803586675
наивная MLE,6.085541127569319
наивная MLE,15.495689167851591
наивная MLE,3.9453324673811454
наивная MLE,8.113859671787473
наивная MLE,12.13700049812859
наивная MLE,18.438044711590372
наивная MLE,9.392667327216138
наивная MLE,15.800839357938123
наивная MLE,13.728039307504659
наивная MLE,18.039370409483645
наивная MLE,24.986733131442154
наивная MLE,18.417829634953947
наивная MLE,9.784839278429077
наивная MLE,8.457461403681142
наивная MLE,5.002752204584159
наивная MLE,40.31768550985288
наивная MLE,5.725234829054177
наивная MLE,38.98651590554607
наивная MLE,23.64359076518132
наивная MLE,25.65420065945184
наивная MLE,5.369908701810033
наивная MLE,14.778995566223422
наивная MLE,1.1634038796802557
наивная MLE,9.309036016892406
наивная MLE,4.516355825617961
наивная MLE,16.13122678822789
наивная MLE,15.973762384321219
наивная MLE,7.379901164049146
наивная MLE,12.868054810854684
наивная MLE,17.50969211474416
наивная MLE,56.94890009923455
наивная MLE,9.477204685554502
наивная MLE,4.812843871570766
наивная MLE,3.0180099251311323
наивная MLE,7.967987614783623
наивная MLE,8.038162436372222
наивная MLE,10.39578080405237
наивная MLE,22.547919224349297
наивная MLE,16.002157603141757
наивная MLE,17.365845266300898
наивная MLE,7.784415044440326
наивная MLE,7.176794814101482
наивная MLE,25.172980138597392
наивная MLE,6.386541862006218
наивная MLE,36.242884719185675
наивная MLE,7.922966559394484
наивная MLE,8.100233173112512
наивная MLE,6.677755356833186
наивная MLE,9.743361675008156
наивная MLE,9.337786863623558
наивная MLE,4.0007839702970855
наивная MLE,32.21011634309042
наивная MLE,10.723375260072029
наивная MLE,12.233550439780121
наивная MLE,2.419978350056542
наивная MLE,22.455526518134292
наивная MLE,8.863672141730722
наивная MLE,13.858134781302873
наивная MLE,12.65998640073999
наивная MLE,23.615815137130724
наивная MLE,13.717820576428437
наивная MLE,27.424913673502772
наивная MLE,9.412864315682661
наивная MLE,15.74662806531287
наивная MLE,13.663149332770677
наивная MLE,7.589334207442077
наивная MLE,3.6453665812741276
наивная MLE,3.8727485012691645
наивная MLE,15.405091600368687
наивная MLE,19.29735821845233
наивная MLE,5.105950566414934
наивная MLE,10.744922963868788
наивная MLE,14.48886963099774
наивная MLE,1.319922000398485
наивная MLE,8.150376205673052
наивная MLE,16.12626513022556
наивная MLE,10.41442574388722
наивная MLE,7.756504527557982
наивная MLE,7.965067267097963
наивная MLE,9.531547511527862
наивная MLE,9.103995077158167
наивная MLE,15.541359019530963
наивная MLE,7.485459339588026
наивная MLE,21.606723811912694
наивная MLE,2.978838090609282
наивная MLE,28.642214876058453
наивная MLE,19.305066625800848
наивная MLE,25.108991003316493
наивная MLE,7.924075951510901
наивная MLE,2.8765554172649352
наивная MLE,11.26587506964171
наивная MLE,13.222904086284583
наивная MLE,20.453723994328545
наивная MLE,5.334352800440682
наивная MLE,8.159865198632367
наивная MLE,16.05490321394582
наивная MLE,6.403650377937172
наивная MLE,9.240089654322336
наивная MLE,16.591400827290286
наивная MLE,38.51039876109697
наивная MLE,19.900659530897286
наивная MLE,11.276879659731556
наивная MLE,5.187845413032484
наивная MLE,18.325591636482574
наивная MLE,3.3813748434398416
наивная MLE,10.50137209686007
наивная MLE,4.933012244142169
наивная MLE,4.88793628668519
наивная MLE,3.7979433920134813
наивная MLE,2.3884989845767866
наивная MLE,14.225926691056594
наивная MLE,9.926724020476815
наивная MLE,4.012539180609044
наивная MLE,31.945410495014023
наивная MLE,9.211728159517595
наивная MLE,3.8993938249612805
наивная MLE,26.357281341900155
наивная MLE,22.76318286927642
наивная MLE,11.59185140767427
наивная MLE,16.525477493161805
наивная MLE,9.78204001128362
наивная MLE,24.953789600021146
наивная MLE,5.625904183015161
наивная MLE,12.143778239026576
наивная MLE,15.418877591960051
наивная MLE,26.97172730345285
наивная MLE,5.398872693983078
наивная MLE,6.955597069954326
наивная MLE,21.448128699225986
наивная MLE,6.9016725025128345
наивная MLE,13.029668348717287
наивная MLE,16.394605105957947
наивная MLE,4.199178466415351
наивная MLE,4.784968515049241
наивная MLE,5.025162082626424
наивная MLE,11.96732107743976
наивная MLE,6.065084381857466
наивная MLE,12.851783693112086
наивная MLE,12.849348273092817
наивная MLE,8.682796346868798
наивная MLE,10.20283317292109
наивная MLE,15.900819777134135
наивная MLE,15.731667525032789
наивная MLE,9.667341732260978
наивная MLE,4.829978135030771
наивная MLE,6.939402693981511
наивная MLE,4.648806252073103
наивная MLE,8.744954758293279
наивная MLE,26.25108547984285
наивная MLE,7.837507910596088
наивная MLE,13.044125165842063
наивная MLE,14.391135305199509
наивная MLE,11.605913034391733
наивная MLE,6.883207586485502
наивная MLE,9.825881531814836
наивная MLE,4.045682688938394
наивная MLE,10.014723251552617
наивная MLE,12.083381885354244
наивная MLE,15.217229683734349
наивная MLE,18.173124090671678
наивная MLE,38.88808429075222
наивная MLE,5.953275063589553
наивная MLE,16.09077349910543
наивная MLE,24.773170016698106
наивная MLE,7.705724027844125
наивная MLE,10.063028798062305
наивная MLE,19.947543911529536
наивная MLE,4.9882375503062235
наивная MLE,20.79707066685691
наивная MLE,8.556540840660105
наивная MLE,35.649273197708524
наивная MLE,13.03751824575097
наивная MLE,26.860224066852613
наивная MLE,9.221037801046219
наивная MLE,17.172152030381174
наивная MLE,11.679205467862886
наивная MLE,10.981579793066281
наивная MLE,11.931047547973339
наивная MLE,11.68295417453642
наивная MLE,16.00918384595473
наивная MLE,11.192000446176884
наивная MLE,9.07511039823166
наивная MLE,30.917248934991726
наивная MLE,5.7974930288770565
наивная MLE,15.822533769325739
наивная MLE,5.281081586225692
наивная MLE,13.658905421792749
наивная MLE,5.41696789973568
наивная MLE,8.711120941857214
наивная MLE,7.398316544273213
наивная MLE,19.39189324783822
наивная MLE,10.08688867063629
наивная MLE,4.416583991855326
наивная MLE,10.378137609853436
наивная MLE,40.58019753354491
наивная MLE,3.0886532481132667
наивная MLE,8.549281936168002
наивная MLE,10.118231424264383
наивная MLE,5.797137721480167
наивная MLE,3.8612749983220653
наивная MLE,12.775533161275604
наивная MLE,18.74547810005237
наивная MLE,14.103193864168428
наивная MLE,10.30982240512251
наивная MLE,17.10938864140996
наивная MLE,14.845056727220607
наивная MLE,20.46245694867579
наивная MLE,15.22026805125823
наивная MLE,8.989479366961007
наивная MLE,17.715189630599372
наивная MLE,6.15463584549073
наивная MLE,17.249540611659146
наивная MLE,22.69928981898289
наивная MLE,4.412168140506064
наивная MLE,16.28958579362861
наивная MLE,7.625807576585978
наивная MLE,5.903873886709489
наивная MLE,9.242627663875414
наивная MLE,5.563750632244053
наивная MLE,25.07427284576849
наивная MLE,13.373842066509685
наивная MLE,13.36208374140655
наивная MLE,16.671816655413693
наивная MLE,11.409766182052
наивная MLE,14.264390376345556
наивная MLE,11.987028309159228
наивная MLE,8.19665183972471
наивная MLE,13.034572320331812
наивная MLE,17.040226471865218
наивная MLE,8.608092442546317
наивная MLE,4.4627265225163
наивная MLE,12.272307050611165
наивная MLE,25.79474847018694
наивная MLE,19.20707311063762
наивная MLE,10.519316541591966
наивная MLE,10.973148009886925
наивная MLE,7.36552190429086
наивная MLE,13.828340300484546
наивная MLE,29.99043781586668
наивная MLE,6.450409848952159
наивная MLE,7.8037379591055345
наивная MLE,27.582061586874346
наивная MLE,29.82655629073973
наивная MLE,11.067584359621314
наивная MLE,5.776083532413285
наивная MLE,19.321041319616022
наивная MLE,10.022469114954188
наивная MLE,7.719860197721632
наивная MLE,10.986673391231673
наивная MLE,9.597931408447721
наивная MLE,7.509162053113546
наивная MLE,8.277649632092599
наивная MLE,7.582917385699638
наивная MLE,10.419500945627165
наивная MLE,7.477357035403844
наивная MLE,5.8479347446981045
наивная MLE,12.068545480782266
наивная MLE,26.657358898728198
наивная MLE,17.851954601936313
наивная MLE,12.726791170502816
наивная MLE,27.627172853427776
наивная MLE,9.755914646796509
наивная MLE,17.557247201934985
наивная MLE,2.4798747837893997
наивная MLE,12.707595927600725
наивная MLE,9.2986588293096
наивная MLE,3.0838935541508823
наивная MLE,8.587844005446913
наивная MLE,7.185165727160339
наивная MLE,10.157144083654668
наивная MLE,19.858096665281632
наивная MLE,13.086864184379113
наивная MLE,26.50681649943261
наивная MLE,20.373399897985614
наивная MLE,15.240689385291109
наивная MLE,27.08675564470428
наивная MLE,12.564525059706272
наивная MLE,30.668601354369734
наивная MLE,20.51770493734469
наивная MLE,6.929785405162901
наивная MLE,3.4798055471167473
наивная MLE,20.114295223473732
наивная MLE,1.8507847818634922
наивная MLE,2.734823309638188
наивная MLE,30.556740327886093
наивная MLE,18.015785612053175
наивная MLE,22.2042892169308
наивная MLE,13.845226601851438
наивная MLE,17.74318648130416
наивная MLE,15.885931787622031
наивная MLE,17.101578818880625
наивная MLE,20.127140382328857
наивная MLE,17.163003059469208
наивная MLE,16.137381469495256
наивная MLE,25.2003225211228
наивная MLE,31.070499887765486
наивная MLE,8.865231563947948
наивная MLE,26.747495092735626
наивная MLE,15.872213456023033
наивная MLE,3.3245143468839
наивная MLE,22.453555131815904
наивная MLE,19.972863762340467
наивная MLE,2.765255249570327
наивная MLE,23.66952734191716
наивная MLE,13.423264615153414
наивная MLE,6.04905669433079
наивная MLE,21.32191777907819
наивная MLE,11.526809829176177
наивная MLE,18.31021776303468
наивная MLE,9.698071527879152
наивная MLE,20.818956961152306
наивная MLE,8.61604385706822
наивная MLE,23.654542355531717
наивная MLE,9.568223153994028
наивная MLE,4.505281172380739
наивная MLE,26.727840448907024
наивная MLE,28.22757932350391
наивная MLE,20.40728404349648
наивная MLE,9.447518144560917
наивная MLE,19.613004218090076
наивная MLE,3.4936335682031703
наивная MLE,19.45672385477593
наивная MLE,11.460385200753805
наивная MLE,23.757315632905417
наивная MLE,5.6606785230884995
наивная MLE,3.841026047502853
наивная MLE,9.416927463298936
наивная MLE,25.054818048462575
наивная MLE,23.970051575433438
наивная MLE,13.989452989868376
наивная MLE,14.26252142076143
наивная MLE,4.842874124627873
наивная MLE,15.709073321135982
наивная MLE,15.167955637929753
наивная MLE,9.47555892401395
наивная MLE,10.624082710536952
наивная MLE,18.91764849045716
наивная MLE,47.0825572025516
наивная MLE,14.262774140722454
наивная MLE,14.52936839208145
наивная MLE,17.167757885003383
наивная MLE,18.571274599644
наивная MLE,20.23753336719374
наивная MLE,3.789245717037385
наивная MLE,13.495516182416647
наивная MLE,35.45454645142448
наивная MLE,18.757684668792475
наивная MLE,5.736707314503945
наивная MLE,15.859519600298334
наивная MLE,4.6919971520327435
наивная MLE,12.604125924885247
наивная MLE,25.871989007642238
наивная MLE,30.481626373176297
наивная MLE,16.301750298096223
наивная MLE,35.76087246466702
наивная MLE,16.410748922818485
наивная MLE,12.267313018268947
наивная MLE,0.8729925325985487
наивная MLE,29.816569971566146
наивная MLE,8.35252396883519
наивная MLE,9.76753365255267
наивная MLE,23.924585404280393
наивная MLE,29.48661238893127
наивная MLE,12.423370672630185
наивная MLE,6.9528634920381425
наивная MLE,25.61278693015384
наивная MLE,37.00079082448353
наивная MLE,19.315010048766503
наивная MLE,32.3136509827959
наивная MLE,5.247023239005944
наивная MLE,9.276718845375402
наивная MLE,3.8773673666692186
наивная MLE,7.15316765573226
наивная MLE,17.924498659164705
наивная MLE,19.96665192958181
наивная MLE,12.7502278168855
наивная MLE,7.655540796400981
наивная MLE,44.71882318717127
наивная MLE,4.556660052652175
наивная MLE,5.400572427448842
наивная MLE,10.973749399274997
наивная MLE,18.123579807931506
наивная MLE,11.946417978351363
наивная MLE,14.976738550447063
наивная MLE,9.875775816209647
наивная MLE,9.743856772862017
наивная MLE,14.027355766331803
наивная MLE,9.821890570409478
наивная MLE,14.8139463837732
наивная MLE,7.288802360858182
наивная MLE,14.381564703190412
наивная MLE,11.785413491537845
наивная MLE,19.353492339505642
наивная MLE,19.25372285007692
наивная MLE,13.45760674345203
наивная MLE,16.379335761654527
наивная MLE,17.89159611832415
наивная MLE,6.582343193796292
наивная MLE,19.672866311262275
наивная MLE,10.52778211877688
наивная MLE,18.38604179775222
наивная MLE,5.47129552053991
наивная MLE,9.361309434235485
наивная MLE,7.293794974562622
наивная MLE,6.80754744983372
наивная MLE,7.516933520210216
наивная MLE,12.635704238309168
наивная MLE,37.77533426661759
наивная MLE,13.756483449152642
наивная MLE,11.607969008670599
наивная MLE,11.687481887197077
наивная MLE,8.019859880585315
наивная MLE,21.352137275318444
наивная MLE,3.076969825930009
наивная MLE,13.963574414589411
наивная MLE,12.136304284479618
наивная MLE,9.876894168071692
наивная MLE,14.105666113833287
наивная MLE,16.883755622061642
наивная MLE,8.347919364537589
наивная MLE,10.30423044219181
наивная MLE,13.707366291889285
наивная MLE,16.044531991653287
наивная MLE,13.04790284866828
наивная MLE,17.28352982943212
наивная MLE,10.995323396466466
наивная MLE,7.93735668316116
наивная MLE,10.833707464357335
наивная MLE,2.653495475715986
наивная MLE,10.99991724302774
наивная MLE,5.724924422527945
наивная MLE,3.7292221059988644
наивная MLE,5.743529623883077
наивная MLE,28.681132391495368
наивная MLE,4.644735966554322
наивная MLE,4.933360058719521
наивная MLE,17.948974259849734
наивная MLE,29.15692014783763
наивная MLE,32.576105792489635
наивная MLE,19.47020520934945
наивная MLE,13.343399744093535
наивная MLE,12.43322185530825
наивная MLE,8.419238986805132
наивная MLE,17.12931618108776
наивная MLE,23.67711917203071
наивная MLE,8.095161255669623
наивная MLE,10.974581289167489
наивная MLE,21.90340545352927
наивная MLE,23.168999803118652
наивная MLE,4.6266114692025315
наивная MLE,5.938038011946627
наивная MLE,14.916431241628462
наивная MLE,17.18746648356013
наивная MLE,5.208671108363773
наивная MLE,7.964466456508914
наивная MLE,20.993773234634375
наивная MLE,15.756490721755968
наивная MLE,18.343953009136627
наивная MLE,9.802478776513459
наивная MLE,7.329141149645722
наивная MLE,9.918788127202925
наивная MLE,20.581504594767697
наивная MLE,22.155936927149405
наивная MLE,1.3701791614177925
наивная MLE,6.918533051133726
наивная MLE,18.510019154316268
наивная MLE,30.87395248571279
наивная MLE,6.608484034363967
наивная MLE,3.4650607181379076
наивная MLE,13.950881098392276
наивная MLE,6.589446875188413
наивная MLE,1.968030813512203
наивная MLE,22.73458816653651
наивная MLE,8.263699941362873
наивная MLE,15.192564250773096
наивная MLE,14.692431040705314
наивная MLE,23.33546509311577
наивная MLE,12.363371593380926
наивная MLE,3.848814833576873
наивная MLE,5.971089894992856
наивная MLE,6.350120119863119
наивная MLE,4.136369517075985
наивная MLE,4.052683812101863
наивная MLE,27.337099827195463
наивная MLE,3.6824549467730914
наивная MLE,7.596593541616033
наивная MLE,7.371165755510234
наивная MLE,9.606788262223013
наивная MLE,5.987600258147601
наивная MLE,9.559785668470168
наивная MLE,17.301896001768505
наивная MLE,8.085185629662703
наивная MLE,9.305694122616318
наивная MLE,15.804605714197084
наивная MLE,13.723733445239382
наивная MLE,14.583362247373296
наивная MLE,15.07703068646488
наивная MLE,14.142573733478361
наивная MLE,15.805790273987554
наивная MLE,12.47038044636874
наивная MLE,16.07434087040546
наивная MLE,11.201654700557924
наивная MLE,10.337704984457954
наивная MLE,40.1904850605674
наивная MLE,30.322405659692855
наивная MLE,22.93320869005951
наивная MLE,29.83831608390993
наивная MLE,8.462194415204255
наивная MLE,31.26316711155739
наивная MLE,6.619139123330786
наивная MLE,26.285805427154642
наивная MLE,15.857833305663595
наивная MLE,8.922712528455689
наивная MLE,15.85738445849407
наивная MLE,34.095103331496475
наивная MLE,12.984386358743246
наивная MLE,5.276157443295064
наивная MLE,16.598191708436694
наивная MLE,6.395078663805148
наивная MLE,9.282358773035956
наивная MLE,10.313823746892634
наивная MLE,9.747636269104767
наивная MLE,20.69909261280129
наивная MLE,10.811355195023852
наивная MLE,9.629861320762604
наивная MLE,10.073786592140017
наивная MLE,21.565495002984314
наивная MLE,13.481173156163795
наивная MLE,19.938781349358678
наивная MLE,4.508094747384127
наивная MLE,6.953416063548032
наивная MLE,4.875920846967629
наивная MLE,9.090280969236613
наивная MLE,4.817438181080741
наивная MLE,24.223698813980242
наивная MLE,3.0166892546826283
наивная MLE,7.424897589351167
наивная MLE,13.835504054019403
наивная MLE,16.93069344385904
наивная MLE,15.182684355765101
наивная MLE,5.33225472276218
наивная MLE,10.213581868226951
наивная MLE,43.70308653989514
наивная MLE,9.660312030251408
наивная MLE,9.183432822383331
наивная MLE,27.74845557656641
наивная MLE,8.225993873129735
наивная MLE,4.846764629027709
наивная MLE,6.396041966709698
наивная MLE,13.199775191952726
наивная MLE,17.126715926425767
наивная MLE,4.927611345006753
наивная MLE,7.168238223125567
наивная MLE,10.000045086548091
наивная MLE,17.44122722967944
наивная MLE,12.476694935016035
наивная MLE,6.753766606000525
наивная MLE,16.273147566322884
наивная MLE,6.218047647710748
наивная MLE,58.58510415406864
наивная MLE,3.713032064211798
наивная MLE,34.23546708392208
наивная MLE,13.400400887707221
наивная MLE,29.430750313714004
наивная MLE,9.781133996585176
наивная MLE,24.440638986843673
наивная MLE,13.538141061247279
наивная MLE,34.212089035804695
наивная MLE,4.101378085981056
наивная MLE,11.88689431489246
наивная MLE,11.670599136020037
наивная MLE,6.9528594346457995
наивная MLE,5.602258207523134
наивная MLE,22.143480069246515
наивная MLE,6.120357852487931
наивная MLE,6.130484222345888
наивная MLE,20.593642687106463
наивная MLE,7.161086331440513
наивная MLE,34.289597562366644
наивная MLE,16.177059020246716
наивная MLE,27.194076903144044
наивная MLE,2.5976704859528734
наивная MLE,23.926678532497352
наивная MLE,37.77176618723382
наивная MLE,15.026311676925161
наивная MLE,9.768456524861314
наивная MLE,19.617336442875814
наивная MLE,18.077433147356523
наивная MLE,3.979703789902303
наивная MLE,21.152035451965787
наивная MLE,12.138606415176238
наивная MLE,7.430222320352417
наивная MLE,4.212590038012253
наивная MLE,11.806824673754898
наивная MLE,10.284311541278472
наивная MLE,14.184598605245617
наивная MLE,17.31903396621371
наивная MLE,9.79570650834481
наивная MLE,11.40710292402936
наивная MLE,8.512676928573349
наивная MLE,17.371660645984285
наивная MLE,20.74236206934159
наивная MLE,16.31426675870618
наивная MLE,13.768898648168154
наивная MLE,23.142109139390957
наивная MLE,3.183047047996124
наивная MLE,19.587668287433868
наивная MLE,12.462328879895919
наивная MLE,9.108782841971705
наивная MLE,16.51395630641711
наивная MLE,31.92132697168739
наивная MLE,33.234391185734474
наивная MLE,28.04466539362618
наивная MLE,14.712320335648943
наивная MLE,12.577162395941148
наивная MLE,22.64939198877226
наивная MLE,11.909042261519899
наивная MLE,15.417353689292513
наивная MLE,15.793624453318447
наивная MLE,11.226736299785877
наивная MLE,6.316460634490413
наивная MLE,15.713315042444558
наивная MLE,12.815459679451513
наивная MLE,15.074360316425336
наивная MLE,2.860827124256334
наивная MLE,6.3354795035543265
наивная MLE,16.732796826200257
наивная MLE,3.304418454554341
наивная MLE,20.072640866057785
наивная MLE,16.879393772985363
наивная MLE,3.9689455198923334
наивная MLE,6.50513228334356
наивная MLE,9.90396922605455
наивная MLE,20.69904464804913
наивная MLE,15.767829445775966
наивная MLE,2.4750808816255603
наивная MLE,5.589496544035027
наивная MLE,5.58136862969697
наивная MLE,14.569921986246836
наивная MLE,16.876317739035507
наивная MLE,15.114710657309399
наивная MLE,8.7865255515762
наивная MLE,11.451758806066595
наивная MLE,12.44600056021363
наивная MLE,6.908412547823678
наивная MLE,21.220254325301692
наивная MLE,2.243092481008466
наивная MLE,22.614725804881324
наивная MLE,8.604090623457234
наивная MLE,5.717324490116133
наивная MLE,7.031428568801595
наивная MLE,16.224809427696588
наивная MLE,21.408125365553836
наивная MLE,15.79361083705546
наивная MLE,5.452283644593786
наивная MLE,11.226900773547563
наивная MLE,12.053848464097154
наивная MLE,18.344320324384128
наивная MLE,34.20274337567859
наивная MLE,10.696680164408253
наивная MLE,22.978387974893366
наивная MLE,1.744338869771794
наивная MLE,25.70543118666781
наивная MLE,17.060950967372946
наивная MLE,2.300513509678242
наивная MLE,9.38227460356806
наивная MLE,8.641613385602874
наивная MLE,7.907371684451381
наивная MLE,19.870475371215438
наивная MLE,15.605194914258595
наивная MLE,6.298810864758664
наивная MLE,14.01675402300223
наивная MLE,2.876180161597123
наивная MLE,16.523148815497642
наивная MLE,14.810921192317757
наивная MLE,3.6940610514503707
наивная MLE,9.324699366667385
наивная MLE,10.726682433858391
наивная MLE,15.198351873557721
наивная MLE,32.23687709553666
наивная MLE,22.871615316482682
наивная MLE,2.8781548411541062
наивная MLE,22.040642024491774
наивная MLE,20.200729386843296
наивная MLE,32.13033639584343
наивная MLE,17.77875954669248
наивная MLE,7.833157812108365
наивная MLE,1.8648835246361921
наивная MLE,27.44813286447953
наивная MLE,17.545948081987856
наивная MLE,15.93544099704266
наивная MLE,11.942601589109131
наивная MLE,3.9337415120504113
наивная MLE,11.1019506399997
наивная MLE,15.830038080865506
наивная MLE,22.46851790278604
наивная MLE,24.31538882799115
наивная MLE,15.763618344339832
наивная MLE,17.20006609326023
наивная MLE,36.2263484582277
наивная MLE,15.389481929563134
наивная MLE,24.706466591823784
наивная MLE,21.540594612267615
наивная MLE,8.125739900002099
наивная MLE,4.819874973795593
наивная MLE,15.555007920257653
наивная MLE,6.173556121335582
наивная MLE,9.072981376073109
наивная MLE,47.194259045576395
наивная MLE,32.64138506129734
наивная MLE,8.958849907516209
наивная MLE,13.338995203328802
наивная MLE,9.379285621733708
наивная MLE,7.501541462295572
наивная MLE,24.41985953160468
наивная MLE,28.415133453008735
наивная MLE,6.695630215156245
наивная MLE,7.162784664410709
наивная MLE,18.44707242743046
наивная MLE,8.081821693872474
наивная MLE,22.050479603973102
наивная MLE,9.92196193437072
наивная MLE,14.553477263250242
наивная MLE,6.07007697288315
наивная MLE,14.140948568370547
наивная MLE,22.059577010702967
наивная MLE,12.073418459414357
наивная MLE,32.447006616800024
наивная MLE,21.497986162437485
наивная MLE,5.214141271323307
наивная MLE,4.660658857833659
наивная MLE,9.313931062199167
наивная MLE,1.5964041511619183
наивная MLE,8.13336728576408
наивная MLE,17.130239725568636
наивная MLE,23.97669094289465
наивная MLE,13.353012801355911
наивная MLE,19.99235063301982
наивная MLE,18.070950860783547
наивная MLE,6.411546137849257
наивная MLE,11.248986534388647
наивная MLE,5.503467314012825
наивная MLE,18.736639012582998
наивная MLE,6.7648158763461055
наивная MLE,19.39207290665773
наивная MLE,12.439137945285179
наивная MLE,12.104843478230224
наивная MLE,8.710386808056064
наивная MLE,21.443460255326244
наивная MLE,9.867817368366005
наивная MLE,9.7868936413166
наивная MLE,10.726784053068455
наивная MLE,26.86988202875542
наивная MLE,13.305882527046471
наивная MLE,4.266423999452904
наивная MLE,15.982134261190128
наивная MLE,24.04137731397781
наивная MLE,20.85887571593455
наивная MLE,13.928349367405882
наивная MLE,4.316494266066622
наивная MLE,9.926739815903307
наивная MLE,20.317159346310163
наивная MLE,21.376010813441063
наивная MLE,8.125437341597673
наивная MLE,6.361705098683841
наивная MLE,9.383240205735564
наивная MLE,12.76396570346121
наивная MLE,15.553100949143017
наивная MLE,33.82445506708933
наивная MLE,25.547647085984917
наивная MLE,4.270041817912388
наивная MLE,21.672499332583946
наивная MLE,22.95324385986524
наивная MLE,24.03411874818117
наивная MLE,11.585561848230615
наивная MLE,22.701162365069884
наивная MLE,14.070297494011102
наивная MLE,12.972002372226125
наивная MLE,17.052165763889626
наивная MLE,21.443658044111874
наивная MLE,17.94774750048734
наивная MLE,7.064772298750315
наивная MLE,15.392762225416364
наивная MLE,21.438254253519595
наивная MLE,6.490515075368184
наивная MLE,9.192307465314526
наивная MLE,11.221397156522745
наивная MLE,5.762820120726179
наивная MLE,23.567407720045168
наивная MLE,3.887891065409403
наивная MLE,12.812121786607605
наивная MLE,10.320654052604684
наивная MLE,26.071376634646708
наивная MLE,9.35147873518941
наивная MLE,25.526569176265724
наивная MLE,7.857589437068091
наивная MLE,38.35833967638598
наивная MLE,10.667913211867994
наивная MLE,22.400099781959113
наивная MLE,8.30053360011551
наивная MLE,12.794313706820514
наивная MLE,4.540138275167469
наивная MLE,15.315955626851993
наивная MLE,12.581808945027845
наивная MLE,20.639693543372868
наивная MLE,3.195931680072301
наивная MLE,13.815469895961282
наивная MLE,4.213410687867508
наивная MLE,34.12046420339048
наивная MLE,18.383768772092978
наивная MLE,23.118575183662497
наивная MLE,18.731349953129012
наивная MLE,5.609963429342125
наивная MLE,15.548662679252908
наивная MLE,5.909412923257025
наивная MLE,23.98655522165433
наивная MLE,6.78951909533518
наивная MLE,7.2997202021078325
наивная MLE,7.830100884793087
наивная MLE,2.488861180008547
наивная MLE,22.836510075211585
наивная MLE,19.24250207370473
наивная MLE,3.821077740317531
наивная MLE,14.855231504833906
наивная MLE,18.423786428068393
наивная MLE,4.869315470738167
наивная MLE,12.872510405387484
наивная MLE,20.776139014054454
наивная MLE,11.049709487942605
наивная MLE,8.13447051805496
наивная MLE,5.072111522550549
наивная MLE,25.952189729593012
наивная MLE,14.575282374360157
наивная MLE,31.462678664251953
наивная MLE,8.865900149710999
наивная MLE,28.85115153528918
наивная MLE,7.894815312168077
наивная MLE,22.127658875261993
наивная MLE,7.792214885261114
наивная MLE,7.987173951169709
наивная MLE,42.78856233426174
наивная MLE,10.53351770846794
наивная MLE,11.084151328789144
наивная MLE,27.726997693164222
наивная MLE,13.91427545792404
наивная MLE,10.515571191661211
наивная MLE,19.853234880843196
наивная MLE,17.952593761850153
наивная MLE,6.018920205209283
наивная MLE,22.331740033424833
наивная MLE,11.09303928980843
наивная MLE,14.115644280918152
наивная MLE,28.40438806885463
наивная MLE,3.4513337001455286
наивная MLE,21.14228586307461
наивная MLE,20.791321897071967
наивная MLE,4.238307899978313
наивная MLE,6.287173010364948
наивная MLE,16.84303175893051
наивная MLE,8.808058267364647
наивная MLE,8.574125065630293
наивная MLE,9.379972215717578
наивная MLE,3.8892022359698766
наивная MLE,6.506854151864068
наивная MLE,12.98182476041556
наивная MLE,13.118601389824612
наивная MLE,10.848720482897871
наивная MLE,29.647832238575525
наивная MLE,10.947691368595468
наивная MLE,1.6793701964958012
наивная MLE,21.985007188493128
наивная MLE,3.086552858249892
наивная MLE,7.418047466589581
наивная MLE,17.057158245159833
наивная MLE,8.392756248222561
наивная MLE,4.725425393467566
наивная MLE,22.796551303593233
наивная MLE,12.735421660742725
наивная MLE,27.144474262963854
наивная MLE,12.074919543933278
наивная MLE,6.975227059232291
наивная MLE,6.224814694456876
наивная MLE,6.380738626573948
наивная MLE,24.29964675082723
наивная MLE,10.8644938628579
наивная MLE,13.22690275984739
наивная MLE,11.534255919247073
наивная MLE,3.2342826746822864
наивная MLE,19.449226533307733
наивная MLE,3.3663956854247585
наивная MLE,24.810095546084575
наивная MLE,4.381574191246366
наивная MLE,25.456564927711916
наивная MLE,14.574567352909032
наивная MLE,14.37260595022235
наивная MLE,25.657356532573885
наивная MLE,3.815570372911813
наивная MLE,7.007111339664488
наивная MLE,8.712110483274575
наивная MLE,11.337715837848407
наивная MLE,20.28927945714997
наивная MLE,7.121687226750054
наивная MLE,12.480175567301453
наивная MLE,5.717470941544337
наивная MLE,17.23282572435421
наивная MLE,18.530564347122098
наивная MLE,20.089517320374547
наивная MLE,19.324834868041066
наивная MLE,14.21653122192891
наивная MLE,8.259130703421878
наивная MLE,3.30832459165475
наивная MLE,22.256826512743565
наивная MLE,7.208955270542141
наивная MLE,16.712120986146793
наивная MLE,10.142656125679041
наивная MLE,16.02587955100915
наивная MLE,2.195213343785326
наивная MLE,18.24569366673223
наивная MLE,19.394415870377532
наивная MLE,7.414062634151757
наивная MLE,23.880000668362904
наивная MLE,18.667044392580884
наивная MLE,18.74040385644107
наивная MLE,7.212747209991242
наивная MLE,21.56819284869226
наивная MLE,7.399863702863089
наивная MLE,21.58787575633086
наивная MLE,22.621506578541933
наивная MLE,10.498889891300582
наивная MLE,11.757756582069572
наивная MLE,14.884257379560452
наивная MLE,3.617961435208737
наивная MLE,21.44277222484743
наивная MLE,11.098213536576418
наивная MLE,2.22363776668551
наивная MLE,12.469177293861279
наивная MLE,20.622714835853255
наивная MLE,1.7373988568542407
наивная MLE,15.24233961010762
наивная MLE,3.236803007978136
наивная MLE,13.112558956041113
наивная MLE,3.9833372598614636
наивная MLE,9.261355337369627
наивная MLE,28.0998610324267
наивная MLE,11.107638141988017
наивная MLE,8.784352123443668
наивная MLE,11.228215569661081
наивная MLE,5.844052175384855
наивная MLE,12.49731541884221
наивная MLE,29.324734859585742
наивная MLE,16.773151128568067
наивная MLE,14.748017475458056
наивная MLE,13.41266768983614
наивная MLE,16.68676191879554
наивная MLE,11.589707580188193
наивная MLE,17.37311859864461
наивная MLE,4.515717740501503
наивная MLE,5.5563786890415825
наивная MLE,10.975059801355723
наивная MLE,9.743760993732742
наивная MLE,7.477885553917733
наивная MLE,6.90605240553889
наивная MLE,5.114587547097285
наивная MLE,19.74134012722311
наивная MLE,37.41002155492788
наивная MLE,12.631890640567981
наивная MLE,9.652947005169834
наивная MLE,5.932714872066021
наивная MLE,19.599253734139612
наивная MLE,18.69771179169029
наивная MLE,19.663316219851545
наивная MLE,25.569789314180863
наивная MLE,20.885093157155026
наивная MLE,5.968324393004913
наивная MLE,11.229714631196462
наивная MLE,26.773428856057258
наивная MLE,44.74244449936801
наивная MLE,22.71440019942313
наивная MLE,7.035264554594985
наивная MLE,23.769579919476637
наивная MLE,13.78683412867434
наивная MLE,6.796991484463021
наивная MLE,6.558731576212297
наивная MLE,12.305343154963541
наивная MLE,1.0399944285623266
наивная MLE,11.184771532960868
наивная MLE,27.669925299489694
наивная MLE,13.768438508863317
наивная MLE,12.467037561216932
наивная MLE,14.563378208148434
наивная MLE,7.264069610501705
наивная MLE,16.304942777357684
наивная MLE,7.490564238317927
наивная MLE,53.22298596452151
наивная MLE,3.874096012737788
наивная MLE,13.240260744196844
наивная MLE,14.500384253152783
наивная MLE,15.67431762046565
наивная MLE,6.395519596676749
наивная MLE,21.341538874241476
наивная MLE,16.716862844079422
наивная MLE,8.376481006781933
наивная MLE,2.361618457118882
наивная MLE,5.657724462999928
наивная MLE,12.522058389912026
наивная MLE,3.296243492828558
наивная MLE,21.73726648881138
наивная MLE,27.657863598521793
наивная MLE,35.7554417674791
наивная MLE,17.252541311051072
наивная MLE,9.948880578828419
наивная MLE,9.814441017112355
наивная MLE,15.618003386167462
наивная MLE,9.149540455115378
наивная MLE,3.6515097784060178
наивная MLE,4.048539619757488
наивная MLE,13.511040329537039
наивная MLE,9.175723339412237
наивная MLE,20.802208741028267
наивная MLE,10.398192849757688
наивная MLE,6.183334539645515
наивная MLE,9.249336221176314
наивная MLE,38.96703151036655
наивная MLE,23.899693201009836
наивная MLE,12.41384200994083
наивная MLE,8.65491330645715
наивная MLE,10.888809532609514
наивная MLE,30.578466860743056
наивная MLE,26.512604223984823
наивная MLE,15.911730673063072
наивная MLE,2.021691673719903
наивная MLE,21.906266951884344
наивная MLE,7.5433136666088405
наивная MLE,4.08593758734505
наивная MLE,2.12751654687394
наивная MLE,6.624420936046709
наивная MLE,19.652390659616263
наивная MLE,15.908528236110158
наивная MLE,16.219245066318607
наивная MLE,15.957344062434212
наивная MLE,5.938424109986187
наивная MLE,16.853355235829923
наивная MLE,13.41757909501901
наивная MLE,2.880275381424246
наивная MLE,21.44526305649128
наивная MLE,12.544962436157004
наивная MLE,16.391441929796045
наивная MLE,9.103007114719533
наивная MLE,10.500626191707491
наивная MLE,15.016681009573634
наивная MLE,10.45887884758612
наивная MLE,2.257258276167663
наивная MLE,12.882266207668268
наивная MLE,7.420388980026239
наивная MLE,12.141212849736927
наивная MLE,10.885445786455673
наивная MLE,19.625556812526725
наивная MLE,12.935168989623742
наивная MLE,30.40757480289218
наивная MLE,21.680553134438533
наивная MLE,15.473875843466132
наивная MLE,20.44363005314111
наивная MLE,41.3870409961614
наивная MLE,15.928909168543289
наивная MLE,8.370178171017601
наивная MLE,10.855390533872244
наивная MLE,12.800486992046919
наивная MLE,12.520272964605304
наивная MLE,4.8488987637830325
наивная MLE,12.267086837753865
наивная MLE,34.742639541422804
наивная MLE,10.285391213489705
наивная MLE,21.356419606459166
наивная MLE,5.533129333415785
наивная MLE,3.913227010564901
наивная MLE,4.438636697034482
наивная MLE,23.576512022831498
наивная MLE,13.813827227120687
наивная MLE,11.853517803697391
наивная MLE,4.8744932953160465
наивная MLE,18.095888619856545
наивная MLE,11.75627853315639
наивная MLE,6.901465119154103
наивная MLE,13.43713016631279
наивная MLE,20.861742328778213
наивная MLE,18.01310270296562
наивная MLE,5.938149614534572
наивная MLE,11.679680522210887
наивная MLE,6.209135373491628
наивная MLE,29.986326158501363
наивная MLE,14.311433124755215
наивная MLE,15.696231965769163
наивная MLE,4.478361800846569
наивная MLE,13.32875840629365
наивная MLE,10.21928872161819
наивная MLE,10.369930662619266
наивная MLE,8.074819209355608
наивная MLE,12.11564721910426
наивная MLE,16.089891672214883
наивная MLE,4.367564030115065
наивная MLE,11.891097038837541
наивная MLE,8.016233825646434
наивная MLE,12.35833667482988
наивная MLE,27.014405110798638
наивная MLE,8.491125529693116
наивная MLE,16.16369506720222
наивная MLE,19.55849756992628
наивная MLE,7.377312650301807
наивная MLE,13.09267160819826
наивная MLE,9.445307307472799
наивная MLE,11.02738809523693
наивная MLE,5.851953701582433
наивная MLE,16.735420803117446
наивная MLE,4.169159516880308
наивная MLE,5.584460779016315
наивная MLE,15.95476665217286
наивная MLE,24.225107686549684
наивная MLE,6.354987800403873
наивная MLE,5.092833481528739
наивная MLE,2.3053787201225515
наивная MLE,8.291335214297998
наивная MLE,1.119193838659995
наивная MLE,25.4220291317047
наивная MLE,4.260140332953117
наивная MLE,18.586614987524406
наивная MLE,11.146297096344897
наивная MLE,9.296322177526356
наивная MLE,29.776142034323776
наивная MLE,8.072270401724168
наивная MLE,7.873787987630404
наивная MLE,24.554144878453034
наивная MLE,19.949832124232106
наивная MLE,1.228465087349831
наивная MLE,4.967691781169135
наивная MLE,16.282098853997432
наивная MLE,11.755955013235992
наивная MLE,13.117687120607112
наивная MLE,17.40317487817579
наивная MLE,17.845208817028144
наивная MLE,21.06046522618509
наивная MLE,11.10758555400244
наивная MLE,13.536731032450529
наивная MLE,14.195102206686286
наивная MLE,19.252868394028855
наивная MLE,8.188971568802069
наивная MLE,10.333353666213611
наивная MLE,12.020739774484829
наивная MLE,18.728840004125345
наивная MLE,6.467364351900624
наивная MLE,18.055613093587173
наивная MLE,1.8628744116708855
наивная MLE,4.700580366567858
наивная MLE,25.97253316783106
наивная MLE,9.271282212576812
наивная MLE,10.794506348447431
наивная MLE,6.192354232932927
наивная MLE,5.466299923437764
наивная MLE,51.192687183740006
наивная MLE,9.341553567422633
наивная MLE,15.404427269107387
наивная MLE,16.108063607211626
наивная MLE,20.175935251862036
наивная MLE,8.706499941489522
наивная MLE,2.5265406898628426
наивная MLE,38.162927556233626
наивная MLE,11.9437982271511
наивная MLE,24.77496053167731
наивная MLE,27.267092853260458
наивная MLE,18.18216362674
наивная MLE,7.228740988874126
наивная MLE,42.48367701214111
наивная MLE,6.518467660062964
наивная MLE,11.062520558605403
наивная MLE,9.636346035389035
наивная MLE,17.21699958517197
наивная MLE,29.50622176276608
наивная MLE,6.401367138661783
наивная MLE,28.627819774250995
наивная MLE,8.505082605991417
наивная MLE,5.896109039952087
наивная MLE,14.036956945806278
наивная MLE,20.048161779560765
наивная MLE,9.987734882290717
наивная MLE,37.950270378030226
наивная MLE,2.6427075093073755
наивная MLE,14.362512935239609
наивная MLE,20.098732199173995
наивная MLE,10.972538484307155
наивная MLE,13.694183547625407
наивная MLE,6.860586405944291
наивная MLE,10.669940232692648
наивная MLE,12.3504452990359
наивная MLE,8.390820601662915
наивная MLE,10.171014811490164
наивная MLE,9.043859653584212
наивная MLE,7.684872841930317
наивная MLE,12.243894873623663
наивная MLE,7.484860171997278
наивная MLE,18.340929619389723
наивная MLE,25.520892667246905
наивная MLE,10.075387384694846
наивная MLE,3.7630150234828292
наивная MLE,9.563637549251572
наивная MLE,16.035601498028687
наивная MLE,5.393840221587474
наивная MLE,8.933087349008364
наивная MLE,9.810007631296935
наивная MLE,18.056002515993512
наивная MLE,6.555515068899395
наивная MLE,16.75869297321191
наивная MLE,10.557658738785902
наивная MLE,11.563327727704419
наивная MLE,3.144085659872817
наивная MLE,17.073751694387038
наивная MLE,30.602754122289152
наивная MLE,6.981831727870461
наивная MLE,3.018516374366829
наивная MLE,23.43629346854361
наивная MLE,13.159298776203869
наивная MLE,33.19095405084786
наивная MLE,31.050751844375803
наивная MLE,22.12583163607026
наивная MLE,11.49383109679178
наивная MLE,33.46427697946542
наивная MLE,9.35674768819711
наивная MLE,13.947989711240178
наивная MLE,12.179115607063993
наивная MLE,18.30519325942497
наивная MLE,4.357638616506161
наивная MLE,5.389206379878818
наивная MLE,10.123161802061336
наивная MLE,19.758332009370857
наивная MLE,31.812854730980916
наивная MLE,18.598690647206027
наивная MLE,23.277131957760098
наивная MLE,10.895033106899309
наивная MLE,9.959015103569412
наивная MLE,12.890366725819643
наивная MLE,17.479275072060577
наивная MLE,11.624073282926345
наивная MLE,11.536410412038888
наивная MLE,4.845742175745652
наивная MLE,12.637777356683708
наивная MLE,18.090346854409596
наивная MLE,16.3147529417582
наивная MLE,12.973150986192755
наивная MLE,15.096893621534498
наивная MLE,6.776372190507205
наивная MLE,31.974596995696178
наивная MLE,18.858343650975655
наивная MLE,43.12269814652357
наивная MLE,5.792011641294195
наивная MLE,8.847435324430753
наивная MLE,6.972553702363097
наивная MLE,24.344472922976266
наивная MLE,22.88015580478216
наивная MLE,9.87087548768219
наивная MLE,5.948320626888897
наивная MLE,4.531852790939781
наивная MLE,12.256041674777121
наивная MLE,21.405669409621837
наивная MLE,2.3792101833572605
наивная MLE,33.27582245891655
наивная MLE,26.27583362164183
наивная MLE,3.2330511166071485
наивная MLE,7.642115008261818
наивная MLE,7.348112454012918
наивная MLE,6.4598287565522785
наивная MLE,33.54139654885109
наивная MLE,9.332876621156279
наивная MLE,16.62192856144424
наивная MLE,11.928107206378137
наивная MLE,19.128230983239092
наивная MLE,29.820579534347303
наивная MLE,34.86733527182171
наивная MLE,3.4067075055079905
наивная MLE,30.973718865256366
наивная MLE,39.45766086048772
наивная MLE,13.424110436280802
наивная MLE,7.225027616634871
наивная MLE,9.656207514393179
наивная MLE,19.829482921770758
наивная MLE,7.051380098803689
наивная MLE,21.498027409821344
наивная MLE,14.312548487171508
наивная MLE,12.415990955195424
наивная MLE,5.0269698337433315
наивная MLE,12.931884911011764
наивная MLE,15.39047637667799
наивная MLE,9.116971837067911
наивная MLE,20.198156088184774
наивная MLE,20.447161432757838
наивная MLE,9.607575698184728
наивная MLE,9.57366083303273
наивная MLE,22.575320648879917
наивная MLE,9.377893772246463
наивная MLE,18.98301370745115
наивная MLE,18.348289414870454
наивная MLE,7.788349459987127
наивная MLE,12.089755464410418
наивная MLE,22.16366267024592
наивная MLE,22.408163176698665
наивная MLE,9.619068699484576
наивная MLE,11.741101519189728
наивная MLE,8.734913283711544
наивная MLE,18.377685672329292
наивная MLE,2.652547458332856
наивная MLE,11.242997544149404
наивная MLE,12.226455300699733
наивная MLE,34.20439557167872
наивная MLE,16.698522817459306
наивная MLE,5.4862195938920175
наивная MLE,9.825513101818332
наивная MLE,10.661345149670034
наивная MLE,16.00892956629046
наивная MLE,3.1281116865016605
наивная MLE,5.458308489410364
наивная MLE,6.307773238505469
наивная MLE,33.456618764293744
наивная MLE,13.626905594946377
наивная MLE,9.683145352403157
наивная MLE,25.212259877946224
наивная MLE,7.764211571911012
наивная MLE,6.575041852224992
наивная MLE,33.47384170312064
наивная MLE,15.47342013545386
наивная MLE,12.266204784808583
наивная MLE,24.434118970997655
наивная MLE,24.850534985114358
наивная MLE,6.6503109843897406
наивная MLE,17.210940551612243
наивная MLE,32.71342328280567
наивная MLE,11.194979659709112
наивная MLE,9.00947992985953
наивная MLE,4.573800527811598
наивная MLE,8.330098103308806
наивная MLE,5.346941950484352
наивная MLE,15.983146871114982
наивная MLE,21.532829340206924
наивная MLE,27.54510082759004
наивная MLE,30.066299635353932
наивная MLE,16.773669484186485
наивная MLE,18.24176938593213
наивная MLE,10.048202421919772
наивная MLE,18.224486971164346
наивная MLE,40.93062601197026
наивная MLE,12.258542528897015
наивная MLE,14.142081031343384
наивная MLE,15.111254706176242
наивная MLE,13.118491523077065
наивная MLE,15.827253035349262
наивная MLE,12.968101516182305
наивная MLE,12.697939928762311
наивная MLE,13.354867953464328
наивная MLE,6.309570242150111
наивная MLE,20.25991765003991
наивная MLE,5.554975320285303
наивная MLE,10.576910918828156
наивная MLE,19.434052820099403
наивная MLE,6.503058240940768
наивная MLE,18.89840085264464
наивная MLE,6.955272177840518
наивная MLE,8.683301081692393
наивная MLE,7.356144667797176
наивная MLE,41.851912616251674
наивная MLE,5.5896338278814355
наивная MLE,22.870276152720592
наивная MLE,26.66383770150211
наивная MLE,18.098210121464007
наивная MLE,48.738453306445024
наивная MLE,19.770488209566263
наивная MLE,3.622877600439079
наивная MLE,18.903948961378752
наивная MLE,16.157833439912505
наивная MLE,11.759449174811333
наивная MLE,13.37757468164933
наивная MLE,11.391785572243966
наивная MLE,11.294992228193962
наивная MLE,14.328605550348115
наивная MLE,21.862811059791593
наивная MLE,10.18446681092966
наивная MLE,10.565193565819207
наивная MLE,21.65611183165145
наивная MLE,12.584562680954576
наивная MLE,8.520067206906667
наивная MLE,30.1641707379751
наивная MLE,1.1371304563122302
наивная MLE,22.89196719392131
наивная MLE,26.229690063238934
наивная MLE,12.531011509419908
наивная MLE,24.888851868725357
наивная MLE,17.37646923471135
наивная MLE,11.097634242788182
наивная MLE,20.368060286066246
наивная MLE,13.21556624177527
наивная MLE,14.390518892680213
наивная MLE,5.2014476301389685
наивная MLE,3.0876647339705676
наивная MLE,7.515804313411847
наивная MLE,5.48044691708612
наивная MLE,8.490260485428239
наивная MLE,28.307610465366686
наивная MLE,30.53463782141727
наивная MLE,29.195758825950602
наивная MLE,26.920383172097843
наивная MLE,11.763784120684507
наивная MLE,7.728136132186001
наивная MLE,30.727607565215823
наивная MLE,2.920254522441389
наивная MLE,27.49308344873482
наивная MLE,40.888403929609794
наивная MLE,6.962613216408553
наивная MLE,15.598355444152425
наивная MLE,8.2128364639164
наивная MLE,3.9980824111012505
наивная MLE,5.676517972057038
наивная MLE,10.742935283095248
наивная MLE,14.154786857185409
наивная MLE,19.42997494049984
наивная MLE,9.07054456822309
наивная MLE,15.423445625439522
наивная MLE,14.838445477089921
наивная MLE,10.08562422377761
наивная MLE,9.178389116096003
наивная MLE,13.291128455713444
наивная MLE,4.15063877821211
наивная MLE,21.495764097461677
наивная MLE,5.076631214527945
наивная MLE,7.657482324792158
наивная MLE,20.098606280053694
наивная MLE,50.47100126889709
наивная MLE,17.39727617183705
наивная MLE,4.814998873007847
наивная MLE,54.578017600848426
наивная MLE,15.955026116502847
наивная MLE,10.417688856988136
наивная MLE,14.864276944521993
наивная MLE,10.517562506420612
наивная MLE,28.108377324749476
наивная MLE,17.41473435846023
наивная MLE,4.689141847738695
наивная MLE,12.919283269719136
наивная MLE,37.253440406424275
наивная MLE,8.406361039429617
наивная MLE,13.911871019440973
наивная MLE,17.563474792541896
наивная MLE,7.685076646926985
наивная MLE,5.960409568130914
наивная MLE,23.18081529246096
наивная MLE,17.93048252504436
наивная MLE,7.818981094736568
наивная MLE,42.70463116981408
наивная MLE,20.21657582827457
наивная MLE,6.697140110489414
наивная MLE,9.952890696953324
наивная MLE,24.459445095286497
наивная MLE,13.8364293697357
наивная MLE,9.570558709151083
наивная MLE,14.998336307268637
наивная MLE,5.877022593048881
наивная MLE,20.614208475157657
наивная MLE,14.317830663605932
наивная MLE,24.96172699780881
наивная MLE,7.006376138762941
наивная MLE,24.107544604136642
наивная MLE,1.651993018296328
наивная MLE,14.20204203042956
наивная MLE,8.989122835987732
наивная MLE,19.978048165336574
наивная MLE,15.965577714024677
наивная MLE,25.939624447963933
наивная MLE,6.65689817740491
наивная MLE,2.941604611256256
наивная MLE,11.714361789058962
наивная MLE,15.731081786278077
наивная MLE,29.44674029452576
наивная MLE,15.691379346928594
наивная MLE,13.240344833064887
наивная MLE,1.8318784801216852
наивная MLE,8.464417427705282
наивная MLE,16.938675298831157
наивная MLE,9.995124620636972
наивная MLE,9.486214427044125
наивная MLE,16.292023877893186
наивная MLE,12.773026845904347
наивная MLE,11.291407642619415
наивная MLE,8.236011520335587
наивная MLE,1.0340633421049616
наивная MLE,5.991188502425183
наивная MLE,32.77895006577381
наивная MLE,7.8834070939878895
наивная MLE,8.730570567881525
наивная MLE,18.66097645058588
наивная MLE,27.196752926030822
наивная MLE,7.291233295031256
наивная MLE,20.958978432408458
наивная MLE,14.124916800627869
наивная MLE,10.980499052271838
наивная MLE,24.31485348475481
наивная MLE,6.271126225754024
наивная MLE,39.19838663089942
наивная MLE,9.450612404816209
наивная MLE,10.88640139573781
наивная MLE,20.044935196849693
наивная MLE,28.891533315835076
наивная MLE,28.715637451037704
наивная MLE,17.487995944379165
наивная MLE,16.64210850279545
наивная MLE,11.667329156972116
наивная MLE,7.622555873333258
наивная MLE,18.756976638040292
наивная MLE,3.1392771695650143
наивная MLE,12.546156556308164
наивная MLE,21.037345716932325
наивная MLE,21.43976787153872
наивная MLE,29.395972593628656
наивная MLE,19.385885994919647
наивная MLE,15.896010588204945
наивная MLE,8.268739439772954
наивная MLE,2.1016681540371276
наивная MLE,12.770189213976067
наивная MLE,10.485174685659187
наивная MLE,4.706061210392203
наивная MLE,7.241528386577688
наивная MLE,27.255575193584754
наивная MLE,16.449319656262766
наивная MLE,12.215461612632591
наивная MLE,10.409574718787088
наивная MLE,14.334051576971452
наивная MLE,14.04437343342956
наивная MLE,5.603208192692944
наивная MLE,12.247967310438614
наивная MLE,12.318260053741923
наивная MLE,11.394156263047737
наивная MLE,10.129454849396241
наивная MLE,6.920995922281895
наивная MLE,7.767859147208664
наивная MLE,14.066556312544849
наивная MLE,19.246401153934208
наивная MLE,30.41483719942064
наивная MLE,16.777906487297027
наивная MLE,26.249765342643666
наивная MLE,6.973086203488449
наивная MLE,3.310855440181692
наивная MLE,6.907996261858343
наивная MLE,7.473166966438673
наивная MLE,7.329462253873176
наивная MLE,13.081693215909274
наивная MLE,16.95180062085107
наивная MLE,4.317060164565865
наивная MLE,13.482883309368527
наивная MLE,4.914989463473193
наивная MLE,27.473681950764288
наивная MLE,17.26978791688505
наивная MLE,15.480051535750711
наивная MLE,11.152276311870118
наивная MLE,10.297204844894877
наивная MLE,7.839118503436391
наивная MLE,8.097733240344072
наивная MLE,3.3677450376249936
наивная MLE,12.78823773276296
наивная MLE,2.8261865010594347
наивная MLE,17.241580935462963
наивная MLE,5.12881859737951
наивная MLE,11.6622939114827
наивная MLE,20.44636591502007
наивная MLE,14.577792569478813
наивная MLE,6.419524882968259
наивная MLE,8.38780843280395
наивная MLE,16.296024632307383
наивная MLE,28.552614348396364
наивная MLE,27.540836403708653
наивная MLE,7.965021054936633
наивная MLE,5.4839963499446425
наивная MLE,12.79231066719446
наивная MLE,1.0284720233657478
наивная MLE,15.470545208097107
наивная MLE,13.440685659909622
наивная MLE,17.94113129947744
наивная MLE,17.972144556150486
наивная MLE,4.691420219910529
наивная MLE,28.988088517201515
наивная MLE,9.543090310885306
наивная MLE,37.03652026083971
наивная MLE,24.917928317887927
наивная MLE,11.325330680631948
наивная MLE,9.013916357288194
наивная MLE,2.5957150883366915
наивная MLE,6.094790312768756
наивная MLE,12.325637255475923
наивная MLE,6.141773561195633
наивная MLE,22.120094025446953
наивная MLE,12.833935998852713
наивная MLE,36.185612393225576
наивная MLE,14.690803004265764
наивная MLE,9.861491770076931
наивная MLE,10.343663596280596
наивная MLE,16.253541721195635
наивная MLE,7.523249428757974
наивная MLE,3.2054968086904982
наивная MLE,4.366632720127054
наивная MLE,14.990875595032204
наивная MLE,21.194289007403018
наивная MLE,10.853947185121239
наивная MLE,18.346248289798506
наивная MLE,12.149097139625983
наивная MLE,17.396947018484013
наивная MLE,6.385423777392489
наивная MLE,47.445568189210704
наивная MLE,9.05334063205644
наивная MLE,27.959946746919258
наивная MLE,4.464463598470924
наивная MLE,6.466990944250014
наивная MLE,14.378847019870985
наивная MLE,2.623590074487745
наивная MLE,9.677240363270927
наивная MLE,9.21292666728897
наивная MLE,12.16721756937057
наивная MLE,8.758439755541664
наивная MLE,5.833943830970032
наивная MLE,6.875430385308072
наивная MLE,13.110774158817815
наивная MLE,33.49899415681201
наивная MLE,21.395627762660432
наивная MLE,4.054686573596927
наивная MLE,7.03418853520459
наивная MLE,44.2026579223793
наивная MLE,1.1301958919698514
наивная MLE,28.238108173447152
наивная MLE,6.849858756882836
наивная MLE,7.195084167023052
наивная MLE,14.798979898456547
наивная MLE,15.941920287238748
наивная MLE,2.902633092270341
наивная MLE,8.414043087126155
наивная MLE,8.589329389944197
наивная MLE,30.941600270802404
наивная MLE,12.33026863139646
наивная MLE,13.16060889523844
наивная MLE,4.29143744973299
наивная MLE,8.025010347465475
наивная MLE,9.134541378612484
наивная MLE,13.5693850223725
наивная MLE,8.818210101643103
наивная MLE,16.892358467447927
наивная MLE,7.251750823772416
наивная MLE,2.744724804892058
наивная MLE,15.151043924161424
наивная MLE,25.57489188391197
наивная MLE,7.583167776290751
наивная MLE,13.883040081345742
наивная MLE,13.735025111046497
наивная MLE,14.75951348254263
наивная MLE,14.382115480121708
наивная MLE,4.257177284089821
наивная MLE,4.4291732972254545
наивная MLE,27.59962731059614
наивная MLE,16.10083434866437
наивная MLE,13.07714332660343
наивная MLE,7.2686512467156605
наивная MLE,10.449722460430136
наивная MLE,6.555367551913031
наивная MLE,40.460886575638376
наивная MLE,6.387243556107801
наивная MLE,6.389002435311106
наивная MLE,11.600737936604801
наивная MLE,16.173440422563242
наивная MLE,6.408744671181561
наивная MLE,5.182663617124664
наивная MLE,5.8784121323313405
наивная MLE,13.845393563454653
наивная MLE,15.960544353568547
наивная MLE,9.086380179860766
наивная MLE,9.028519379640203
наивная MLE,14.346104092458775
наивная MLE,24.225861303067155
наивная MLE,14.894578841671121
наивная MLE,5.83566448023099
наивная MLE,3.8094259347587296
наивная MLE,4.430278807269701
наивная MLE,6.2011628486461685
наивная MLE,12.238274374406673
наивная MLE,18.48840090028559
наивная MLE,15.549162592181055
наивная MLE,16.06010928425412
наивная MLE,11.11064308659368
наивная MLE,15.826199070160264
наивная MLE,10.07802373555732
наивная MLE,7.143697837057471
наивная MLE,11.316681566074008
наивная MLE,17.068716719732187
наивная MLE,11.921944692622645
наивная MLE,5.110180706099201
наивная MLE,5.984363968098407
наивная MLE,21.3820829049275
наивная MLE,2.5272159880989644
наивная MLE,2.7382389642837452
наивная MLE,2.592202931926124
наивная MLE,7.954054232035422
наивная MLE,11.68727633876529
наивная MLE,3.8174406027367715
наивная MLE,10.468336003897694
наивная MLE,48.400023077951964
наивная MLE,14.432232973404368
наивная MLE,14.530465652510246
наивная MLE,18.073868052247484
наивная MLE,19.95229079719926
наивная MLE,9.809242481616204
наивная MLE,12.185163133254745
наивная MLE,37.32216412732576
наивная MLE,7.3125596951139125
наивная MLE,9.804153912058725
наивная MLE,7.858597343763453
наивная MLE,10.402445487374292
наивная MLE,32.06551007605595
наивная MLE,8.149794826222175
наивная MLE,7.531451344174861
наивная MLE,28.93085449234968
наивная MLE,7.485823776947648
наивная MLE,5.810566274561747
наивная MLE,8.819267278575843
наивная MLE,16.339492672439206
наивная MLE,15.918002692044173
наивная MLE,18.46372699280122
наивная MLE,16.783502293130447
наивная MLE,22.023269289487402
наивная MLE,3.8680081991670456
наивная MLE,9.054809196618237
наивная MLE,15.968686468910274
наивная MLE,18.98232317204106
наивная MLE,2.829703180067648
наивная MLE,3.407733430573077
наивная MLE,21.228490480432498
наивная MLE,2.2981591162440007
наивная MLE,25.262373033576303
наивная MLE,23.225060442591143
наивная MLE,4.85283899349032
наивная MLE,14.623354372349041
наивная MLE,37.62925512133722
наивная MLE,5.030071297240038
наивная MLE,4.316400178064387
наивная MLE,6.129703830042751
наивная MLE,18.855170488917256
наивная MLE,9.74507723597759
наивная MLE,5.59044051173634
наивная MLE,6.222679000356334
наивная MLE,13.529083432129426
наивная MLE,10.019831586055435
наивная MLE,12.755391438165272
наивная MLE,2.728203728693843
наивная MLE,4.4340021056746295
наивная MLE,16.028824676544343
наивная MLE,27.533106042182354
наивная MLE,19.859623673614603
наивная MLE,15.880900427210623
наивная MLE,17.406913370222355
наивная MLE,5.366839166305714
наивная MLE,4.633239018823918
наивная MLE,32.264911917497464
наивная MLE,5.1574559673189135
наивная MLE,4.369649053697357
наивная MLE,10.546626461915736
наивная MLE,8.151772948928219
наивная MLE,18.435694994789174
наивная MLE,5.209803247678815
наивная MLE,7.0001265090405305
наивная MLE,12.415945467125253
наивная MLE,17.500345129209926
наивная MLE,9.963038724180766
наивная MLE,22.408406734597275
наивная MLE,16.53279596427147
наивная MLE,1.6789528286181512
наивная MLE,7.25988564275777
наивная MLE,8.26114528270043
наивная MLE,24.7593888244781
наивная MLE,21.59328240735534
наивная MLE,19.13854731609377
наивная MLE,10.58779187635069
наивная MLE,6.336787212285225
наивная MLE,11.357228150960438
наивная MLE,37.84909140367058
наивная MLE,8.079238605410652
наивная MLE,3.1837168285634245
наивная MLE,18.656764325471254
наивная MLE,22.657810330977497
наивная MLE,8.905232948862388
наивная MLE,19.286230611471133
наивная MLE,3.87269047264738
наивная MLE,8.842878405998556
наивная MLE,17.63735853884767
наивная MLE,13.859328659024378
наивная MLE,10.267401034146438
наивная MLE,22.140263976146414
наивная MLE,2.021248948593331
наивная MLE,12.471127426326934
наивная MLE,14.443332706341097
наивная MLE,11.255939355789645
наивная MLE,25.839653134510144
наивная MLE,8.247539736847147
наивная MLE,12.002034724497236
наивная MLE,8.095608524175281
наивная MLE,11.852951609734948
наивная MLE,19.815429216373808
наивная MLE,23.622593978629418
наивная MLE,9.632416411949754
наивная MLE,7.966728155526331
наивная MLE,23.71191740242903
наивная MLE,3.91338660943217
наивная MLE,7.568501176899796
наивная MLE,14.996232377651204
наивная MLE,12.536235913658146
наивная MLE,21.79290193779248
наивная MLE,23.693917410285767
наивная MLE,7.174236540712737
наивная MLE,8.519720161212856
наивная MLE,12.97392147766293
наивная MLE,19.57863318259715
наивная MLE,12.674918259955884
наивная MLE,2.9209387486823655
наивная MLE,12.519579125982336
наивная MLE,27.400425750424272
наивная MLE,14.024930253162415
наивная MLE,19.055012298710537
наивная MLE,14.110457763547904
наивная MLE,3.3990933756266566
наивная MLE,16.045733020357325
наивная MLE,9.473545137594904
наивная MLE,17.28485985104524
наивная MLE,11.958274169899848
наивная MLE,26.654617988024725
наивная MLE,22.702431763695373
наивная MLE,7.712607659211521
наивная MLE,6.891486808954004
наивная MLE,19.32526945452171
наивная MLE,42.78991268852087
наивная MLE,20.317523785022612
наивная MLE,11.740498207093491
наивная MLE,10.213761198912986
наивная MLE,34.73278712884516
наивная MLE,17.332895001119418
наивная MLE,10.783149343428581
наивная MLE,20.461678440069328
наивная MLE,13.170082040500269
наивная MLE,9.834014489318868
наивная MLE,5.5007906831617355
наивная MLE,6.095855644819864
наивная MLE,38.012707682659354
наивная MLE,10.672835034568628
наивная MLE,13.454488814635694
наивная MLE,17.48980103378296
наивная MLE,10.791400639021013
наивная MLE,17.454175778044966
наивная MLE,18.590769483861614
наивная MLE,9.054995715532437
наивная MLE,20.329134945879105
наивная MLE,17.79585739342493
наивная MLE,6.770219967045147
наивная MLE,8.978857235719717
наивная MLE,9.418292656718044
наивная MLE,13.758641157953154
наивная MLE,12.294621193092985
наивная MLE,25.935363450458652
наивная MLE,4.294894539535165
наивная MLE,8.130555748461795
наивная MLE,20.696325417447383
наивная MLE,46.23106474634156
наивная MLE,6.553365059356949
наивная MLE,8.627751674946888
наивная MLE,12.047249922730886
наивная MLE,4.827148884297381
наивная MLE,12.581350946968138
наивная MLE,8.099400043723037
наивная MLE,12.161880403128274
наивная MLE,6.366212410911912
наивная MLE,1.4528394880141382
наивная MLE,13.325610580231576
наивная MLE,7.350238322177328
наивная MLE,7.915219584509258
наивная MLE,24.07233700529348
наивная MLE,16.264050555259388
наивная MLE,10.397003774234502
наивная MLE,6.418550720381026
наивная MLE,7.716977703188484
наивная MLE,10.98218550206118
наивная MLE,12.901248167097908
наивная MLE,12.163721266441264
наивная MLE,16.303551391666907
наивная MLE,16.23122669331491
наивная MLE,3.986220391637998
наивная MLE,5.428514007558636
наивная MLE,18.061660808977205
наивная MLE,11.520531238210138
наивная MLE,11.528616674238506
наивная MLE,10.256263240208186
наивная MLE,9.021625696984863
наивная MLE,5.4937614421104595
наивная MLE,2.3421933222630216
наивная MLE,6.376174180389508
наивная MLE,14.89438630192059
наивная MLE,21.35131572793774
наивная MLE,17.67390177691413
наивная MLE,9.845386682999408
наивная MLE,34.026951851124764
наивная MLE,9.717413407188781
наивная MLE,7.062864823542178
наивная MLE,3.8099945405965596
наивная MLE,11.390934277731233
наивная MLE,7.441338517372434
наивная MLE,30.121639070978212
наивная MLE,9.720607053839942
наивная MLE,37.27526622007033
наивная MLE,18.543704004433074
наивная MLE,9.661386587839282
наивная MLE,11.206076167778146
наивная MLE,26.817991811150247
наивная MLE,8.423739408813132
наивная MLE,15.35265984968742
наивная MLE,9.265549762205982
наивная MLE,29.749185396755205
наивная MLE,42.36541646867259
наивная MLE,2.6984258394246754
наивная MLE,5.345257990203941
наивная MLE,8.0842163949001
наивная MLE,8.330538359334714
наивная MLE,4.132903175430574
наивная MLE,20.79627743166175
наивная MLE,20.709230598097438
наивная MLE,11.178150524506425
наивная MLE,22.331648497867143
наивная MLE,3.4880351339703113
наивная MLE,7.611868042666433
наивная MLE,50.85429946973069
наивная MLE,13.484165296866285
наивная MLE,19.38995084304726
наивная MLE,13.914122072168244
наивная MLE,8.119314082990591
наивная MLE,5.316611742764119
наивная MLE,19.43825184715522
наивная MLE,3.9687073946293574
наивная MLE,13.162009358332043
наивная MLE,18.787082286389996
наивная MLE,16.824885779016284
наивная MLE,19.15492434508685
наивная MLE,6.24568881132022
наивная MLE,12.5609040341716
наивная MLE,14.797214874740105
наивная MLE,28.69084583496256
наивная MLE,12.340043530808646
наивная MLE,2.5277343306368016
наивная MLE,3.736174589823623
наивная MLE,25.228298662121404
наивная MLE,10.94568912547387
наивная MLE,8.391872098385669
наивная MLE,9.961834144148188
наивная MLE,19.619837305151428
наивная MLE,17.597618310786103
наивная MLE,10.063739894739454
наивная MLE,7.487731155972616
наивная MLE,4.485694767252895
наивная MLE,10.086491626015947
наивная MLE,10.963683801639032
наивная MLE,22.472614662798225
наивная MLE,4.432110362861381
наивная MLE,8.950344577406387
наивная MLE,12.155474750737941
наивная MLE,6.547328058260997
наивная MLE,10.690443992306134
наивная MLE,9.476603797330952
наивная MLE,14.496650354861407
наивная MLE,12.065802245610907
наивная MLE,10.311687029849367
наивная MLE,11.811236456911091
наивная MLE,4.29848419012925
наивная MLE,7.739049397849458
наивная MLE,7.321552046668382
наивная MLE,27.298620062477095
наивная MLE,3.8069030609550216
наивная MLE,7.773264338131662
наивная MLE,14.415914401796135
наивная MLE,26.229382116848736
наивная MLE,2.8402436947976666
наивная MLE,16.726947839521433
наивная MLE,13.249175054152046
наивная MLE,9.410189527397245
наивная MLE,6.516621069632352
наивная MLE,26.89425684075032
наивная MLE,13.016393831255938
наивная MLE,3.660615627260442
наивная MLE,9.414930163166284
наивная MLE,9.648978840756861
наивная MLE,3.3249221243800977
наивная MLE,10.264100178490791
наивная MLE,17.27142169115974
наивная MLE,2.405618114581551
наивная MLE,5.489384057711781
наивная MLE,8.571775987025209
наивная MLE,20.305989738975182
наивная MLE,16.84799532302695
наивная MLE,15.5415990430011
наивная MLE,26.26227553962615
наивная MLE,23.14171853062338
наивная MLE,3.142730052127303
наивная MLE,10.30036655014749
наивная MLE,18.3541873243863
наивная MLE,48.613874301298566
наивная MLE,3.5289326964899956
наивная MLE,13.531684347883663
наивная MLE,17.279182940169296
наивная MLE,2.5581111222461823
наивная MLE,18.419825738165407
наивная MLE,6.473162780095016
наивная MLE,18.037071967149203
наивная MLE,9.718393771774975
наивная MLE,11.470487357138229
наивная MLE,5.074685840470603
наивная MLE,6.849659083031292
наивная MLE,12.442501671278137
наивная MLE,13.481179253381923
наивная MLE,24.069365357811122
наивная MLE,13.650394563502267
наивная MLE,23.772678678009232
наивная MLE,7.546169611461284
наивная MLE,4.563290886029397
наивная MLE,8.088459774923258
наивная MLE,8.657966205985954
наивная MLE,3.1626437323912278
наивная MLE,28.7327727842486
наивная MLE,23.206810140493076
наивная MLE,9.10648830825937
наивная MLE,26.003241186393595
наивная MLE,28.299711748824702
наивная MLE,8.82141211530685
наивная MLE,11.152608389937903
наивная MLE,4.010219554433881
наивная MLE,9.377339267223295
наивная MLE,16.634594718783255
наивная MLE,12.435660781405268
наивная MLE,12.777879722343883
наивная MLE,12.713794227782142
наивная MLE,5.338922407473326
наивная MLE,15.614158865447472
наивная MLE,13.676095853061703
наивная MLE,3.641964956844998
наивная MLE,7.045421288434932
наивная MLE,15.80344903526057
наивная MLE,3.7296139904004386
наивная MLE,7.551774721590247
наивная MLE,23.99196918821118
наивная MLE,3.8364648498648988
наивная MLE,9.118851184162489
наивная MLE,20.677418840361295
наивная MLE,8.7731825958016
наивная MLE,13.919719441240648
наивная MLE,28.504733947887836
наивная MLE,12.618556362056172
наивная MLE,28.152891341444658
наивная MLE,13.527691962007546
наивная MLE,33.21428576581384
наивная MLE,11.097447569385922
наивная MLE,26.43922075022219
наивная MLE,28.384034666619115
наивная MLE,26.20278173847615
наивная MLE,6.067842590835269
наивная MLE,23.854567194425684
наивная MLE,15.3863456536903
наивная MLE,6.201731295577103
наивная MLE,14.998125061737227
наивная MLE,18.35463997961665
наивная MLE,7.536353839893174
наивная MLE,2.7465981474739998
наивная MLE,6.998358599221629
наивная MLE,3.9387337106696307
наивная MLE,20.414569247899383
наивная MLE,14.501571802417342
наивная MLE,6.5390871786271845
наивная MLE,5.936905805537827
наивная MLE,4.317917949997988
наивная MLE,8.688923837577814
наивная MLE,55.17835927401663
наивная MLE,5.527770075970712
наивная MLE,10.884593190735043
наивная MLE,6.872541962523723
наивная MLE,25.42629259171767
наивная MLE,7.422583700456139
наивная MLE,5.8046867491348495
наивная MLE,22.228156561871828
наивная MLE,15.554178091322834
наивная MLE,5.038921869450556
наивная MLE,11.595151195362032
наивная MLE,27.717101839187556
наивная MLE,4.582737710626561
наивная MLE,7.6863475776406265
наивная MLE,31.3376522506301
наивная MLE,3.766526466140843
наивная MLE,12.053535779378883
наивная MLE,11.93722606891158
наивная MLE,28.777245791823766
наивная MLE,9.155596045768302
наивная MLE,4.085937331801468
наивная MLE,6.888693763156652
наивная MLE,7.3319045126702935
наивная MLE,1.4778015524564054
наивная MLE,16.104412893125016
наивная MLE,13.479231585690634
наивная MLE,7.4886107921824445
наивная MLE,17.610699867212787
наивная MLE,16.413873675706743
наивная MLE,7.3376481969626735
наивная MLE,11.977070368800508
наивная MLE,13.467797712660866
наивная MLE,9.930351976229709
наивная MLE,4.659697291262964
наивная MLE,19.232902634607324
наивная MLE,50.52636044130413
наивная MLE,26.911516465118808
наивная MLE,22.613693050042258
наивная MLE,17.114510628294255
наивная MLE,20.50915568903556
наивная MLE,4.814430926088954
наивная MLE,4.282602850271404
наивная MLE,16.103492209398205
наивная MLE,46.05747907468275
наивная MLE,5.834575687199919
наивная MLE,27.53499025049135
наивная MLE,34.8944083351239
наивная MLE,11.202730028515022
наивная MLE,14.892644234987657
наивная MLE,8.706609515502661
наивная MLE,12.67609772702904
наивная MLE,13.275103528990508
наивная MLE,14.330771566248705
наивная MLE,12.539606434109164
наивная MLE,4.951764173992226
наивная MLE,14.706804591503287
наивная MLE,22.575032558194444
наивная MLE,16.4159746265591
наивная MLE,12.146989482151156
наивная MLE,15.347462277955804
наивная MLE,17.168739971362275
наивная MLE,15.612417421558009
наивная MLE,6.201472586031958
наивная MLE,7.196880925400851
наивная MLE,14.23655321796282
наивная MLE,2.2665508643226167
наивная MLE,7.163912580055423
наивная MLE,15.22181516005332
наивная MLE,18.7136578070038
наивная MLE,13.379692707835739
наивная MLE,21.2705976015408
наивная MLE,7.328503038716347
наивная MLE,52.18853480357371
наивная MLE,8.769488224690104
наивная MLE,5.6724388865484165
наивная MLE,14.544049165192813
наивная MLE,24.646276495997874
наивная MLE,15.257893909678845
наивная MLE,16.49485188950846
наивная MLE,17.156980214175913
наивная MLE,6.966173054734669
наивная MLE,18.229946857705876
наивная MLE,2.7524925044206525
наивная MLE,8.097783147823444
наивная MLE,6.066029695964794
наивная MLE,16.295223399542323
наивная MLE,23.657826485067655
наивная MLE,17.85884747812403
наивная MLE,9.296799578069681
наивная MLE,14.423754123011408
наивная MLE,9.632673284326806
наивная MLE,21.24557790648097
наивная MLE,15.941231403288734
наивная MLE,6.207779693688469
наивная MLE,18.19462978109522
наивная MLE,8.163675112349019
наивная MLE,4.614670935600156
наивная MLE,12.562705359042994
наивная MLE,8.022192090608229
наивная MLE,5.5398826608845
наивная MLE,1.609136650352069
наивная MLE,8.668543260712823
наивная MLE,9.681538159767332
наивная MLE,0.4730895977495361
наивная MLE,5.674409667937075
наивная MLE,9.632780229567556
наивная MLE,9.452562811780583
наивная MLE,34.42943788255946
наивная MLE,13.42298659658097
наивная MLE,24.950876416207358
наивная MLE,16.59687608153499
наивная MLE,5.025573037682047
наивная MLE,2.9963809782679935
наивная MLE,10.24890170702296
наивная MLE,6.718619854725771
наивная MLE,14.232331238167793
наивная MLE,12.421354497564794
наивная MLE,3.4401054047389596
наивная MLE,9.120764687167929
наивная MLE,7.276648051749774
наивная MLE,9.04037034880422
наивная MLE,10.381937170901132
наивная MLE,10.469460387576309
наивная MLE,13.209309164892462
наивная MLE,53.649855558652554
наивная MLE,3.6574647265585813
наивная MLE,19.217153045891276
наивная MLE,14.54675615477715
наивная MLE,52.05810696896248
наивная MLE,13.016627807349574
наивная MLE,8.703384707932633
наивная MLE,4.678696475833782
наивная MLE,3.999285940266765
наивная MLE,14.88819675729984
наивная MLE,8.219835917043302
наивная MLE,15.853585485959794
наивная MLE,33.79773033887939
наивная MLE,20.129884772367365
наивная MLE,15.052661889038715
наивная MLE,21.123298413875624
наивная MLE,9.708307556504629
наивная MLE,10.888069737215098
наивная MLE,10.168710922889844
наивная MLE,17.34233421348699
наивная MLE,9.895782006953533
наивная MLE,8.76788835332305
наивная MLE,24.574574667261537
наивная MLE,15.321118075447206
наивная MLE,6.407118403824577
наивная MLE,4.619815895886596
наивная MLE,9.548761971909279
наивная MLE,28.939669462420444
наивная MLE,11.552453052802115
наивная MLE,8.856630870647841
наивная MLE,8.8264600743403
наивная MLE,7.562581504696715
наивная MLE,5.18365631167323
наивная MLE,5.851163400929812
наивная MLE,7.308049967945787
наивная MLE,9.75227471796982
наивная MLE,7.754715853711116
наивная MLE,3.241264661624468
наивная MLE,22.52615997694102
наивная MLE,16.250771021167587
наивная MLE,9.203630606772137
наивная MLE,12.203746582226781
наивная MLE,2.41037141687097
наивная MLE,14.345537142821845
наивная MLE,15.34517824664255
наивная MLE,52.90006492008031
наивная MLE,9.801958817065454
наивная MLE,23.97125285873054
наивная MLE,5.3453691297127
наивная MLE,16.90441463993337
наивная MLE,29.92844972407041
наивная MLE,7.568738085794117
наивная MLE,28.02272501497019
наивная MLE,6.553518748590497
наивная MLE,24.86312871413236
наивная MLE,22.254584044571104
наивная MLE,24.519225805191837
наивная MLE,11.619873172996504
наивная MLE,4.969310768765653
наивная MLE,9.128026049984136
наивная MLE,11.271300934322337
наивная MLE,7.33506897267373
наивная MLE,15.606719648306195
наивная MLE,12.136215556463984
наивная MLE,15.746529446284724
наивная MLE,10.63233971921446
наивная MLE,28.6190328772331
наивная MLE,9.30899641052803
наивная MLE,10.174926029626977
наивная MLE,10.68459899824882
наивная MLE,7.666123275536486
наивная MLE,4.568452831464993
наивная MLE,16.76439792196698
наивная MLE,6.917910901026531
наивная MLE,5.812158011757777
наивная MLE,12.673932233067692
наивная MLE,20.128442651892264
наивная MLE,0.8921190367976681
наивная MLE,28.838661383623407
наивная MLE,14.039717959256116
наивная MLE,32.94597201154235
наивная MLE,4.651560784619358
наивная MLE,6.234423765241464
наивная MLE,9.950078144955569
наивная MLE,3.1562882576975424
наивная MLE,7.118334521303005
наивная MLE,17.38188672554153
наивная MLE,19.640448745542905
наивная MLE,14.988538520249994
наивная MLE,7.982255803060351
наивная MLE,9.011978181572557
наивная MLE,19.787798564833402
наивная MLE,14.053267470012852
наивная MLE,8.149669859176031
наивная MLE,9.583324507094616
наивная MLE,21.17285972679316
наивная MLE,31.385074114774106
наивная MLE,6.754417787509997
наивная MLE,6.594083345918847
наивная MLE,18.113215545333656
наивная MLE,10.493460694701923
наивная MLE,1.8569576132645862
наивная MLE,13.642751692546836
наивная MLE,26.901528130203264
наивная MLE,8.699927614495403
наивная MLE,29.720355993886905
наивная MLE,8.835909318527783
наивная MLE,18.492644005976864
наивная MLE,19.019645845451308
наивная MLE,8.24523218464842
наивная MLE,6.516233921853203
наивная MLE,14.79147736722074
наивная MLE,22.397855569919088
наивная MLE,13.301547049410104
наивная MLE,4.7895201315736715
наивная MLE,21.51146281903415
наивная MLE,17.450739676493328
наивная MLE,9.737157058722346
наивная MLE,10.146784477389446
наивная MLE,18.374786333982456
наивная MLE,9.53969184241824
наивная MLE,8.476642023541611
наивная MLE,7.946801681032195
наивная MLE,21.66648488791631
наивная MLE,5.909221690828643
наивная MLE,14.955280245702845
наивная MLE,12.488526091951158
наивная MLE,18.523267052211988
наивная MLE,5.71180396676069
наивная MLE,5.929773780928533
наивная MLE,8.349528451311503
наивная MLE,5.595191969400276
наивная MLE,5.024934946401538
наивная MLE,10.96147413535992
наивная MLE,15.66223344810748
наивная MLE,11.491620969244575
наивная MLE,28.855644002311646
наивная MLE,11.631866456067208
наивная MLE,28.02704218248244
наивная MLE,10.765723876460774
наивная MLE,8.64996518199686
наивная MLE,19.71803376508251
наивная MLE,28.49764421571722
наивная MLE,27.685933786025817
наивная MLE,5.8146785418403475
наивная MLE,1.3234157588872866
наивная MLE,1.5253453276716766
наивная MLE,10.55958198260846
наивная MLE,7.7870906331481216
наивная MLE,6.992723550718631
наивная MLE,16.828307639845576
наивная MLE,7.073129810823019
наивная MLE,14.555146538215954
наивная MLE,34.711180402957474
наивная MLE,17.252137013652366
наивная MLE,19.11951709791314
наивная MLE,20.40778137950215
наивная MLE,17.553959389889503
наивная MLE,19.690020514268774
наивная MLE,13.788315282274356
наивная MLE,47.62983942455535
наивная MLE,7.383156473885277
наивная MLE,8.759029211481014
наивная MLE,26.25164666058803
наивная MLE,31.11476933708041
наивная MLE,5.010434088877197
наивная MLE,12.005916795209039
наивная MLE,7.487843405171416
наивная MLE,11.24099633678947
наивная MLE,8.535165524557716
наивная MLE,11.709384810515434
наивная MLE,12.756201086572089
наивная MLE,13.154893279813761
наивная MLE,5.1587703750362
наивная MLE,14.631049706608188
наивная MLE,16.805981849329015
наивная MLE,17.198756866420617
наивная MLE,8.675161689305845
наивная MLE,7.7790132930282105
наивная MLE,21.118994219448307
наивная MLE,6.5544029258750465
наивная MLE,10.840776486779806
наивная MLE,7.112201088120829
наивная MLE,26.11496473782082
наивная MLE,22.64177507585036
наивная MLE,6.152733141557117
наивная MLE,20.11593846527911
наивная MLE,6.038147776833821
наивная MLE,3.867758026356683
наивная MLE,11.136581449396354
наивная MLE,20.461380106949118
наивная MLE,5.262851249448624
наивная MLE,13.578040777698666
наивная MLE,18.66092485006245
наивная MLE,11.942408803550299
наивная MLE,15.25956647037539
наивная MLE,32.811914061391946
наивная MLE,9.311490737800225
наивная MLE,12.668855032544275
наивная MLE,12.007331972961193
наивная MLE,26.994626444598687
наивная MLE,10.685033082951856
наивная MLE,33.87991016497883
наивная MLE,7.457369805596401
наивная MLE,18.332616004749042
наивная MLE,9.452177247313292
наивная MLE,13.821962190621077
наивная MLE,11.519788457367335
наивная MLE,4.719994816580359
наивная MLE,5.8904070574815615
наивная MLE,2.773644441373013
наивная MLE,10.756518420640635
наивная MLE,5.194782502280706
наивная MLE,8.523275651926065
наивная MLE,50.433576803827414
наивная MLE,14.819667945605165
наивная MLE,24.2999991918714
наивная MLE,31.070676885831006
наивная MLE,4.673184088328345
наивная MLE,7.030073439728765
наивная MLE,3.0801462739755614
наивная MLE,28.558515607600455
наивная MLE,24.736597220257483
наивная MLE,12.421563875085537
наивная MLE,2.702064844823679
наивная MLE,11.574808619440475
наивная MLE,7.528112667508601
наивная MLE,3.983634288050088
наивная MLE,14.89971284754051
наивная MLE,13.304902127290816
наивная MLE,9.502730569817952
наивная MLE,5.093304644355107
наивная MLE,23.192146294962985
наивная MLE,7.55454703533898
наивная MLE,7.768228332573047
наивная MLE,3.234768505810257
наивная MLE,18.626546853467385
наивная MLE,14.07151666888668
наивная MLE,17.29215184363832
наивная MLE,5.5926541412275865
наивная MLE,8.687190356042517
наивная MLE,9.294985073237973
наивная MLE,9.462867670812264
наивная MLE,6.339917772370252
наивная MLE,13.220125180400832
наивная MLE,4.816433257659053
наивная MLE,17.425955116153425
наивная MLE,6.11809317747219
наивная MLE,21.885046033344633
наивная MLE,19.98138542086825
наивная MLE,8.728163274784865
наивная MLE,3.9996089435681808
наивная MLE,17.3711297965061
наивная MLE,11.416259458837791
наивная MLE,13.475059442181985
наивная MLE,23.27421398773045
наивная MLE,25.853860007343336
наивная MLE,9.995746628145417
наивная MLE,7.124094687201421
наивная MLE,6.228086815753937
наивная MLE,16.400505699107452
наивная MLE,10.077842082671069
наивная MLE,47.07339329528387
наивная MLE,7.402949196320003
наивная MLE,16.69475418184306
наивная MLE,2.2689094247362207
наивная MLE,6.570148302605878
наивная MLE,13.086902133189916
наивная MLE,15.028121727113973
наивная MLE,13.054685607198412
наивная MLE,32.61917774119787
наивная MLE,10.4551779577631
наивная MLE,10.253034006287535
наивная MLE,4.80736856667076
наивная MLE,1.7746168158339968
наивная MLE,21.716820389754467
наивная MLE,14.78129597817467
наивная MLE,9.652640088129292
наивная MLE,9.067438749489963
наивная MLE,7.868914605083735
наивная MLE,22.77772116830147
наивная MLE,5.108260435592899
наивная MLE,15.058182660202164
наивная MLE,12.879273778362402
наивная MLE,11.997664868943625
наивная MLE,26.580900432359783
наивная MLE,10.720793120706787
наивная MLE,22.08169646296235
наивная MLE,14.207342063316094
наивная MLE,10.593565200836638
наивная MLE,16.63590576853401
наивная MLE,9.902477166203195
наивная MLE,5.9626864381285305
наивная MLE,3.4411226079920954
наивная MLE,8.870990411105181
наивная MLE,1.9567574260269376
наивная MLE,30.825825442257038
наивная MLE,20.243792427144218
наивная MLE,14.829457035150211
наивная MLE,14.977310842457618
наивная MLE,2.617443678599484
наивная MLE,60.59027937083748
наивная MLE,23.551616644172324
наивная MLE,4.517535883346487
наивная MLE,12.867569069165704
наивная MLE,7.527998069885118
наивная MLE,12.449938127258754
наивная MLE,7.920584111780848
наивная MLE,9.984095042819192
наивная MLE,23.39386679838293
наивная MLE,7.236027488198172
наивная MLE,23.268719784880936
наивная MLE,9.38849444686474
наивная MLE,22.92662485068802
наивная MLE,13.325221125899425
наивная MLE,24.27115071006684
наивная MLE,21.43705969781499
наивная MLE,12.990007252378643
наивная MLE,23.18954431133935
наивная MLE,1.1398543998721948
наивная MLE,7.576651342225529
наивная MLE,13.32518223230896
наивная MLE,17.896960978391505
наивная MLE,20.536365169578023
наивная MLE,33.20385955387921
наивная MLE,27.960315243478615
наивная MLE,15.935158286100961
наивная MLE,6.077038318519645
наивная MLE,10.267945926473837
наивная MLE,7.468054464340721
наивная MLE,15.789370988980071
наивная MLE,2.442111767401222
наивная MLE,10.937791014536762
наивная MLE,10.157634817867848
наивная MLE,18.495361208042443
наивная MLE,6.208342820552488
наивная MLE,28.56957259275357
наивная MLE,19.38780096918457
наивная MLE,19.04041560739418
наивная MLE,17.668327389106388
наивная MLE,12.778900248107641
наивная MLE,20.105140734265753
наивная MLE,7.130033702480942
наивная MLE,38.79273671961208
наивная MLE,12.512108071959393
наивная MLE,8.929885379089853
наивная MLE,1.5858606412143814
наивная MLE,4.5176705890756805
наивная MLE,28.254611260070348
наивная MLE,9.967241936472744
наивная MLE,11.228105122670144
наивная MLE,18.042293980504287
наивная MLE,5.522198094316517
наивная MLE,32.51411147268932
наивная MLE,13.086051922583453
наивная MLE,8.692261783011816
наивная MLE,4.290887574947427
наивная MLE,5.708286777100264
наивная MLE,17.81647228078635
наивная MLE,15.301349298375058
наивная MLE,6.8067355992629155
наивная MLE,6.330562666712147
наивная MLE,22.075013773838904
наивная MLE,11.066746269121804
наивная MLE,14.805654408162901
наивная MLE,5.778889809824159
наивная MLE,4.738848578863221
наивная MLE,20.47169689118876
наивная MLE,26.121949975616022
наивная MLE,17.530345221061438
наивная MLE,10.390624133240845
наивная MLE,8.005690062378113
наивная MLE,13.717587550064692
наивная MLE,37.4524220561412
наивная MLE,17.4755637146307
наивная MLE,15.063697069914756
наивная MLE,14.965335309772046
наивная MLE,9.93733422008678
наивная MLE,6.370454307578806
наивная MLE,12.997033308432089
наивная MLE,9.620523979989414
наивная MLE,18.96091548765117
наивная MLE,14.980536882688959
наивная MLE,24.623961491891286
наивная MLE,12.13327765428958
наивная MLE,7.640517600357649
наивная MLE,2.6815814660859596
наивная MLE,33.50109439096165
наивная MLE,9.727352371365978
наивная MLE,7.618890024885147
наивная MLE,18.870212277798252
наивная MLE,18.791887149411746
наивная MLE,21.469140397131262
наивная MLE,7.056877486569576
наивная MLE,6.364748199842701
наивная MLE,19.612929715147036
наивная MLE,23.13427014458676
наивная MLE,14.943407634539707
наивная MLE,20.2655156602664
наивная MLE,7.944412966527041
наивная MLE,28.078804426611562
наивная MLE,4.305209345035469
наивная MLE,18.625303710140177
наивная MLE,14.777955651709867
наивная MLE,20.43354122250271
наивная MLE,4.565303662356487
наивная MLE,13.076943346695192
наивная MLE,11.389290363824191
наивная MLE,11.342888168370619
наивная MLE,10.77325208259148
наивная MLE,34.13938877558671
наивная MLE,11.9518140069412
наивная MLE,5.039063181558636
наивная MLE,15.121048833444538
наивная MLE,7.708863901513436
наивная MLE,9.269630255989052
наивная MLE,3.001245303553203
наивная MLE,16.76405825186117
наивная MLE,5.2112510831057195
наивная MLE,11.590428165203056
наивная MLE,5.777677879749484
наивная MLE,11.824170913004394
наивная MLE,10.453979837598464
наивная MLE,2.8674314220644153
наивная MLE,13.566854757348814
наивная MLE,23.25451391372146
наивная MLE,10.406431271989327
наивная MLE,34.598344879689606
наивная MLE,19.166767361761302
наивная MLE,9.331491540607125
наивная MLE,14.032750670990065
наивная MLE,8.46427864591976
наивная MLE,19.187691738903737
наивная MLE,18.998653318620768
наивная MLE,7.224944279173391
наивная MLE,7.310457690238427
наивная MLE,14.420711719147086
наивная MLE,13.567963378209225
наивная MLE,7.070954679064375
наивная MLE,9.133012511928488
наивная MLE,13.661313828489547
наивная MLE,15.065483953814898
наивная MLE,8.90494902865846
наивная MLE,11.569251340063582
наивная MLE,8.741135188041739
наивная MLE,1.54563530543646
наивная MLE,21.924526689870092
наивная MLE,21.741837700589222
наивная MLE,49.3905786963542
наивная MLE,9.376008512258716
наивная MLE,18.068935777160743
наивная MLE,2.3293026234612375
наивная MLE,7.606132200569911
наивная MLE,11.895173754631362
наивная MLE,9.727002539593927
наивная MLE,11.238877625033247
наивная MLE,13.905509252212061
наивная MLE,5.162249585930924
наивная MLE,8.488849001507539
наивная MLE,8.910980643275758
наивная MLE,20.28540330069852
наивная MLE,10.785129506466737
наивная MLE,9.480571232827051
наивная MLE,13.840816829687276
наивная MLE,18.852558811602847
наивная MLE,16.53268217311931
наивная MLE,23.583486550999506
наивная MLE,9.049950530181635
наивная MLE,9.949513495448063
наивная MLE,29.799343276747052
наивная MLE,21.441205457430836
наивная MLE,30.41505427477282
наивная MLE,9.613090866405901
наивная MLE,15.787597567417627
наивная MLE,8.64732483909527
наивная MLE,3.0060939725117057
наивная MLE,21.74341007191133
наивная MLE,4.630717674472046
наивная MLE,5.974194506004276
наивная MLE,18.303693377632925
наивная MLE,3.411598689764266
наивная MLE,14.626029431678974
наивная MLE,1.952975842913593
наивная MLE,7.123021610085522
наивная MLE,9.780135332070175
наивная MLE,18.27730333592677
наивная MLE,8.387472722338327
наивная MLE,9.420241723026573
наивная MLE,6.53084537160283
наивная MLE,40.75318665629118
наивная MLE,28.895615091670834
наивная MLE,28.56389953734697
наивная MLE,12.32129233831714
наивная MLE,6.411116528961951
наивная MLE,8.763015657534085
наивная MLE,5.550885343182923
наивная MLE,16.20123427158641
наивная MLE,5.562028888783123
наивная MLE,19.159456625205344
наивная MLE,9.13589684440849
наивная MLE,11.768214899665093
наивная MLE,21.783859372027926
наивная MLE,31.62809648336719
наивная MLE,7.067245808527224
наивная MLE,9.721447033386683
наивная MLE,21.311326022410782
наивная MLE,14.388601772414628
наивная MLE,9.287748455483843
наивная MLE,9.691650314480704
наивная MLE,13.361942974261234
наивная MLE,19.355646872380674
наивная MLE,14.37206767769618
наивная MLE,8.148991101202434
наивная MLE,31.260974920816665
наивная MLE,2.3833890608195665
наивная MLE,25.013967724573817
наивная MLE,6.611942683687765
наивная MLE,14.453016283748681
наивная MLE,7.636654064684832
наивная MLE,12.458975222537447
наивная MLE,11.609575227204793
наивная MLE,7.764930948375959
наивная MLE,11.995537893499758
наивная MLE,6.466819862052153
наивная MLE,3.5860320400529537
наивная MLE,9.660430821780864
наивная MLE,12.221603796085258
наивная MLE,13.260926572904458
наивная MLE,12.682874140669087
наивная MLE,11.659127567714641
наивная MLE,3.7999477598813867
наивная MLE,14.783213325686495
наивная MLE,9.94018066469734
наивная MLE,31.381564362143866
наивная MLE,28.054881906791643
наивная MLE,5.0120437050272955
наивная MLE,8.900673585150336
наивная MLE,30.89804820328878
наивная MLE,17.65572116234372
наивная MLE,13.573564213268018
наивная MLE,22.16390107257962
наивная MLE,18.928227238192587
наивная MLE,11.732325311147937
наивная MLE,14.385899731385793
наивная MLE,18.25367382294195
наивная MLE,12.002711524557427
наивная MLE,10.96357162480692
наивная MLE,25.40005642030338
наивная MLE,2.0326491227417476
наивная MLE,18.44488625283676
наивная MLE,35.16791415957937
наивная MLE,27.77925048896384
наивная MLE,15.654287883572081
наивная MLE,6.035156803866762
наивная MLE,8.025605419581616
наивная MLE,3.925106582057194
наивная MLE,6.651170235604301
наивная MLE,13.1847893350193
наивная MLE,6.202745362030706
наивная MLE,14.472750174004165
наивная MLE,7.749882003522573
наивная MLE,14.209700014015752
наивная MLE,9.990612954700389
наивная MLE,4.700899111937948
наивная MLE,4.106877135049956
наивная MLE,19.11705937746423
наивная MLE,7.568077226106652
наивная MLE,14.984184415387642
наивная MLE,21.936711862601463
наивная MLE,24.718060904568794
наивная MLE,16.43883006247281
наивная MLE,3.954514210363163
наивная MLE,24.295299771114333
наивная MLE,11.862955350770262
наивная MLE,9.215641185811796
наивная MLE,12.797276822554695
наивная MLE,12.993900154925699
наивная MLE,22.210713813550104
наивная MLE,12.603888989199037
наивная MLE,7.952268949590282
наивная MLE,12.053518342586196
наивная MLE,16.255993701886545
наивная MLE,6.331943164310399
наивная MLE,8.67439346182583
наивная MLE,20.697770923111978
наивная MLE,16.54624371944491
наивная MLE,19.746394665242335
наивная MLE,4.936488595756516
наивная MLE,12.662898692506706
наивная MLE,6.009107890070435
наивная MLE,9.731803444208273
наивная MLE,14.8291211740907
наивная MLE,4.646941349220301
наивная MLE,21.91412040449896
наивная MLE,6.119309190070169
наивная MLE,8.166063009994522
наивная MLE,19.073956964012524
наивная MLE,4.471184026959802
наивная MLE,7.004412580844359
наивная MLE,6.784544680941506
наивная MLE,17.52172590066538
наивная MLE,5.618902285801275
наивная MLE,19.61961262431058
наивная MLE,17.813031696295905
наивная MLE,11.481813600734206
наивная MLE,14.691988114135516
наивная MLE,12.20600739995758
наивная MLE,10.133772248573925
наивная MLE,7.442658977452087
наивная MLE,6.70987354838913
наивная MLE,10.524210234940902
наивная MLE,2.2176831156900025
наивная MLE,11.000833966556737
наивная MLE,18.468385688560442
наивная MLE,4.2097651367994935
наивная MLE,37.9251216696201
наивная MLE,10.796148794762068
наивная MLE,12.462830717062538
наивная MLE,15.36417413989433
наивная MLE,15.072600415735415
наивная MLE,6.496718168001356
наивная MLE,4.49250999903028
наивная MLE,8.927408628377734
наивная MLE,17.4338732655895
наивная MLE,16.7637728028216
наивная MLE,6.24121783016598
наивная MLE,7.8556216786079895
наивная MLE,5.215580987117512
наивная MLE,36.31810404396683
наивная MLE,10.503199122351278
наивная MLE,1.5138147191797462
наивная MLE,6.30905145274117
наивная MLE,4.365519400257007
наивная MLE,22.701588231329005
наивная MLE,9.843024240969951
наивная MLE,9.572200233653975
наивная MLE,16.293439545711937
наивная MLE,14.988817771821754
наивная MLE,16.74083493842097
наивная MLE,20.63516144041808
наивная MLE,11.212647099502853
наивная MLE,7.240062468080073
наивная MLE,24.549589364177827
наивная MLE,29.462444229198354
наивная MLE,18.20543623174904
наивная MLE,12.322864079873492
наивная MLE,11.33037071148119
наивная MLE,15.238507499743758
наивная MLE,10.821687925163545
наивная MLE,11.229121471305296
наивная MLE,7.033854029701258
наивная MLE,30.577913633836822
наивная MLE,19.9900649513869
наивная MLE,21.348329644879794
наивная MLE,22.676673722303057
наивная MLE,30.791006278759784
наивная MLE,2.5075763607503574
наивная MLE,12.012355043355669
наивная MLE,26.15899700534661
наивная MLE,15.40862985510855
наивная MLE,31.65766908959014
наивная MLE,22.26596329620404
наивная MLE,17.666470140630175
наивная MLE,30.20163716373283
наивная MLE,3.923944596658405
наивная MLE,8.838951672940532
наивная MLE,19.613162705463303
наивная MLE,9.998566814052056
наивная MLE,24.513758968249135
наивная MLE,8.52638777078316
наивная MLE,7.71531507909096
наивная MLE,4.510412906340105
наивная MLE,24.874591703471925
наивная MLE,7.086032476959504
наивная MLE,8.039114240245999
наивная MLE,23.965868072595306
наивная MLE,9.87561978135718
наивная MLE,12.763090087193909
наивная MLE,25.818590772807237
наивная MLE,7.442639782400284
наивная MLE,17.626937474066665
наивная MLE,12.56834173332758
наивная MLE,57.449114244291906
наивная MLE,11.44784751494767
наивная MLE,11.152415428572057
наивная MLE,40.022146521397666
наивная MLE,16.301528508008033
наивная MLE,9.315769228741633
наивная MLE,22.5060617177568
наивная MLE,3.464398437432445
наивная MLE,14.522125069187723
наивная MLE,4.926978297060457
наивная MLE,25.868815099467966
наивная MLE,13.763420662389287
наивная MLE,12.665270412043759
наивная MLE,26.07773931112886
наивная MLE,8.850969232196944
наивная MLE,6.5322453164248735
наивная MLE,5.086780530214276
наивная MLE,7.749580742933814
наивная MLE,16.232319969526102
наивная MLE,6.635661276500497
наивная MLE,7.265683624019897
наивная MLE,13.843585111889134
наивная MLE,7.128080058468621
наивная MLE,8.490439733135881
наивная MLE,9.979673538924246
наивная MLE,3.8504322642986013
наивная MLE,60.86878728981581
наивная MLE,20.213834409910703
наивная MLE,5.423795109169148
наивная MLE,29.066509221258265
наивная MLE,7.0831325692260645
наивная MLE,8.16370381937596
наивная MLE,6.495602928096792
наивная MLE,13.40463244535282
наивная MLE,26.96684966525853
наивная MLE,13.059026548320343
наивная MLE,5.687085693007958
наивная MLE,10.301345641720477
наивная MLE,9.192995594932192
наивная MLE,14.82137885836955
наивная MLE,14.958732229632828
наивная MLE,4.205372830024016
наивная MLE,17.245229334126464
наивная MLE,14.357980213047135
наивная MLE,17.005361081550507
наивная MLE,34.51224931465355
наивная MLE,11.662573880966146
наивная MLE,9.709478289969004
наивная MLE,14.80103567622184
наивная MLE,8.791314471469695
наивная MLE,4.885771261780697
наивная MLE,18.561861298056748
наивная MLE,13.430397819592743
наивная MLE,3.9890806963183065
наивная MLE,6.835611122417181
наивная MLE,7.016150156561028
наивная MLE,7.393016105030933
наивная MLE,7.7493312730335395
наивная MLE,14.945370148261564
наивная MLE,8.495823494321247
наивная MLE,8.115225668674078
наивная MLE,5.519244903342765
наивная MLE,21.61133258669373
наивная MLE,9.006691380995623
наивная MLE,5.144108863433052
наивная MLE,2.1704836736269524
наивная MLE,8.309039021691985
наивная MLE,14.738732456080045
наивная MLE,21.87290395299017
наивная MLE,13.956188345422975
наивная MLE,7.2107749712547164
наивная MLE,19.23996439162563
наивная MLE,9.949475697009804
наивная MLE,8.503760430232527
наивная MLE,16.238911278740076
наивная MLE,17.26597627702428
наивная MLE,12.145174251537235
наивная MLE,9.931079770559053
наивная MLE,9.941845369956784
наивная MLE,9.225510866084257
наивная MLE,11.274946221955812
наивная MLE,21.96006978714344
наивная MLE,30.008499840309472
наивная MLE,25.001364018742038
наивная MLE,5.500585734170912
наивная MLE,9.739267871112222
наивная MLE,27.00901627825443
наивная MLE,18.009028420974097
наивная MLE,14.15081000829386
наивная MLE,15.535670740500422
наивная MLE,4.642060522960435
наивная MLE,13.34506055899728
наивная MLE,4.832592571613336
наивная MLE,24.3365240534125
наивная MLE,16.907381933936843
наивная MLE,6.783584176382027
наивная MLE,5.496277204254755
наивная MLE,12.171101295775886
наивная MLE,14.234095193299556
наивная MLE,38.653406042955
наивная MLE,8.920963846948839
наивная MLE,9.658086610399888
наивная MLE,29.983068829980635
наивная MLE,7.012531245443599
наивная MLE,11.53699562783903
наивная MLE,2.5181093983336518
наивная MLE,10.79533853187392
наивная MLE,4.771509633755064
наивная MLE,12.192740294522915
наивная MLE,3.4849588946900796
наивная MLE,11.247782986228508
наивная MLE,26.651311649996767
наивная MLE,13.544934345708015
наивная MLE,25.04931393808487
наивная MLE,8.001466239052784
наивная MLE,15.63069459499319
наивная MLE,18.014736349344638
наивная MLE,6.520194891538332
наивная MLE,9.895668012349377
наивная MLE,27.306668392139535
наивная MLE,11.666788641191474
наивная MLE,5.720029930162359
наивная MLE,11.25661295196934
наивная MLE,13.639510231359608
наивная MLE,13.97590922117821
наивная MLE,6.21547297274927
наивная MLE,1.4021436385889463
наивная MLE,22.457415006624796
наивная MLE,18.329372046839357
наивная MLE,9.547790903056637
наивная MLE,4.36772406897865
наивная MLE,40.35401213977706
наивная MLE,9.675954363533394
наивная MLE,16.694710679993353
наивная MLE,7.51989436783017
наивная MLE,17.600239825667142
наивная MLE,9.442106866627988
наивная MLE,5.55727934971715
наивная MLE,10.664643496151928
наивная MLE,6.3703435823998396
наивная MLE,32.26142091389642
наивная MLE,5.1328158305737315
наивная MLE,18.883145596228193
наивная MLE,6.192173686308918
наивная MLE,12.227040490296122
наивная MLE,6.784822272042171
наивная MLE,3.5721922150207743
наивная MLE,18.79045771901223
наивная MLE,10.964822204087138
наивная MLE,11.374963392113887
наивная MLE,11.09919434762436
наивная MLE,20.539617358702735
наивная MLE,11.145130966236
наивная MLE,11.346315030719975
наивная MLE,14.822289528064712
наивная MLE,17.834989141131153
наивная MLE,10.19273381970778
наивная MLE,16.779495957089917
наивная MLE,19.259501513023853
наивная MLE,12.282668609780025
наивная MLE,18.848513625774356
наивная MLE,13.157877957802476
наивная MLE,11.034980086094299
наивная MLE,9.01862928232622
наивная MLE,10.578406505225677
наивная MLE,8.04765102388784
наивная MLE,20.047464262498412
наивная MLE,13.228260441767459
наивная MLE,8.887577248907771
наивная MLE,5.745392117159103
наивная MLE,33.837979912240776
наивная MLE,30.133414607780235
наивная MLE,25.66562580610703
наивная MLE,45.878770800288905
наивная MLE,40.51503914668627
наивная MLE,8.360037305554455
наивная MLE,10.483031922149216
наивная MLE,21.3857297085162
наивная MLE,22.161795016514628
наивная MLE,13.917053801098323
наивная MLE,12.748062073934415
наивная MLE,12.370127746778238
наивная MLE,15.956709033001369
наивная MLE,13.236532255761322
наивная MLE,5.322035245795779
наивная MLE,3.09996653602661
наивная MLE,11.494587022428606
наивная MLE,26.501090232885666
наивная MLE,10.607534467436134
наивная MLE,5.847273203879501
наивная MLE,26.39874422439922
наивная MLE,11.365474745521015
наивная MLE,2.30586425325243
наивная MLE,8.131114555659611
наивная MLE,2.9637875994023934
наивная MLE,6.702647604446652
наивная MLE,7.463322190264093
наивная MLE,25.5754737494935
наивная MLE,13.296754683647285
наивная MLE,12.963482680460778
наивная MLE,14.299028314749938
наивная MLE,23.99395317867606
наивная MLE,14.620122469655795
наивная MLE,8.66293551795217
наивная MLE,16.120945719456376
наивная MLE,12.62955722662183
наивная MLE,23.651446392523127
наивная MLE,8.5340163788585
наивная MLE,4.4688440967076275
наивная MLE,8.504299066204979
наивная MLE,25.26979883369468
наивная MLE,6.888646152919454
наивная MLE,9.507760982352842
наивная MLE,25.81974476655887
наивная MLE,25.418230523229138
наивная MLE,5.0509381505514455
наивная MLE,24.793326407976984
наивная MLE,11.517151553809903
наивная MLE,5.509076682892001
наивная MLE,10.04803887270119
наивная MLE,15.161473703078554
наивная MLE,13.192246765537531
наивная MLE,17.312628345451987
наивная MLE,5.69727834584676
наивная MLE,8.839580317667972
наивная MLE,3.8373358585043285
наивная MLE,22.65524427209849
наивная MLE,40.50222683859761
наивная MLE,14.220901396520922
наивная MLE,10.759885523722485
наивная MLE,8.14417666628204
наивная MLE,10.128669084662096
наивная MLE,18.00915357358089
наивная MLE,8.969454859362248
наивная MLE,1.69465693588164
наивная MLE,18.274935333510218
наивная MLE,7.418164899003844
наивная MLE,2.045344199439938
наивная MLE,11.381547908810184
наивная MLE,12.566289255531064
наивная MLE,5.1596456009360745
наивная MLE,7.952344764185294
наивная MLE,4.432361867426808
наивная MLE,10.626460085354374
наивная MLE,18.249213402483477
наивная MLE,21.679622568098445
наивная MLE,3.227291499807988
наивная MLE,10.328179362423903
наивная MLE,10.354203034845073
наивная MLE,13.189210096459608
наивная MLE,2.8476866164149834
наивная MLE,6.684940743451988
наивная MLE,8.83640789440292
наивная MLE,5.318054296774338
наивная MLE,18.01538184121252
наивная MLE,5.978579490417573
наивная MLE,22.572364383613746
наивная MLE,3.9634030079205216
наивная MLE,17.206183570005727
наивная MLE,24.11210892155094
наивная MLE,14.618571135806985
наивная MLE,4.707429012558999
наивная MLE,9.16597948414564
наивная MLE,10.274109759716456
наивная MLE,7.743005606259782
наивная MLE,19.49006018725678
наивная MLE,30.765162215739373
наивная MLE,22.00536521331757
наивная MLE,7.337567229013015
наивная MLE,12.044904881309751
наивная MLE,16.386966639166427
наивная MLE,17.319924553059483
наивная MLE,34.177121910375256
наивная MLE,7.342228285570396
наивная MLE,16.236733669081236
наивная MLE,9.533572143131062
наивная MLE,11.767251005826152
наивная MLE,12.665298252223222
наивная MLE,5.426064689011769
наивная MLE,13.152835786225115
наивная MLE,0.9584353477909939
наивная MLE,6.947484488746195
наивная MLE,2.946853730754842
наивная MLE,38.821138898683024
наивная MLE,28.687110566746647
наивная MLE,27.197673973433574
наивная MLE,29.588670225587094
наивная MLE,8.356398816544525
наивная MLE,5.391140909712884
наивная MLE,3.839860432859735
наивная MLE,42.86046712699339
наивная MLE,21.817878220424223
наивная MLE,11.78453509578844
наивная MLE,12.908307819578388
наивная MLE,8.419469130330363
наивная MLE,21.206459370452883
наивная MLE,6.371332531111129
наивная MLE,2.637962910587224
наивная MLE,11.758132569567383
наивная MLE,4.112596487219745
наивная MLE,6.596410363384684
наивная MLE,8.698466413949857
наивная MLE,10.007374495940084
наивная MLE,6.28170326355129
наивная MLE,5.898977468403995
наивная MLE,22.065229021198235
наивная MLE,43.75865599201734
наивная MLE,11.812652846777183
наивная MLE,29.704875427538084
наивная MLE,18.416363227311894
наивная MLE,16.042068866610155
наивная MLE,22.02060047513423
наивная MLE,18.38208807821101
наивная MLE,20.34943393935169
наивная MLE,6.101762007119159
наивная MLE,6.770905856257307
наивная MLE,9.088839672620367
наивная MLE,10.496406717211233
наивная MLE,4.181858252154337
наивная MLE,30.589683756652533
наивная MLE,28.04867001383081
наивная MLE,9.08900728779336
наивная MLE,8.401445938005006
наивная MLE,16.1454904410365
наивная MLE,6.620114555428149
наивная MLE,2.8505131865809554
наивная MLE,8.251730572546938
наивная MLE,4.253757706028473
наивная MLE,12.814432635611043
наивная MLE,9.710467589025132
наивная MLE,20.98501397104589
наивная MLE,3.827141474769002
наивная MLE,6.084350918955948
наивная MLE,13.259146111641106
наивная MLE,12.407643498481423
наивная MLE,9.02484901640694
наивная MLE,22.350485414186977
наивная MLE,7.2410577672641345
наивная MLE,9.596762097166303
наивная MLE,2.990546706589532
наивная MLE,11.738365052091158
наивная MLE,2.710837021377581
наивная MLE,5.844446666993003
наивная MLE,22.740416454153785
наивная MLE,20.5186367106437
наивная MLE,27.052206564187816
наивная MLE,5.6412671437803095
наивная MLE,21.954823573003537
наивная MLE,6.90576413835331
наивная MLE,37.01231713499313
наивная MLE,11.804658493592397
наивная MLE,10.688129771571768
наивная MLE,9.069136512059918
наивная MLE,23.003297938208423
наивная MLE,13.714919215730438
наивная MLE,16.723695985206255
наивная MLE,16.374629973958235
наивная MLE,3.821279791435038
наивная MLE,20.872401572552164
наивная MLE,28.862081471111555
наивная MLE,21.845531006037426
наивная MLE,16.988119712959307
наивная MLE,27.073122153561606
наивная MLE,17.858943939365567
наивная MLE,21.78948954183407
наивная MLE,23.197660342720653
наивная MLE,16.43690489841752
наивная MLE,7.40585192746487
наивная MLE,6.979188820124389
наивная MLE,17.58987616715438
наивная MLE,7.68201076670724
наивная MLE,9.4823055469215
наивная MLE,19.019988500535355
наивная MLE,26.595722102842767
наивная MLE,16.292498500513478
наивная MLE,10.656744360916834
наивная MLE,9.075050539285746
наивная MLE,10.654497942525724
наивная MLE,26.997609314493225
наивная MLE,27.244012254007963
наивная MLE,27.003255875778965
наивная MLE,10.231109752415879
наивная MLE,15.00524704002099
наивная MLE,17.71732791709162
наивная MLE,10.293996506014857
наивная MLE,3.827435284889938
наивная MLE,14.220815663715536
наивная MLE,5.312915874372622
наивная MLE,5.713871638976601
наивная MLE,18.29052620767169
наивная MLE,36.15096755013632
наивная MLE,5.927287290170765
наивная MLE,6.829927488315024
наивная MLE,7.123555471167648
наивная MLE,24.28369179120565
наивная MLE,21.500185092846884
наивная MLE,11.907907449743496
наивная MLE,19.743679398100827
наивная MLE,23.15001656142918
наивная MLE,24.827075534709504
наивная MLE,16.333694136088603
наивная MLE,25.423543623369923
наивная MLE,22.900447178955204
наивная MLE,8.715257994295335
наивная MLE,12.897658932745099
наивная MLE,25.64881531258116
наивная MLE,9.143329844189251
наивная MLE,24.15938212079022
наивная MLE,8.422502447483213
наивная MLE,12.645942364046121
наивная MLE,22.38987824943341
наивная MLE,10.48258644484641
наивная MLE,8.747432639729867
наивная MLE,8.909008168373969
наивная MLE,16.907150844112294
наивная MLE,31.72304977623082
наивная MLE,27.325374567443898
наивная MLE,15.414889905387344
наивная MLE,17.194187567760228
наивная MLE,5.579884408036629
наивная MLE,10.653503220091384
наивная MLE,12.760509165386896
наивная MLE,7.89611266572116
наивная MLE,13.632207190582147
наивная MLE,6.254762024915154
наивная MLE,23.832006100200875
наивная MLE,34.18078295856808
наивная MLE,10.936092231992717
наивная MLE,17.451243329069538
наивная MLE,3.2889201655905693
наивная MLE,6.088707166618762
наивная MLE,10.251376480913105
наивная MLE,9.340648545965918
наивная MLE,8.723409676249531
наивная MLE,9.339910059563348
наивная MLE,3.217906585661514
наивная MLE,10.441265422385968
наивная MLE,29.75029267944838
наивная MLE,23.692911429082617
наивная MLE,1.2375197840327412
наивная MLE,11.139556497285211
наивная MLE,11.1696161269402
наивная MLE,45.33130922027475
наивная MLE,31.219833929236238
наивная MLE,27.640450566288056
наивная MLE,12.562634655891053
наивная MLE,3.8676949675843444
наивная MLE,16.222624932840226
наивная MLE,12.914896244744995
наивная MLE,10.168575202046274
наивная MLE,5.358060797502435
наивная MLE,3.130690450506052
наивная MLE,6.758192943949961
наивная MLE,23.10526703833114
наивная MLE,38.945049358597835
наивная MLE,19.208742647203273
наивная MLE,10.694284216423213
наивная MLE,16.25871422550737
наивная MLE,17.32553408218646
наивная MLE,2.6512066457511803
наивная MLE,10.506367684478683
наивная MLE,18.885458070296693
наивная MLE,35.9918473491224
наивная MLE,10.905434563851397
наивная MLE,9.980640283972557
наивная MLE,4.989408220094352
наивная MLE,7.38677257473484
наивная MLE,10.486768542611864
наивная MLE,6.079123583004331
наивная MLE,7.040329696765896
наивная MLE,9.180342108299403
наивная MLE,39.82286205938406
наивная MLE,26.33534841986679
наивная MLE,23.448740190716872
наивная MLE,24.30380048083939
наивная MLE,16.039716238010715
наивная MLE,6.359321848272116
наивная MLE,2.7354068159020444
наивная MLE,27.165235929539012
наивная MLE,3.832464383878338
наивная MLE,9.477046776865148
наивная MLE,20.37806316479606
наивная MLE,37.21398740507458
наивная MLE,6.7414138999840905
наивная MLE,2.4115906030976126
наивная MLE,13.731003597197782
наивная MLE,17.67926264825432
наивная MLE,31.98566694756437
наивная MLE,7.777184205440136
наивная MLE,13.538707793823992
наивная MLE,30.258168192659515
наивная MLE,11.27149871820334
наивная MLE,14.175296284800348
наивная MLE,5.844821002920507
наивная MLE,12.961421995517924
наивная MLE,3.6850554787617664
наивная MLE,7.778870802067232
наивная MLE,6.493734074273822
наивная MLE,10.391126412995979
наивная MLE,16.50941663280003
наивная MLE,18.97154138053103
наивная MLE,35.132443355789434
наивная MLE,10.941928519634798
наивная MLE,1.5432141433232838
наивная MLE,12.642877764687064
наивная MLE,14.052740072371455
наивная MLE,6.701824461866012
наивная MLE,11.847154704893562
наивная MLE,3.6848268137064633
наивная MLE,14.737891546709658
наивная MLE,3.108537958169347
наивная MLE,13.141490031974264
наивная MLE,20.898284526975253
наивная MLE,22.28428874688452
наивная MLE,5.183252134119689
наивная MLE,3.858133281245872
наивная MLE,5.2223281333989595
наивная MLE,3.290147626622132
наивная MLE,14.286563003779069
наивная MLE,8.116861851562101
наивная MLE,3.0952185665816816
наивная MLE,12.659843975603398
наивная MLE,28.377488319067886
наивная MLE,7.595140513525123
наивная MLE,34.002640714927665
наивная MLE,9.854738905188803
наивная MLE,6.6827632746480266
наивная MLE,38.87675528226613
наивная MLE,17.276117909962096
наивная MLE,22.591135369521574
наивная MLE,8.730302729107516
наивная MLE,13.483265794258273
наивная MLE,1.7066131447095236
наивная MLE,3.462863987380229
наивная MLE,21.670771509046077
наивная MLE,12.33196444547534
наивная MLE,22.467167230066448
наивная MLE,7.400792720624354
наивная MLE,16.815771703082653
наивная MLE,5.288964931754007
наивная MLE,3.325428214255283
наивная MLE,19.09930445882686
наивная MLE,7.856813323791428
наивная MLE,17.78700803869039
наивная MLE,4.0785614469499905
наивная MLE,14.58071271692366
наивная MLE,30.086958749871012
наивная MLE,3.8801187778809885
наивная MLE,19.943885878963787
наивная MLE,20.566227867191856
наивная MLE,24.69149418768209
наивная MLE,6.832952333609708
наивная MLE,33.33945606415573
наивная MLE,4.741959905145315
наивная MLE,14.308480937467245
наивная MLE,6.3015548667937855
наивная MLE,3.627075798347593
наивная MLE,11.048341398501947
наивная MLE,10.972607403886013
наивная MLE,10.693502747756742
наивная MLE,6.481305727787287
наивная MLE,6.621379508179969
наивная MLE,5.837270626968922
наивная MLE,12.589479603225033
наивная MLE,5.3016461419762155
наивная MLE,15.020093602208823
наивная MLE,16.913825162285853
наивная MLE,10.478493712239557
наивная MLE,3.056200785282815
наивная MLE,9.787347332914772
наивная MLE,5.1496174962202055
наивная MLE,4.368763076028708
наивная MLE,19.382448523000278
наивная MLE,17.247972456901707
наивная MLE,5.861168106611772
наивная MLE,25.266023276939414
наивная MLE,4.0098711659914805
наивная MLE,23.66257954720745
наивная MLE,10.175353596666387
наивная MLE,7.559156022130182
наивная MLE,12.172062567764264
наивная MLE,13.688258586222918
наивная MLE,20.731449475401178
наивная MLE,13.083587177682762
наивная MLE,33.417727118692234
наивная MLE,23.364660999589027
наивная MLE,4.212088493942723
наивная MLE,8.485114528025289
наивная MLE,17.398091673817895
наивная MLE,11.127073107683927
наивная MLE,8.582326229811223
наивная MLE,24.890446269930223
наивная MLE,17.53586937793046
наивная MLE,10.640110848387295
наивная MLE,4.7783149948513906
наивная MLE,6.2100090119870455
наивная MLE,17.268626609328752
наивная MLE,12.663396031383641
наивная MLE,12.716203235483535
наивная MLE,13.49545114805749
наивная MLE,8.128112131439497
наивная MLE,19.24821577641222
наивная MLE,12.116432294674174
наивная MLE,10.778232806508026
наивная MLE,32.07257403694015
наивная MLE,7.18829492406094
наивная MLE,19.923266926975952
наивная MLE,16.910555198311897
наивная MLE,5.443258495597612
наивная MLE,8.79058246116614
наивная MLE,7.6380575995649345
наивная MLE,16.115209440843728
наивная MLE,9.398536765635418
наивная MLE,18.01771063653959
наивная MLE,18.400081931002696
наивная MLE,43.546560665542934
наивная MLE,12.617831719901575
наивная MLE,11.209467880511891
наивная MLE,10.775788971298073
наивная MLE,32.178733711237825
наивная MLE,21.34069766878368
наивная MLE,37.73640291090679
наивная MLE,35.36094158888035
наивная MLE,29.45437150278611
наивная MLE,7.8396349457232635
наивная MLE,4.696654832058855
наивная MLE,10.720133114443964
наивная MLE,11.216843192083712
наивная MLE,4.492011370176655
наивная MLE,4.547965582082169
наивная MLE,10.47153105827316
наивная MLE,9.817705840147015
наивная MLE,8.94172883068293
наивная MLE,16.270561376366054
наивная MLE,22.871600246739824
наивная MLE,21.04443220072744
наивная MLE,5.622850177817391
наивная MLE,14.67505540189169
наивная MLE,5.788222372070819
наивная MLE,36.095497556327544
наивная MLE,5.926463460648591
наивная MLE,11.371591764040366
наивная MLE,4.70095332480162
наивная MLE,10.771510413816513
наивная MLE,5.262172049217414
наивная MLE,25.327069669856286
наивная MLE,8.685155611680036
наивная MLE,14.820683754917784
наивная MLE,12.884789760639396
наивная MLE,10.204639674559235
наивная MLE,25.285000372526312
наивная MLE,3.310910890370514
наивная MLE,10.926538732473261
наивная MLE,6.289696106910383
наивная MLE,15.531194305010025
наивная MLE,21.102176067593753
наивная MLE,25.032865014011374
наивная MLE,14.553897207850138
наивная MLE,28.363779004769953
наивная MLE,6.954441311204384
наивная MLE,38.291641559986964
наивная MLE,12.38006705919945
наивная MLE,13.653527986103281
наивная MLE,9.869835083176463
наивная MLE,14.152420431140701
наивная MLE,30.636395306621907
наивная MLE,22.93220370641298
наивная MLE,33.552106868466375
наивная MLE,3.055251636193512
наивная MLE,10.653010907044916
наивная MLE,7.4719459156071935
наивная MLE,46.05166666423018
наивная MLE,16.665065303628772
наивная MLE,2.8802698437498067
наивная MLE,2.1039035901253937
наивная MLE,8.01504335374549
наивная MLE,6.56545610461051
наивная MLE,17.298732713353616
наивная MLE,16.656451998338838
наивная MLE,8.035006914528843
наивная MLE,8.52551741492113
наивная MLE,19.47813605589084
наивная MLE,7.342946901956158
наивная MLE,11.132199712626212
наивная MLE,22.619761679782457
наивная MLE,7.025313903147124
наивная MLE,10.92658109805929
наивная MLE,6.720488974191822
наивная MLE,11.099304485918495
наивная MLE,6.781371877112452
наивная MLE,17.135382029522315
наивная MLE,11.061761727969735
наивная MLE,2.7091064860914824
наивная MLE,10.01792603996346
наивная MLE,13.214410060720436
наивная MLE,6.984199075815244
наивная MLE,5.066120229923988
наивная MLE,14.238849506257438
наивная MLE,20.099759467789937
наивная MLE,8.616677960697865
наивная MLE,8.320528640301971
наивная MLE,6.471466826672463
наивная MLE,5.522104230763311
наивная MLE,13.274978929533923
наивная MLE,17.984150560082686
наивная MLE,10.99664365716953
наивная MLE,13.605311663216085
наивная MLE,15.280347573573263
наивная MLE,15.069990141977861
наивная MLE,7.572544492538686
наивная MLE,11.886644869106878
наивная MLE,21.82850708887371
наивная MLE,7.353497713246789
наивная MLE,12.751809149150466
наивная MLE,10.957671201950907
наивная MLE,13.510830863807131
наивная MLE,7.4452376002166485
наивная MLE,6.194820336612687
наивная MLE,11.705463543141843
наивная MLE,18.620259681788347
наивная MLE,13.660085773313876
наивная MLE,18.05972613122518
наивная MLE,21.269680844467906
наивная MLE,6.604623316671547
наивная MLE,7.739000724014111
наивная MLE,31.723627796692277
наивная MLE,14.917790108163247
наивная MLE,6.058822927305276
наивная MLE,25.863669036099484
наивная MLE,3.697068955822396
наивная MLE,9.10217461732305
наивная MLE,10.409665575083183
наивная MLE,8.828125535614197
наивная MLE,11.687140327058103
наивная MLE,13.09479610062921
наивная MLE,13.62836939653785
наивная MLE,7.6024854728970945
наивная MLE,24.38371968876041
наивная MLE,6.436817166703305
наивная MLE,16.697082813622423
наивная MLE,11.980400459930332
наивная MLE,5.075567421954753
наивная MLE,22.903543132204444
наивная MLE,7.869257696774586
наивная MLE,18.571211134817624
наивная MLE,18.811162513185202
наивная MLE,7.057608261067086
наивная MLE,10.539765561469627
наивная MLE,15.17196517913804
наивная MLE,32.111862094027614
наивная MLE,18.787948380194404
наивная MLE,8.57752663927145
наивная MLE,8.983251756792871
наивная MLE,19.50071799707375
наивная MLE,19.95587066361249
наивная MLE,2.7741074622343245
наивная MLE,4.508689637956109
наивная MLE,7.47373620315784
наивная MLE,7.758847113756085
наивная MLE,26.418528510584466
наивная MLE,4.684010910708564
наивная MLE,25.956836601200095
наивная MLE,10.124385917563416
наивная MLE,31.028306555605685
наивная MLE,9.02719006710758
наивная MLE,7.323081206608878
наивная MLE,15.066217239106928
наивная MLE,6.072188626136962
наивная MLE,45.938867352125555
наивная MLE,7.039923222992978
наивная MLE,5.21132363201309
наивная MLE,20.989229695362233
наивная MLE,13.345242457453907
наивная MLE,10.567222216895134
наивная MLE,6.468870731261789
наивная MLE,5.0355310061645495
наивная MLE,12.654274083138244
наивная MLE,14.069906275488695
наивная MLE,9.314067293528542
наивная MLE,26.087554718760796
наивная MLE,2.99947576227685
наивная MLE,15.428908821975284
наивная MLE,4.016310441600844
наивная MLE,1.7097380643303857
наивная MLE,7.053756801344349
наивная MLE,23.99863070735326
наивная MLE,28.553919392905364
наивная MLE,4.453637088701774
наивная MLE,16.084217584861328
наивная MLE,8.517640254862698
наивная MLE,18.010670999848088
наивная MLE,4.9202331453782975
наивная MLE,4.707228872103435
наивная MLE,28.27489519650762
наивная MLE,14.295224822880105
наивная MLE,33.5056544088209
наивная MLE,9.411915843900315
наивная MLE,6.993594923577276
наивная MLE,5.788395714872157
наивная MLE,7.872022665832551
наивная MLE,15.030746125618533
наивная MLE,11.579377149092053
наивная MLE,6.143639595804281
наивная MLE,6.0145588727684505
наивная MLE,9.965193638142042
наивная MLE,7.380112665266259
наивная MLE,13.79931866875127
наивная MLE,4.240911319000084
наивная MLE,14.553136618293287
наивная MLE,18.450676728770176
наивная MLE,12.455043043864183
наивная MLE,6.34810393474435
наивная MLE,7.970423173281216
наивная MLE,12.49954880891024
наивная MLE,22.14473886839443
наивная MLE,27.43520718295113
наивная MLE,18.77675646378868
наивная MLE,13.367437637535389
наивная MLE,3.3545842144706124
наивная MLE,11.359755293713164
наивная MLE,41.047260195275896
наивная MLE,14.353998758602875
наивная MLE,12.944436013489968
наивная MLE,10.264044358483494
наивная MLE,11.723223808018686
наивная MLE,16.307677430341457
наивная MLE,11.419552090275564
наивная MLE,25.390183887747778
наивная MLE,9.10538333514144
наивная MLE,15.960032911798208
наивная MLE,9.911383744942476
наивная MLE,28.93533072263376
наивная MLE,4.500732920106087
наивная MLE,17.66041714480862
наивная MLE,11.23892652351652
наивная MLE,11.570760024932394
наивная MLE,7.397418339966424
наивная MLE,5.643606943270958
наивная MLE,20.818852049615366
наивная MLE,10.094323197501566
наивная MLE,17.92727357487329
наивная MLE,11.27072901435762
наивная MLE,8.63767056679644
наивная MLE,10.647849136824185
наивная MLE,8.347719409118753
наивная MLE,15.348278906268414
наивная MLE,13.24628398734682
наивная MLE,6.971816499655219
наивная MLE,18.955810731116777
наивная MLE,25.454775150180392
наивная MLE,8.84785630430448
наивная MLE,19.374819105153772
наивная MLE,13.012705393648407
наивная MLE,18.818572384476152
наивная MLE,4.981899154488697
наивная MLE,10.282861106101773
наивная MLE,33.804640790296475
наивная MLE,18.64087235965549
наивная MLE,11.081634491408579
наивная MLE,7.603202940080399
наивная MLE,7.454787054989618
наивная MLE,5.487423528478311
наивная MLE,19.25198297579298
наивная MLE,23.890938884990796
наивная MLE,17.363416134402023
наивная MLE,15.857272636146902
наивная MLE,4.776856492054064
наивная MLE,16.039146750159286
наивная MLE,13.428439744381986
наивная MLE,37.832824442723194
наивная MLE,18.27608980404564
наивная MLE,5.640117377916024
наивная MLE,26.547253645743073
наивная MLE,29.180806599684864
наивная MLE,24.598453469540534
наивная MLE,11.098113475941643
наивная MLE,9.123770197669383
наивная MLE,11.347876120803027
наивная MLE,22.116934406353735
наивная MLE,7.949190367566494
наивная MLE,26.536353881541416
наивная MLE,2.595636361963458
наивная MLE,15.45135753978095
наивная MLE,20.68887031168029
наивная MLE,20.643231534133605
наивная MLE,15.211320767992667
наивная MLE,22.904202973997194
наивная MLE,22.40164431554516
наивная MLE,7.540801047787983
наивная MLE,8.136897620607732
наивная MLE,11.785080352665148
наивная MLE,9.409164907684788
наивная MLE,33.8043010330018
наивная MLE,8.935503295921524
наивная MLE,13.375579506995601
наивная MLE,9.758072811124707
наивная MLE,6.473481554867219
наивная MLE,3.878171465554066
наивная MLE,8.79397924822843
наивная MLE,15.958553364721478
наивная MLE,7.077184705778844
наивная MLE,9.708103057750069
наивная MLE,11.217110545200029
наивная MLE,23.79670755120037
наивная MLE,13.522167667427597
наивная MLE,18.317773163925505
наивная MLE,11.326926709593684
наивная MLE,4.048489044483923
наивная MLE,20.88983777310471
наивная MLE,9.630677496246381
наивная MLE,18.589410728312668
наивная MLE,9.82051565844184
наивная MLE,12.495438006883363
наивная MLE,3.4951050169789917
наивная MLE,22.79310141764874
наивная MLE,20.082993336938323
наивная MLE,17.752688409603753
наивная MLE,7.723854997075724
наивная MLE,16.159382592267846
наивная MLE,10.892312251610132
наивная MLE,8.687300980131747
наивная MLE,4.179294293573926
наивная MLE,9.905609575821295
наивная MLE,24.36578142429084
наивная MLE,10.803772416180056
наивная MLE,14.042223789977664
наивная MLE,6.539515375342751
наивная MLE,2.675989741695419
наивная MLE,7.66366001911028
наивная MLE,11.346790725717046
наивная MLE,20.64764751658074
наивная MLE,20.257490598469882
наивная MLE,12.977113117173907
наивная MLE,2.3892292922861404
наивная MLE,5.159612147827572
наивная MLE,6.019029265212766
наивная MLE,7.040517469274509
наивная MLE,7.837525277782895
наивная MLE,4.571425070357241
наивная MLE,28.023471482765718
наивная MLE,5.634602968926761
наивная MLE,2.594473464660307
наивная MLE,15.984318939574537
наивная MLE,14.365005767351736
наивная MLE,12.778074735062727
наивная MLE,7.706228772719899
наивная MLE,12.236109444129202
наивная MLE,11.402723359055816
наивная MLE,23.784989751368176
наивная MLE,6.962117265780275
наивная MLE,30.182138900691246
наивная MLE,17.35034532663935
наивная MLE,31.434241699505208
наивная MLE,11.884373303203928
наивная MLE,11.679122473159437
наивная MLE,3.3550930482507306
наивная MLE,12.028452900067084
наивная MLE,7.633377322505435
наивная MLE,19.82126676264386
наивная MLE,8.891799663746145
наивная MLE,21.90035354872589
наивная MLE,5.801140337960137
наивная MLE,9.379585907264005
наивная MLE,6.884114280715192
наивная MLE,3.234628868574989
наивная MLE,26.92302958968772
наивная MLE,45.2607790828481
наивная MLE,18.148339851392823
наивная MLE,16.58197009564944
наивная MLE,8.468630513804069
наивная MLE,6.717544746621236
наивная MLE,15.12283220584029
наивная MLE,19.279744525318687
наивная MLE,35.265123132009116
наивная MLE,17.112269068226997
наивная MLE,10.140687995071008
наивная MLE,9.201573716761427
наивная MLE,15.07013909695316
наивная MLE,23.41207209057408
наивная MLE,20.98897732605259
наивная MLE,9.093191040880441
наивная MLE,5.607906707539132
наивная MLE,9.118797971080891
наивная MLE,6.2627435796306195
наивная MLE,12.348243729047804
наивная MLE,8.476364331028957
наивная MLE,18.99647124348509
наивная MLE,7.834025554110172
наивная MLE,13.98057632388361
наивная MLE,15.210939360654788
наивная MLE,9.036728092900255
наивная MLE,21.05136804186924
наивная MLE,14.925901174739206
наивная MLE,27.962170232993657
наивная MLE,10.613361401727014
наивная MLE,10.094519169900492
наивная MLE,6.624782926788126
наивная MLE,45.76179645481226
наивная MLE,8.183645575265318
наивная MLE,11.714780012748331
наивная MLE,5.337779455396432
наивная MLE,7.743898620814948
наивная MLE,17.87962797868135
наивная MLE,13.068429128156904
наивная MLE,12.321359336022134
наивная MLE,41.2475804941154
наивная MLE,8.470185902578546
наивная MLE,4.046381417045761
наивная MLE,18.576184691876634
наивная MLE,36.618358265387805
наивная MLE,18.629204950642816
наивная MLE,2.8519324784176288
наивная MLE,17.568386229713592
наивная MLE,10.699928532396374
наивная MLE,22.393712459550347
наивная MLE,21.72905358150704
наивная MLE,8.45917516274137
наивная MLE,13.4466828201192
наивная MLE,2.6563917672893536
наивная MLE,19.437637543890098
наивная MLE,7.514749075339567
наивная MLE,26.344137651587857
наивная MLE,13.413474773040644
наивная MLE,29.01060121192716
наивная MLE,4.885682592454735
наивная MLE,7.870633850601879
наивная MLE,36.76114888148944
наивная MLE,15.929442697580598
наивная MLE,1.2167701216598297
наивная MLE,18.943244320107436
наивная MLE,27.7042120471523
наивная MLE,11.742491599732128
наивная MLE,8.988643843990687
наивная MLE,23.260827632351308
наивная MLE,10.945647102115174
наивная MLE,13.854702076596167
наивная MLE,5.8508688184011
наивная MLE,11.101140814782754
наивная MLE,13.752790828266924
наивная MLE,14.66615357138343
наивная MLE,18.667291136623568
наивная MLE,8.43606923235608
наивная MLE,6.781924464604049
наивная MLE,12.950458000546217
наивная MLE,16.047531229422987
наивная MLE,16.832737668788905
наивная MLE,10.1741564347221
наивная MLE,9.786162940805344
наивная MLE,19.64632871662592
наивная MLE,16.621646179865674
наивная MLE,19.887197717884803
наивная MLE,37.13488997602611
наивная MLE,27.2532660199998
наивная MLE,10.101318587715806
наивная MLE,2.5096203153799115
наивная MLE,14.473921721979794
наивная MLE,13.797671030454264
наивная MLE,9.004028682603579
наивная MLE,15.501705116685525
наивная MLE,17.704788623329883
наивная MLE,22.27154622161241
наивная MLE,13.802865137496077
наивная MLE,13.097544763156348
наивная MLE,22.57813271351418
наивная MLE,9.942978551485071
наивная MLE,6.33595310846612
наивная MLE,24.026527901388263
наивная MLE,13.756530991508665
наивная MLE,16.672376451707308
наивная MLE,17.147655211731667
наивная MLE,16.36945200176857
наивная MLE,3.941224205870563
наивная MLE,35.324980296979724
наивная MLE,21.03860759248498
наивная MLE,7.7142113565302175
наивная MLE,6.915822279463
наивная MLE,27.08531146376418
наивная MLE,8.18395397408252
наивная MLE,8.729303092126454
наивная MLE,9.303389189727804
наивная MLE,9.630648784079064
наивная MLE,12.236218953565853
наивная MLE,24.194932703153878
наивная MLE,2.4230189969748075
наивная MLE,4.457126172021635
наивная MLE,23.058515828618614
наивная MLE,24.709919402422848
наивная MLE,22.30487762097738
наивная MLE,5.2460582175430925
наивная MLE,15.447171572871493
наивная MLE,12.433675035972044
наивная MLE,14.158651297618153
наивная MLE,6.922183804561141
наивная MLE,17.46932242895389
наивная MLE,6.724297157809126
наивная MLE,11.848996084163357
наивная MLE,2.7062129183590597
наивная MLE,9.112394253690727
наивная MLE,7.280497476926099
наивная MLE,6.119603662176935
наивная MLE,9.64372066768744
наивная MLE,16.322702689821444
наивная MLE,21.636331594241522
наивная MLE,14.531178837837757
наивная MLE,18.9962602272666
наивная MLE,11.182302813941938
наивная MLE,15.213655651626091
наивная MLE,30.317502363984158
наивная MLE,22.264551673360486
наивная MLE,4.536419716777101
наивная MLE,19.340298249365667
наивная MLE,7.510472680369745
наивная MLE,23.93907762882713
наивная MLE,2.6340907383719867
наивная MLE,13.820128962241423
наивная MLE,22.174518473733517
наивная MLE,18.415359990592655
наивная MLE,12.779223505477429
наивная MLE,8.687815469716373
наивная MLE,6.865505839594188
наивная MLE,25.492856049265768
наивная MLE,14.601899163135556
наивная MLE,7.151356368893134
наивная MLE,5.989612885376869
наивная MLE,18.75133779681106
наивная MLE,9.262701460744127
наивная MLE,44.143254579166324
наивная MLE,12.100026072884152
наивная MLE,26.33396565340722
наивная MLE,25.384034442309552
наивная MLE,24.227476147651117
наивная MLE,11.26190194217034
наивная MLE,20.279251110384415
наивная MLE,15.457443169077381
наивная MLE,9.574051636010573
наивная MLE,19.36919520446641
наивная MLE,5.715793478867594
наивная MLE,19.189980936812958
наивная MLE,21.516388569719492
наивная MLE,5.595597780445619
наивная MLE,6.883622461290829
наивная MLE,10.362333806149572
наивная MLE,29.034170933722514
наивная MLE,2.7731221667535193
наивная MLE,10.561799816176372
наивная MLE,15.389105020662186
наивная MLE,20.083840312067366
наивная MLE,18.06317770860496
наивная MLE,30.13593571020669
наивная MLE,7.500907701395496
наивная MLE,12.358929083640461
наивная MLE,13.503626080208491
наивная MLE,15.530051772997037
наивная MLE,2.1490016505648044
наивная MLE,14.943436449380997
наивная MLE,12.590255746448758
наивная MLE,19.398654262129167
наивная MLE,6.343709010459157
наивная MLE,20.046013446774925
наивная MLE,8.95916598157245
наивная MLE,8.513372631911325
наивная MLE,26.71827391659284
наивная MLE,21.82497759862538
наивная MLE,33.711713096690474
с учётом цензуры,13.214041481184346
с учётом цензуры,17.964610305906128
с учётом цензуры,26.809236196790938
с учётом цензуры,4.129017969486107
с учётом цензуры,14.441627219271092
с учётом цензуры,8.849250338241324
с учётом цензуры,18.40297832531482
с учётом цензуры,10.693966734575655
с учётом цензуры,32.579304777013384
с учётом цензуры,8.548813854641548
с учётом цензуры,10.388376376126109
с учётом цензуры,7.7567205459338044
с учётом цензуры,16.016469982830237
с учётом цензуры,20.743496636695433
с учётом цензуры,29.525544915807473
с учётом цензуры,14.554499998874704
с учётом цензуры,15.53072420001358
с учётом цензуры,6.599070622759072
с учётом цензуры,33.48575493030639
с учётом цензуры,9.407560582317391
с учётом цензуры,4.117079056209876
с учётом цензуры,6.126127989833727
с учётом цензуры,11.862691854791205
с учётом цензуры,43.58105120533959
с учётом цензуры,13.59695072336295
с учётом цензуры,34.288618527512064
с учётом цензуры,13.889610545725885
с учётом цензуры,11.250435897772707
с учётом цензуры,7.0590027709574965
с учётом цензуры,9.889111443461386
с учётом цензуры,35.225646663634436
с учётом цензуры,5.163849953254022
с учётом цензуры,7.436157644791103
с учётом цензуры,3.3245509097837185
с учётом цензуры,2.328026637082913
с учётом цензуры,12.81829583625751
с учётом цензуры,4.073418659993132
с учётом цензуры,19.562446388697673
с учётом цензуры,28.67169199866512
с учётом цензуры,21.702179290496673
с учётом цензуры,7.3921852777203885
с учётом цензуры,39.884262969044826
с учётом цензуры,16.42624355554583
с учётом цензуры,9.627511133972446
с учётом цензуры,20.111530506728688
с учётом цензуры,11.805949134104184
с учётом цензуры,7.933200386865543
с учётом цензуры,1.5420553739044618
с учётом цензуры,12.421843931578824
с учётом цензуры,8.870804891895064
с учётом цензуры,24.53602870969863
с учётом цензуры,12.099310031851287
с учётом цензуры,16.987836176587763
с учётом цензуры,9.791709459575403
с учётом цензуры,25.980074942575918
с учётом цензуры,7.572607071030574
с учётом цензуры,21.894446647350183
с учётом цензуры,16.58344931599682
с учётом цензуры,9.830029419873817
с учётом цензуры,6.699528389365087
с учётом цензуры,22.666528274427204
с учётом цензуры,17.108288653831124
с учётом цензуры,13.083142867618694
с учётом цензуры,3.549170602311599
с учётом цензуры,7.3513737188958785
с учётом цензуры,4.855368981925782
с учётом цензуры,3.043552158138726
с учётом цензуры,45.08540771787182
с учётом цензуры,29.769407204676533
с учётом цензуры,16.43168556920674
с учётом цензуры,6.535674559445274
с учётом цензуры,14.76097033244383
с учётом цензуры,13.655952414947386
с учётом цензуры,8.050044557834168
с учётом цензуры,13.488481582233005
с учётом цензуры,28.625762920425846
с учётом цензуры,11.636495317964615
с учётом цензуры,33.61201853383538
с учётом цензуры,6.618486989348594
с учётом цензуры,11.954680215396316
с учётом цензуры,8.51413248470578
с учётом цензуры,4.124725487224902
с учётом цензуры,30.633015433594643
с учётом цензуры,16.480954691155482
с учётом цензуры,11.721797666722239
с учётом цензуры,16.000545411556008
с учётом цензуры,12.858046062266368
с учётом цензуры,11.82974381694347
с учётом цензуры,6.73986794988701
с учётом цензуры,23.913777502451673
с учётом цензуры,7.009900516227432
с учётом цензуры,6.643314527593024
с учётом цензуры,14.897660726262457
с учётом цензуры,3.281501929970209
с учётом цензуры,4.22394868621285
с учётом цензуры,16.205148550571476
с учётом цензуры,22.511575798976104
с учётом цензуры,13.11537581908927
с учётом цензуры,14.39459417225016
с учётом цензуры,9.75321650506592
с учётом цензуры,6.009514339958187
с учётом цензуры,18.45086667781739
с учётом цензуры,8.176811491057807
с учётом цензуры,7.201220892212433
с учётом цензуры,9.01203246458479
с учётом цензуры,6.7975717426626865
с учётом цензуры,21.02495128265233
с учётом цензуры,16.41692391031382
с учётом цензуры,9.299655100678656
с учётом цензуры,22.999682868974222
с учётом цензуры,31.88499331275122
с учётом цензуры,27.265268597266644
с учётом цензуры,41.16542638690218
с учётом цензуры,3.8616740926915822
с учётом цензуры,9.799161995557263
с учётом цензуры,21.13335586113505
с учётом цензуры,37.00977163484205
с учётом цензуры,14.776432615760381
с учётом цензуры,20.69878216014577
с учётом цензуры,9.986260798814289
с учётом цензуры,18.227776647288593
с учётом цензуры,8.215404930840377
с учётом цензуры,8.348913997508282
с учётом цензуры,15.345592641652242
с учётом цензуры,7.616601741791447
с учётом цензуры,3.2935804273927154
с учётом цензуры,24.66742601567774
с учётом цензуры,17.468979373088363
с учётом цензуры,2.7788663296317067
с учётом цензуры,5.889086868594032
с учётом цензуры,3.2742335205779898
с учётом цензуры,7.031925725090118
с учётом цензуры,18.460464831024193
с учётом цензуры,12.648397494595597
с учётом цензуры,3.8076383154944695
с учётом цензуры,17.25955170683926
с учётом цензуры,11.433072227944894
с учётом цензуры,14.479573300946756
с учётом цензуры,17.680595192570877
с учётом цензуры,23.022078750440393
с учётом цензуры,6.5162407641750075
с учётом цензуры,13.859944959771806
с учётом цензуры,9.203644718874438
с учётом цензуры,13.961805202263943
с учётом цензуры,16.919984436199748
с учётом цензуры,22.803725847568785
с учётом цензуры,21.22595583199857
с учётом цензуры,14.179891714682308
с учётом цензуры,24.0074157002878
с учётом цензуры,3.2764962774228708
с учётом цензуры,21.201687753960638
с учётом цензуры,14.05262346952371
с учётом цензуры,6.310083994470595
с учётом цензуры,8.218945594467744
с учётом цензуры,10.449921316725765
с учётом цензуры,11.524828318122982
с учётом цензуры,17.378299119175907
с учётом цензуры,33.09020292151966
с учётом цензуры,2.6784863593500363
с учётом цензуры,4.045742167463337
с учётом цензуры,5.1786111014230976
с учётом цензуры,55.0383991698688
с учётом цензуры,10.567098962848341
с учётом цензуры,14.225236051689993
с учётом цензуры,15.860376187458424
с учётом цензуры,11.144240534412662
с учётом цензуры,17.39225199694394
с учётом цензуры,8.026815815473789
с учётом цензуры,6.3827271293867955
с учётом цензуры,8.75955530329477
с учётом цензуры,14.792236058949696
с учётом цензуры,10.44038928049011
с учётом цензуры,5.780287174614328
с учётом цензуры,3.45694540336877
с учётом цензуры,25.909869612128276
с учётом цензуры,23.155645094260485
с учётом цензуры,14.424022961935348
с учётом цензуры,28.933356266512046
с учётом цензуры,28.913579167533733
с учётом цензуры,11.963915832203913
с учётом цензуры,4.729293549841391
с учётом цензуры,11.468105070380716
с учётом цензуры,8.34607088004381
с учётом цензуры,19.933968609805603
с учётом цензуры,15.83653558862507
с учётом цензуры,10.060184098613597
с учётом цензуры,18.822300725922553
с учётом цензуры,11.799692593861788
с учётом цензуры,12.05769561566608
с учётом цензуры,3.9207341787646066
с учётом цензуры,12.340975953972496
с учётом цензуры,10.472460780259963
с учётом цензуры,15.779619120666473
с учётом цензуры,10.167975200602223
с учётом цензуры,11.69181719165831
с учётом цензуры,9.040583524182487
с учётом цензуры,19.05782266894594
с учётом цензуры,9.695197119638575
с учётом цензуры,7.175950279029649
с учётом цензуры,7.825015586107098
с учётом цензуры,8.497624258487319
с учётом цензуры,7.3542844054067675
с учётом цензуры,15.486248252008288
с учётом цензуры,8.733461503230112
с учётом цензуры,18.071008295365
с учётом цензуры,6.228510021565333
с учётом цензуры,3.3469428010720352
с учётом цензуры,4.1581773393572945
с учётом цензуры,77.50458257882951
с учётом цензуры,25.549574127926732
с учётом цензуры,21.985766991028605
с учётом цензуры,22.64660616765509
с учётом цензуры,0.9318426635202057
с учётом цензуры,16.777772537410964
с учётом цензуры,15.878999287079152
с учётом цензуры,6.523317237195052
с учётом цензуры,6.865256164584029
с учётом цензуры,13.648019892488213
с учётом цензуры,11.091864842571823
с учётом цензуры,15.315257775087874
с учётом цензуры,12.38285005695899
с учётом цензуры,5.446243514517024
с учётом цензуры,37.54076975795316
с учётом цензуры,18.729215021985
с учётом цензуры,13.413875707297159
с учётом цензуры,16.115038451847365
с учётом цензуры,5.398588033014312
с учётом цензуры,14.99536953597208
с учётом цензуры,23.456691835985566
с учётом цензуры,22.387193810073576
с учётом цензуры,18.234452163400356
с учётом цензуры,10.223896436539167
с учётом цензуры,9.245454540023326
с учётом цензуры,27.72761951524651
с учётом цензуры,14.07802259046234
с учётом цензуры,31.10313954646643
с учётом цензуры,18.57834802853159
с учётом цензуры,12.280264264863728
с учётом цензуры,20.53726047315817
с учётом цензуры,16.773634795621845
с учётом цензуры,18.620452015910644
с учётом цензуры,9.1329088893678
с учётом цензуры,25.507082045521354
с учётом цензуры,3.8951994369613434
с учётом цензуры,2.9273883965815375
с учётом цензуры,9.109214476490237
с учётом цензуры,7.0824119895083175
с учётом цензуры,14.117488601485265
с учётом цензуры,7.429485560246663
с учётом цензуры,23.83699740925849
с учётом цензуры,10.772101457350029
с учётом цензуры,11.926324589857405
с учётом цензуры,11.397608341474076
с учётом цензуры,27.939379408402733
с учётом цензуры,15.831334689169179
с учётом цензуры,20.798846646256333
с учётом цензуры,10.10208219788078
с учётом цензуры,55.60580642506367
с учётом цензуры,30.356153429435636
с учётом цензуры,9.068985970533056
с учётом цензуры,11.026478192891181
с учётом цензуры,11.243199648331421
с учётом цензуры,11.65896247549329
с учётом цензуры,83.10790856844972
с учётом цензуры,10.167548155069372
с учётом цензуры,8.01632651417487
с учётом цензуры,8.408200743107992
с учётом цензуры,13.387347927449778
с учётом цензуры,14.1098654324603
с учётом цензуры,7.4527880038349466
с учётом цензуры,29.221543819105538
с учётом цензуры,10.483698422224137
с учётом цензуры,17.911154005698883
с учётом цензуры,24.255449419964435
с учётом цензуры,17.11142207268579
с учётом цензуры,10.092995294876317
с учётом цензуры,10.497162382480738
с учётом цензуры,12.547233838549946
с учётом цензуры,27.252127933102408
с учётом цензуры,19.025164399316708
с учётом цензуры,14.413500573959254
с учётом цензуры,8.001866362994727
с учётом цензуры,10.300332954273664
с учётом цензуры,6.8834238703000015
с учётом цензуры,15.87251227934064
с учётом цензуры,14.43359543324588
с учётом цензуры,34.073691259505516
с учётом цензуры,15.80750276076359
с учётом цензуры,16.36721048792384
с учётом цензуры,2.72136779267323
с учётом цензуры,11.01721029261751
с учётом цензуры,5.844428733343695
с учётом цензуры,8.484648108711374
с учётом цензуры,11.826520252332296
с учётом цензуры,16.719756424062915
с учётом цензуры,6.596659943256338
с учётом цензуры,8.022998088381996
с учётом цензуры,5.687477514613623
с учётом цензуры,14.343917615206148
с учётом цензуры,12.80897990740349
с учётом цензуры,13.013217872938887
с учётом цензуры,14.756053173498056
с учётом цензуры,6.900386704174153
с учётом цензуры,20.077853908826846
с учётом цензуры,3.989994216980612
с учётом цензуры,6.980560227963427
с учётом цензуры,24.469326028914793
с учётом цензуры,18.75694004305516
с учётом цензуры,24.94358290844984
с учётом цензуры,12.678375172588568
с учётом цензуры,29.104950320666497
с учётом цензуры,16.397046272547392
с учётом цензуры,11.974789803005763
с учётом цензуры,8.54759337514939
с учётом цензуры,5.335593914016845
с учётом цензуры,25.34952281764899
с учётом цензуры,11.799597376813054
с учётом цензуры,12.639122891888311
с учётом цензуры,6.972113893446104
с учётом цензуры,25.89286292247027
с учётом цензуры,9.003551531373162
с учётом цензуры,7.436662390767836
с учётом цензуры,6.749135377055907
с учётом цензуры,55.55569687171064
с учётом цензуры,16.71128066904733
с учётом цензуры,15.138823133876414
с учётом цензуры,7.612558591238913
с учётом цензуры,34.61789318921515
с учётом цензуры,15.832750322378669
с учётом цензуры,29.342434975781224
с учётом цензуры,15.932220557115462
с учётом цензуры,6.118721722002059
с учётом цензуры,15.599670727479037
с учётом цензуры,5.440456678798657
с учётом цензуры,26.62014989088499
с учётом цензуры,11.563865725382694
с учётом цензуры,9.325152719959535
с учётом цензуры,8.195563545355402
с учётом цензуры,20.960623164621417
с учётом цензуры,7.777139996324144
с учётом цензуры,10.202356699537017
с учётом цензуры,15.758962830420526
с учётом цензуры,4.426029967835616
с учётом цензуры,7.670269126247772
с учётом цензуры,38.17180540546158
с учётом цензуры,13.917611379430456
с учётом цензуры,27.454358128493006
с учётом цензуры,21.572923431583426
с учётом цензуры,12.200489615786598
с учётом цензуры,16.594073982726485
с учётом цензуры,11.406721350335472
с учётом цензуры,6.12073855697484
с учётом цензуры,25.826878283170608
с учётом цензуры,14.409781407823747
с учётом цензуры,8.956759230628618
с учётом цензуры,11.868825394282869
с учётом цензуры,3.0953430641009683
с учётом цензуры,17.330840028459434
с учётом цензуры,23.520360206591125
с учётом цензуры,19.326954920738032
с учётом цензуры,5.662935678132735
с учётом цензуры,9.844916684079198
с учётом цензуры,11.389418256468918
с учётом цензуры,15.35314454059278
с учётом цензуры,14.344517957197642
с учётом цензуры,7.486733920492009
с учётом цензуры,6.99186229276032
с учётом цензуры,2.0307210637892097
с учётом цензуры,4.492054421426451
с учётом цензуры,15.91903761904168
с учётом цензуры,11.557845881892849
с учётом цензуры,5.706309776387302
с учётом цензуры,31.34735675673131
с учётом цензуры,9.697018408438993
с учётом цензуры,19.950285802539696
с учётом цензуры,15.755172621731422
с учётом цензуры,9.496531591627402
с учётом цензуры,29.87298222580293
с учётом цензуры,13.85936639599113
с учётом цензуры,4.41863880483238
с учётом цензуры,16.930589402745465
с учётом цензуры,21.270932145105487
с учётом цензуры,22.074610063985187
с учётом цензуры,27.45568052726098
с учётом цензуры,15.901222995264188
с учётом цензуры,23.800780076555206
с учётом цензуры,5.446006224207181
с учётом цензуры,15.122062367692184
с учётом цензуры,18.220118644264247
с учётом цензуры,8.231137151371897
с учётом цензуры,20.583295682289563
с учётом цензуры,22.49715017769012
с учётом цензуры,11.309760108235723
с учётом цензуры,26.618666602097125
с учётом цензуры,26.19757475538554
с учётом цензуры,28.648052470702076
с учётом цензуры,8.25976901370474
с учётом цензуры,5.809797478721961
с учётом цензуры,13.83322788346701
с учётом цензуры,12.65276614092108
с учётом цензуры,5.963724847039564
с учётом цензуры,23.43574229842941
с учётом цензуры,13.087593338383746
с учётом цензуры,2.990104655994629
с учётом цензуры,5.555638510496454
с учётом цензуры,31.817028857516185
с учётом цензуры,12.010914882116273
с учётом цензуры,5.046312648992693
с учётом цензуры,6.781971128298718
с учётом цензуры,7.7391180959253685
с учётом цензуры,18.220523601133976
с учётом цензуры,4.020612710899865
с учётом цензуры,12.69855007456664
с учётом цензуры,27.141183255215726
с учётом цензуры,35.23620176795938
с учётом цензуры,6.84491381143336
с учётом цензуры,6.688714446311133
с учётом цензуры,6.396468615250653
с учётом цензуры,8.403926664695945
с учётом цензуры,6.161598885384877
с учётом цензуры,8.239692504932504
с учётом цензуры,9.576559005663393
с учётом цензуры,19.490161305140848
с учётом цензуры,21.97982948987425
с учётом цензуры,24.90036206201094
с учётом цензуры,8.074361615204392
с учётом цензуры,9.98432101426448
с учётом цензуры,26.034994634451547
с учётом цензуры,8.013462609205689
с учётом цензуры,41.01187729237708
с учётом цензуры,20.425017860650755
с учётом цензуры,31.14089008754477
с учётом цензуры,11.067657900014314
с учётом цензуры,37.04600919001103
с учётом цензуры,13.788935449587974
с учётом цензуры,4.247246998723202
с учётом цензуры,6.4046534944282545
с учётом цензуры,9.285359492735003
с учётом цензуры,5.6920640624794885
с учётом цензуры,10.640735409626714
с учётом цензуры,20.687843405307415
с учётом цензуры,23.170566980160963
с учётом цензуры,31.676871587619573
с учётом цензуры,13.907247060902368
с учётом цензуры,6.767599582142743
с учётом цензуры,28.976129110342463
с учётом цензуры,22.473370556963353
с учётом цензуры,55.01949057392926
с учётом цензуры,6.349305618249816
с учётом цензуры,29.405405117449682
с учётом цензуры,10.658099427975229
с учётом цензуры,17.121965862743618
с учётом цензуры,11.432107026145594
с учётом цензуры,11.41827476221631
с учётом цензуры,33.04532037046359
с учётом цензуры,21.373099597057315
с учётом цензуры,23.28115061309358
с учётом цензуры,7.974507920066909
с учётом цензуры,33.03477033925272
с учётом цензуры,5.822432438760685
с учётом цензуры,20.4030066547151
с учётом цензуры,5.431459050245608
с учётом цензуры,9.997294815464517
с учётом цензуры,32.17249051946563
с учётом цензуры,4.22612296213677
с учётом цензуры,15.597187572694015
с учётом цензуры,15.479797320411695
с учётом цензуры,10.745086487205477
с учётом цензуры,9.223081223775
с учётом цензуры,5.6923394286360836
с учётом цензуры,8.667022249538368
с учётом цензуры,10.537370245274662
с учётом цензуры,7.693250590120203
с учётом цензуры,14.947068339726302
с учётом цензуры,25.181908377118134
с учётом цензуры,13.276853482708312
с учётом цензуры,3.8303127582988
с учётом цензуры,21.275339138412406
с учётом цензуры,10.356237708024855
с учётом цензуры,15.889926110554441
с учётом цензуры,26.270109694790335
с учётом цензуры,5.638770885111382
с учётом цензуры,5.829304240423632
с учётом цензуры,7.4964347085187875
с учётом цензуры,5.820256888159681
с учётом цензуры,28.329328554789125
с учётом цензуры,10.457909483222677
с учётом цензуры,7.079185320687806
с учётом цензуры,8.507417524674464
с учётом цензуры,8.237044939057334
с учётом цензуры,31.91215947015848
с учётом цензуры,25.65683732306376
с учётом цензуры,24.852312895327124
с учётом цензуры,33.32561566589391
с учётом цензуры,16.63872764446704
с учётом цензуры,22.62884441624125
с учётом цензуры,21.726383576470905
с учётом цензуры,7.897239154185819
с учётом цензуры,13.493262822031953
с учётом цензуры,7.12580291715844
с учётом цензуры,9.232411769807698
с учётом цензуры,15.825949759007745
с учётом цензуры,10.486316021414998
с учётом цензуры,8.283375045825375
с учётом цензуры,21.517206639260518
с учётом цензуры,21.246650633300902
с учётом цензуры,5.140244611113417
с учётом цензуры,29.003257549851817
с учётом цензуры,20.52791068480981
с учётом цензуры,18.079598029289027
с учётом цензуры,1.9358811616520004
с учётом цензуры,34.00426385365416
с учётом цензуры,9.530446843904299
с учётом цензуры,18.911823838134236
с учётом цензуры,8.211119344814128
с учётом цензуры,20.498948288692354
с учётом цензуры,5.949544719297912
с учётом цензуры,8.487886417674243
с учётом цензуры,22.163159977890324
с учётом цензуры,6.405703314180503
с учётом цензуры,2.044921435986528
с учётом цензуры,6.780687347296719
с учётом цензуры,8.006959667446047
с учётом цензуры,19.67257200669147
с учётом цензуры,25.771424827194355
с учётом цензуры,6.272893864559886
с учётом цензуры,12.979136306391142
с учётом цензуры,16.82851891634011
с учётом цензуры,14.098746245198639
с учётом цензуры,7.175246248755753
с учётом цензуры,7.362612812821138
с учётом цензуры,11.360338673996822
с учётом цензуры,4.629756807811997
с учётом цензуры,0.6107915841431895
с учётом цензуры,16.478992580031424
с учётом цензуры,10.200605137896932
с учётом цензуры,8.686033947343734
с учётом цензуры,9.51633379064771
с учётом цензуры,6.934275956135853
с учётом цензуры,8.727487827432608
с учётом цензуры,15.794570802295024
с учётом цензуры,14.419949351606313
с учётом цензуры,8.494302982378755
с учётом цензуры,5.65501092831961
с учётом цензуры,16.897164928439235
с учётом цензуры,52.78847754442048
с учётом цензуры,15.298177666732814
с учётом цензуры,12.055220677141259
с учётом цензуры,8.665578529302083
с учётом цензуры,10.298764023649198
с учётом цензуры,28.206318403337868
с учётом цензуры,8.14875259549695
с учётом цензуры,14.057171297029942
с учётом цензуры,27.143562290010333
с учётом цензуры,26.80442505018916
с учётом цензуры,18.91145595074255
с учётом цензуры,10.470086159913695
с учётом цензуры,13.448370367275201
с учётом цензуры,22.315117371444426
с учётом цензуры,21.998357342967896
с учётом цензуры,40.6261343284647
с учётом цензуры,13.737488894128408
с учётом цензуры,14.501012719044093
с учётом цензуры,4.315497572415526
с учётом цензуры,35.703452293336746
с учётом цензуры,5.050086344559808
с учётом цензуры,2.5703523282815595
с учётом цензуры,16.443034305646133
с учётом цензуры,6.505337346694841
с учётом цензуры,22.4413972854299
с учётом цензуры,15.557946719598778
с учётом цензуры,26.693307518470252
с учётом цензуры,6.834826754532167
с учётом цензуры,9.640870691174351
с учётом цензуры,14.627022416131183
с учётом цензуры,12.026612419943962
с учётом цензуры,19.55056753287566
с учётом цензуры,14.933459059479631
с учётом цензуры,17.07974262966736
с учётом цензуры,21.768674357987607
с учётом цензуры,9.923492060621887
с учётом цензуры,4.349702953245321
с учётом цензуры,12.756059164606963
с учётом цензуры,11.532654887372903
с учётом цензуры,13.28604381397351
с учётом цензуры,6.311653946449367
с учётом цензуры,23.87551562422842
с учётом цензуры,20.536131167015782
с учётом цензуры,13.773769234718252
с учётом цензуры,14.039449774199019
с учётом цензуры,8.204425376980018
с учётом цензуры,5.642541358525543
с учётом цензуры,8.857385196128385
с учётом цензуры,9.78286177475885
с учётом цензуры,9.197553304588938
с учётом цензуры,26.663177642475482
с учётом цензуры,14.369988974204816
с учётом цензуры,11.968517134620203
с учётом цензуры,37.64219729542367
с учётом цензуры,10.276233497320224
с учётом цензуры,62.227150827047055
с учётом цензуры,7.430554674533488
с учётом цензуры,6.738082586242885
с учётом цензуры,22.308705420369193
с учётом цензуры,14.590387367768459
с учётом цензуры,4.500528397490294
с учётом цензуры,2.364204731347817
с учётом цензуры,8.795625755557026
с учётом цензуры,10.57927665060084
с учётом цензуры,20.283088792972727
с учётом цензуры,37.73858141784973
с учётом цензуры,23.296139515930136
с учётом цензуры,15.19529354775273
с учётом цензуры,15.519880069621314
с учётом цензуры,46.89338205047203
с учётом цензуры,3.5641728664836316
с учётом цензуры,16.192530882674376
с учётом цензуры,17.010896179779024
с учётом цензуры,4.2602795550697605
с учётом цензуры,11.24978751133966
с учётом цензуры,8.108978924803328
с учётом цензуры,5.983662783298919
с учётом цензуры,15.865903224381544
с учётом цензуры,20.86967498506826
с учётом цензуры,23.23725689204462
с учётом цензуры,12.969933363600372
с учётом цензуры,22.937771558364602
с учётом цензуры,13.180185319039055
с учётом цензуры,37.50840728231518
с учётом цензуры,38.85802566242687
с учётом цензуры,30.40476633934906
с учётом цензуры,9.55904443615581
с учётом цензуры,24.334244160541516
с учётом цензуры,12.884036264912975
с учётом цензуры,37.655627437259284
с учётом цензуры,23.15014884875524
с учётом цензуры,4.628687631321011
с учётом цензуры,17.098657776534544
с учётом цензуры,55.521929691179565
с учётом цензуры,25.20937445931052
с учётом цензуры,27.237591140569304
с учётом цензуры,4.149476428949456
с учётом цензуры,13.342793641648726
с учётом цензуры,35.04433149954966
с учётом цензуры,8.467357050148038
с учётом цензуры,13.600217488122272
с учётом цензуры,22.08278090265994
с учётом цензуры,99.03359780472864
с учётом цензуры,20.363777934125302
с учётом цензуры,7.652055349362863
с учётом цензуры,7.602784544293761
с учётом цензуры,11.871607671368926
с учётом цензуры,16.6680422508076
с учётом цензуры,1.9132261052435733
с учётом цензуры,20.34156274006464
с учётом цензуры,11.343589905535378
с учётом цензуры,8.62869036326845
с учётом цензуры,19.26225408333257
с учётом цензуры,6.9834736410397635
с учётом цензуры,18.74431846838499
с учётом цензуры,7.76510581832327
с учётом цензуры,17.386265876886867
с учётом цензуры,30.668290516808497
с учётом цензуры,14.132132964056863
с учётом цензуры,3.14325504272619
с учётом цензуры,6.478667024423699
с учётом цензуры,28.126502429058398
с учётом цензуры,14.43717402927245
с учётом цензуры,5.450944115560446
с учётом цензуры,19.701609548634746
с учётом цензуры,4.253682938978441
с учётом цензуры,22.15288879441359
с учётом цензуры,12.019561595952911
с учётом цензуры,21.108459015013725
с учётом цензуры,19.953066393902176
с учётом цензуры,9.297756744152787
с учётом цензуры,16.650412753581076
с учётом цензуры,17.688738879531112
с учётом цензуры,12.359253218384296
с учётом цензуры,7.749025207168265
с учётом цензуры,14.530612963847698
с учётом цензуры,23.393615321404788
с учётом цензуры,16.809196731294225
с учётом цензуры,17.427629375580857
с учётом цензуры,8.46225351642491
с учётом цензуры,5.399960237266857
с учётом цензуры,10.594253007260617
с учётом цензуры,7.358951960564106
с учётом цензуры,6.821344758349076
с учётом цензуры,4.963222070559745
с учётом цензуры,11.011983186022274
с учётом цензуры,12.248890515346298
с учётом цензуры,22.849614025892812
с учётом цензуры,37.52218886681766
с учётом цензуры,19.35351690066411
с учётом цензуры,10.503699882933825
с учётом цензуры,6.754745845137289
с учётом цензуры,18.941794110266468
с учётом цензуры,17.53186131668352
с учётом цензуры,29.96287824031688
с учётом цензуры,10.71512084616333
с учётом цензуры,9.906644229707727
с учётом цензуры,24.6918533978537
с учётом цензуры,7.853501234857749
с учётом цензуры,19.031853251398218
с учётом цензуры,21.2474300646931
с учётом цензуры,8.689887632882414
с учётом цензуры,31.57563507249919
с учётом цензуры,4.917868075643075
с учётом цензуры,7.86088651743005
с учётом цензуры,18.395578871861005
с учётом цензуры,16.97151869052943
с учётом цензуры,19.526383688991935
с учётом цензуры,7.6424263270837285
с учётом цензуры,33.01522358461512
с учётом цензуры,45.264178785667085
с учётом цензуры,22.904201554821455
с учётом цензуры,8.645336691180352
с учётом цензуры,3.6262949958917723
с учётом цензуры,23.127174393709115
с учётом цензуры,0.686604039237878
с учётом цензуры,6.160206197636855
с учётом цензуры,10.66518645760685
с учётом цензуры,3.581123498640135
с учётом цензуры,15.650595845778124
с учётом цензуры,23.303178037021617
с учётом цензуры,5.731182615218753
с учётом цензуры,10.600628122613774
с учётом цензуры,3.797284407272861
с учётом цензуры,7.715180830529897
с учётом цензуры,7.886595135077476
с учётом цензуры,24.63191212664223
с учётом цензуры,16.4136676235823
с учётом цензуры,10.464071906267971
с учётом цензуры,28.887212585755968
с учётом цензуры,8.329302271584499
с учётом цензуры,21.37321537222754
с учётом цензуры,8.36860972170278
с учётом цензуры,9.195643658465169
с учётом цензуры,5.526854055756526
с учётом цензуры,19.810256856202347
с учётом цензуры,10.43453661978737
с учётом цензуры,10.11924174922629
с учётом цензуры,12.01432083077423
с учётом цензуры,11.598019063242555
с учётом цензуры,6.957065767001326
с учётом цензуры,2.8871862683217486
с учётом цензуры,8.846268050769531
с учётом цензуры,10.951735320524463
с учётом цензуры,9.330842542191007
с учётом цензуры,2.446651169146713
с учётом цензуры,9.194528604113831
с учётом цензуры,6.554647708974045
с учётом цензуры,3.601782355242371
с учётом цензуры,4.473970057482797
с учётом цензуры,24.391298780125624
с учётом цензуры,11.68495701891803
с учётом цензуры,20.963590369291072
с учётом цензуры,13.230033426900272
с учётом цензуры,31.71536005926503
с учётом цензуры,8.210449964546186
с учётом цензуры,5.499841931060477
с учётом цензуры,37.69020355831651
с учётом цензуры,22.348259230387285
с учётом цензуры,23.878081049754
с учётом цензуры,3.882074779134141
с учётом цензуры,34.4916399986438
с учётом цензуры,20.97424995010728
с учётом цензуры,22.30634988626725
с учётом цензуры,3.8403804950151126
с учётом цензуры,16.92261436959528
с учётом цензуры,9.859336883714736
с учётом цензуры,23.51020354470783
с учётом цензуры,6.110639425798521
с учётом цензуры,9.798914420085415
с учётом цензуры,4.120613754706315
с учётом цензуры,18.67153742992534
с учётом цензуры,24.388746849467005
с учётом цензуры,18.99199376198718
с учётом цензуры,17.130442039017943
с учётом цензуры,9.683377280013064
с учётом цензуры,4.368099577155661
с учётом цензуры,8.74774658176105
с учётом цензуры,2.410666495722938
с учётом цензуры,36.84808146981172
с учётом цензуры,4.959645382199861
с учётом цензуры,14.933591932626292
с учётом цензуры,8.500274241596035
с учётом цензуры,1.6274645660637301
с учётом цензуры,8.928240004543596
с учётом цензуры,8.18024993715559
с учётом цензуры,22.55723545745348
с учётом цензуры,9.620746234894145
с учётом цензуры,30.21297698847065
с учётом цензуры,15.031994133993916
с учётом цензуры,6.103883400974583
с учётом цензуры,17.802604286001994
с учётом цензуры,20.43136325439182
с учётом цензуры,4.485623740802504
с учётом цензуры,21.11736727618131
с учётом цензуры,5.615441871947932
с учётом цензуры,6.949760926836222
с учётом цензуры,15.72399297192981
с учётом цензуры,10.44909333649787
с учётом цензуры,7.574797292222942
с учётом цензуры,32.021304237189334
с учётом цензуры,14.240528498900526
с учётом цензуры,6.148690108618361
с учётом цензуры,19.742515196777568
с учётом цензуры,6.766525979902992
с учётом цензуры,11.425831969716633
с учётом цензуры,14.397472582211272
с учётом цензуры,4.31489478100795
с учётом цензуры,9.840570001893939
с учётом цензуры,0.9446105474729504
с учётом цензуры,10.928909673776886
с учётом цензуры,38.67105375459331
с учётом цензуры,5.1880744074832315
с учётом цензуры,6.540807590331885
с учётом цензуры,5.765480581807596
с учётом цензуры,10.836273304685594
с учётом цензуры,20.154280268578006
с учётом цензуры,5.0046571707112015
с учётом цензуры,21.876273622986275
с учётом цензуры,27.828832353243218
с учётом цензуры,7.826838417274045
с учётом цензуры,22.974136258635138
с учётом цензуры,23.819079014242146
с учётом цензуры,6.598986071816674
с учётом цензуры,9.393536484798581
с учётом цензуры,6.917970994777155
с учётом цензуры,19.04970643481839
с учётом цензуры,40.81797597387194
с учётом цензуры,12.563294037576615
с учётом цензуры,83.46153340775972
с учётом цензуры,40.24429928354772
с учётом цензуры,16.739162954689377
с учётом цензуры,9.509794663856844
с учётом цензуры,17.375509335651454
с учётом цензуры,5.577943891703771
с учётом цензуры,2.604791009693698
с учётом цензуры,11.585235940861752
с учётом цензуры,12.148583970685415
с учётом цензуры,31.016419566825085
с учётом цензуры,9.864476021801751
с учётом цензуры,19.661713753043816
с учётом цензуры,26.131121507103355
с учётом цензуры,12.74924708189802
с учётом цензуры,35.29166110094719
с учётом цензуры,7.484261085487738
с учётом цензуры,18.469149883526015
с учётом цензуры,9.391971146882295
с учётом цензуры,5.808927159709767
с учётом цензуры,2.031539231725972
с учётом цензуры,22.62727765677798
с учётом цензуры,12.678410824949534
с учётом цензуры,6.465468606311598
с учётом цензуры,3.992501889820569
с учётом цензуры,3.7065194195834783
с учётом цензуры,7.106582035228687
с учётом цензуры,14.3507213822421
с учётом цензуры,18.311266717794616
с учётом цензуры,17.43193524299679
с учётом цензуры,22.276491227561593
с учётом цензуры,13.972654225300612
с учётом цензуры,8.913609890846654
с учётом цензуры,20.309379552019262
с учётом цензуры,12.025156822555406
с учётом цензуры,18.773970739947252
с учётом цензуры,5.433241350889651
с учётом цензуры,18.014096767940465
с учётом цензуры,4.832423149861535
с учётом цензуры,35.187785761178695
с учётом цензуры,2.0769207243810457
с учётом цензуры,4.3697566760216064
с учётом цензуры,5.2561411660596065
с учётом цензуры,12.525109414770489
с учётом цензуры,5.986073431026577
с учётом цензуры,22.852209740899283
с учётом цензуры,26.15948111697936
с учётом цензуры,2.6159614868832355
с учётом цензуры,21.792205916922672
с учётом цензуры,7.885399576830933
с учётом цензуры,13.520685583056904
с учётом цензуры,20.750849708695515
с учётом цензуры,11.897898306540124
с учётом цензуры,23.493594661458438
с учётом цензуры,8.506772227255405
с учётом цензуры,23.07138078609927
с учётом цензуры,8.827900539223943
с учётом цензуры,4.00214748995684
с учётом цензуры,5.417824151468822
с учётом цензуры,8.457704877995848
с учётом цензуры,9.238083706034317
с учётом цензуры,18.0425012371299
с учётом цензуры,19.313537153887935
с учётом цензуры,18.1927209146118
с учётом цензуры,20.520666090467163
с учётом цензуры,34.82063618629531
с учётом цензуры,27.943874981377384
с учётом цензуры,21.647868437938232
с учётом цензуры,19.354187883672722
с учётом цензуры,31.13281662253135
с учётом цензуры,8.492070983790798
с учётом цензуры,9.29097634690547
с учётом цензуры,2.748497525765573
с учётом цензуры,33.03836077926196
с учётом цензуры,20.088345252444995
с учётом цензуры,16.49200073382835
с учётом цензуры,3.4749272602120502
с учётом цензуры,30.873923736390108
с учётом цензуры,11.796368794438742
с учётом цензуры,9.581492912634246
с учётом цензуры,7.975088575967644
с учётом цензуры,9.911451856858381
с учётом цензуры,9.204337999320185
с учётом цензуры,13.822669988078225
с учётом цензуры,3.744034939481594
с учётом цензуры,9.023193711651462
с учётом цензуры,22.724092269573696
с учётом цензуры,8.533786799526197
с учётом цензуры,18.129826796621558
с учётом цензуры,28.812462586946708
с учётом цензуры,11.229263834022415
с учётом цензуры,18.26271649905377
с учётом цензуры,11.43162403964589
с учётом цензуры,8.377458968645048
с учётом цензуры,31.655352614649807
с учётом цензуры,13.488907924055061
с учётом цензуры,5.760549719903887
с учётом цензуры,6.018026926366031
с учётом цензуры,10.378611468461802
с учётом цензуры,40.26745318953709
с учётом цензуры,16.827708356525484
с учётом цензуры,7.438815385501681
с учётом цензуры,11.384560779031656
с учётом цензуры,6.725922057411226
с учётом цензуры,18.782884216117548
с учётом цензуры,3.3259957432969234
с учётом цензуры,15.73112087817058
с учётом цензуры,26.09867852348451
с учётом цензуры,8.379826178633568
с учётом цензуры,24.856650466759223
с учётом цензуры,15.930394756810578
с учётом цензуры,4.360392723481278
с учётом цензуры,7.571901414528515
с учётом цензуры,13.85720529606094
с учётом цензуры,4.11046550473672
с учётом цензуры,5.09678353616027
с учётом цензуры,14.25663332370779
с учётом цензуры,14.649848874215447
с учётом цензуры,49.08746677182262
с учётом цензуры,13.665303488502731
с учётом цензуры,18.033540203066124
с учётом цензуры,8.39543732654284
с учётом цензуры,5.154862835112752
с учётом цензуры,21.34410125230056
с учётом цензуры,11.286126177127214
с учётом цензуры,11.311297360602566
с учётом цензуры,12.14985866118948
с учётом цензуры,15.37464565925782
с учётом цензуры,7.943916106025482
с учётом цензуры,5.869256793053648
с учётом цензуры,10.912536877392492
с учётом цензуры,8.532877036481459
с учётом цензуры,29.258017465208344
с учётом цензуры,7.12584790078246
с учётом цензуры,7.898500530914006
с учётом цензуры,19.563657982166966
с учётом цензуры,17.17247407789315
с учётом цензуры,19.456827489625585
с учётом цензуры,11.582110215940844
с учётом цензуры,9.300213728709213
с учётом цензуры,4.7694638613660025
с учётом цензуры,10.23054268920236
с учётом цензуры,4.574299357756624
с учётом цензуры,10.901211492555014
с учётом цензуры,23.567462245109752
с учётом цензуры,16.098219138550515
с учётом цензуры,7.6000102617418825
с учётом цензуры,11.809539089734098
с учётом цензуры,16.800955318358106
с учётом цензуры,13.4762421072659
с учётом цензуры,27.583408088211726
с учётом цензуры,5.5535877360317984
с учётом цензуры,20.18126269968021
с учётом цензуры,4.750673902092337
с учётом цензуры,2.515683341779494
с учётом цензуры,21.20178569728534
с учётом цензуры,14.702671893463325
с учётом цензуры,7.3702568142409355
с учётом цензуры,6.084252093076451
с учётом цензуры,16.951406090444227
с учётом цензуры,23.28876471555146
с учётом цензуры,21.832545042534445
с учётом цензуры,19.978949987387978
с учётом цензуры,10.535742633496778
с учётом цензуры,7.862434881944892
с учётом цензуры,12.787064111185277
с учётом цензуры,7.57627193528389
с учётом цензуры,6.000018009718577
с учётом цензуры,27.00108022693503
с учётом цензуры,9.323041315344017
с учётом цензуры,4.495688770376104
с учётом цензуры,13.040135256914569
с учётом цензуры,20.7179403266494
с учётом цензуры,6.077250606998186
с учётом цензуры,11.941407591239939
с учётом цензуры,8.161293213792584
с учётом цензуры,10.03672229876868
с учётом цензуры,15.113543219812726
с учётом цензуры,5.160038960620293
с учётом цензуры,25.113491972012557
с учётом цензуры,6.5296830129090875
с учётом цензуры,16.92762658645127
с учётом цензуры,17.675948849255715
с учётом цензуры,10.10720282430753
с учётом цензуры,18.463511303009223
с учётом цензуры,42.63949004090216
с учётом цензуры,5.18028714849704
с учётом цензуры,10.268022495554709
с учётом цензуры,25.108099313615437
с учётом цензуры,6.557655281522228
с учётом цензуры,6.075519331173842
с учётом цензуры,12.761333789243704
с учётом цензуры,2.8542089410431997
с учётом цензуры,17.03875132983892
с учётом цензуры,20.639074682198185
с учётом цензуры,5.017209459093806
с учётом цензуры,21.957771239320248
с учётом цензуры,10.053901427141422
с учётом цензуры,19.45179175210862
с учётом цензуры,23.115350047123936
с учётом цензуры,8.33521755505736
с учётом цензуры,8.819126700554333
с учётом цензуры,11.315161997035508
с учётом цензуры,17.68031331968593
с учётом цензуры,19.39927641925485
с учётом цензуры,4.5512830637468715
с учётом цензуры,14.47234163985702
с учётом цензуры,19.424928813820145
с учётом цензуры,10.403052297681095
с учётом цензуры,9.023256394704454
с учётом цензуры,12.366038562614388
с учётом цензуры,27.63965521171216
с учётом цензуры,22.57541622820652
с учётом цензуры,16.445347360666922
с учётом цензуры,16.35486052362868
с учётом цензуры,28.602130364290698
с учётом цензуры,25.618666399470904
с учётом цензуры,15.636393705874795
с учётом цензуры,1.1922827874423358
с учётом цензуры,3.0137310660122223
с учётом цензуры,12.225989099163513
с учётом цензуры,8.10946152080425
с учётом цензуры,7.20664644807686
с учётом цензуры,20.137477803582023
с учётом цензуры,18.52509165760475
с учётом цензуры,13.949528302407723
с учётом цензуры,26.23304035671707
с учётом цензуры,6.522450607615546
с учётом цензуры,26.54366784628877
с учётом цензуры,4.916009898694168
с учётом цензуры,33.424752237537334
с учётом цензуры,26.91094511775561
с учётом цензуры,7.050192439890523
с учётом цензуры,8.382286125459169
с учётом цензуры,6.987093139022575
с учётом цензуры,6.014311626470532
с учётом цензуры,23.48150447207543
с учётом цензуры,18.163185687590122
с учётом цензуры,11.366257480435944
с учётом цензуры,3.2386735356240077
с учётом цензуры,7.230389087170191
с учётом цензуры,14.398502310385279
с учётом цензуры,20.669217264920473
с учётом цензуры,4.438536846317067
с учётом цензуры,21.63134876619702
с учётом цензуры,11.851397713080997
с учётом цензуры,11.691532604528067
с учётом цензуры,12.277729938848742
с учётом цензуры,10.902177817321888
с учётом цензуры,32.18230993036569
с учётом цензуры,17.98864731705188
с учётом цензуры,19.263792791635204
с учётом цензуры,17.895353270956893
с учётом цензуры,11.83404306092134
с учётом цензуры,2.6925244756129736
с учётом цензуры,15.256221642230708
с учётом цензуры,18.949943324939
с учётом цензуры,16.321272840779237
с учётом цензуры,5.706689474266841
с учётом цензуры,27.987057731287262
с учётом цензуры,18.131253271491865
с учётом цензуры,14.922801092616586
с учётом цензуры,15.49535361099248
с учётом цензуры,12.310053692385516
с учётом цензуры,26.837221535047245
с учётом цензуры,9.529320158893071
с учётом цензуры,26.85623681105917
с учётом цензуры,19.449303469776257
с учётом цензуры,17.485093866597346
с учётом цензуры,5.917188612465669
с учётом цензуры,12.56694901262696
с учётом цензуры,18.31370721390778
с учётом цензуры,5.326736035108506
с учётом цензуры,8.198993813125341
с учётом цензуры,6.5593335632466205
с учётом цензуры,20.874282025062598
с учётом цензуры,7.3851547088622045
с учётом цензуры,9.98527739007043
с учётом цензуры,36.87167230260134
с учётом цензуры,4.398305634646248
с учётом цензуры,7.234722705234058
с учётом цензуры,12.560866691147007
с учётом цензуры,5.951126023148222
с учётом цензуры,18.542874044448272
с учётом цензуры,21.677793134269034
с учётом цензуры,3.4755563475484115
с учётом цензуры,23.756731130474172
с учётом цензуры,4.059913238093679
с учётом цензуры,16.794329561627183
с учётом цензуры,12.50683103892884
с учётом цензуры,32.97493747646574
с учётом цензуры,4.960500329922665
с учётом цензуры,7.253095253323678
с учётом цензуры,4.96629427620602
с учётом цензуры,10.647246794438129
с учётом цензуры,9.749143470619899
с учётом цензуры,4.998422800774492
с учётом цензуры,13.389626608641025
с учётом цензуры,19.5564923550713
с учётом цензуры,29.860620539760987
с учётом цензуры,23.622164376313446
с учётом цензуры,1.9339043479818205
с учётом цензуры,19.565094542613018
с учётом цензуры,8.388817243933108
с учётом цензуры,7.240428911096279
с учётом цензуры,19.377337540254338
с учётом цензуры,31.22539351297311
с учётом цензуры,20.27547164011897
с учётом цензуры,27.159584969335885
с учётом цензуры,13.380373279308648
с учётом цензуры,6.106373669318766
с учётом цензуры,1.9755995401247488
с учётом цензуры,9.498316678797098
с учётом цензуры,5.918083107215003
с учётом цензуры,18.28740208787683
с учётом цензуры,18.558449711857556
с учётом цензуры,12.161819191695994
с учётом цензуры,23.012864505522586
с учётом цензуры,8.438164333851546
с учётом цензуры,14.917746196631988
с учётом цензуры,12.583174609201329
с учётом цензуры,2.443863356305942
с учётом цензуры,32.311893228895485
с учётом цензуры,8.66683638238158
с учётом цензуры,8.532007050718182
с учётом цензуры,10.783566589531102
с учётом цензуры,8.847631581718657
с учётом цензуры,33.280615060799725
с учётом цензуры,11.319398614558573
с учётом цензуры,10.606436890873105
с учётом цензуры,22.862758504736043
с учётом цензуры,11.30332408694015
с учётом цензуры,23.721501331083907
с учётом цензуры,22.01272830125373
с учётом цензуры,23.04304564182194
с учётом цензуры,10.232098303716016
с учётом цензуры,21.342031975298674
с учётом цензуры,3.1042846470766614
с учётом цензуры,18.98742917351968
с учётом цензуры,20.97119126683814
с учётом цензуры,45.97635565926748
с учётом цензуры,11.927418883890834
с учётом цензуры,6.647247614982291
с учётом цензуры,14.12117909057434
с учётом цензуры,31.847857568443057
с учётом цензуры,21.57602378446914
с учётом цензуры,15.450221750765724
с учётом цензуры,15.943206565357762
с учётом цензуры,5.268953001258327
с учётом цензуры,18.444676001296347
с учётом цензуры,17.874130005721007
с учётом цензуры,11.932478256710864
с учётом цензуры,14.546417298509144
с учётом цензуры,19.15686606968469
с учётом цензуры,21.15288400663632
с учётом цензуры,19.515537470456238
с учётом цензуры,16.384924839041677
с учётом цензуры,21.605810396639455
с учётом цензуры,11.26456603557146
с учётом цензуры,18.439573830020635
с учётом цензуры,5.058199365660818
с учётом цензуры,21.101589204405446
с учётом цензуры,12.50629583034551
с учётом цензуры,9.742755192583655
с учётом цензуры,11.13407840099121
с учётом цензуры,15.768269205597436
с учётом цензуры,3.918185572216738
с учётом цензуры,10.007305106527859
с учётом цензуры,5.176181079709206
с учётом цензуры,13.460621035392299
с учётом цензуры,22.867167626125458
с учётом цензуры,10.477492351855506
с учётом цензуры,41.15964375746161
с учётом цензуры,8.618310476006375
с учётом цензуры,15.507623746395774
с учётом цензуры,6.524902718479
с учётом цензуры,8.672024755400038
с учётом цензуры,5.3873026211635064
с учётом цензуры,7.3549116148467775
с учётом цензуры,20.926597076364033
с учётом цензуры,14.362899066980173
с учётом цензуры,35.96095558222349
с учётом цензуры,0.6625265993625965
с учётом цензуры,7.866715246345098
с учётом цензуры,13.310180425031596
с учётом цензуры,2.258536551090061
с учётом цензуры,4.841829300533119
с учётом цензуры,2.115082433084985
с учётом цензуры,8.632454255560058
с учётом цензуры,9.677416494714778
с учётом цензуры,16.536833356366486
с учётом цензуры,9.49238729008995
с учётом цензуры,53.944617637981366
с учётом цензуры,6.999421562332431
с учётом цензуры,9.43620212553494
с учётом цензуры,18.82869483483729
с учётом цензуры,15.736933742426464
с учётом цензуры,6.226242883241592
с учётом цензуры,3.590070262935596
с учётом цензуры,15.513079149698147
с учётом цензуры,6.173075936653323
с учётом цензуры,55.151538808801696
с учётом цензуры,6.252187768306123
с учётом цензуры,9.385469782091189
с учётом цензуры,13.636646897961196
с учётом цензуры,5.616016257408875
с учётом цензуры,16.170398168487615
с учётом цензуры,6.132451807007767
с учётом цензуры,21.358389727038578
с учётом цензуры,2.740172659349692
с учётом цензуры,26.771974260299594
с учётом цензуры,11.316452611621722
с учётом цензуры,27.397481329032882
с учётом цензуры,53.24013519464559
с учётом цензуры,18.428763932134924
с учётом цензуры,10.727883034271429
с учётом цензуры,11.722260745068759
с учётом цензуры,13.380402090212026
с учётом цензуры,2.653154512926542
с учётом цензуры,30.963470209271144
с учётом цензуры,30.87304544704467
с учётом цензуры,40.41475999391911
с учётом цензуры,27.933628680431397
с учётом цензуры,13.961936637304735
с учётом цензуры,16.918357902362047
с учётом цензуры,8.213044928969815
с учётом цензуры,17.338460536016427
с учётом цензуры,71.19004673597769
с учётом цензуры,6.768227660213779
с учётом цензуры,4.525213492861637
с учётом цензуры,26.12100135619381
с учётом цензуры,7.855893261941027
с учётом цензуры,18.321970573321757
с учётом цензуры,41.43535037078026
с учётом цензуры,24.392483584441244
с учётом цензуры,21.53474345067693
с учётом цензуры,32.09104144360357
с учётом цензуры,4.974445241111966
с учётом цензуры,4.932497487284945
с учётом цензуры,21.672612010942753
с учётом цензуры,7.648370463934874
с учётом цензуры,10.707900795164123
с учётом цензуры,20.514291977948304
с учётом цензуры,20.991517882549452
с учётом цензуры,9.815053803123444
с учётом цензуры,32.65573557646596
с учётом цензуры,17.03050717991428
с учётом цензуры,15.170316196154545
с учётом цензуры,14.631019660373038
с учётом цензуры,11.586856781020153
с учётом цензуры,3.0713049410538273
с учётом цензуры,11.482217055733322
с учётом цензуры,22.50484051627832
с учётом цензуры,18.387216334471923
с учётом цензуры,27.414231324525048
с учётом цензуры,19.921889150039245
с учётом цензуры,12.933805508432524
с учётом цензуры,8.796967637348509
с учётом цензуры,7.2109125730593435
с учётом цензуры,6.691684013229119
с учётом цензуры,21.250809997423215
с учётом цензуры,10.836541150893558
с учётом цензуры,6.3845354464224755
с учётом цензуры,7.906005658624666
с учётом цензуры,2.6022130636107748
с учётом цензуры,20.694821212555116
с учётом цензуры,5.254265903839336
с учётом цензуры,10.68265951734006
с учётом цензуры,6.428780421972544
с учётом цензуры,22.957286845462843
с учётом цензуры,6.273336638633815
с учётом цензуры,22.006777165216327
с учётом цензуры,14.611500822567127
с учётом цензуры,6.416282721533877
с учётом цензуры,23.059712098363
с учётом цензуры,29.282458277610207
с учётом цензуры,5.684854386672631
с учётом цензуры,9.765068147722221
с учётом цензуры,23.28037522670059
с учётом цензуры,2.964007031165987
с учётом цензуры,7.303950470667172
с учётом цензуры,4.577283622853303
с учётом цензуры,6.031352150510776
с учётом цензуры,5.527253030505063
с учётом цензуры,5.818655192154374
с учётом цензуры,17.03442252920432
с учётом цензуры,14.950389247712476
с учётом цензуры,8.076751468883966
с учётом цензуры,52.5154838950134
с учётом цензуры,15.512396143068143
с учётом цензуры,15.089606614856311
с учётом цензуры,4.800643718898845
с учётом цензуры,33.46829662595056
с учётом цензуры,23.738975154799057
с учётом цензуры,18.778967215535037
с учётом цензуры,2.7388741742359954
с учётом цензуры,4.412215416056835
с учётом цензуры,12.369042659648121
с учётом цензуры,20.61171001174122
с учётом цензуры,4.5753018674955594
с учётом цензуры,5.595671401284079
с учётом цензуры,22.19084236779949
с учётом цензуры,5.794033498661296
с учётом цензуры,22.793787837907793
с учётом цензуры,13.080193161984042
с учётом цензуры,10.328194251827284
с учётом цензуры,7.895825830853061
с учётом цензуры,43.55852950707851
с учётом цензуры,36.875429256450886
с учётом цензуры,14.276279910450594
с учётом цензуры,16.263000230874525
с учётом цензуры,13.68610739726614
с учётом цензуры,13.487821426507775
с учётом цензуры,11.330600644450803
с учётом цензуры,19.524082472522082
с учётом цензуры,7.758167487329484
с учётом цензуры,18.821108168131904
с учётом цензуры,1.2088284924859694
с учётом цензуры,3.1686243804655425
с учётом цензуры,12.799303776680151
с учётом цензуры,7.063410743880916
с учётом цензуры,24.757956472274223
с учётом цензуры,10.62965351018564
с учётом цензуры,20.48665272273812
с учётом цензуры,4.9195621847224285
с учётом цензуры,8.098943267463744
с учётом цензуры,13.192353967251933
с учётом цензуры,6.858284813325673
с учётом цензуры,20.88083280706025
с учётом цензуры,11.358854291735089
с учётом цензуры,21.728567466834804
с учётом цензуры,6.980022528006597
с учётом цензуры,10.611666720217759
с учётом цензуры,14.079330401232133
с учётом цензуры,21.176507695359255
с учётом цензуры,53.93569553407414
с учётом цензуры,7.534274350158735
с учётом цензуры,6.786823394979456
с учётом цензуры,12.159517353235868
с учётом цензуры,18.503132250413582
с учётом цензуры,22.235533816295412
с учётом цензуры,19.583982962661644
с учётом цензуры,4.428513268219269
с учётом цензуры,11.245025355928508
с учётом цензуры,17.514500980848396
с учётом цензуры,21.40162261146004
с учётом цензуры,8.799443838969571
с учётом цензуры,17.060628738056057
с учётом цензуры,9.212883323162968
с учётом цензуры,15.118531872285065
с учётом цензуры,17.591295504011384
с учётом цензуры,18.231443226679218
с учётом цензуры,27.1804955363746
с учётом цензуры,7.630870765591336
с учётом цензуры,8.515119538594359
с учётом цензуры,10.400414003396957
с учётом цензуры,20.778844633368433
с учётом цензуры,5.288212100682656
с учётом цензуры,8.742373611120025
с учётом цензуры,11.55540375007849
с учётом цензуры,12.248124200110588
с учётом цензуры,15.681168425643133
с учётом цензуры,21.94260567214209
с учётом цензуры,8.941361894882826
с учётом цензуры,24.909665157341976
с учётом цензуры,5.20773155927182
с учётом цензуры,13.661335394510644
с учётом цензуры,46.666283642700606
с учётом цензуры,24.754476624411833
с учётом цензуры,5.584908001117963
с учётом цензуры,29.05039560701428
с учётом цензуры,24.37870723994237
с учётом цензуры,27.197019822323185
с учётом цензуры,38.881903260077365
с учётом цензуры,15.93769724366717
с учётом цензуры,30.318948285680783
с учётом цензуры,19.91972557844545
с учётом цензуры,8.444794277433596
с учётом цензуры,11.085439884111484
с учётом цензуры,11.285362743092055
с учётом цензуры,5.804289014014042
с учётом цензуры,5.010244729737859
с учётом цензуры,11.683214099577647
с учётом цензуры,10.270582864878442
с учётом цензуры,16.703076287208756
с учётом цензуры,4.731162735573019
с учётом цензуры,11.472248574779183
с учётом цензуры,6.859061000502675
с учётом цензуры,7.145557237309763
с учётом цензуры,20.99805870790608
с учётом цензуры,10.279466779682485
с учётом цензуры,19.859942532939144
с учётом цензуры,12.197236048586952
с учётом цензуры,7.2930498382825535
с учётом цензуры,34.11411508723224
с учётом цензуры,1.1827999937425984
с учётом цензуры,18.287539120345237
с учётом цензуры,10.806164031231098
с учётом цензуры,13.196538581866182
с учётом цензуры,21.247620327885777
с учётом цензуры,12.602990525005259
с учётом цензуры,14.258186703837168
с учётом цензуры,5.162904542146567
с учётом цензуры,14.571097398032396
с учётом цензуры,16.400486185396453
с учётом цензуры,12.585438676614746
с учётом цензуры,6.66290048535169
с учётом цензуры,11.709794139474871
с учётом цензуры,37.69020658788785
с учётом цензуры,16.758044693380377
с учётом цензуры,13.86544748769769
с учётом цензуры,5.0173247311524936
с учётом цензуры,11.9054745837767
с учётом цензуры,26.41188573178172
с учётом цензуры,17.532736661497513
с учётом цензуры,3.2580889926913184
с учётом цензуры,27.61937606691705
с учётом цензуры,21.566837978814334
с учётом цензуры,22.34906078205514
с учётом цензуры,4.387719835242773
с учётом цензуры,27.878492890892982
с учётом цензуры,8.923676577645352
с учётом цензуры,17.87055925629729
с учётом цензуры,5.500584440003638
с учётом цензуры,6.624643168597409
с учётом цензуры,8.133639008007094
с учётом цензуры,3.357921642285199
с учётом цензуры,15.707441806620015
с учётом цензуры,22.764127990372423
с учётом цензуры,17.003893533527997
с учётом цензуры,3.416274273529088
с учётом цензуры,19.660009547609935
с учётом цензуры,10.054684057583444
с учётом цензуры,11.26440848269878
с учётом цензуры,9.958249407290523
с учётом цензуры,16.06971848759586
с учётом цензуры,12.043805662121327
с учётом цензуры,13.843894007159486
с учётом цензуры,5.498828608387033
с учётом цензуры,35.632448824541235
с учётом цензуры,33.65367722398303
с учётом цензуры,21.52007160905611
с учётом цензуры,8.709883772867107
с учётом цензуры,40.95790631128622
с учётом цензуры,5.51465084388855
с учётом цензуры,13.52938931869723
с учётом цензуры,12.375386988475638
с учётом цензуры,43.838656532354285
с учётом цензуры,18.146812202828357
с учётом цензуры,9.036202004791235
с учётом цензуры,15.914489812259877
с учётом цензуры,4.305887542823337
с учётом цензуры,18.009235161124636
с учётом цензуры,7.837796134892767
с учётом цензуры,15.15275215447268
с учётом цензуры,9.49482098631093
с учётом цензуры,16.48696588270812
с учётом цензуры,32.82386061880328
с учётом цензуры,16.54511160206959
с учётом цензуры,2.265104250217317
с учётом цензуры,2.984008302332802
с учётом цензуры,9.22250927588257
с учётом цензуры,26.773979664360812
с учётом цензуры,9.092425595991687
с учётом цензуры,14.58808701582209
с учётом цензуры,4.586775474690134
с учётом цензуры,7.669454579171163
с учётом цензуры,11.046482326822563
с учётом цензуры,3.2085997040183796
с учётом цензуры,25.915233462529255
с учётом цензуры,15.542710493026643
с учётом цензуры,9.064995219570822
с учётом цензуры,37.887730580859305
с учётом цензуры,15.466475736088707
с учётом цензуры,10.49696072602568
с учётом цензуры,5.720453051323256
с учётом цензуры,29.785976847729444
с учётом цензуры,12.365898850782003
с учётом цензуры,5.6722774164168
с учётом цензуры,0.9152272129770339
с учётом цензуры,3.738186629806151
с учётом цензуры,10.732209067929324
с учётом цензуры,19.562345851912546
с учётом цензуры,66.3179123381831
с учётом цензуры,14.853071459671412
с учётом цензуры,15.374500098205926
с учётом цензуры,12.9380275873086
с учётом цензуры,14.893326194207031
с учётом цензуры,48.048206513908326
с учётом цензуры,10.9173765668148
с учётом цензуры,20.940652703776944
с учётом цензуры,37.855662252847864
с учётом цензуры,7.412038254741805
с учётом цензуры,25.182611646141314
с учётом цензуры,10.470743190849038
с учётом цензуры,10.104663390068618
с учётом цензуры,10.56582725843062
с учётом цензуры,9.788359035985138
с учётом цензуры,16.73542599335794
с учётом цензуры,7.6061688258212525
с учётом цензуры,28.18134765833989
с учётом цензуры,22.302157303404435
с учётом цензуры,21.896225718252182
с учётом цензуры,77.74416481103523
с учётом цензуры,7.735259061165809
с учётом цензуры,12.198844214696004
с учётом цензуры,6.6617376196420075
с учётом цензуры,12.284413073626997
с учётом цензуры,6.449340311780514
с учётом цензуры,29.531383889779843
с учётом цензуры,4.9927763561214835
с учётом цензуры,11.671450524414539
с учётом цензуры,6.740711471124692
с учётом цензуры,8.200808130265628
с учётом цензуры,6.037308942752488
с учётом цензуры,14.16709423795059
с учётом цензуры,7.02080005087758
с учётом цензуры,3.655788297001484
с учётом цензуры,24.015517829217686
с учётом цензуры,4.2106095529625165
с учётом цензуры,8.208507384795519
с учётом цензуры,5.167883498365885
с учётом цензуры,19.122087000194036
с учётом цензуры,20.131268742341575
с учётом цензуры,12.320190287973562
с учётом цензуры,18.312283929564593
с учётом цензуры,6.9260513615609245
с учётом цензуры,6.695349446823359
с учётом цензуры,33.33185619907376
с учётом цензуры,11.225417761278917
с учётом цензуры,9.33371941246185
с учётом цензуры,23.20658987888056
с учётом цензуры,26.79694813688656
с учётом цензуры,10.19044891704222
с учётом цензуры,3.482618389834448
с учётом цензуры,24.74235473010893
с учётом цензуры,9.171725514584905
с учётом цензуры,11.331320475750736
с учётом цензуры,21.245372308972346
с учётом цензуры,9.793864203493694
с учётом цензуры,26.386210031531384
с учётом цензуры,15.87999661049329
с учётом цензуры,23.452718787854103
с учётом цензуры,13.62668436972814
с учётом цензуры,10.861050253673504
с учётом цензуры,10.258541901945716
с учётом цензуры,19.066818721121983
с учётом цензуры,21.417609308099298
с учётом цензуры,22.394244600463864
с учётом цензуры,2.828226613382848
с учётом цензуры,5.70212894990008
с учётом цензуры,7.525025112444078
с учётом цензуры,11.954554033951352
с учётом цензуры,12.29695873345528
с учётом цензуры,2.9867034877965373
с учётом цензуры,3.6352820732642814
с учётом цензуры,4.237338839461354
с учётом цензуры,12.100299995801194
с учётом цензуры,15.161600241022498
с учётом цензуры,4.200245526014822
с учётом цензуры,10.833055637964263
с учётом цензуры,15.002830314937722
с учётом цензуры,8.047941600136737
с учётом цензуры,10.318600657105549
с учётом цензуры,30.410140104774523
с учётом цензуры,48.57264388764215
с учётом цензуры,14.933968332754892
с учётом цензуры,7.460999907686016
с учётом цензуры,12.957086005466437
с учётом цензуры,13.802168665866173
с учётом цензуры,14.73777724072716
с учётом цензуры,17.801936165366293
с учётом цензуры,25.752885183896105
с учётом цензуры,12.078303636623161
с учётом цензуры,7.748584861377902
с учётом цензуры,10.157076434642926
с учётом цензуры,8.263652551750717
с учётом цензуры,5.793602762161774
с учётом цензуры,17.487924684916777
с учётом цензуры,15.31232405196095
с учётом цензуры,4.274311741634815
с учётом цензуры,26.137028541314464
с учётом цензуры,67.39950834981381
с учётом цензуры,20.449216682383838
с учётом цензуры,5.222328953081668
с учётом цензуры,13.444575305306945
с учётом цензуры,4.778771115816868
с учётом цензуры,17.173677805960878
с учётом цензуры,16.19785553055067
с учётом цензуры,26.224961444915472
с учётом цензуры,0.5757827308787805
с учётом цензуры,14.239108478403416
с учётом цензуры,6.093939523710575
с учётом цензуры,12.44794269300368
с учётом цензуры,9.507404060604795
с учётом цензуры,6.305112905793074
с учётом цензуры,6.574522203513099
с учётом цензуры,28.55428608267938
с учётом цензуры,12.532163490060919
с учётом цензуры,23.591366478025172
с учётом цензуры,23.344398827708382
с учётом цензуры,8.890233615434035
с учётом цензуры,26.3050846782701
с учётом цензуры,13.473289321583579
с учётом цензуры,11.01859400889931
с учётом цензуры,26.035857439762008
с учётом цензуры,7.440590897271411
с учётом цензуры,40.98777939054227
с учётом цензуры,13.94805116147176
с учётом цензуры,21.53496101249043
с учётом цензуры,11.22688560795659
с учётом цензуры,11.95102741052065
с учётом цензуры,39.32346325467527
с учётом цензуры,19.27163229299009
с учётом цензуры,13.19430953344812
с учётом цензуры,11.454817724036054
с учётом цензуры,39.368848182971035
с учётом цензуры,22.491337240859803
с учётом цензуры,16.865512560214896
с учётом цензуры,23.673962381648444
с учётом цензуры,13.139943670715006
с учётом цензуры,19.104263270435283
с учётом цензуры,11.361176060538558
с учётом цензуры,7.753555139983179
с учётом цензуры,7.736784672394609
с учётом цензуры,6.2105552936709705
с учётом цензуры,31.549987272181326
с учётом цензуры,18.76220459414115
с учётом цензуры,3.5902576951590093
с учётом цензуры,15.691099366274843
с учётом цензуры,16.324352670079577
с учётом цензуры,3.5264571191760234
с учётом цензуры,7.186485912576839
с учётом цензуры,1.3049123731681722
с учётом цензуры,3.9005737000371217
с учётом цензуры,11.85654191955862
с учётом цензуры,9.929734577004462
с учётом цензуры,8.45080725227654
с учётом цензуры,9.571386592540502
с учётом цензуры,15.333742886831923
с учётом цензуры,5.694845729828749
с учётом цензуры,1.5050174796165032
с учётом цензуры,6.169435522930708
с учётом цензуры,29.37734638603757
с учётом цензуры,17.78336197974208
с учётом цензуры,9.736536557242804
с учётом цензуры,16.2948152811635
с учётом цензуры,24.951069052459925
с учётом цензуры,22.80252521444752
с учётом цензуры,4.835398682654224
с учётом цензуры,6.117496893305436
с учётом цензуры,16.67293230715455
с учётом цензуры,32.603319238445735
с учётом цензуры,3.952452039149262
с учётом цензуры,6.074536019472243
с учётом цензуры,9.972417907846948
с учётом цензуры,13.56368319850329
с учётом цензуры,15.6927670362089
с учётом цензуры,3.565954862672312
с учётом цензуры,16.334061321087724
с учётом цензуры,5.588633663883274
с учётом цензуры,8.933918797602065
с учётом цензуры,16.38322394560634
с учётом цензуры,28.814671337084373
с учётом цензуры,15.469661691959928
с учётом цензуры,27.892417444784623
с учётом цензуры,20.353900108523344
с учётом цензуры,11.898391799031415
с учётом цензуры,7.7046288362801185
с учётом цензуры,22.48139463040134
с учётом цензуры,8.730239434200225
с учётом цензуры,8.067716140059524
с учётом цензуры,18.580934901766835
с учётом цензуры,15.016684214965291
с учётом цензуры,6.6644026970077626
с учётом цензуры,19.746599306922917
с учётом цензуры,9.57507656968864
с учётом цензуры,12.336981770552793
с учётом цензуры,24.683362687310087
с учётом цензуры,21.584475452227306
с учётом цензуры,5.262883543549728
с учётом цензуры,20.84317404281486
с учётом цензуры,13.007684133737365
с учётом цензуры,9.427605125837564
с учётом цензуры,14.167464430728685
с учётом цензуры,7.149905346417781
с учётом цензуры,4.618639470809258
с учётом цензуры,29.667851582885305
с учётом цензуры,16.16869729206876
с учётом цензуры,1.3276698522783017
с учётом цензуры,2.2933791144916995
с учётом цензуры,13.240557992438578
с учётом цензуры,19.463892169640307
с учётом цензуры,35.016452740445104
с учётом цензуры,8.561889640032467
с учётом цензуры,9.982122716086646
с учётом цензуры,16.134917363447382
с учётом цензуры,23.26851900277993
с учётом цензуры,159.21683434393347
с учётом цензуры,8.56936775503972
с учётом цензуры,7.87112431282803
с учётом цензуры,6.061966591130336
с учётом цензуры,32.159143193867585
с учётом цензуры,9.110181998225439
с учётом цензуры,14.467770577405037
с учётом цензуры,11.8999036228162
с учётом цензуры,5.6871509414037815
с учётом цензуры,21.999451127848385
с учётом цензуры,29.541290863714273
с учётом цензуры,26.814189287620643
с учётом цензуры,7.63558930794873
с учётом цензуры,1.6495843466308076
с учётом цензуры,11.371267399497992
с учётом цензуры,8.201786801776905
с учётом цензуры,3.596028640040779
с учётом цензуры,36.29671363796359
с учётом цензуры,6.5688568091503505
с учётом цензуры,20.310211590250294
с учётом цензуры,6.8235919048290175
с учётом цензуры,11.705030845286986
с учётом цензуры,4.203827721353712
с учётом цензуры,29.800410441724054
с учётом цензуры,8.104056305289756
с учётом цензуры,10.017573490108026
с учётом цензуры,8.558502430009304
с учётом цензуры,16.850390805220602
с учётом цензуры,11.760572080865659
с учётом цензуры,5.15870472097799
с учётом цензуры,9.12120081730396
с учётом цензуры,7.543017790607776
с учётом цензуры,24.300614104764676
с учётом цензуры,9.871369879426993
с учётом цензуры,27.751677055309305
с учётом цензуры,24.571140773844764
с учётом цензуры,3.4599859309100176
с учётом цензуры,7.371377677076277
с учётом цензуры,6.258883475514084
с учётом цензуры,9.05200711823124
с учётом цензуры,5.746254622782241
с учётом цензуры,4.069187332409955
с учётом цензуры,10.309892649444274
с учётом цензуры,25.37051325096555
с учётом цензуры,16.489106741521343
с учётом цензуры,6.540458727805922
с учётом цензуры,11.224513915613212
с учётом цензуры,11.149376254874712
с учётом цензуры,11.085765673320811
с учётом цензуры,10.860501693989239
с учётом цензуры,19.105876290109656
с учётом цензуры,19.80546020387211
с учётом цензуры,8.19398147470163
с учётом цензуры,24.56087828538184
с учётом цензуры,10.068379555566086
с учётом цензуры,8.839233795828694
с учётом цензуры,25.244681371619848
с учётом цензуры,22.13164151489293
с учётом цензуры,10.857229756360491
с учётом цензуры,6.440302100075199
с учётом цензуры,20.771638641749334
с учётом цензуры,8.547883763750761
с учётом цензуры,11.01088314639452
с учётом цензуры,39.920844094033384
с учётом цензуры,8.449768505471116
с учётом цензуры,19.213975799021128
с учётом цензуры,3.9022270285171494
с учётом цензуры,24.232707857423712
с учётом цензуры,28.616190031581517
с учётом цензуры,8.59406006463905
с учётом цензуры,15.758158044604745
с учётом цензуры,11.843393351920271
с учётом цензуры,12.504868382152729
с учётом цензуры,19.712461790236574
с учётом цензуры,22.74106688823566
с учётом цензуры,5.346108018416243
с учётом цензуры,16.188019789428
с учётом цензуры,48.25518243485457
с учётом цензуры,3.6329789586644265
с учётом цензуры,9.037693093734699
с учётом цензуры,16.826682735121224
с учётом цензуры,19.295469642413465
с учётом цензуры,12.288418526447531
с учётом цензуры,9.010613055008482
с учётом цензуры,11.053915389431934
с учётом цензуры,17.087507962091095
с учётом цензуры,25.55938006213912
с учётом цензуры,6.354247781780032
с учётом цензуры,8.663240704066533
с учётом цензуры,16.80908117538806
с учётом цензуры,10.325640425698564
с учётом цензуры,2.6585421303377577
с учётом цензуры,22.196620316597564
с учётом цензуры,3.9094447978804365
с учётом цензуры,13.197368224347649
с учётом цензуры,37.5916358093485
с учётом цензуры,14.093789761855621
с учётом цензуры,9.895093774602012
с учётом цензуры,7.493097367922891
с учётом цензуры,9.528199597287015
с учётом цензуры,4.981395957040652
с учётом цензуры,21.012468092449826
с учётом цензуры,3.053176148712023
с учётом цензуры,5.2710291519595796
с учётом цензуры,11.789305671153183
с учётом цензуры,6.038249849899866
с учётом цензуры,16.73246082090353
с учётом цензуры,4.7835055343691915
с учётом цензуры,4.9959278212639795
с учётом цензуры,8.189648188323012
с учётом цензуры,10.04499415173926
с учётом цензуры,3.0362531034371862
с учётом цензуры,9.787491190816754
с учётом цензуры,23.63706382258393
с учётом цензуры,11.447168944135889
с учётом цензуры,13.685375755979543
с учётом цензуры,6.291611022593576
с учётом цензуры,8.946652632674542
с учётом цензуры,2.7084879585069146
с учётом цензуры,5.907168765660178
с учётом цензуры,7.430489009350595
с учётом цензуры,16.632254983501763
с учётом цензуры,7.181300609381536
с учётом цензуры,6.581071082464365
с учётом цензуры,8.874235387293941
с учётом цензуры,7.609770429862266
с учётом цензуры,29.343122550545896
с учётом цензуры,23.72027954811973
с учётом цензуры,11.15954607516647
с учётом цензуры,7.808611979292477
с учётом цензуры,11.830635508709648
с учётом цензуры,12.412933158155237
с учётом цензуры,18.49623394642775
с учётом цензуры,9.357659584015991
с учётом цензуры,10.64607678692275
с учётом цензуры,18.128388153887364
с учётом цензуры,45.45283643680409
с учётом цензуры,13.634663893473926
с учётом цензуры,8.718775008894816
с учётом цензуры,24.553388043217183
с учётом цензуры,11.316094966320398
с учётом цензуры,9.020982093914176
с учётом цензуры,18.914668273974755
с учётом цензуры,6.495520909103419
с учётом цензуры,14.733725601777081
с учётом цензуры,5.917575745696109
с учётом цензуры,10.90472560091788
с учётом цензуры,9.967167932245175
с учётом цензуры,8.697041396663241
с учётом цензуры,5.217831527140557
с учётом цензуры,7.344088950159099
с учётом цензуры,10.309988660545624
с учётом цензуры,17.764564050502802
с учётом цензуры,14.140926382665896
с учётом цензуры,23.071556044960282
с учётом цензуры,19.964570620019376
с учётом цензуры,24.63885114943306
с учётом цензуры,13.325782070667609
с учётом цензуры,9.457973541495056
с учётом цензуры,30.57963667143533
с учётом цензуры,13.405140349801124
с учётом цензуры,23.007983712509652
с учётом цензуры,66.2170794273152
с учётом цензуры,16.317540511411934
с учётом цензуры,29.659517527394232
с учётом цензуры,32.15578689904907
с учётом цензуры,12.321235608182942
с учётом цензуры,21.594560409001495
с учётом цензуры,29.795519766513884
с учётом цензуры,7.191972623223226
с учётом цензуры,27.94563067123137
с учётом цензуры,5.847762136635623
с учётом цензуры,7.498409595440034
с учётом цензуры,19.92202524023872
с учётом цензуры,7.443514889967142
с учётом цензуры,16.78766848274083
с учётом цензуры,17.368107507426295
с учётом цензуры,37.70651193555329
с учётом цензуры,8.691458338912296
с учётом цензуры,7.251158660545133
с учётом цензуры,11.802798724529252
с учётом цензуры,2.2542603283379457
с учётом цензуры,26.915336128290978
с учётом цензуры,15.179498834337402
с учётом цензуры,6.6258191945705125
с учётом цензуры,26.826680926002563
с учётом цензуры,5.663209575745573
с учётом цензуры,7.211843283334613
с учётом цензуры,10.379760505995822
с учётом цензуры,8.851431801942542
с учётом цензуры,12.688448277818235
с учётом цензуры,10.50071229203523
с учётом цензуры,19.676445007470488
с учётом цензуры,23.890377360992645
с учётом цензуры,21.52072766133798
с учётом цензуры,9.991743140901415
с учётом цензуры,14.390278275279337
с учётом цензуры,15.477593693371219
с учётом цензуры,20.05172288475758
с учётом цензуры,16.664300338046047
с учётом цензуры,14.417149614098378
с учётом цензуры,10.131115315593318
с учётом цензуры,6.894847253325473
с учётом цензуры,55.113605350585395
с учётом цензуры,10.676542806949223
с учётом цензуры,9.254793022546929
с учётом цензуры,6.717801065785714
с учётом цензуры,12.65428135911213
с учётом цензуры,5.450352631435425
с учётом цензуры,20.304733148555812
с учётом цензуры,8.333474810986662
с учётом цензуры,21.411305034969487
с учётом цензуры,8.084150859688068
с учётом цензуры,5.737021979118739
с учётом цензуры,3.4338630983424903
с учётом цензуры,8.953858110423301
с учётом цензуры,6.265718227018361
с учётом цензуры,21.0741951532759
с учётом цензуры,13.268190662039395
с учётом цензуры,41.42466418001563
с учётом цензуры,21.139604727873618
с учётом цензуры,5.308730631187626
с учётом цензуры,14.880117690510787
с учётом цензуры,3.7860526965339747
с учётом цензуры,9.326049617886417
с учётом цензуры,6.753075646566233
с учётом цензуры,23.585388240263196
с учётом цензуры,11.22941735825006
с учётом цензуры,7.186707156923939
с учётом цензуры,20.151985107416614
с учётом цензуры,4.200121678828073
с учётом цензуры,8.703327038031372
с учётом цензуры,8.507006524147018
с учётом цензуры,32.03819973159476
с учётом цензуры,10.048165560898518
с учётом цензуры,3.456436324851994
с учётом цензуры,19.596210507390104
с учётом цензуры,21.80458460952753
с учётом цензуры,42.10807566130949
с учётом цензуры,14.304268354996868
с учётом цензуры,20.814587296414803
с учётом цензуры,14.506536525056255
с учётом цензуры,29.410797065925205
с учётом цензуры,17.21377407625862
с учётом цензуры,22.084751863865165
с учётом цензуры,29.812682498715322
с учётом цензуры,14.149200586531242
с учётом цензуры,22.129074479944528
с учётом цензуры,7.85353580025514
с учётом цензуры,7.7895239836235515
с учётом цензуры,17.933268318454623
с учётом цензуры,5.588568136957647
с учётом цензуры,5.554662304812175
с учётом цензуры,26.884079920363465
с учётом цензуры,6.107602497570277
с учётом цензуры,8.123875616076116
с учётом цензуры,15.106581423628182
с учётом цензуры,3.6059100955322876
с учётом цензуры,27.374384038649254
с учётом цензуры,35.23173666435951
с учётом цензуры,19.370278155746078
с учётом цензуры,11.05677597845624
с учётом цензуры,9.970522375226462
с учётом цензуры,11.344096314221346
с учётом цензуры,2.080079666135301
с учётом цензуры,29.507888168843984
с учётом цензуры,9.010623964960955
с учётом цензуры,13.120901337420133
с учётом цензуры,12.102422811142349
с учётом цензуры,19.550309610779273
с учётом цензуры,19.53132676991192
с учётом цензуры,3.694697147460806
с учётом цензуры,21.228314072621412
с учётом цензуры,13.343254654813476
с учётом цензуры,2.3585368085207827
с учётом цензуры,16.728965737879147
с учётом цензуры,6.322079550868768
с учётом цензуры,5.3211906866524865
с учётом цензуры,17.22473766786314
с учётом цензуры,20.48695821907273
с учётом цензуры,7.454715458853148
с учётом цензуры,21.08135495488382
с учётом цензуры,8.540765399508295
с учётом цензуры,2.146932951064691
с учётом цензуры,2.8334837779689424
с учётом цензуры,12.133347719711958
с учётом цензуры,12.933594095351648
с учётом цензуры,18.83083115680439
с учётом цензуры,6.7985638657692835
с учётом цензуры,8.155179530143498
с учётом цензуры,9.159917412813574
с учётом цензуры,9.791328209839598
с учётом цензуры,4.344793211910803
с учётом цензуры,10.552850339291947
с учётом цензуры,7.478683473006518
с учётом цензуры,5.016707498185313
с учётом цензуры,10.4330405010436
с учётом цензуры,6.483813304937211
с учётом цензуры,13.075754661724712
с учётом цензуры,20.841537501851096
с учётом цензуры,30.391892220780257
с учётом цензуры,23.491840139202054
с учётом цензуры,23.09944512049353
с учётом цензуры,24.695834039267616
с учётом цензуры,17.4090898636692
с учётом цензуры,9.660557858720637
с учётом цензуры,12.117145572126326
с учётом цензуры,37.16890488029154
с учётом цензуры,11.331127057891248
с учётом цензуры,2.013687125244696
с учётом цензуры,22.21396155586699
с учётом цензуры,19.53567652370012
с учётом цензуры,10.655327165719441
с учётом цензуры,36.960007127270245
с учётом цензуры,15.04646682219302
с учётом цензуры,7.916476291420146
с учётом цензуры,26.560174906325965
с учётом цензуры,5.83141496503816
с учётом цензуры,24.09043635715504
с учётом цензуры,12.934796005561529
с учётом цензуры,26.350103852019412
с учётом цензуры,17.86252289442547
с учётом цензуры,12.19832139741641
с учётом цензуры,21.43368468509768
с учётом цензуры,24.36985578114509
с учётом цензуры,8.068727591236287
с учётом цензуры,7.996950122512385
с учётом цензуры,9.40661486817688
с учётом цензуры,12.236142181173271
с учётом цензуры,11.025805367814282
с учётом цензуры,7.862040824961424
с учётом цензуры,22.59273435532029
с учётом цензуры,12.793888274109898
с учётом цензуры,20.567602855099274
с учётом цензуры,23.359726238927635
с учётом цензуры,20.060247061281117
с учётом цензуры,11.970827313187225
с учётом цензуры,39.0242479647863
с учётом цензуры,43.58814039082628
с учётом цензуры,11.99854000375176
с учётом цензуры,11.859873207047844
с учётом цензуры,18.65955078757403
с учётом цензуры,4.143329592799812
с учётом цензуры,6.019643004518024
с учётом цензуры,21.148635516665443
с учётом цензуры,35.8382276712847
с учётом цензуры,19.110523503510894
с учётом цензуры,24.177308642096165
с учётом цензуры,8.78396525554624
с учётом цензуры,17.702221904325086
с учётом цензуры,7.959028795186981
с учётом цензуры,10.460087209384962
с учётом цензуры,5.080020953055539
с учётом цензуры,8.243412530852302
с учётом цензуры,8.696717068683226
с учётом цензуры,10.251315197383908
с учётом цензуры,26.279233905540153
с учётом цензуры,7.795567165639441
с учётом цензуры,7.016386323956295
с учётом цензуры,22.769570850097445
с учётом цензуры,4.210450825342448
с учётом цензуры,3.029537836336117
с учётом цензуры,21.172732076350847
с учётом цензуры,30.239804973914005
с учётом цензуры,29.753539743299285
с учётом цензуры,22.692924874946076
с учётом цензуры,14.001044076136138
с учётом цензуры,4.771349300333426
с учётом цензуры,12.982599071354443
с учётом цензуры,10.398058299808586
с учётом цензуры,4.084620578751516
с учётом цензуры,23.618085709294352
с учётом цензуры,8.657623122188634
с учётом цензуры,39.30109356960069
с учётом цензуры,4.452909345696566
с учётом цензуры,2.537972953602563
с учётом цензуры,15.898913311169162
с учётом цензуры,6.568197532426492
с учётом цензуры,10.766076794759206
с учётом цензуры,5.306885474448015
с учётом цензуры,8.49758122308561
с учётом цензуры,12.155687236358151
с учётом цензуры,4.029990667082073
с учётом цензуры,19.333539735537308
с учётом цензуры,7.343154385465132
с учётом цензуры,7.565369645134712
с учётом цензуры,9.417346748802323
с учётом цензуры,9.063725153001867
с учётом цензуры,16.317396932549126
с учётом цензуры,4.708694670549811
с учётом цензуры,7.570732803447994
с учётом цензуры,5.898272791381121
с учётом цензуры,5.870500985602261
с учётом цензуры,18.255077476157467
с учётом цензуры,12.777546386067996
с учётом цензуры,6.870112081357786
с учётом цензуры,7.7554786291776034
с учётом цензуры,25.1591276591921
с учётом цензуры,8.114544750272394
с учётом цензуры,8.863088911079219
с учётом цензуры,93.84170449685033
с учётом цензуры,3.6264104204399787
с учётом цензуры,15.763385379663058
с учётом цензуры,7.982806965321745
с учётом цензуры,18.81279915688932
с учётом цензуры,24.031005031104154
с учётом цензуры,12.764744424834717
с учётом цензуры,33.893846549180964
с учётом цензуры,12.199313202594317
с учётом цензуры,18.665217278376975
с учётом цензуры,6.540831055319362
с учётом цензуры,5.92967634328169
с учётом цензуры,17.1400044876982
с учётом цензуры,5.443710262238255
с учётом цензуры,9.999458536682743
с учётом цензуры,3.822263498832493
с учётом цензуры,12.600369338708207
с учётом цензуры,28.215584517865892
с учётом цензуры,7.449589207387377
с учётом цензуры,6.993020889225985
с учётом цензуры,8.901309310924729
с учётом цензуры,8.364580173047742
с учётом цензуры,3.449361889096187
с учётом цензуры,17.74833098351017
с учётом цензуры,59.601302848200305
с учётом цензуры,8.12549768370928
с учётом цензуры,10.102070904232551
с учётом цензуры,23.48501405940292
с учётом цензуры,9.924823676298653
с учётом цензуры,13.86958678475435
с учётом цензуры,11.253284102657211
с учётом цензуры,6.238133814327317
с учётом цензуры,7.956759381771494
с учётом цензуры,7.901426888183126
с учётом цензуры,17.82794028273944
с учётом цензуры,14.001843196132016
с учётом цензуры,12.730639191675193
с учётом цензуры,3.7034683953422163
с учётом цензуры,23.348876662763814
с учётом цензуры,16.65486552475201
с учётом цензуры,17.550304783506768
с учётом цензуры,10.419980265597458
с учётом цензуры,1.9728629719476125
с учётом цензуры,11.303014028454353
с учётом цензуры,9.288489182543204
с учётом цензуры,5.268994103813172
с учётом цензуры,18.704946013950998
с учётом цензуры,7.085688044108087
с учётом цензуры,65.88795798577758
с учётом цензуры,12.323277318406426
с учётом цензуры,25.352880280781648
с учётом цензуры,69.34824160909623
с учётом цензуры,9.386895699497623
с учётом цензуры,16.814388815575338
с учётом цензуры,7.444455060286346
с учётом цензуры,15.355966474841036
с учётом цензуры,8.722378200976685
с учётом цензуры,9.247420679711766
с учётом цензуры,11.95123480089953
с учётом цензуры,19.88694221064144
с учётом цензуры,11.246419750960575
с учётом цензуры,10.03661930325076
с учётом цензуры,27.72139071895463
с учётом цензуры,6.598285872764429
с учётом цензуры,11.534191723769352
с учётом цензуры,14.291192615466592
с учётом цензуры,17.880844539645768
с учётом цензуры,26.776123322966303
с учётом цензуры,7.553721709548888
с учётом цензуры,42.93050371641651
с учётом цензуры,24.61792331667087
с учётом цензуры,5.382674557240309
с учётом цензуры,38.400917850039384
с учётом цензуры,2.5205083892285796
с учётом цензуры,13.50599872057889
с учётом цензуры,24.797516621061444
с учётом цензуры,9.319204341126039
с учётом цензуры,8.030438299232955
с учётом цензуры,16.57474358210891
с учётом цензуры,2.4839386665900545
с учётом цензуры,20.08056782592085
с учётом цензуры,5.223604606171009
с учётом цензуры,17.964236531481642
с учётом цензуры,18.346510452037467
с учётом цензуры,14.512668761435055
с учётом цензуры,12.284198769906496
с учётом цензуры,14.352654659042384
с учётом цензуры,2.3394396305367504
с учётом цензуры,6.523567253422148
с учётом цензуры,22.693935378107554
с учётом цензуры,5.302317421272288
с учётом цензуры,3.325049480314055
с учётом цензуры,11.904390802322286
с учётом цензуры,14.013182521602381
с учётом цензуры,5.1555320803552815
с учётом цензуры,13.528218243463646
с учётом цензуры,16.56295176967988
с учётом цензуры,22.01239598705998
с учётом цензуры,4.243843238459348
с учётом цензуры,16.760254736739185
с учётом цензуры,7.159742831459164
с учётом цензуры,3.2854073558609267
с учётом цензуры,7.798895967229602
с учётом цензуры,29.736734117251373
с учётом цензуры,3.3261375354029292
с учётом цензуры,19.844398007487275
с учётом цензуры,12.781638440488955
с учётом цензуры,26.77546226002283
с учётом цензуры,6.083432654171886
с учётом цензуры,9.405320298481751
с учётом цензуры,41.399486481314725
с учётом цензуры,18.597932613640868
с учётом цензуры,18.305740083923933
с учётом цензуры,10.915859012267525
с учётом цензуры,16.480256130876874
с учётом цензуры,34.54381654856865
с учётом цензуры,15.004416531817725
с учётом цензуры,7.947733342809314
с учётом цензуры,21.693378292691925
с учётом цензуры,6.025769065632234
с учётом цензуры,12.4989642325069
с учётом цензуры,6.408540698831835
с учётом цензуры,27.609182595938243
с учётом цензуры,13.911605487471977
с учётом цензуры,19.81098314558434
с учётом цензуры,26.8259958013017
с учётом цензуры,24.287960584353137
с учётом цензуры,10.359744833720937
с учётом цензуры,7.344550481432346
с учётом цензуры,20.23207001705594
с учётом цензуры,11.062074547954213
с учётом цензуры,12.094718944308637
с учётом цензуры,16.19033131768913
с учётом цензуры,29.70268227299724
с учётом цензуры,18.20935658840334
с учётом цензуры,3.65698846714631
с учётом цензуры,13.033256887923734
с учётом цензуры,3.8043528044521433
с учётом цензуры,9.643975139934057
с учётом цензуры,9.63093688236344
с учётом цензуры,10.693610824366552
с учётом цензуры,4.16397310680234
с учётом цензуры,10.554362733510914
с учётом цензуры,11.61358532974715
с учётом цензуры,18.327014749447912
с учётом цензуры,14.14360177259584
с учётом цензуры,54.92633904507591
с учётом цензуры,29.082069977856126
с учётом цензуры,2.9259013006482086
с учётом цензуры,11.35407821871542
с учётом цензуры,44.91128380100797
с учётом цензуры,3.6001138462654305
с учётом цензуры,3.0068052184635796
с учётом цензуры,12.408997621693471
с учётом цензуры,26.067451550487913
с учётом цензуры,15.080671774666055
с учётом цензуры,6.118169980769213
с учётом цензуры,29.041496094371134
с учётом цензуры,13.897499445587151
с учётом цензуры,24.481077616501228
с учётом цензуры,11.004025768653177
с учётом цензуры,64.53735727615982
с учётом цензуры,10.744235565002223
с учётом цензуры,10.112559584603034
с учётом цензуры,19.124072517408624
с учётом цензуры,3.22157448092528
с учётом цензуры,9.347624110277685
с учётом цензуры,15.34108962647003
с учётом цензуры,7.728981543503501
с учётом цензуры,13.02920686696477
с учётом цензуры,25.910348521735152
с учётом цензуры,11.692292386235394
с учётом цензуры,10.673989822264174
с учётом цензуры,30.093751507522885
с учётом цензуры,8.478035929504435
с учётом цензуры,5.994393045966637
с учётом цензуры,9.105006612407776
с учётом цензуры,18.053219554222743
с учётом цензуры,17.891601667566018
с учётом цензуры,22.511205736362157
с учётом цензуры,12.26471610567515
с учётом цензуры,3.2703811859409604
с учётом цензуры,19.57164174647157
с учётом цензуры,11.92471634335579
с учётом цензуры,22.899322989392118
с учётом цензуры,21.294480749627795
с учётом цензуры,17.959281976066407
с учётом цензуры,14.913749572311215
с учётом цензуры,42.82250224583334
с учётом цензуры,9.766729023311633
с учётом цензуры,3.278919979213914
с учётом цензуры,15.898691435413824
с учётом цензуры,3.579177360078935
с учётом цензуры,10.4042895031769
с учётом цензуры,19.96045281950481
с учётом цензуры,46.69364848804957
с учётом цензуры,7.396907471793857
с учётом цензуры,24.095899384702687
с учётом цензуры,13.057228052851631
с учётом цензуры,36.29380435591209
с учётом цензуры,13.01176362503591
с учётом цензуры,11.628706917787335
с учётом цензуры,7.467588294748117
с учётом цензуры,11.99858222302842
с учётом цензуры,4.32448191568783
с учётом цензуры,8.021854935676462
с учётом цензуры,33.14853160134009
с учётом цензуры,17.237802386296256
с учётом цензуры,22.598748551398877
с учётом цензуры,4.898028847431173
с учётом цензуры,18.533201073170165
с учётом цензуры,8.102749935190623
с учётом цензуры,12.77423915610891
с учётом цензуры,24.447789534257808
с учётом цензуры,11.293318412647965
с учётом цензуры,15.777451655486047
с учётом цензуры,11.168929958883368
с учётом цензуры,3.2591187831866018
с учётом цензуры,24.85503701652768
с учётом цензуры,5.499034853591097
с учётом цензуры,5.801196787571424
с учётом цензуры,6.493849365629037
с учётом цензуры,17.530135323681975
с учётом цензуры,30.455627888324834
с учётом цензуры,7.897237525160727
с учётом цензуры,6.930986968251073
с учётом цензуры,8.195548012476854
с учётом цензуры,10.177620910925512
с учётом цензуры,6.343111673234722
с учётом цензуры,13.623475644175256
с учётом цензуры,8.160039799824741
с учётом цензуры,14.572148559753693
с учётом цензуры,13.201925576936745
с учётом цензуры,8.640594669669426
с учётом цензуры,17.023041324082048
с учётом цензуры,15.745059276537114
с учётом цензуры,5.546494377206059
с учётом цензуры,17.574525104265973
с учётом цензуры,5.034942755971572
с учётом цензуры,11.02272086655279
с учётом цензуры,25.505433506712052
с учётом цензуры,25.1582555100096
с учётом цензуры,13.788682603592173
с учётом цензуры,38.50881864308509
с учётом цензуры,14.484483461346734
с учётом цензуры,17.5040103617992
с учётом цензуры,9.935314115012927
с учётом цензуры,33.51419327661539
с учётом цензуры,5.110207813432564
с учётом цензуры,7.11620560944038
с учётом цензуры,20.79015029594653
с учётом цензуры,25.1972856500156
с учётом цензуры,9.892751941576858
с учётом цензуры,18.192745586732393
с учётом цензуры,14.075831831216359
с учётом цензуры,25.83594561999284
с учётом цензуры,8.31890711801241
с учётом цензуры,46.1559567687152
с учётом цензуры,5.4417262036842775
с учётом цензуры,5.472704841557954
с учётом цензуры,17.73719452833691
с учётом цензуры,20.011580409257007
с учётом цензуры,11.930166394792337
с учётом цензуры,24.26388814329303
с учётом цензуры,19.70313209848153
с учётом цензуры,14.148618782671154
с учётом цензуры,1.1789882760867654
с учётом цензуры,12.339880498091569
с учётом цензуры,6.182342531550443
с учётом цензуры,3.910974966070743
с учётом цензуры,13.958085794722434
с учётом цензуры,28.375243842529766
с учётом цензуры,3.839729538901623
с учётом цензуры,8.362942133405662
с учётом цензуры,15.688356806951289
с учётом цензуры,9.731686059878072
с учётом цензуры,4.776124217838456
с учётом цензуры,3.488384674218403
с учётом цензуры,8.901975502235832
с учётом цензуры,10.788222768779963
с учётом цензуры,9.83684472687772
с учётом цензуры,66.07202234790414
с учётом цензуры,18.69178236879915
с учётом цензуры,15.50512439822111
с учётом цензуры,30.50965863060773
с учётом цензуры,31.184206764048895
с учётом цензуры,11.741769822787987
с учётом цензуры,28.34427602554284
с учётом цензуры,7.589589038496075
с учётом цензуры,3.8768686181068563
с учётом цензуры,16.6297318071505
с учётом цензуры,10.525716522154363
с учётом цензуры,6.4198082045489056
с учётом цензуры,5.406293410815857
с учётом цензуры,23.505691991120422
с учётом цензуры,4.136763274149768
с учётом цензуры,3.254433110416409
с учётом цензуры,32.83069193325274
с учётом цензуры,6.75681205980953
с учётом цензуры,17.40330810626981
с учётом цензуры,11.680793291728577
с учётом цензуры,19.96662392549513
с учётом цензуры,14.269968876248205
с учётом цензуры,10.97528719260203
с учётом цензуры,15.612684874062225
с учётом цензуры,5.507170902078375
с учётом цензуры,5.341996229748448
с учётом цензуры,11.153743165141707
с учётом цензуры,30.895267906488346
с учётом цензуры,4.707566541739084
с учётом цензуры,9.228003770482374
с учётом цензуры,15.749180443152735
с учётом цензуры,5.0523004690857105
с учётом цензуры,7.60821430407902
с учётом цензуры,16.569639986750914
с учётом цензуры,9.680679434332838
с учётом цензуры,23.902545617010404
с учётом цензуры,36.206139377395694
с учётом цензуры,26.00498615001285
с учётом цензуры,12.06621754456798
с учётом цензуры,18.178243006217855
с учётом цензуры,14.34083011623732
с учётом цензуры,14.856779784978807
с учётом цензуры,8.441269402209324
с учётом цензуры,5.315401980438278
с учётом цензуры,3.6328489363662744
с учётом цензуры,24.594121911377563
с учётом цензуры,3.4172536466703756
с учётом цензуры,23.82217528814289
с учётом цензуры,20.8106629745389
с учётом цензуры,2.4215259408806262
с учётом цензуры,35.537491565787334
с учётом цензуры,20.414069913051932
с учётом цензуры,21.77612587859094
с учётом цензуры,30.012834718860965
с учётом цензуры,8.908578464330885
с учётом цензуры,9.25081880757464
с учётом цензуры,18.472615220170404
с учётом цензуры,29.750770370007942
с учётом цензуры,10.026424200586709
с учётом цензуры,7.848449395987729
с учётом цензуры,7.331858213433897
с учётом цензуры,16.30820074571093
с учётом цензуры,39.79533497352991
с учётом цензуры,25.451290107794627
с учётом цензуры,30.157464382968772
с учётом цензуры,17.172561707073896
с учётом цензуры,6.247902514008125
с учётом цензуры,4.6910056406089105
с учётом цензуры,15.697955869185174
с учётом цензуры,2.2602691454991293
с учётом цензуры,7.3616661692011105
с учётом цензуры,53.366059953114565
с учётом цензуры,19.28531356305348
с учётом цензуры,16.80290508819732
с учётом цензуры,22.30056688289106
с учётом цензуры,15.044149650667238
с учётом цензуры,4.9383693635177845
с учётом цензуры,10.697645305962693
с учётом цензуры,16.48179432216377
с учётом цензуры,14.043217415934754
с учётом цензуры,2.6128549080895205
с учётом цензуры,16.256623450070606
с учётом цензуры,7.874102765468388
с учётом цензуры,10.537175557591038
с учётом цензуры,8.36148705099704
с учётом цензуры,15.273590448214804
с учётом цензуры,17.986834943987173
с учётом цензуры,17.95679929770015
с учётом цензуры,2.6188351106092784
с учётом цензуры,8.035784169402081
с учётом цензуры,8.205799649072112
с учётом цензуры,13.855315009388814
с учётом цензуры,11.264637737041722
с учётом цензуры,25.60431231300652
с учётом цензуры,9.030509939489498
с учётом цензуры,20.028965246345
с учётом цензуры,15.308624396695741
с учётом цензуры,4.899732483541419
с учётом цензуры,1.5957435490616068
с учётом цензуры,4.205728387061571
с учётом цензуры,1.2334516856440798
с учётом цензуры,22.60700822570557
с учётом цензуры,39.94029411808477
с учётом цензуры,12.501423462330647
с учётом цензуры,9.13218684766206
с учётом цензуры,6.401932285243392
с учётом цензуры,7.034785148984688
с учётом цензуры,9.00672729724069
с учётом цензуры,21.045153289832285
с учётом цензуры,11.406029543795432
с учётом цензуры,3.110222332753763
с учётом цензуры,16.67865093156836
с учётом цензуры,17.98173529213155
с учётом цензуры,6.284606842297632
с учётом цензуры,11.50690602043701
с учётом цензуры,19.222642691079386
с учётом цензуры,23.15930434172985
с учётом цензуры,19.284239769530625
с учётом цензуры,22.82383169043527
с учётом цензуры,9.352590553946488
с учётом цензуры,9.483847469248868
с учётом цензуры,15.958471553841022
с учётом цензуры,18.05720627860454
с учётом цензуры,10.444954156553646
с учётом цензуры,5.720557236848473
с учётом цензуры,3.2155114652361236
с учётом цензуры,5.381066495933357
с учётом цензуры,18.996933329013224
с учётом цензуры,9.693508905706958
с учётом цензуры,7.556406339659466
с учётом цензуры,11.156165914043997
с учётом цензуры,13.195262874615494
с учётом цензуры,12.69790153005793
с учётом цензуры,38.00185575226378
с учётом цензуры,29.64453188924469
с учётом цензуры,5.921053094682323
с учётом цензуры,8.02832612038298
с учётом цензуры,18.30818626477797
с учётом цензуры,13.090421427430314
с учётом цензуры,13.90978656932476
с учётом цензуры,9.007793696415169
с учётом цензуры,16.34026398308829
с учётом цензуры,14.687416332599856
с учётом цензуры,12.031272480799313
с учётом цензуры,17.10400258320165
с учётом цензуры,23.552847347176577
с учётом цензуры,16.902189481795148
с учётом цензуры,60.523792310974116
с учётом цензуры,8.096492275248574
с учётом цензуры,6.285689192236217
с учётом цензуры,19.548895964285922
с учётом цензуры,26.474268119212923
с учётом цензуры,22.89422297246924
с учётом цензуры,11.60607708576024
с учётом цензуры,21.259087790408934
с учётом цензуры,18.64810737404462
с учётом цензуры,29.640083295392316
с учётом цензуры,22.53524749577867
с учётом цензуры,12.25012097883842
с учётом цензуры,4.594981089937622
с учётом цензуры,3.5922796596145576
с учётом цензуры,20.83528958149481
с учётом цензуры,5.330731240202088
с учётом цензуры,40.47544461391982
с учётом цензуры,18.533900657882917
с учётом цензуры,21.656607655092266
с учётом цензуры,4.3629042655236265
с учётом цензуры,27.524125729449647
с учётом цензуры,5.531380422727382
с учётом цензуры,20.969732620808934
с учётом цензуры,4.580562008833054
с учётом цензуры,20.30614574141685
с учётом цензуры,4.294982532594322
с учётом цензуры,4.122076614945536
с учётом цензуры,12.963145722283318
с учётом цензуры,10.924601117241018
с учётом цензуры,7.481322770872058
с учётом цензуры,4.815612334648924
с учётом цензуры,13.223913448339747
с учётом цензуры,7.778794842743797
с учётом цензуры,14.386628945550907
с учётом цензуры,5.626046368491356
с учётом цензуры,43.87771264855791
с учётом цензуры,15.989252237460184
с учётом цензуры,19.8652891859715
с учётом цензуры,36.30212801534933
с учётом цензуры,15.58109908042368
с учётом цензуры,16.408170537910255
с учётом цензуры,18.29213703888097
с учётом цензуры,31.977057790571678
с учётом цензуры,10.075829400670775
с учётом цензуры,12.727970971280875
с учётом цензуры,6.4936996986798325
с учётом цензуры,6.53220554652217
с учётом цензуры,6.037257026263087
с учётом цензуры,10.681125735776508
с учётом цензуры,39.217600589390436
с учётом цензуры,12.768385341316565
с учётом цензуры,7.175735812316255
с учётом цензуры,4.028786444214007
с учётом цензуры,37.200502440128126
с учётом цензуры,8.073116739786347
с учётом цензуры,24.07641907175432
с учётом цензуры,18.004633199988014
с учётом цензуры,4.772062129688237
с учётом цензуры,5.129012025540203
с учётом цензуры,7.151760318454753
с учётом цензуры,20.341811904620513
с учётом цензуры,4.239236352670405
с учётом цензуры,20.274531725730043
с учётом цензуры,17.89229516571294
с учётом цензуры,14.091309236596732
с учётом цензуры,11.910274994972008
с учётом цензуры,15.668861792978495
с учётом цензуры,13.3829342565337
с учётом цензуры,6.4678219916566615
с учётом цензуры,14.271473191324313
с учётом цензуры,38.07983737042286
с учётом цензуры,2.7305429096420317
с учётом цензуры,16.05039458375412
с учётом цензуры,11.104945144883759
с учётом цензуры,7.359484726974156
с учётом цензуры,19.222314944192224
с учётом цензуры,2.5783471991249365
с учётом цензуры,26.852004830416405
с учётом цензуры,11.559142364349594
с учётом цензуры,7.800685249275555
с учётом цензуры,4.172363056942022
с учётом цензуры,10.202624146238307
с учётом цензуры,4.072035867707049
с учётом цензуры,15.598429481835797
с учётом цензуры,6.973788742856887
с учётом цензуры,11.861782196107551
с учётом цензуры,6.459833961552147
с учётом цензуры,5.915762344536657
с учётом цензуры,18.57576274696371
с учётом цензуры,12.59512940338338
с учётом цензуры,34.138927145635726
с учётом цензуры,16.232389722794387
с учётом цензуры,11.394426629873639
с учётом цензуры,5.951014536846861
с учётом цензуры,7.541729435850922
с учётом цензуры,9.111200827784412
с учётом цензуры,18.20504950337812
с учётом цензуры,21.36879934922365
с учётом цензуры,8.771667007656045
с учётом цензуры,13.99025268099855
с учётом цензуры,26.179598976041067
с учётом цензуры,5.386954646001035
с учётом цензуры,10.414499266961725
с учётом цензуры,7.289419451848524
с учётом цензуры,16.953168517996943
с учётом цензуры,2.6914334383354332
с учётом цензуры,4.885925498621732
с учётом цензуры,5.905071420580747
с учётом цензуры,18.42454371081905
с учётом цензуры,6.837162393927434
с учётом цензуры,21.683903281382307
с учётом цензуры,10.399849056209352
с учётом цензуры,3.349138618242668
с учётом цензуры,19.534897831997913
с учётом цензуры,18.784591846673326
с учётом цензуры,11.602906515427545
с учётом цензуры,2.8928520753261635
с учётом цензуры,27.376886219380673
с учётом цензуры,3.056649214913939
с учётом цензуры,7.722033096472584
с учётом цензуры,4.398056120250677
с учётом цензуры,5.1876582603076535
с учётом цензуры,14.389213398885602
с учётом цензуры,28.880291043967112
с учётом цензуры,8.476838919565315
с учётом цензуры,24.137325687189136
с учётом цензуры,3.276321433868465
с учётом цензуры,6.399523766612726
с учётом цензуры,9.320500625151983
с учётом цензуры,7.898219265747351
с учётом цензуры,16.666823691818443
с учётом цензуры,14.028091490883247
с учётом цензуры,15.198070144607684
с учётом цензуры,9.668856947740867
с учётом цензуры,11.035893338060022
с учётом цензуры,13.587647780817813
с учётом цензуры,6.4584732534670195
с учётом цензуры,10.123861880957822
с учётом цензуры,76.1387145630612
с учётом цензуры,49.426585712272306
с учётом цензуры,30.51772753751586
с учётом цензуры,10.479185394574934
с учётом цензуры,16.284087986248984
с учётом цензуры,32.21325089776783
с учётом цензуры,16.471811875072877
с учётом цензуры,4.868023384865021
с учётом цензуры,11.035804464204576
с учётом цензуры,53.27146790178785
с учётом цензуры,24.84846176473272
с учётом цензуры,8.071938824945601
с учётом цензуры,6.7494057114519626
с учётом цензуры,20.79396152031353
с учётом цензуры,5.448968399739518
с учётом цензуры,8.088430160704673
с учётом цензуры,2.44884722357787
с учётом цензуры,10.40876854487065
с учётом цензуры,41.527327499295275
с учётом цензуры,11.334563791173062
с учётом цензуры,10.839450151801135
с учётом цензуры,4.20490989165566
с учётом цензуры,5.529884375213717
с учётом цензуры,10.122253991221775
с учётом цензуры,12.783019105030904
с учётом цензуры,23.358593397180645
с учётом цензуры,7.4723228684894805
с учётом цензуры,26.857422064982906
с учётом цензуры,10.76712598339713
с учётом цензуры,6.063034510130805
с учётом цензуры,23.785738028003433
с учётом цензуры,33.4072034188732
с учётом цензуры,19.204517230355158
с учётом цензуры,12.252908715666521
с учётом цензуры,7.096439723219419
с учётом цензуры,14.927289939790967
с учётом цензуры,14.17008968266741
с учётом цензуры,5.888436652548505
с учётом цензуры,12.072215577962467
с учётом цензуры,9.329399204897472
с учётом цензуры,6.156737379506928
с учётом цензуры,5.206124301333686
с учётом цензуры,7.350885871532667
с учётом цензуры,19.518844411232546
с учётом цензуры,13.68046186946574
с учётом цензуры,3.142426620835524
с учётом цензуры,3.8743987038449474
с учётом цензуры,12.103259464215023
с учётом цензуры,37.05893520981776
с учётом цензуры,7.264014524444529
с учётом цензуры,4.8023519418950595
с учётом цензуры,9.74348334020193
с учётом цензуры,9.778154161885416
с учётом цензуры,25.223803519917585
с учётом цензуры,22.589405118544384
с учётом цензуры,28.549886199228013
с учётом цензуры,8.165011335712203
с учётом цензуры,23.157896779379996
с учётом цензуры,12.75529559420223
с учётом цензуры,10.527314641004514
с учётом цензуры,7.14702480484554
с учётом цензуры,7.698039516506805
с учётом цензуры,17.380926366244477
с учётом цензуры,6.777275755046782
с учётом цензуры,6.850999343454234
с учётом цензуры,10.095295751616538
с учётом цензуры,4.872851391585343
с учётом цензуры,12.5206437453057
с учётом цензуры,14.46855739087487
с учётом цензуры,20.111939138415018
с учётом цензуры,6.275446435655534
с учётом цензуры,26.664971063024016
с учётом цензуры,19.39520919111292
с учётом цензуры,16.266161622690575
с учётом цензуры,11.215541569461292
с учётом цензуры,4.7040438182994455
с учётом цензуры,53.28546233870847
с учётом цензуры,5.967345616544341
с учётом цензуры,5.396169975744277
с учётом цензуры,12.411592301356318
с учётом цензуры,5.684057195962047
с учётом цензуры,8.332365478729997
с учётом цензуры,14.301065242226494
с учётом цензуры,24.352945210633962
с учётом цензуры,9.115284064206769
с учётом цензуры,14.181642938539383
с учётом цензуры,10.62646936390737
с учётом цензуры,11.46906994838899
с учётом цензуры,17.77341309387481
с учётом цензуры,28.781556050693954
с учётом цензуры,19.96758740442131
с учётом цензуры,1.741004507224721
с учётом цензуры,4.6513536632708075
с учётом цензуры,6.251045561212664
с учётом цензуры,5.487429047815228
с учётом цензуры,20.579605707211492
с учётом цензуры,9.606776645606825
с учётом цензуры,16.74553818313619
с учётом цензуры,8.745488405116506
с учётом цензуры,16.26863234406042
с учётом цензуры,6.228540318467133
с учётом цензуры,6.545913956724878
с учётом цензуры,24.088039593785403
с учётом цензуры,11.768644965843581
с учётом цензуры,15.665344726421441
с учётом цензуры,24.869773879048342
с учётом цензуры,17.589994246959396
с учётом цензуры,29.28327754485585
с учётом цензуры,6.37270646391775
с учётом цензуры,18.58842628573902
с учётом цензуры,17.91263066529201
с учётом цензуры,12.726811327017973
с учётом цензуры,9.720775373761512
с учётом цензуры,42.11740467065964
с учётом цензуры,13.253602092176116
с учётом цензуры,13.071325891769359
с учётом цензуры,17.059600646579675
с учётом цензуры,7.0937425547423905
с учётом цензуры,35.022337922089754
с учётом цензуры,14.917572362953939
с учётом цензуры,2.6646415180751877
с учётом цензуры,14.969604926457238
с учётом цензуры,9.247420265732536
с учётом цензуры,13.296332217302528
с учётом цензуры,21.0065444912754
с учётом цензуры,3.218093551659919
с учётом цензуры,10.990042745972382
с учётом цензуры,6.7284842672143075
с учётом цензуры,3.4160501524822022
с учётом цензуры,21.897995495082125
с учётом цензуры,71.8460940305132
с учётом цензуры,32.540651828542124
с учётом цензуры,9.210744728681707
с учётом цензуры,21.03373155778492
с учётом цензуры,9.52004201089451
с учётом цензуры,7.926477899680235
с учётом цензуры,8.84964072336458
с учётом цензуры,7.1396654497377785
с учётом цензуры,7.063992841116537
с учётом цензуры,14.569033056738624
с учётом цензуры,7.022275590284376
с учётом цензуры,12.855621583997678
с учётом цензуры,3.8783401060587206
с учётом цензуры,21.132314526353014
с учётом цензуры,7.699249799309037
с учётом цензуры,11.795019944653147
с учётом цензуры,6.497722959973848
с учётом цензуры,7.526189762819337
с учётом цензуры,8.770594585691153
с учётом цензуры,6.972291060473724
с учётом цензуры,12.097795524645921
с учётом цензуры,4.066841915329215
с учётом цензуры,10.87425903315009
с учётом цензуры,12.131754325004346
с учётом цензуры,13.879744516677373
с учётом цензуры,32.912168165128264
с учётом цензуры,15.352411959463826
с учётом цензуры,2.5817039147629917
с учётом цензуры,12.331715469962267
с учётом цензуры,10.050702749107092
с учётом цензуры,21.610908278236085
с учётом цензуры,3.462311898773042
с учётом цензуры,22.560105535552754
с учётом цензуры,28.148753690979706
с учётом цензуры,4.31252196523219
с учётом цензуры,10.041516852726971
с учётом цензуры,36.229090709863456
с учётом цензуры,7.625523621237097
с учётом цензуры,22.47346651849058
с учётом цензуры,9.612044427629117
с учётом цензуры,3.6417094756135264
с учётом цензуры,18.43519898533788
с учётом цензуры,1.608914750632623
с учётом цензуры,11.683627215912637
с учётом цензуры,5.511479222607052
с учётом цензуры,9.380851461399935
с учётом цензуры,13.319652965347721
с учётом цензуры,7.337199150125117
с учётом цензуры,12.126552022501894
с учётом цензуры,5.295107701561691
с учётом цензуры,16.8986996336887
с учётом цензуры,19.034405930065407
с учётом цензуры,12.150556769095363
с учётом цензуры,7.02032110200008
с учётом цензуры,73.73559959423982
с учётом цензуры,14.400810640589762
с учётом цензуры,14.299562627485422
с учётом цензуры,13.153833418804073
с учётом цензуры,9.171331190973419
с учётом цензуры,5.49009511950806
с учётом цензуры,10.67413534478671
с учётом цензуры,4.080102739498667
с учётом цензуры,8.99310073501282
с учётом цензуры,19.21262642791147
с учётом цензуры,15.795794927960461
с учётом цензуры,7.650145087831817
с учётом цензуры,8.438817182983867
с учётом цензуры,14.733070771645657
с учётом цензуры,46.305854053522104
с учётом цензуры,6.614791538660065
с учётом цензуры,4.553475837567239
с учётом цензуры,20.532392422514988
с учётом цензуры,15.690961683809112
с учётом цензуры,3.6309163066917476
с учётом цензуры,13.897063648573322
с учётом цензуры,16.146627932617122
с учётом цензуры,23.584722841559834
с учётом цензуры,12.037119137716834
с учётом цензуры,2.2809275689907222
с учётом цензуры,8.280572329870235
с учётом цензуры,11.04108127417545
с учётом цензуры,19.830105947944837
с учётом цензуры,0.5860302971335241
с учётом цензуры,9.377320224449512
с учётом цензуры,6.6687622327035525
с учётом цензуры,11.617479720339716
с учётом цензуры,10.73282456703744
с учётом цензуры,22.946727505342903
с учётом цензуры,4.001202771631106
с учётом цензуры,22.886247107955768
с учётом цензуры,12.231536262410984
с учётом цензуры,17.513713379861418
с учётом цензуры,10.16427935840307
с учётом цензуры,29.866862123815952
с учётом цензуры,3.0735762937162727
с учётом цензуры,24.848973679189907
с учётом цензуры,29.892927455870602
с учётом цензуры,14.926668409854372
с учётом цензуры,2.7358188988587266
с учётом цензуры,3.7311361699359678
с учётом цензуры,22.632318632067687
с учётом цензуры,13.577191815172029
с учётом цензуры,19.949557201870327
с учётом цензуры,22.08811424884637
с учётом цензуры,20.086856336462407
с учётом цензуры,7.584130328446245
с учётом цензуры,13.911038096215508
с учётом цензуры,11.836442042250995
с учётом цензуры,6.731188057197425
с учётом цензуры,2.16684682819403
с учётом цензуры,11.429857603426333
с учётом цензуры,10.765830002275408
с учётом цензуры,16.20753956088268
с учётом цензуры,23.487184352134953
с учётом цензуры,15.745193209620002
с учётом цензуры,12.567717507633098
с учётом цензуры,24.828849591040317
с учётом цензуры,4.8365992982255595
с учётом цензуры,11.415067840437988
с учётом цензуры,16.017537245275307
с учётом цензуры,7.012564427848819
с учётом цензуры,3.5877480399616544
с учётом цензуры,33.72255459222225
с учётом цензуры,8.419168728617208
с учётом цензуры,14.40971155052825
с учётом цензуры,5.208459429202442
с учётом цензуры,15.108001124746483
с учётом цензуры,17.814653909907964
с учётом цензуры,3.798569744219527
с учётом цензуры,23.502374360264778
с учётом цензуры,8.746747336329003
с учётом цензуры,14.363902458131815
с учётом цензуры,11.245131876650877
с учётом цензуры,22.485381684494282
с учётом цензуры,14.111291221122631
с учётом цензуры,5.091068869965941
с учётом цензуры,17.71574061412139
с учётом цензуры,25.788573547137428
с учётом цензуры,35.254439121232366
с учётом цензуры,9.441995050802985
с учётом цензуры,5.578985428509506
с учётом цензуры,11.026044517849881
с учётом цензуры,55.65427112172151
с учётом цензуры,19.732319430569074
с учётом цензуры,12.166931218949196
с учётом цензуры,5.051284004079407
с учётом цензуры,27.523307213372917
с учётом цензуры,5.290560792721959
с учётом цензуры,22.129513678397842
с учётом цензуры,13.715104827141817
с учётом цензуры,4.0279080698799365
с учётом цензуры,32.3533182028179
с учётом цензуры,7.117143154259404
с учётом цензуры,19.991604915192106
с учётом цензуры,16.085584130943293
с учётом цензуры,3.6200554476819202
с учётом цензуры,12.450162588104861
с учётом цензуры,22.930668552106816
с учётом цензуры,9.803608223456578
с учётом цензуры,19.619671277319284
с учётом цензуры,4.408865017006019
с учётом цензуры,20.815564852001955
с учётом цензуры,10.342066038496228
с учётом цензуры,12.411072299737775
с учётом цензуры,44.038994730262594
с учётом цензуры,3.683029436893624
с учётом цензуры,9.547789456602342
с учётом цензуры,30.27093026736933
с учётом цензуры,18.173237551689763
с учётом цензуры,9.784141194852479
с учётом цензуры,9.027505367601604
с учётом цензуры,12.709957548419116
с учётом цензуры,9.635623535246733
с учётом цензуры,3.2404559233570507
с учётом цензуры,2.0826790534559745
с учётом цензуры,10.400996457526894
с учётом цензуры,12.128583914852493
с учётом цензуры,10.299567938206252
с учётом цензуры,10.688619601367783
с учётом цензуры,20.99134990879502
с учётом цензуры,5.00404055677066
с учётом цензуры,2.433152010866638
с учётом цензуры,7.8283584970399955
с учётом цензуры,22.25840622406514
с учётом цензуры,22.337673779596432
с учётом цензуры,12.657947284651042
с учётом цензуры,7.506136553083531
с учётом цензуры,12.493421422186238
с учётом цензуры,25.63424686067748
с учётом цензуры,13.746434128256933
с учётом цензуры,15.013358183179744
с учётом цензуры,19.479265237864414
с учётом цензуры,7.6685714196857475
с учётом цензуры,30.481910982590897
с учётом цензуры,7.013533071655866
с учётом цензуры,12.078893150378637
с учётом цензуры,10.295447710887693
с учётом цензуры,8.466591789850654
с учётом цензуры,13.093649239686716
с учётом цензуры,17.714956854622685
с учётом цензуры,22.93683434974021
с учётом цензуры,9.028078181776074
с учётом цензуры,7.337147905969586
с учётом цензуры,12.850559134052828
с учётом цензуры,20.926802933484797
с учётом цензуры,30.096635657810534
с учётом цензуры,14.977306435702467
с учётом цензуры,5.896622395046384
с учётом цензуры,11.291222093823437
с учётом цензуры,10.474002870534692
с учётом цензуры,2.7340255636228807
с учётом цензуры,30.384042955370052
с учётом цензуры,9.212576296291658
с учётом цензуры,51.76694080941106
с учётом цензуры,18.303768136566127
с учётом цензуры,9.583843175534286
с учётом цензуры,16.587758462114685
с учётом цензуры,3.3224650765696895
с учётом цензуры,9.905811414799096
с учётом цензуры,13.203919070796525
с учётом цензуры,50.46011599045852
с учётом цензуры,10.68014413286954
с учётом цензуры,13.587397831848254
с учётом цензуры,5.502048505316937
с учётом цензуры,8.14366103738651
с учётом цензуры,10.46074466496234
с учётом цензуры,3.072948803892777
с учётом цензуры,29.934543899948704
с учётом цензуры,19.5996401686969
с учётом цензуры,17.060413446308818
с учётом цензуры,10.487261495996188
с учётом цензуры,27.815257790337945
с учётом цензуры,7.891941373082597
с учётом цензуры,37.829025672729976
с учётом цензуры,8.293245471188383
с учётом цензуры,9.849878314382435
с учётом цензуры,11.299984841134997
с учётом цензуры,21.445000351839845
с учётом цензуры,16.14904034115949
с учётом цензуры,9.422529316639293
с учётом цензуры,10.544327337693733
с учётом цензуры,14.662172221237036
с учётом цензуры,22.42455477787124
с учётом цензуры,17.163369024011523
с учётом цензуры,26.67208070181249
с учётом цензуры,23.606514015246397
с учётом цензуры,13.26536401078936
с учётом цензуры,9.08827823144486
с учётом цензуры,11.148724528010458
с учётом цензуры,6.850474014849778
с учётом цензуры,13.032646966308397
с учётом цензуры,3.7663911290215712
с учётом цензуры,31.035559186894822
с учётом цензуры,4.171779171852014
с учётом цензуры,14.285325888957344
с учётом цензуры,5.329753845685152
с учётом цензуры,14.508257913348988
с учётом цензуры,6.799546664023605
с учётом цензуры,10.03723044384378
с учётом цензуры,10.39058201375601
с учётом цензуры,34.702953385679805
с учётом цензуры,13.328061014611052
с учётом цензуры,6.243514016251221
с учётом цензуры,20.876951619101142
с учётом цензуры,13.469851149774506
с учётом цензуры,10.449276110047702
с учётом цензуры,8.54132626159133
с учётом цензуры,14.709726701055084
с учётом цензуры,24.274733079209366
с учётом цензуры,10.685341226495254
с учётом цензуры,8.987308064271414
с учётом цензуры,18.106141967210373
с учётом цензуры,10.985012769902877
с учётом цензуры,14.834308876048098
с учётом цензуры,8.54908171513381
с учётом цензуры,24.18220449498442
с учётом цензуры,37.29929794589714
с учётом цензуры,2.2833530582963517
с учётом цензуры,13.614246445307128
с учётом цензуры,23.61319575318042
с учётом цензуры,13.574890142678088
с учётом цензуры,19.781332957619092
с учётом цензуры,12.419075106363513
с учётом цензуры,10.656823225627338
с учётом цензуры,16.72267001166972
с учётом цензуры,6.654883234025737
с учётом цензуры,5.75513266973526
с учётом цензуры,38.125664882172394
с учётом цензуры,8.720152491614082
с учётом цензуры,52.0932802827883
с учётом цензуры,40.99169612520035
с учётом цензуры,22.373589004832645
с учётом цензуры,29.130841799636322
с учётом цензуры,6.220931933440174
с учётом цензуры,17.5550100924601
с учётом цензуры,31.440035322568644
с учётом цензуры,10.674660751866845
с учётом цензуры,5.656762746577856
с учётом цензуры,29.894664162938415
с учётом цензуры,12.346874133280753
с учётом цензуры,6.971873370054462
с учётом цензуры,15.013180653791917
с учётом цензуры,14.228240328914746
с учётом цензуры,7.0120857157702545
с учётом цензуры,28.97340953750019
с учётом цензуры,2.2255974877321067
с учётом цензуры,32.41378059456354
с учётом цензуры,9.877602188189897
с учётом цензуры,8.049832250569239
с учётом цензуры,5.843516246442841
с учётом цензуры,13.008063278067258
с учётом цензуры,7.306541406513816
с учётом цензуры,16.44736347293071
с учётом цензуры,1.0011871023063144
с учётом цензуры,8.492093784199735
с учётом цензуры,48.31562293462636
с учётом цензуры,15.708989750532272
с учётом цензуры,21.342777443860747
с учётом цензуры,18.71062801168191
с учётом цензуры,37.46379842293108
с учётом цензуры,11.078556522814994
с учётом цензуры,10.315233956200721
с учётом цензуры,9.955382739405321
с учётом цензуры,32.38448155320304
с учётом цензуры,10.529316587305244
с учётом цензуры,14.32891630391098
с учётом цензуры,8.460397342814206
с учётом цензуры,19.759987456160204
с учётом цензуры,10.352854029150244
с учётом цензуры,6.256582973772208
с учётом цензуры,10.530169646683646
с учётом цензуры,39.74563118999253
с учётом цензуры,5.1755793313134735
с учётом цензуры,4.615185705462796
с учётом цензуры,4.812140419159729
с учётом цензуры,7.797021725093739
с учётом цензуры,50.608418711033295
с учётом цензуры,23.116656831794472
с учётом цензуры,14.185177169181651
с учётом цензуры,11.229688709592923
с учётом цензуры,11.420262803870342
с учётом цензуры,9.225608948163789
с учётом цензуры,17.60643476972694
с учётом цензуры,12.919230558639885
с учётом цензуры,25.360079649869625
с учётом цензуры,15.321639725898915
с учётом цензуры,15.269336143236988
с учётом цензуры,32.78603767610828
с учётом цензуры,3.9990027257626477
с учётом цензуры,21.769810190681227
с учётом цензуры,17.98569541029273
с учётом цензуры,29.716028531109938
с учётом цензуры,6.49032810718522
с учётом цензуры,15.049685656676068
с учётом цензуры,16.295820724441583
с учётом цензуры,45.340405984774094
с учётом цензуры,6.01453033602119
с учётом цензуры,5.138755663065194
с учётом цензуры,12.61342215038075
с учётом цензуры,9.978669611458082
с учётом цензуры,22.60674119099678
с учётом цензуры,19.710616269368387
с учётом цензуры,13.476283605027383
с учётом цензуры,31.84603562804275
с учётом цензуры,22.72087764196236
с учётом цензуры,24.794068986258335
с учётом цензуры,12.966517123859479
с учётом цензуры,10.147059478776882
с учётом цензуры,22.749355576862776
с учётом цензуры,43.9911763731739
с учётом цензуры,16.436049058558694
с учётом цензуры,22.985888527033286
с учётом цензуры,40.23593452600801
с учётом цензуры,11.078341236495822
с учётом цензуры,4.5553435983208805
с учётом цензуры,4.134598602536179
с учётом цензуры,9.80020843544359
с учётом цензуры,11.197684663026534
с учётом цензуры,3.9317977079780615
с учётом цензуры,9.599106882588872
с учётом цензуры,6.4598024143409
с учётом цензуры,5.913407498140897
с учётом цензуры,28.83331757019253
с учётом цензуры,11.483981681618419
с учётом цензуры,13.288554293160255
с учётом цензуры,41.576183707881206
с учётом цензуры,11.084600162662747
с учётом цензуры,12.264485769589788
с учётом цензуры,28.738174697519398
с учётом цензуры,17.175946979059837
с учётом цензуры,16.702037666537947
с учётом цензуры,33.01834306662505
с учётом цензуры,14.472342086531208
с учётом цензуры,7.977066487930765
с учётом цензуры,6.578119567206106
с учётом цензуры,12.879626614313597
с учётом цензуры,10.415789570577857
с учётом цензуры,9.098799916654531
с учётом цензуры,13.559671228637455
с учётом цензуры,11.316567754231867
с учётом цензуры,17.971337896740774
с учётом цензуры,9.824113065859148
с учётом цензуры,12.915981517378992
с учётом цензуры,13.421787453818503
с учётом цензуры,20.412638575141578
с учётом цензуры,32.32194663675854
с учётом цензуры,2.1582397809588794
с учётом цензуры,13.936965808179545
с учётом цензуры,27.905996861016266
с учётом цензуры,17.772685640089705
с учётом цензуры,3.596026572871043
с учётом цензуры,4.319359029646094
с учётом цензуры,33.97315552021974
с учётом цензуры,8.085001769014688
с учётом цензуры,25.004685290584813
с учётом цензуры,20.573834279318515
с учётом цензуры,18.21961220687438
с учётом цензуры,11.966716659400758
с учётом цензуры,5.322417323972255
с учётом цензуры,12.720091384808022
с учётом цензуры,18.693889267811258
с учётом цензуры,7.715456134610779
с учётом цензуры,4.635942258908499
с учётом цензуры,13.082530742589519
с учётом цензуры,1.4077410210901116
с учётом цензуры,9.078305487492203
с учётом цензуры,21.0198675694135
с учётом цензуры,34.18565067523629
с учётом цензуры,2.049196508470189
с учётом цензуры,13.260053148977414
с учётом цензуры,5.50879699250298
с учётом цензуры,23.892323432188647
с учётом цензуры,8.734904552619358
с учётом цензуры,8.254419176274398
с учётом цензуры,8.008001382187564
с учётом цензуры,14.221304461126817
с учётом цензуры,7.535692331831577
с учётом цензуры,21.104406707665948
с учётом цензуры,14.733659875680269
с учётом цензуры,7.431269143794415
с учётом цензуры,13.517191330988448
с учётом цензуры,5.4506681727852975
с учётом цензуры,12.651724830945124
с учётом цензуры,5.032584511787132
с учётом цензуры,7.800183431292499
с учётом цензуры,5.572399553798548
с учётом цензуры,7.455422718181417
с учётом цензуры,4.447995598184327
с учётом цензуры,61.33402435978314
с учётом цензуры,8.271801428960005
с учётом цензуры,14.078320286381128
с учётом цензуры,4.765723800251418
с учётом цензуры,10.076740257886621
с учётом цензуры,4.969468455247159
с учётом цензуры,24.0584941639927
с учётом цензуры,18.821562997293174
с учётом цензуры,18.09059547955451
с учётом цензуры,32.845656312643925
с учётом цензуры,33.519131545627495
с учётом цензуры,24.09786124184744
с учётом цензуры,3.4904298065654737
с учётом цензуры,16.656282830469024
с учётом цензуры,9.28207468759682
с учётом цензуры,10.65248953881338
с учётом цензуры,51.42983726777384
с учётом цензуры,13.059506242510107
с учётом цензуры,14.697807827378409
с учётом цензуры,6.641701380398578
с учётом цензуры,24.63533862699927
с учётом цензуры,9.095788214279535
с учётом цензуры,25.982737120062794
с учётом цензуры,17.577360821753594
с учётом цензуры,35.32294474038319
с учётом цензуры,20.839430009615164
с учётом цензуры,22.595905772454806
с учётом цензуры,9.326524184378314
с учётом цензуры,4.54492791679052
с учётом цензуры,30.969580120322977
с учётом цензуры,47.50753266944721
с учётом цензуры,30.340280423396486
с учётом цензуры,21.983972038823108
с учётом цензуры,19.374327863239337
с учётом цензуры,13.995922429365745
с учётом цензуры,19.64045476480765
с учётом цензуры,22.57248301971334
с учётом цензуры,7.953197902533434
с учётом цензуры,18.14903532391139
с учётом цензуры,9.049004824480626
с учётом цензуры,38.79791092586145
с учётом цензуры,14.063756605066796
с учётом цензуры,4.794455519159628
с учётом цензуры,4.809553693339135
с учётом цензуры,3.8403089079140287
с учётом цензуры,28.734787995754594
с учётом цензуры,22.156089276955544
с учётом цензуры,8.531797639650641
с учётом цензуры,1.8878929548176815
с учётом цензуры,5.572994634115175
с учётом цензуры,23.30611430501639
с учётом цензуры,9.353733763577834
с учётом цензуры,30.589216426451344
с учётом цензуры,10.745327474002305
с учётом цензуры,13.389249264960796
с учётом цензуры,7.718751437054411
с учётом цензуры,43.614388729003245
с учётом цензуры,47.39074348053654
с учётом цензуры,14.623287741549404
с учётом цензуры,6.414995451988165
с учётом цензуры,17.195488950216617
с учётом цензуры,12.498568436181323
с учётом цензуры,13.570196387276539
с учётом цензуры,7.369329950517171
с учётом цензуры,5.923243839939552
с учётом цензуры,16.294866783967258
с учётом цензуры,21.402203197522002
с учётом цензуры,44.69226020890116
с учётом цензуры,100.24961765915145
с учётом цензуры,12.749007033545592
с учётом цензуры,10.367497084580581
с учётом цензуры,6.644603925541294
с учётом цензуры,14.635571451618057
с учётом цензуры,24.6524661613488
с учётом цензуры,7.394573273205088
с учётом цензуры,16.50008609278794
с учётом цензуры,6.316110325921166
с учётом цензуры,26.716379428253823
с учётом цензуры,11.99370383894207
с учётом цензуры,26.16416209999321
с учётом цензуры,14.2650951215977
с учётом цензуры,12.399670143443517
с учётом цензуры,11.935731014282425
с учётом цензуры,6.376812817398669
с учётом цензуры,22.740677384172656
с учётом цензуры,19.466119069582327
с учётом цензуры,2.913676543534117
с учётом цензуры,23.6975735297701
с учётом цензуры,31.935014552391692
с учётом цензуры,41.68820842842639
с учётом цензуры,22.331772520700753
с учётом цензуры,8.250788458668683
с учётом цензуры,10.902436996183418
с учётом цензуры,38.925753813305874
с учётом цензуры,18.065196921508168
с учётом цензуры,35.39654456533901
с учётом цензуры,2.577653233231114
с учётом цензуры,6.500487611781355
с учётом цензуры,16.634034726510247
с учётом цензуры,17.298217275322845
с учётом цензуры,6.374408663072594
с учётом цензуры,21.819766676460635
с учётом цензуры,28.276503968745207
с учётом цензуры,13.614475521784492
с учётом цензуры,4.743262819090459
с учётом цензуры,4.055446672645093
с учётом цензуры,10.681125030645337
с учётом цензуры,10.14337638129616
с учётом цензуры,10.96319163046473
с учётом цензуры,10.533349112408292
с учётом цензуры,4.681561799343449
с учётом цензуры,3.1768282417014513
с учётом цензуры,24.819762884012924
с учётом цензуры,10.08729382733427
с учётом цензуры,1.4893571927669202
с учётом цензуры,8.077663452839278
с учётом цензуры,10.805072146595892
с учётом цензуры,4.3630172616104765
с учётом цензуры,8.266287263016851
с учётом цензуры,5.519902715318931
с учётом цензуры,9.851388558989697
с учётом цензуры,29.137194133392825
с учётом цензуры,16.442169825998104
с учётом цензуры,6.2718016674963035
с учётом цензуры,21.82876041587856
с учётом цензуры,2.5688910922673247
с учётом цензуры,25.3119645640152
с учётом цензуры,14.017595664175946
с учётом цензуры,36.3697951724814
с учётом цензуры,34.10608632729567
с учётом цензуры,17.86794474925249
с учётом цензуры,9.098633116757929
с учётом цензуры,1.4685758771952298
с учётом цензуры,12.13127654821371
с учётом цензуры,34.74260729074776
с учётом цензуры,36.08765346041054
с учётом цензуры,8.75063753824777
с учётом цензуры,12.0325627606588
с учётом цензуры,42.514808974207256
с учётом цензуры,13.423498691684596
с учётом цензуры,27.964225540601664
с учётом цензуры,16.44221697154048
с учётом цензуры,11.08167712750817
с учётом цензуры,6.83461339225741
с учётом цензуры,6.927335157630325
с учётом цензуры,3.8751522718418103
с учётом цензуры,29.47622810093057
с учётом цензуры,5.655229257928621
с учётом цензуры,2.655804556186503
с учётом цензуры,7.384373185786291
с учётом цензуры,9.04628478081936
с учётом цензуры,6.432981472324082
с учётом цензуры,10.533531332528204
с учётом цензуры,26.924447740486887
с учётом цензуры,11.082329658010243
с учётом цензуры,14.866930041157877
с учётом цензуры,5.645914305143789
с учётом цензуры,16.167078534483895
с учётом цензуры,7.334888444104537
с учётом цензуры,4.932842994700898
с учётом цензуры,33.04748511954938
с учётом цензуры,21.264088528632243
с учётом цензуры,24.913876418468313
с учётом цензуры,3.9294023808687144
с учётом цензуры,31.783760082074163
с учётом цензуры,4.217515325762076
с учётом цензуры,9.277862128595011
с учётом цензуры,9.41774109058989
с учётом цензуры,5.639024707669102
с учётом цензуры,15.794166109925866
с учётом цензуры,5.901092574114311
с учётом цензуры,36.74744408137713
с учётом цензуры,11.476866257078617
с учётом цензуры,10.28174791777122
с учётом цензуры,6.625641980172451
с учётом цензуры,32.06393040476422
с учётом цензуры,4.905696846162498
с учётом цензуры,15.828193162927306
с учётом цензуры,16.77675608189433
с учётом цензуры,4.6730345222290754
с учётом цензуры,12.239516984421808
с учётом цензуры,9.762088386988374
с учётом цензуры,5.855110620504223
с учётом цензуры,18.09893312268907
с учётом цензуры,24.672838933767807
с учётом цензуры,21.163412750033274
с учётом цензуры,4.334862271920446
с учётом цензуры,26.999256666538905
с учётом цензуры,7.1171966431499785
с учётом цензуры,35.18880836962367
с учётом цензуры,9.222481447806572
с учётом цензуры,14.610906373673101
с учётом цензуры,26.32748983143434
с учётом цензуры,7.176979011898167
с учётом цензуры,10.091140673808866
с учётом цензуры,23.49269358969849
с учётом цензуры,13.625242519677784
с учётом цензуры,11.228021356423293
с учётом цензуры,30.09825651893884
с учётом цензуры,2.84195960403963
с учётом цензуры,20.897601033122008
с учётом цензуры,5.316535217098023
с учётом цензуры,17.405409591671052
с учётом цензуры,10.167930449395742
с учётом цензуры,15.01203975517044
с учётом цензуры,18.29651896677824
с учётом цензуры,5.60237109453263
с учётом цензуры,21.52022294960949
с учётом цензуры,3.8040554316392465
с учётом цензуры,27.827947873807318
с учётом цензуры,7.325748240228682
с учётом цензуры,20.71940009090739
с учётом цензуры,16.911851714464785
с учётом цензуры,6.617800433209517
с учётом цензуры,25.541224129460552
с учётом цензуры,20.997544410357627
с учётом цензуры,16.242711749036367
с учётом цензуры,6.549114139581988
с учётом цензуры,16.605212287928307
с учётом цензуры,7.89601361783991
с учётом цензуры,8.761387389985408
с учётом цензуры,13.05729290983248
с учётом цензуры,1.2688888948231751
с учётом цензуры,9.21879795747471
с учётом цензуры,5.557957864458286
с учётом цензуры,26.69416486333931
с учётом цензуры,11.97410460389299
с учётом цензуры,16.333880023533453
с учётом цензуры,7.0346033755854265
с учётом цензуры,16.906416725305803
с учётом цензуры,17.259895368343376
с учётом цензуры,18.20496188320252
с учётом цензуры,13.300102783132365
с учётом цензуры,20.02256276574977
с учётом цензуры,20.077154174796433
с учётом цензуры,8.751443591725874
с учётом цензуры,10.182983243733478
с учётом цензуры,19.033517305268884
с учётом цензуры,15.548784672685121
с учётом цензуры,11.782236284170567
с учётом цензуры,13.752241101184561
с учётом цензуры,6.216764204068754
с учётом цензуры,7.316112914478163
с учётом цензуры,7.287844043586308
с учётом цензуры,16.873180486469646
с учётом цензуры,20.50806421674355
с учётом цензуры,15.790094736159883
с учётом цензуры,36.601080192976575
с учётом цензуры,34.994201742124964
с учётом цензуры,23.907685090880737
с учётом цензуры,2.502716375933881
с учётом цензуры,8.787713252852853
с учётом цензуры,6.55164915721146
с учётом цензуры,7.1350274630202986
с учётом цензуры,4.890236794053535
с учётом цензуры,11.755390028589375
с учётом цензуры,30.259259247868695
с учётом цензуры,11.694921964294016
с учётом цензуры,26.205964614530462
с учётом цензуры,2.97728074185412
с учётом цензуры,14.58901812695331
с учётом цензуры,17.742734546304835
с учётом цензуры,9.857935607507203
с учётом цензуры,12.607907134838579
с учётом цензуры,18.977328959828906
с учётом цензуры,3.5926822659053936
с учётом цензуры,6.7707644466954005
с учётом цензуры,4.8876559078463675
с учётом цензуры,13.051197957916523
с учётом цензуры,11.238041103953929
с учётом цензуры,5.701109480567737
с учётом цензуры,29.634574546787263
с учётом цензуры,21.572491419719793
с учётом цензуры,10.75024261974292
с учётом цензуры,8.563675432399961
с учётом цензуры,21.216861413243024
с учётом цензуры,11.46296820887876
с учётом цензуры,5.806557687227652
с учётом цензуры,24.09611332485474
с учётом цензуры,7.073978235011407
с учётом цензуры,10.656429212476414
с учётом цензуры,3.7107397173622267
с учётом цензуры,10.342336178401327
с учётом цензуры,9.830859618825347
с учётом цензуры,10.774537465869852
с учётом цензуры,25.171317197137498
с учётом цензуры,8.26059609520135
с учётом цензуры,10.565552556960554
с учётом цензуры,22.279729380088217
с учётом цензуры,4.814143220560219
с учётом цензуры,32.59815456234703
с учётом цензуры,18.459709514323492
с учётом цензуры,3.1037292086190886
с учётом цензуры,9.867148956850398
с учётом цензуры,4.8966519904309305
с учётом цензуры,16.961297853058735
с учётом цензуры,35.73296276633636
с учётом цензуры,22.78758711782445
с учётом цензуры,10.646650944561316
с учётом цензуры,9.791464736028159
с учётом цензуры,13.343348247017726
с учётом цензуры,7.561342391721155
с учётом цензуры,17.826218652447423
с учётом цензуры,24.976698167964727
с учётом цензуры,34.85272274486554
с учётом цензуры,15.432398521031324
с учётом цензуры,8.875648290630199
с учётом цензуры,41.313223445977144
с учётом цензуры,25.594195862054946
с учётом цензуры,14.732343134381225
с учётом цензуры,7.023124421267824
с учётом цензуры,4.456625216183513
с учётом цензуры,10.725577876947197
с учётом цензуры,13.448835718134376
с учётом цензуры,10.063521720354872
с учётом цензуры,12.07397926896707
с учётом цензуры,16.10496108426915
с учётом цензуры,5.358089353495868
с учётом цензуры,9.292000427182348
с учётом цензуры,8.697000533806474
с учётом цензуры,7.176554311045205
с учётом цензуры,6.26169446727753
с учётом цензуры,7.929120715854043
с учётом цензуры,10.087992087666654
с учётом цензуры,19.82377536435653
с учётом цензуры,9.599545478037916
с учётом цензуры,12.129381141429947
с учётом цензуры,9.670916082392218
с учётом цензуры,35.29357826637007
с учётом цензуры,28.04278304280323
с учётом цензуры,17.261742281630553
с учётом цензуры,6.056664706773164
с учётом цензуры,18.04988944426406
с учётом цензуры,33.3038900888875
с учётом цензуры,24.085524061225954
с учётом цензуры,17.405547120079067
с учётом цензуры,9.87677096179642
с учётом цензуры,4.6868000892616095
с учётом цензуры,21.726788059676817
с учётом цензуры,21.79498238961267
с учётом цензуры,9.999444381740066
с учётом цензуры,13.017636212214216
с учётом цензуры,4.785085002344845
с учётом цензуры,7.965009312789819
с учётом цензуры,5.574553794838596
с учётом цензуры,39.36109494453388
с учётом цензуры,5.555419977975195
с учётом цензуры,5.944248592679847
с учётом цензуры,25.06797585996255
с учётом цензуры,15.728571257400409
с учётом цензуры,11.54903037663765
с учётом цензуры,1.219395708863785
с учётом цензуры,19.49135314546971
с учётом цензуры,24.875661131956285
с учётом цензуры,37.36491929714295
с учётом цензуры,27.19514772972127
с учётом цензуры,5.16269498586836
с учётом цензуры,7.359313611755247
с учётом цензуры,3.305427514113693
с учётом цензуры,28.460619937300244
с учётом цензуры,10.790430364105035
с учётом цензуры,30.93752480404826
с учётом цензуры,9.519194820648863
с учётом цензуры,8.050505562589523
с учётом цензуры,22.152652574485245
с учётом цензуры,6.199366083225892
с учётом цензуры,5.013942129630633
с учётом цензуры,17.094445449344338
с учётом цензуры,5.646664715893409
с учётом цензуры,6.380933164349035
с учётом цензуры,38.476323000331526
с учётом цензуры,5.264802482405274
с учётом цензуры,17.629481310762927
с учётом цензуры,7.1737742399957405
с учётом цензуры,2.9833503901148615
с учётом цензуры,30.699144467087986
с учётом цензуры,5.048131622902128
с учётом цензуры,13.0379301674204
с учётом цензуры,9.499607588547955
с учётом цензуры,16.361390138233624
с учётом цензуры,11.707346714557088
с учётом цензуры,4.474838666998694
с учётом цензуры,57.649513466590975
с учётом цензуры,36.98200627759871
с учётом цензуры,12.594336691629193
с учётом цензуры,4.599328342133577
с учётом цензуры,12.675449131666776
с учётом цензуры,5.1634597947649565
с учётом цензуры,8.719016990249354
с учётом цензуры,10.827699488234252
с учётом цензуры,15.650089081533327
с учётом цензуры,13.045888358522856
с учётом цензуры,6.42073370810064
с учётом цензуры,14.665355588356615
с учётом цензуры,35.85674596974264
с учётом цензуры,37.142353904915964
с учётом цензуры,19.012692317858352
с учётом цензуры,29.34261731929363
с учётом цензуры,19.14517376950724
с учётом цензуры,41.82787414486182
с учётом цензуры,5.044008850616442
с учётом цензуры,16.49711891329028
с учётом цензуры,13.299019216529032
с учётом цензуры,44.558394570600626
с учётом цензуры,9.940503179424324
с учётом цензуры,29.985989294611308
с учётом цензуры,15.844207528932008
с учётом цензуры,6.077068908476784
с учётом цензуры,11.10420881560734
с учётом цензуры,12.121047754219921
с учётом цензуры,46.82702137938694
с учётом цензуры,21.478247686207755
с учётом цензуры,6.205884352898451
с учётом цензуры,9.351928807919657
с учётом цензуры,5.7191695816151356
с учётом цензуры,21.205514618183695
с учётом цензуры,10.540795987093688
с учётом цензуры,8.66473635076262
с учётом цензуры,4.5614411831021275
с учётом цензуры,5.5766468016953885
с учётом цензуры,14.679040926810778
с учётом цензуры,16.229429763291556
с учётом цензуры,15.234988616848433
с учётом цензуры,5.718757339313403
с учётом цензуры,4.470885368689709
с учётом цензуры,6.728391327186316
с учётом цензуры,20.223923773884536
с учётом цензуры,15.05312783016369
с учётом цензуры,8.89269662588751
с учётом цензуры,6.874720079712368
с учётом цензуры,4.916209054751429
с учётом цензуры,16.096872626016474
с учётом цензуры,17.412883264790445
с учётом цензуры,15.381390984863598
с учётом цензуры,11.376616360288336
с учётом цензуры,39.33579790732348
с учётом цензуры,42.88399868345884
с учётом цензуры,14.266059653186979
с учётом цензуры,9.248046261109714
с учётом цензуры,4.473179359637203
с учётом цензуры,20.68190022506586
с учётом цензуры,8.539106494369943
с учётом цензуры,10.70173581281221
с учётом цензуры,14.993645125191755
с учётом цензуры,21.61022043170626
с учётом цензуры,24.738897312902864
с учётом цензуры,39.49758742984763
с учётом цензуры,12.949151549599426
с учётом цензуры,18.44477617847499
с учётом цензуры,9.709019301447782
с учётом цензуры,19.26272091269448
с учётом цензуры,26.549548587565432
с учётом цензуры,14.629835023226654
с учётом цензуры,13.764190404394741
с учётом цензуры,29.61006911158843
с учётом цензуры,26.865348311136593
с учётом цензуры,1.6920531983241727
с учётом цензуры,14.48199614583325
с учётом цензуры,14.79716047594072
с учётом цензуры,10.708344619633817
с учётом цензуры,12.838674480979407
с учётом цензуры,40.53189600938697
с учётом цензуры,9.524399625488222
с учётом цензуры,1.68557107082835
с учётом цензуры,12.086916907898756
с учётом цензуры,11.807140812892289
с учётом цензуры,8.064747571335559
с учётом цензуры,2.6899784861410683
с учётом цензуры,38.51493753273975
с учётом цензуры,20.14987393070512
с учётом цензуры,3.2269958522441
с учётом цензуры,30.300240913210995
с учётом цензуры,2.5383945276275237
с учётом цензуры,11.572997580852675
с учётом цензуры,39.11465312421673
с учётом цензуры,33.72876743504375
с учётом цензуры,24.92741331434326
с учётом цензуры,16.596946894440745
с учётом цензуры,3.336589528608526
с учётом цензуры,21.57763607821023
с учётом цензуры,27.488469805883
с учётом цензуры,3.7915545323499904
с учётом цензуры,0.9969440219774639
с учётом цензуры,11.396624696216124
с учётом цензуры,25.133541764275904
с учётом цензуры,19.903188001068955
с учётом цензуры,7.768481046686982
с учётом цензуры,3.4326937093020096
с учётом цензуры,8.143639712753451
с учётом цензуры,17.96665588115429
с учётом цензуры,3.9903118428093296
с учётом цензуры,18.399174233955584
с учётом цензуры,2.28254062559225
с учётом цензуры,3.912261926568358
с учётом цензуры,14.95863676151679
с учётом цензуры,1.7304183425822344
с учётом цензуры,4.2287667922624905
с учётом цензуры,16.043237274773585
с учётом цензуры,10.791227259371462
с учётом цензуры,7.213970099711198
с учётом цензуры,23.536804016755518
с учётом цензуры,6.405660276143141
с учётом цензуры,13.80985031893107
с учётом цензуры,8.282301215059405
с учётом цензуры,14.580732637545353
с учётом цензуры,7.0804076898101105
с учётом цензуры,22.801108051329418
с учётом цензуры,23.112918893542
с учётом цензуры,14.35488819459802
с учётом цензуры,9.306342977149914
с учётом цензуры,19.284616195643856
с учётом цензуры,9.327582582610743
с учётом цензуры,31.26983189093923
с учётом цензуры,17.336649009864182
с учётом цензуры,4.598310507575248
с учётом цензуры,4.949581474699058
с учётом цензуры,4.8015309652225
с учётом цензуры,40.852758536025526
с учётом цензуры,2.8520367797940835
с учётом цензуры,22.552915351543426
с учётом цензуры,18.733053253640865
с учётом цензуры,18.200913455324375
с учётом цензуры,15.840880155716839
с учётом цензуры,5.90020924713958
с учётом цензуры,35.75051748926717
с учётом цензуры,11.589476877671213
с учётом цензуры,17.849137839068074
с учётом цензуры,3.6169181568352915
с учётом цензуры,7.578250399363014
с учётом цензуры,7.23740522606095
с учётом цензуры,10.34339949630418
с учётом цензуры,29.75572439043819
с учётом цензуры,10.0916184852232
с учётом цензуры,5.123545779916612
с учётом цензуры,9.273152562489788
с учётом цензуры,6.481053589838403
с учётом цензуры,14.527707557117148
с учётом цензуры,14.00583633694996
с учётом цензуры,10.230172486639518
с учётом цензуры,6.025726103722989
с учётом цензуры,2.477145858307606
с учётом цензуры,22.79193537419804
с учётом цензуры,18.19491773758434
с учётом цензуры,31.23318370795929
с учётом цензуры,21.530429777943745
с учётом цензуры,4.912068668246445
с учётом цензуры,10.215806267519515
с учётом цензуры,8.89949950321036
с учётом цензуры,8.181057991761719
с учётом цензуры,5.0642729969961975
с учётом цензуры,9.202723748837148
с учётом цензуры,16.085756079132175
с учётом цензуры,7.9247383186849065
с учётом цензуры,6.352147193216904
с учётом цензуры,8.770783508021346
с учётом цензуры,15.947773907220407
с учётом цензуры,13.479415680660157
с учётом цензуры,7.269593155444909
с учётом цензуры,5.928985707327216
с учётом цензуры,13.82095338969944
с учётом цензуры,8.490699248513863
с учётом цензуры,8.295681695046078
с учётом цензуры,8.03513082591066
с учётом цензуры,31.043633086033736
с учётом цензуры,8.328502725004412
с учётом цензуры,19.722294306872364
с учётом цензуры,1.8209969118068803
с учётом цензуры,10.47271051135112
с учётом цензуры,33.507695356335724
с учётом цензуры,16.73150231896146
с учётом цензуры,45.615867612045534
с учётом цензуры,11.837588372332686
с учётом цензуры,3.011169809532337
с учётом цензуры,33.93067642275962
с учётом цензуры,20.05459229616276
с учётом цензуры,4.332273244206446
с учётом цензуры,12.941379535378084
с учётом цензуры,12.6697241804352
с учётом цензуры,6.389718474687512
с учётом цензуры,22.81898838746647
с учётом цензуры,17.84271431450756
с учётом цензуры,9.753898873931782
с учётом цензуры,5.257618898362889
с учётом цензуры,21.469712396828566
с учётом цензуры,5.387348104137011
с учётом цензуры,20.05608383088632
с учётом цензуры,13.177300193693357
с учётом цензуры,41.80850810998427
с учётом цензуры,13.655181205813067
с учётом цензуры,12.482649752056478
с учётом цензуры,21.798620175004253
с учётом цензуры,24.858159941372566
с учётом цензуры,16.701630430292404
с учётом цензуры,11.332677377876
с учётом цензуры,18.62691804958606
с учётом цензуры,20.88098705888309
с учётом цензуры,11.173080703925109
с учётом цензуры,44.12329949236455
с учётом цензуры,6.0133683109895895
с учётом цензуры,17.516612121704007
с учётом цензуры,7.434090703294654
с учётом цензуры,27.302217699383434
с учётом цензуры,5.8058551940838266
с учётом цензуры,2.7913050457896134
с учётом цензуры,3.328036251216568
с учётом цензуры,38.252778508463976
с учётом цензуры,8.637502899027442
с учётом цензуры,7.289258137639607
с учётом цензуры,11.330967353345729
с учётом цензуры,26.06085871894401
с учётом цензуры,20.56881202345251
с учётом цензуры,24.671336807261625
с учётом цензуры,20.46283851463974
с учётом цензуры,4.749452510335645
с учётом цензуры,26.387197921155213
с учётом цензуры,5.777889810308862
с учётом цензуры,4.23237717850634
с учётом цензуры,8.715228733984485
с учётом цензуры,26.188721459069264
с учётом цензуры,14.258795213087687
с учётом цензуры,28.47548793757386
с учётом цензуры,16.364123922544586
с учётом цензуры,22.133530702514477
с учётом цензуры,14.940423386326156
с учётом цензуры,16.737986243065123
с учётом цензуры,13.387038637931973
с учётом цензуры,10.272769568852008
с учётом цензуры,19.088908580885207
с учётом цензуры,7.104374495345185
с учётом цензуры,16.248019303002742
с учётом цензуры,20.55571290586043
с учётом цензуры,13.023395356604938
с учётом цензуры,5.842824893787163
с учётом цензуры,16.04001451343146
с учётом цензуры,8.469826055801798
с учётом цензуры,3.087701685094016
с учётом цензуры,31.332601102147258
с учётом цензуры,8.318207715500959
с учётом цензуры,10.722208092795515
с учётом цензуры,4.932370467260126
с учётом цензуры,34.33984429592219
с учётом цензуры,14.267307301952858
с учётом цензуры,4.525657945788579
с учётом цензуры,16.74346383844891
с учётом цензуры,3.863228357852467
с учётом цензуры,14.852387782351148
с учётом цензуры,20.08660801583286
с учётом цензуры,21.351820070293865
с учётом цензуры,16.44060831992782
с учётом цензуры,22.025665477130374
с учётом цензуры,16.332875642323273
с учётом цензуры,23.676533394754202
с учётом цензуры,11.899038947325284
с учётом цензуры,18.75968758602126
с учётом цензуры,35.58021786554632
с учётом цензуры,23.417580890267843
с учётом цензуры,16.013274026535893
с учётом цензуры,14.424136453792824
с учётом цензуры,25.898611226489486
с учётом цензуры,9.739842886916714
с учётом цензуры,21.843497981421507
с учётом цензуры,23.31679518717175
с учётом цензуры,17.693068709161366
с учётом цензуры,3.8173025193444046
с учётом цензуры,8.809872536937078
с учётом цензуры,24.3409665895773
с учётом цензуры,12.02552053769293
с учётом цензуры,29.5460879533776
с учётом цензуры,5.572344564490675
с учётом цензуры,10.427621157390679
с учётом цензуры,6.522831167676683
с учётом цензуры,5.312411231579634
с учётом цензуры,8.96614618029231
с учётом цензуры,22.033241897347025
с учётом цензуры,21.532998926171075
с учётом цензуры,16.42651808475312
с учётом цензуры,18.71175772600094
с учётом цензуры,7.237672042766055
с учётом цензуры,17.945690249337016
с учётом цензуры,17.98638291924197
с учётом цензуры,8.527065021992321
с учётом цензуры,18.001317396980745
с учётом цензуры,13.360023860267088
с учётом цензуры,7.044734368068079
с учётом цензуры,4.894074671288454
с учётом цензуры,9.799079439466512
с учётом цензуры,13.326977396449717
с учётом цензуры,12.515681436290901
с учётом цензуры,48.47163258568153
с учётом цензуры,5.4923687466817395
с учётом цензуры,20.251786358278228
с учётом цензуры,8.038741145059102
с учётом цензуры,25.946205200347695
с учётом цензуры,28.367279750797092
с учётом цензуры,40.91312237456069
с учётом цензуры,20.502774405782837
с учётом цензуры,8.657178128477895
с учётом цензуры,11.478124215988753
с учётом цензуры,16.802807702530462
с учётом цензуры,14.742445965586365
с учётом цензуры,17.023850893462285
с учётом цензуры,5.431787673818379
с учётом цензуры,7.674527664423459
с учётом цензуры,4.198732466099452
с учётом цензуры,17.401953458408816
с учётом цензуры,22.66544870474339
с учётом цензуры,6.902275097179519
с учётом цензуры,12.623079097407505
с учётом цензуры,23.318758372547276
с учётом цензуры,22.205629067380684
с учётом цензуры,13.466627538624067
с учётом цензуры,12.57436642997408
с учётом цензуры,5.168146742926753
с учётом цензуры,19.8576531495793
с учётом цензуры,19.56144546440735
с учётом цензуры,17.66177752789737
с учётом цензуры,17.373663676023995
с учётом цензуры,15.132898269253461
с учётом цензуры,9.184846016987398
с учётом цензуры,7.998800856086811
с учётом цензуры,5.089409974588367
с учётом цензуры,6.628163633844785
с учётом цензуры,16.167882173260406
с учётом цензуры,10.938446639017839
с учётом цензуры,6.290745752970364
с учётом цензуры,13.79023377949607
с учётом цензуры,15.455009671225364
с учётом цензуры,2.9156671836833103
с учётом цензуры,16.77812664090492
с учётом цензуры,16.40026656821551
с учётом цензуры,8.217529270523482
с учётом цензуры,10.369029337583166
с учётом цензуры,17.295523599234716
с учётом цензуры,7.94443913548321
с учётом цензуры,6.435940064695341
с учётом цензуры,5.401433987401003
с учётом цензуры,8.071408673720114
с учётом цензуры,57.180109742108684
с учётом цензуры,6.991767574408514
с учётом цензуры,12.87115022653223
с учётом цензуры,9.275000727911566
с учётом цензуры,22.61680536624417
с учётом цензуры,46.19107976751554
с учётом цензуры,11.549842435774913
с учётом цензуры,16.39118903401993
с учётом цензуры,14.532524213946877
с учётом цензуры,21.197968440690737
с учётом цензуры,14.65850368960217
с учётом цензуры,32.938353471991476
с учётом цензуры,10.863978165064639
с учётом цензуры,9.427502757269638
с учётом цензуры,13.551101036398617
с учётом цензуры,28.53732598802537
с учётом цензуры,10.463830707152566
с учётом цензуры,20.043294357942727
с учётом цензуры,4.687837669110614
с учётом цензуры,4.071055028712119
с учётом цензуры,10.899911393186173
с учётом цензуры,7.262270080997942
с учётом цензуры,20.178113374527285
с учётом цензуры,9.669207747741451
с учётом цензуры,2.2468500423562676
с учётом цензуры,21.0817865445047
с учётом цензуры,21.928933535413513
с учётом цензуры,14.61395642516404
с учётом цензуры,55.31941991070154
с учётом цензуры,17.400259016756827
с учётом цензуры,4.358220620550918
с учётом цензуры,15.111563335446455
с учётом цензуры,24.20992306725105
с учётом цензуры,17.182416832560087
с учётом цензуры,3.18199569887298
с учётом цензуры,47.175923841778925
с учётом цензуры,25.694284487223936
с учётом цензуры,10.470271353228284
с учётом цензуры,7.979123660169921
с учётом цензуры,15.912893583206229
с учётом цензуры,18.896579712454567
с учётом цензуры,4.035215503991083
с учётом цензуры,5.059967137106359
с учётом цензуры,10.091700769848266
с учётом цензуры,12.683063818126826
с учётом цензуры,9.893981560272758
с учётом цензуры,19.351271713302232
с учётом цензуры,7.258610528486233
с учётом цензуры,19.86886683542555
с учётом цензуры,15.142443795433897
с учётом цензуры,14.779586289701296
с учётом цензуры,35.24104756259899
с учётом цензуры,30.769452983991513
с учётом цензуры,33.46720670196797
с учётом цензуры,14.96234734505148
с учётом цензуры,31.372383115216618
с учётом цензуры,2.265191256197107
с учётом цензуры,15.372892142454226
с учётом цензуры,4.559813127247224
с учётом цензуры,8.997660737480278
с учётом цензуры,10.99582313514297
с учётом цензуры,29.461213254208683
с учётом цензуры,24.704354503535647
с учётом цензуры,13.872349521819533
с учётом цензуры,17.045902555083575
с учётом цензуры,10.8242166300174
с учётом цензуры,12.848815327406411
с учётом цензуры,4.760117136806691
с учётом цензуры,3.814575875703317
с учётом цензуры,13.798775746596021
с учётом цензуры,24.6984347807728
с учётом цензуры,39.40676599418552
с учётом цензуры,8.341755732425357
с учётом цензуры,8.423136808852249
с учётом цензуры,10.417335292291831
с учётом цензуры,9.247395420233817
с учётом цензуры,7.991051983450327
с учётом цензуры,27.579730120361774
с учётом цензуры,18.46792166178675
с учётом цензуры,16.492520257930884
с учётом цензуры,1.8315513674722776
с учётом цензуры,7.3013211342770505
с учётом цензуры,7.66199964530838
с учётом цензуры,34.89795959659981
с учётом цензуры,11.523951670857535
с учётом цензуры,12.085476580197687
с учётом цензуры,20.909358013659496
с учётом цензуры,27.987164472370324
с учётом цензуры,12.719789034093214
с учётом цензуры,7.20914274396055
с учётом цензуры,10.105746070808804
с учётом цензуры,31.119162243447775
с учётом цензуры,23.275968948814896
с учётом цензуры,4.154078196108489
с учётом цензуры,14.645809079626808
с учётом цензуры,5.258225121635557
с учётом цензуры,10.039177814384912
с учётом цензуры,6.7706344613479175
с учётом цензуры,10.744180223850405
с учётом цензуры,17.765514084042323
с учётом цензуры,9.959616939810683
с учётом цензуры,12.114547475118913
с учётом цензуры,10.917516150285058
с учётом цензуры,9.920910465204635
с учётом цензуры,4.72784714573698
с учётом цензуры,13.581133178724066
с учётом цензуры,25.834195070129155
с учётом цензуры,34.92896435823219
с учётом цензуры,4.952794450459975
с учётом цензуры,22.598900580256164
с учётом цензуры,6.265032626015415
с учётом цензуры,12.990440127609489
с учётом цензуры,7.9139079540277155
с учётом цензуры,43.53720488423319
с учётом цензуры,24.81907000833887
с учётом цензуры,8.16234164371706
с учётом цензуры,5.041653475828237
с учётом цензуры,21.822184286554034
с учётом цензуры,30.420080531148606
с учётом цензуры,8.267599239609996
с учётом цензуры,9.030144679237962
с учётом цензуры,14.750692877982848
с учётом цензуры,4.122895946631224
с учётом цензуры,14.539890987943213
с учётом цензуры,49.79911469782791
с учётом цензуры,5.136075822956722
с учётом цензуры,16.13434517939335
с учётом цензуры,7.941791634138337
с учётом цензуры,2.5068602861431555
с учётом цензуры,24.13321202311336
с учётом цензуры,5.108277869984229
с учётом цензуры,13.22104029530438
с учётом цензуры,28.10308084732996
с учётом цензуры,3.2181360973105684
с учётом цензуры,13.081318765012416
с учётом цензуры,10.206575659267955
с учётом цензуры,17.502742233735987
с учётом цензуры,18.768021856139267
с учётом цензуры,16.74701590855128
с учётом цензуры,6.681566069430636
с учётом цензуры,16.969240933400098
с учётом цензуры,10.725125661226855
с учётом цензуры,10.347575366845602
с учётом цензуры,16.635426823910276
с учётом цензуры,17.661694956615015
с учётом цензуры,11.959650461160486
с учётом цензуры,13.551514632706152
с учётом цензуры,21.259883275900897
с учётом цензуры,8.417459767793886
с учётом цензуры,7.4719663268468715
с учётом цензуры,29.091650227417865
с учётом цензуры,2.4824711197794924
с учётом цензуры,8.20337692609839
с учётом цензуры,21.004986495330087
с учётом цензуры,12.416161699485048
с учётом цензуры,21.672974903589473
с учётом цензуры,10.62822852359154
с учётом цензуры,17.682064623572856
с учётом цензуры,12.737286010286155
с учётом цензуры,20.112799285712537
с учётом цензуры,16.558995618027964
с учётом цензуры,15.630805453986248
с учётом цензуры,27.295982132825486
с учётом цензуры,16.640277610246162
с учётом цензуры,8.43557663460232
с учётом цензуры,17.959845467636573
с учётом цензуры,11.546519178014647
с учётом цензуры,11.719295535310039
с учётом цензуры,12.03700255343551
с учётом цензуры,10.338446483974165
с учётом цензуры,6.6721105505185605
с учётом цензуры,9.524232973770028
с учётом цензуры,23.083425629322715
с учётом цензуры,25.183388257369906
с учётом цензуры,34.71338097319285
с учётом цензуры,9.483530486253297
с учётом цензуры,11.584049054092105
с учётом цензуры,10.060998021464366
с учётом цензуры,31.185141390757522
с учётом цензуры,58.76084953571411
с учётом цензуры,11.740045013343146
с учётом цензуры,15.016350684803603
с учётом цензуры,18.474129446854455
с учётом цензуры,16.384980236728435
с учётом цензуры,19.786161370133858
с учётом цензуры,10.778455151641584
с учётом цензуры,38.22699743658875
с учётом цензуры,11.828257643342656
с учётом цензуры,10.033786062255052
с учётом цензуры,3.3551606685872644
с учётом цензуры,21.149809525177975
с учётом цензуры,9.068738592239134
с учётом цензуры,35.36084368220784
с учётом цензуры,4.766154505739245
с учётом цензуры,7.061683536608883
с учётом цензуры,24.004747099636734
с учётом цензуры,9.244296730204708
с учётом цензуры,37.19458532973661
с учётом цензуры,14.195350331808328
с учётом цензуры,2.530564640195652
с учётом цензуры,35.08726775773936
с учётом цензуры,13.092148275087101
с учётом цензуры,10.285221669259826
с учётом цензуры,11.53624554916571
с учётом цензуры,8.13155922516692
с учётом цензуры,14.340719177136968
с учётом цензуры,10.070712353933894
с учётом цензуры,31.861061001713114
с учётом цензуры,18.665258549670042
с учётом цензуры,18.999411654072155
с учётом цензуры,7.5828554729156625
с учётом цензуры,24.77097923930262
с учётом цензуры,5.403056472813224
с учётом цензуры,29.480409332067637
с учётом цензуры,15.701172608583136
с учётом цензуры,12.16431138600704
с учётом цензуры,5.658261870271685
с учётом цензуры,9.171639471841669
с учётом цензуры,16.30778634692779
с учётом цензуры,9.462479389559453
с учётом цензуры,11.08485773319427
с учётом цензуры,15.987943852831645
с учётом цензуры,7.9061757951330325
с учётом цензуры,24.743507853508895
с учётом цензуры,10.763570567897556
с учётом цензуры,12.69143388623257
с учётом цензуры,5.942026241113306
с учётом цензуры,10.69149877816947
с учётом цензуры,15.290846757202909
с учётом цензуры,33.82301946967696
с учётом цензуры,1.2228306890718619
с учётом цензуры,23.074891068229967
с учётом цензуры,14.968166500036524
с учётом цензуры,14.120587712084347
с учётом цензуры,22.51786276077043
с учётом цензуры,8.300453539557555
с учётом цензуры,13.054954123504803
с учётом цензуры,14.701209453999827
с учётом цензуры,7.935209418045092
с учётом цензуры,17.450650833129266
с учётом цензуры,10.040148709043951
с учётом цензуры,13.230433680231677
с учётом цензуры,39.04512177346744
с учётом цензуры,5.580524306864233
с учётом цензуры,11.242628445699271
с учётом цензуры,25.133325683525165
с учётом цензуры,4.513634080275722
с учётом цензуры,9.149890090251334
с учётом цензуры,6.3868578400083775
с учётом цензуры,11.079150160502563
с учётом цензуры,24.44551953233293
с учётом цензуры,66.5466700069415
с учётом цензуры,33.29593672820707
с учётом цензуры,14.600367162077605
с учётом цензуры,21.650916846342177
с учётом цензуры,13.3123964259758
с учётом цензуры,17.414216168082444
с учётом цензуры,9.483480241306479
с учётом цензуры,56.94057169412381
с учётом цензуры,1.7695493833182463
с учётом цензуры,33.870663968976615
с учётом цензуры,26.02211452434034
с учётом цензуры,17.260867109555747
с учётом цензуры,19.883164517203415
с учётом цензуры,12.921873300606523
с учётом цензуры,22.055124167969986
с учётом цензуры,33.635912003606165
с учётом цензуры,5.011619108806716
с учётом цензуры,24.109952999771416
с учётом цензуры,32.67508852903387
с учётом цензуры,14.679314980060703
с учётом цензуры,14.259776023530979
с учётом цензуры,7.031699138379731
с учётом цензуры,19.540557365647203
с учётом цензуры,12.651721507433063
с учётом цензуры,21.402945324682086
с учётом цензуры,17.960967167700133
с учётом цензуры,12.942627071256126
с учётом цензуры,23.18007096952635
с учётом цензуры,7.071500022897405
с учётом цензуры,17.403378559642473
с учётом цензуры,30.041191509129703
с учётом цензуры,11.592398379054941
с учётом цензуры,27.644922310350623
с учётом цензуры,19.741025887009734
с учётом цензуры,3.795130374547666
с учётом цензуры,2.754566986752209
с учётом цензуры,14.16606027933387
с учётом цензуры,16.80308530851191
с учётом цензуры,10.208398917800492
с учётом цензуры,5.574355123850469
с учётом цензуры,10.53350982631433
с учётом цензуры,10.578272817332103
с учётом цензуры,19.15331597002939
с учётом цензуры,7.211302364404492
с учётом цензуры,9.107304464688031
с учётом цензуры,15.431235742744715
с учётом цензуры,2.3138660681820458
с учётом цензуры,27.132607828775377
с учётом цензуры,16.704451182880824
с учётом цензуры,5.307265325256713
с учётом цензуры,7.275693825358736
с учётом цензуры,9.753664772257487
с учётом цензуры,35.64555912685805
с учётом цензуры,10.952621052712969
с учётом цензуры,7.3790098955176955
с учётом цензуры,8.764414614016612
с учётом цензуры,24.21759321016922
с учётом цензуры,54.690774587273175
с учётом цензуры,13.961384304723229
с учётом цензуры,11.024365517852749
с учётом цензуры,13.183253648369423
с учётом цензуры,21.606382902887653
с учётом цензуры,16.711100137267046
с учётом цензуры,3.2060336766513977
с учётом цензуры,8.399466496497567
с учётом цензуры,7.123053098916832
с учётом цензуры,8.006470668919755
с учётом цензуры,31.296978229398455
с учётом цензуры,28.401987223057237
с учётом цензуры,13.918463526114422
с учётом цензуры,5.7025993145301666
с учётом цензуры,6.721435161867497
с учётом цензуры,12.037354297609369
с учётом цензуры,30.38573404702334
с учётом цензуры,27.86888350329371
с учётом цензуры,7.632156691107024
с учётом цензуры,18.199038043298252
с учётом цензуры,11.196636044660243
с учётом цензуры,8.753641387360897
с учётом цензуры,26.149901585339258
с учётом цензуры,3.687762291425806
с учётом цензуры,14.968875831627443
с учётом цензуры,6.775995438226665
с учётом цензуры,14.06058155714842
с учётом цензуры,11.889049087115797
с учётом цензуры,13.561955312342917
с учётом цензуры,7.566113798284543
с учётом цензуры,20.63210354541825
с учётом цензуры,17.35925771047579
с учётом цензуры,3.4779391649983955
с учётом цензуры,21.42682551886655
с учётом цензуры,26.182805119815196
с учётом цензуры,8.62208996065613
с учётом цензуры,5.233013978792797
с учётом цензуры,11.211147740383899
с учётом цензуры,3.781290784739357
с учётом цензуры,13.306578825311387
с учётом цензуры,16.38886155831255
с учётом цензуры,9.166528599741007
с учётом цензуры,11.020413809873162
с учётом цензуры,15.082052114170175
с учётом цензуры,2.9543298580213753
с учётом цензуры,26.07816672200779
с учётом цензуры,49.736380074279126
с учётом цензуры,8.070331421809929
с учётом цензуры,9.569905107106205
с учётом цензуры,35.78884703571585
с учётом цензуры,10.882799564533805
с учётом цензуры,13.97147913009561
с учётом цензуры,4.364322242590614
с учётом цензуры,17.38627289704178
с учётом цензуры,12.286080711064395
с учётом цензуры,7.146348129047418
с учётом цензуры,14.206984413094705
с учётом цензуры,31.53001311088842
с учётом цензуры,4.784613418559711
с учётом цензуры,17.94684480761429
с учётом цензуры,15.334227507278122
с учётом цензуры,25.44108570096426
с учётом цензуры,11.876424291510297
с учётом цензуры,13.775805032839276
с учётом цензуры,20.470737543968575
с учётом цензуры,5.833150834101823
с учётом цензуры,10.86166361750994
с учётом цензуры,7.01932309793319
с учётом цензуры,21.65130656712994
с учётом цензуры,12.308385391896557
с учётом цензуры,17.901914805531355
с учётом цензуры,28.21858623716053
с учётом цензуры,28.88995266073965
с учётом цензуры,10.059292193528577
с учётом цензуры,5.8036917957613126
с учётом цензуры,4.074546682007013
с учётом цензуры,20.989542373286543
с учётом цензуры,1.0561605541248456
с учётом цензуры,8.348956603686501
с учётом цензуры,11.096526618657723
с учётом цензуры,13.743636190353682
с учётом цензуры,5.292851387332349
с учётом цензуры,9.290523490807564
с учётом цензуры,12.436457198522033
с учётом цензуры,8.205475040373313
с учётом цензуры,46.90817622427989
с учётом цензуры,11.065939633239996
с учётом цензуры,14.541469373223594
с учётом цензуры,10.434696700390878
с учётом цензуры,4.58195425632729
с учётом цензуры,24.51344792308482
с учётом цензуры,21.89217288370849
с учётом цензуры,13.59786208893933
с учётом цензуры,8.758484572448317
с учётом цензуры,9.672745021262806
с учётом цензуры,6.484990783293355
с учётом цензуры,5.46249620657221
с учётом цензуры,9.554834152441478
с учётом цензуры,10.109233900925556
с учётом цензуры,8.817178656630706
с учётом цензуры,8.123099754368337
с учётом цензуры,3.527840079907798
с учётом цензуры,4.245614535745387
с учётом цензуры,1.8144460536317313
с учётом цензуры,2.2726423267044975
с учётом цензуры,4.9676305898794215
с учётом цензуры,18.156453311005542
с учётом цензуры,4.244244094140898
с учётом цензуры,14.644747842429254
с учётом цензуры,11.01382522883069
с учётом цензуры,5.298097328067246
с учётом цензуры,3.137559168454094
с учётом цензуры,12.013858022281351
с учётом цензуры,11.254008262532428
с учётом цензуры,16.47974466517977
с учётом цензуры,12.886319360959625
с учётом цензуры,16.55191245588813
с учётом цензуры,8.103603400349597
с учётом цензуры,22.988121350803425
с учётом цензуры,14.225639077529488
с учётом цензуры,37.23603549470367
с учётом цензуры,29.441153134709715
с учётом цензуры,12.816815326554607
с учётом цензуры,20.77476802710786
с учётом цензуры,12.943348306004557
с учётом цензуры,15.334777037600977
с учётом цензуры,6.552129430552366
с учётом цензуры,5.2532062867348515
с учётом цензуры,21.642134338332262
с учётом цензуры,9.888272415244053
с учётом цензуры,11.033626489352418
с учётом цензуры,15.76328402046175
с учётом цензуры,16.940888517829723
с учётом цензуры,20.34394661952108
с учётом цензуры,6.42168236249236
с учётом цензуры,21.691359055131894
с учётом цензуры,10.728814917004447
с учётом цензуры,15.90064194460249
с учётом цензуры,10.293777845497992
с учётом цензуры,17.864516475228584
с учётом цензуры,20.25439885070031
с учётом цензуры,6.8684884075045725
с учётом цензуры,12.213310214523615
с учётом цензуры,12.019816257622685
с учётом цензуры,2.1252300430623325
с учётом цензуры,13.280895113412763
с учётом цензуры,5.979396139814996
с учётом цензуры,3.615510426077259
с учётом цензуры,5.258345474258935
с учётом цензуры,10.480839216169471
с учётом цензуры,8.166301895558526
с учётом цензуры,6.7038416896391055
с учётом цензуры,14.232593391012019
с учётом цензуры,13.987030989534615
с учётом цензуры,10.66098195705589
с учётом цензуры,5.144760714373445
с учётом цензуры,15.037364360670091
с учётом цензуры,2.7822380032683336
с учётом цензуры,19.87038683717119
с учётом цензуры,4.490321768886364
с учётом цензуры,6.779473151711342
с учётом цензуры,16.89516910323964
с учётом цензуры,10.367046280683372
с учётом цензуры,28.434197271621866
с учётом цензуры,28.97899095912727
с учётом цензуры,6.090272419898846
с учётом цензуры,29.17669193635964
с учётом цензуры,34.573927311644894
с учётом цензуры,4.539708233656285
с учётом цензуры,8.368213113056466
с учётом цензуры,18.009642103420507
с учётом цензуры,2.378805350821651
с учётом цензуры,24.463215610698878
с учётом цензуры,24.7140241004289
с учётом цензуры,25.76732408137657
с учётом цензуры,16.012933646162914
с учётом цензуры,53.997366595400365
с учётом цензуры,46.240469112440486
с учётом цензуры,37.934429478363455
с учётом цензуры,12.746189287862222
с учётом цензуры,25.17559259047488
с учётом цензуры,6.500833654273839
с учётом цензуры,26.675810917920955
с учётом цензуры,21.289471946212256
с учётом цензуры,3.0191585515137143
с учётом цензуры,7.325992226176234
с учётом цензуры,11.204604803769211
с учётом цензуры,3.7283496569827967
с учётом цензуры,9.706267351309164
с учётом цензуры,36.175406687470655
с учётом цензуры,4.830332059835111
с учётом цензуры,2.899049267306962
с учётом цензуры,13.43826508300255
с учётом цензуры,6.6736283352314025
с учётом цензуры,3.160019951646803
с учётом цензуры,110.16958479028831
с учётом цензуры,30.395473454560285
с учётом цензуры,29.298521640100443
с учётом цензуры,27.060100411430707
с учётом цензуры,11.487551653601233
с учётом цензуры,15.896983164576724
с учётом цензуры,2.3783927421935935
с учётом цензуры,15.443977537374696
с учётом цензуры,6.45109709014169
с учётом цензуры,14.581751939090415
с учётом цензуры,23.03101181761607
с учётом цензуры,28.16790481921877
с учётом цензуры,43.92149422170306
с учётом цензуры,11.777007378567923
с учётом цензуры,8.930348000258125
с учётом цензуры,11.350451857909851
с учётом цензуры,2.6413041889744004
с учётом цензуры,20.452184590744373
с учётом цензуры,38.06651623328207
с учётом цензуры,7.684300017729086
с учётом цензуры,21.23049620012638
с учётом цензуры,20.19603353860193
с учётом цензуры,29.290430747572035
с учётом цензуры,26.023350588309253
с учётом цензуры,4.878346905348946
с учётом цензуры,27.135012245838038
с учётом цензуры,8.420670111896747
с учётом цензуры,18.68560015686886
с учётом цензуры,19.272691659243378
с учётом цензуры,15.556352471194137
с учётом цензуры,22.91692695896122
с учётом цензуры,8.131243104194231
с учётом цензуры,5.925506261910488
с учётом цензуры,4.177508399510959
с учётом цензуры,11.455283343847675
с учётом цензуры,20.81394481242544
с учётом цензуры,5.392650816155459
с учётом цензуры,11.790398983905954
с учётом цензуры,12.84835673181059
с учётом цензуры,8.76147177892016
с учётом цензуры,23.492082828218994
с учётом цензуры,9.867606646613172
с учётом цензуры,16.061086636050806
с учётом цензуры,10.183318743576404
с учётом цензуры,28.52701276499734
с учётом цензуры,31.334126507949204
с учётом цензуры,12.073503975627194
с учётом цензуры,22.44004498325998
с учётом цензуры,9.807472809461167
с учётом цензуры,11.696893961937798
с учётом цензуры,13.647834643966387
с учётом цензуры,16.530179103293918
с учётом цензуры,36.15489711694592
с учётом цензуры,8.537170534920214
с учётом цензуры,10.48863167595345
с учётом цензуры,13.34630558416055
с учётом цензуры,7.1455594449613855
с учётом цензуры,19.81808330398391
с учётом цензуры,10.52304603962289
с учётом цензуры,8.496535557489361
с учётом цензуры,10.3672867915244
с учётом цензуры,3.76062823144721
с учётом цензуры,17.125997758904028
с учётом цензуры,15.413578808643075
с учётом цензуры,58.077616466445846
с учётом цензуры,17.002823910723627
с учётом цензуры,8.09057622930505
с учётом цензуры,13.450684902126948
с учётом цензуры,4.452262935840085
с учётом цензуры,15.064424805871873
с учётом цензуры,16.49827599588822
с учётом цензуры,39.30168191016371
с учётом цензуры,11.788968660972397
с учётом цензуры,15.615817457437593
с учётом цензуры,17.52758792082914
с учётом цензуры,10.573484150114712
с учётом цензуры,26.893984601608533
с учётом цензуры,22.241000298671533
с учётом цензуры,12.516768462384718
с учётом цензуры,36.628360225002424
с учётом цензуры,26.078711974580585
с учётом цензуры,46.623669100234046
с учётом цензуры,20.608862685904597
с учётом цензуры,5.633889600468542
с учётом цензуры,10.740801374686828
с учётом цензуры,21.20217280509162
с учётом цензуры,8.717223092113342
с учётом цензуры,9.368748821528705
с учётом цензуры,9.084003049564199
с учётом цензуры,20.845246937412064
с учётом цензуры,8.900953710427391
с учётом цензуры,5.437082898011619
с учётом цензуры,12.793661133176544
с учётом цензуры,22.354519486419708
с учётом цензуры,2.6369214954136644
с учётом цензуры,20.89912478259573
с учётом цензуры,7.029652345014739
с учётом цензуры,3.994443882205705
с учётом цензуры,16.626569206276166
с учётом цензуры,8.914554432388005
с учётом цензуры,5.7354248839686734
с учётом цензуры,10.1798592470047
с учётом цензуры,27.46636686553841
с учётом цензуры,5.41760880800239
с учётом цензуры,9.860366500109958
с учётом цензуры,7.623780141752372
с учётом цензуры,145.23402455303136
с учётом цензуры,6.511731969207542
с учётом цензуры,17.951594941038813
с учётом цензуры,2.57312197562918
с учётом цензуры,1.7444655944063059
с учётом цензуры,25.894162429118417
с учётом цензуры,20.586600992308043
с учётом цензуры,49.429650081413676
с учётом цензуры,10.245484531154036
с учётом цензуры,11.697606464472345
с учётом цензуры,16.372330076824895
с учётом цензуры,8.791146946693292
с учётом цензуры,8.42672755067515
с учётом цензуры,10.333508775952222
с учётом цензуры,13.508862711461374
с учётом цензуры,11.290141344921505
с учётом цензуры,15.466844188907972
с учётом цензуры,16.005110213703823
с учётом цензуры,8.604042143396063
с учётом цензуры,6.335403988764879
с учётом цензуры,20.124110317429107
с учётом цензуры,4.572840564920921
с учётом цензуры,12.033935372026514
с учётом цензуры,27.001448889889875
с учётом цензуры,10.890220332690706
с учётом цензуры,2.441630624396718
с учётом цензуры,7.169476580741096
с учётом цензуры,6.59865567659497
с учётом цензуры,7.777657336331066
с учётом цензуры,23.58613960569653
с учётом цензуры,21.894349117172546
с учётом цензуры,14.078972997211755
с учётом цензуры,7.153210240997389
с учётом цензуры,11.494066754365818
с учётом цензуры,8.214434135013843
с учётом цензуры,15.73245055578107
с учётом цензуры,17.236733449530323
с учётом цензуры,14.57151659386441
с учётом цензуры,10.595490893188504
с учётом цензуры,13.647610927520144
с учётом цензуры,8.005215548707481
с учётом цензуры,15.700511347370401
с учётом цензуры,8.358791653647675
с учётом цензуры,15.18049256404026
с учётом цензуры,5.883862573381528
с учётом цензуры,7.866106721327919
с учётом цензуры,4.4601071045038925
с учётом цензуры,11.289061066684157
с учётом цензуры,15.48033432001954
с учётом цензуры,6.606477440602601
с учётом цензуры,15.375725978928939
с учётом цензуры,12.196158889265096
с учётом цензуры,45.66673181727461
с учётом цензуры,20.247282396170505
с учётом цензуры,11.53064398080549
с учётом цензуры,12.176898151284956
с учётом цензуры,15.70955529202774
с учётом цензуры,26.295813822178005
с учётом цензуры,19.838019772204298
с учётом цензуры,28.591056621167606
с учётом цензуры,4.634594096438103
с учётом цензуры,5.96653195902311
с учётом цензуры,9.549053133391208
с учётом цензуры,2.9018536487410116
с учётом цензуры,30.480563130960267
с учётом цензуры,20.045623380615396
с учётом цензуры,8.744873301802587
с учётом цензуры,24.094740169611267
с учётом цензуры,8.049558527881672
с учётом цензуры,5.227353170985695
с учётом цензуры,7.059257015079156
с учётом цензуры,9.23471682476317
с учётом цензуры,7.586569140099803
с учётом цензуры,10.086155550327627
с учётом цензуры,23.815077799175675
с учётом цензуры,35.41454884241089
с учётом цензуры,8.712466418241835
с учётом цензуры,15.598905101405178
с учётом цензуры,8.405612425243975
с учётом цензуры,33.43273355133248
с учётом цензуры,16.876618190666502
с учётом цензуры,13.800304961385132
с учётом цензуры,17.40436133502346
с учётом цензуры,10.71057226591319
с учётом цензуры,31.235110390225117
с учётом цензуры,15.547792731164778
с учётом цензуры,18.990620105796847
с учётом цензуры,13.632888240269402
с учётом цензуры,33.610568134803096
с учётом цензуры,4.441657649082531
с учётом цензуры,11.039833037526781
с учётом цензуры,11.358526919218166
с учётом цензуры,17.90978866500776
с учётом цензуры,24.094549473719205
с учётом цензуры,10.434018648219237
с учётом цензуры,7.98905169556518
с учётом цензуры,11.913270607297097
с учётом цензуры,29.703799794957742
с учётом цензуры,1.0965977952835317
с учётом цензуры,5.676031969636611
с учётом цензуры,7.895167315874787
с учётом цензуры,6.464640316393984
с учётом цензуры,11.212955360953364
с учётом цензуры,7.0076871001894885
с учётом цензуры,12.264468564186512
с учётом цензуры,26.424612890117576
с учётом цензуры,17.475835936559687
с учётом цензуры,10.063806439206779
с учётом цензуры,10.982883290790149
с учётом цензуры,18.12512257670744
с учётом цензуры,14.512057047855848
с учётом цензуры,40.151574168974506
с учётом цензуры,20.116582407776818
с учётом цензуры,16.91943304781662
с учётом цензуры,8.852766565745705
с учётом цензуры,20.276040646981443
с учётом цензуры,15.363371371119465
с учётом цензуры,7.375505753201246
с учётом цензуры,11.617273811175927
с учётом цензуры,27.738552443236333
с учётом цензуры,7.752064979308965
с учётом цензуры,36.09129967434043
с учётом цензуры,20.928597229760694
с учётом цензуры,7.393728139119174
с учётом цензуры,7.765778670016584
с учётом цензуры,7.732612726713535
с учётом цензуры,9.156697488589183
с учётом цензуры,7.063394202377629
с учётом цензуры,15.02593650998377
с учётом цензуры,19.5370720384846
с учётом цензуры,10.068609313540918
с учётом цензуры,9.741700150711171
с учётом цензуры,6.89390626128243
с учётом цензуры,14.590329846716052
с учётом цензуры,11.869796880208291
с учётом цензуры,10.745978410024422
с учётом цензуры,18.30584404239291
с учётом цензуры,5.762029226104585
с учётом цензуры,9.886710880268677
с учётом цензуры,18.758876535430915
с учётом цензуры,12.490872719418153
с учётом цензуры,17.227807663776126
с учётом цензуры,10.007519802498386
с учётом цензуры,14.377754704600546
с учётом цензуры,4.143492001200202
с учётом цензуры,7.759112559662878
с учётом цензуры,26.34622885083641
с учётом цензуры,15.896119557556077
с учётом цензуры,4.6130595078224035
с учётом цензуры,9.454695405671288
с учётом цензуры,40.10009700506427
с учётом цензуры,16.36785505585456
с учётом цензуры,23.338624375939574
с учётом цензуры,11.159066150376331
с учётом цензуры,8.34794402094078
с учётом цензуры,17.243534699910775
с учётом цензуры,13.489072666197028
с учётом цензуры,9.046094434350486
с учётом цензуры,39.05166848003306
с учётом цензуры,38.96133814739139
с учётом цензуры,19.627179576018747
с учётом цензуры,14.9475899169516
с учётом цензуры,6.573284631763101
с учётом цензуры,33.49257477156674
с учётом цензуры,15.643204781186
с учётом цензуры,12.959074570757188
с учётом цензуры,34.41084538373518
с учётом цензуры,26.902248885605466
с учётом цензуры,10.487640559145426
с учётом цензуры,6.029190275057345
с учётом цензуры,19.245413740157193
с учётом цензуры,9.532088235152244
с учётом цензуры,3.590863875871403
с учётом цензуры,5.981572055041308
с учётом цензуры,12.831284972893057
с учётом цензуры,5.881708383804183
с учётом цензуры,17.677866999604387
с учётом цензуры,12.259913765081585
с учётом цензуры,14.028667409797743
с учётом цензуры,16.733505856243717
с учётом цензуры,21.910713678958267
с учётом цензуры,17.483469390676635
с учётом цензуры,26.211060459262583
с учётом цензуры,8.364942584612903
с учётом цензуры,16.4015233566914
с учётом цензуры,9.372926641690098
с учётом цензуры,31.817938237594113
с учётом цензуры,7.821098399337821
с учётом цензуры,2.3915247204298784
с учётом цензуры,14.25108489532437
с учётом цензуры,21.01853286360129
с учётом цензуры,12.088227340300593
с учётом цензуры,12.144928315275802
с учётом цензуры,20.053405141225515
с учётом цензуры,15.276608873608707
с учётом цензуры,19.178894215236813
с учётом цензуры,6.033328165133935
с учётом цензуры,11.279164756903455
с учётом цензуры,18.385068030773137
с учётом цензуры,21.385212796832924
с учётом цензуры,29.382203576857027
с учётом цензуры,10.758319301414055
с учётом цензуры,6.171216744059338
с учётом цензуры,13.234863793773176
с учётом цензуры,24.71285921412199
с учётом цензуры,8.432065284315435
с учётом цензуры,4.908545224818446
с учётом цензуры,29.09757603944915
с учётом цензуры,16.87065663465601
с учётом цензуры,2.7064774603535886
с учётом цензуры,9.796477051932769
с учётом цензуры,10.249816936587763
с учётом цензуры,2.04541112356737
с учётом цензуры,18.672286620073734
с учётом цензуры,16.667630279410233
с учётом цензуры,16.159144672023775
с учётом цензуры,6.506663805519906
с учётом цензуры,5.5730570578022975
с учётом цензуры,16.939315156628076
с учётом цензуры,17.759150326619807
с учётом цензуры,9.144335776702224
с учётом цензуры,28.10118796363351
с учётом цензуры,10.17611141262222
с учётом цензуры,6.841162556985449
с учётом цензуры,20.490072845249063
с учётом цензуры,11.415913947520156
с учётом цензуры,11.407006694826883
с учётом цензуры,6.43104487454964
с учётом цензуры,15.160468366708514
с учётом цензуры,6.507699854177428
с учётом цензуры,17.650679606721877
с учётом цензуры,17.96902022120508
с учётом цензуры,4.211759730407003
с учётом цензуры,12.207967575166212
с учётом цензуры,6.170806768722323
с учётом цензуры,35.475933092085334
с учётом цензуры,25.31863319817532
с учётом цензуры,5.544404669990024
с учётом цензуры,9.797137295750378
с учётом цензуры,7.608640694503004
с учётом цензуры,6.521545871066281
с учётом цензуры,5.256636262561231
с учётом цензуры,77.85889649292778
с учётом цензуры,6.282340303419845
с учётом цензуры,15.685094221892257
с учётом цензуры,16.73875084162725
с учётом цензуры,41.200879298438544
с учётом цензуры,15.27304818407285
с учётом цензуры,29.89459419987941
с учётом цензуры,16.671148470264946
с учётом цензуры,1.8436846705315415
с учётом цензуры,31.603712486133443
с учётом цензуры,13.176949025837335
с учётом цензуры,14.596011153135144
с учётом цензуры,11.695560788587931
с учётом цензуры,15.730821642838983
с учётом цензуры,16.343089622828096
с учётом цензуры,12.06567591687909
с учётом цензуры,23.30148048807107
с учётом цензуры,13.838796678114907
с учётом цензуры,4.947179498469382
с учётом цензуры,9.043876313971644
с учётом цензуры,17.82919342229091
с учётом цензуры,7.398651007660649
с учётом цензуры,14.346493293801936
с учётом цензуры,3.7905942300257927
с учётом цензуры,36.85459893971536
с учётом цензуры,14.665457254679072
с учётом цензуры,8.002739642080087
с учётом цензуры,5.124519128783748
с учётом цензуры,9.623578616340689
с учётом цензуры,14.355982341908641
с учётом цензуры,4.21070864664615
с учётом цензуры,11.737243015584825
с учётом цензуры,25.583182223679582
с учётом цензуры,7.625865526467913
с учётом цензуры,5.583283692656165
с учётом цензуры,8.057470869534232
с учётом цензуры,23.81468777333474
с учётом цензуры,4.914913441946012
с учётом цензуры,6.420615270675992
с учётом цензуры,17.102861600180987
с учётом цензуры,6.95916915008321
с учётом цензуры,13.035761475475947
с учётом цензуры,12.557750737864673
с учётом цензуры,12.099608977838601
с учётом цензуры,1.1413632393343978
с учётом цензуры,7.443676160765447
с учётом цензуры,12.450295691799752
с учётом цензуры,5.599381787528815
с учётом цензуры,12.971995296816845
с учётом цензуры,19.973358608433266
с учётом цензуры,24.170717871196246
с учётом цензуры,30.8648195448366
с учётом цензуры,15.222982439634771
с учётом цензуры,7.393271141775463
с учётом цензуры,11.667439450586203
с учётом цензуры,36.50859341957531
с учётом цензуры,34.311508365463276
с учётом цензуры,21.070568844987562
с учётом цензуры,2.5125665378614297
с учётом цензуры,4.1658891808100655
с учётом цензуры,12.179916051769755
с учётом цензуры,13.837326900640296
с учётом цензуры,7.552463369979897
с учётом цензуры,22.371725086377744
с учётом цензуры,17.307157414887207
с учётом цензуры,70.22525368439204
с учётом цензуры,9.847990317768184
с учётом цензуры,9.236484420674493
с учётом цензуры,14.966837568155253
с учётом цензуры,18.6580196327821
с учётом цензуры,12.902526315892654
с учётом цензуры,46.61708025873363
с учётом цензуры,24.82489778654596
с учётом цензуры,18.164217489180643
с учётом цензуры,10.927414467639352
с учётом цензуры,7.460282135403883
с учётом цензуры,21.68191618899762
с учётом цензуры,8.53679998798862
с учётом цензуры,16.674381310656567
с учётом цензуры,14.352240762098166
с учётом цензуры,9.277022840842276
с учётом цензуры,21.779927478676978
с учётом цензуры,27.064342606796096
с учётом цензуры,12.158631128446103
с учётом цензуры,28.55302734825058
с учётом цензуры,15.770423719526201
с учётом цензуры,24.479502828027183
с учётом цензуры,6.899208554432299
с учётом цензуры,9.001660369845512
с учётом цензуры,8.515998085914644
с учётом цензуры,18.900210768294386
с учётом цензуры,14.403549834116419
с учётом цензуры,6.778876926072799
с учётом цензуры,5.7761485183468055
с учётом цензуры,11.124693263908927
с учётом цензуры,18.83782122101544
с учётом цензуры,3.332402096682221
с учётом цензуры,24.764186195761475
с учётом цензуры,20.859754734794876
с учётом цензуры,9.835520679547662
с учётом цензуры,15.421339007395442
с учётом цензуры,37.67454496601157
с учётом цензуры,28.5454756470484
с учётом цензуры,10.377625187936069
с учётом цензуры,14.639568806817469
с учётом цензуры,9.607994874178825
с учётом цензуры,14.933859549027314
с учётом цензуры,5.514807218566072
с учётом цензуры,27.61362535331996
с учётом цензуры,7.622298176911177
с учётом цензуры,23.514004546756503
с учётом цензуры,13.30782550209885
с учётом цензуры,16.56396809257648
с учётом цензуры,20.54821966278567
с учётом цензуры,6.825628763009119
с учётом цензуры,6.9593505017931045
с учётом цензуры,16.186804516416984
с учётом цензуры,8.435392482617761
с учётом цензуры,14.942194205985993
с учётом цензуры,16.914472118790155
с учётом цензуры,1.996480642516747
с учётом цензуры,13.025243615509005
с учётом цензуры,8.491205817152483
с учётом цензуры,3.647301995087351
с учётом цензуры,9.834501892535439
с учётом цензуры,23.539874842882053
с учётом цензуры,23.707768322006093
с учётом цензуры,15.495171622032467
с учётом цензуры,12.928238928738356
с учётом цензуры,6.270003337407523
с учётом цензуры,32.405264552629255
с учётом цензуры,23.657340530829995
с учётом цензуры,6.166115283390341
с учётом цензуры,17.378125793924497
с учётом цензуры,7.09074807891006
с учётом цензуры,19.77612508277617
с учётом цензуры,15.409404001370607
с учётом цензуры,13.083396104521444
с учётом цензуры,26.34230805538526
с учётом цензуры,24.33303182270363
с учётом цензуры,16.976541764096044
с учётом цензуры,26.71557391327715
с учётом цензуры,16.999070287034225
с учётом цензуры,5.317966918457375
с учётом цензуры,16.148755829343028
с учётом цензуры,8.595342604908568
с учётом цензуры,14.836578326612873
с учётом цензуры,31.251337327682677
с учётом цензуры,12.848366928704117
с учётом цензуры,3.464357863431198
с учётом цензуры,46.950199915726984
с учётом цензуры,7.8765535247238905
с учётом цензуры,8.578174646060472
с учётом цензуры,30.89309294475521
с учётом цензуры,10.311098741744772
с учётом цензуры,17.66931353053925
с учётом цензуры,8.271566657217411
с учётом цензуры,3.8526051455155277
с учётом цензуры,8.38207610755285
с учётом цензуры,19.285315479233077
с учётом цензуры,4.541436747602465
с учётом цензуры,4.520719497399175
с учётом цензуры,18.0862066657956
с учётом цензуры,10.88622099624437
с учётом цензуры,26.07023031160015
с учётом цензуры,70.00043171521592
с учётом цензуры,15.130043153897248
с учётом цензуры,4.707714924043778
с учётом цензуры,41.499940295885786
с учётом цензуры,18.860397277024013
с учётом цензуры,75.5433337374007
с учётом цензуры,10.598027115950414
с учётом цензуры,3.0851153874660255
с учётом цензуры,14.758187237044245
с учётом цензуры,20.176288800613015
с учётом цензуры,17.021336553867172
с учётом цензуры,20.89016780788518
с учётом цензуры,12.79447716700962
с учётом цензуры,5.554450198021863
с учётом цензуры,7.9163689371268795
с учётом цензуры,11.799354983088332
с учётом цензуры,6.239059270129909
с учётом цензуры,17.18942789252298
с учётом цензуры,10.831319672404698
с учётом цензуры,3.039042360951456
с учётом цензуры,10.934281889282097
с учётом цензуры,9.820467685653409
с учётом цензуры,31.404035597377533
с учётом цензуры,25.093824844371177
с учётом цензуры,20.53458079196063
с учётом цензуры,9.621284219606691
с учётом цензуры,12.506820056285768
с учётом цензуры,3.5104338579040224
с учётом цензуры,8.376565006583208
с учётом цензуры,6.242720675253798
с учётом цензуры,30.484931556451436
с учётом цензуры,5.267027849714983
с учётом цензуры,7.9773635493381665
с учётом цензуры,7.036200351991525
с учётом цензуры,9.338567803146889
с учётом цензуры,14.78193488708193
с учётом цензуры,5.244543819751011
с учётом цензуры,25.54987603109836
с учётом цензуры,25.340405883367353
с учётом цензуры,9.221802589360827
с учётом цензуры,14.091595736111906
с учётом цензуры,26.254576365198517
с учётом цензуры,24.768807581546426
с учётом цензуры,16.113524153443002
с учётом цензуры,15.995111901910484
с учётом цензуры,43.47659953004371
с учётом цензуры,20.082018330145146
с учётом цензуры,9.070075987681902
с учётом цензуры,31.228622240142577
с учётом цензуры,1.9245904969316894
с учётом цензуры,12.619875644525532
с учётом цензуры,10.659027091323368
с учётом цензуры,11.287209053886956
с учётом цензуры,16.37090593634199
с учётом цензуры,24.427151126928234
с учётом цензуры,15.29838391822268
с учётом цензуры,13.504057760770666
с учётом цензуры,15.387012978005227
с учётом цензуры,22.275510516323774
с учётом цензуры,14.705097191836813
с учётом цензуры,23.496892997539266
с учётом цензуры,6.773633621813435
с учётом цензуры,15.479625403753257
с учётом цензуры,13.994375045681856
с учётом цензуры,21.221153855793908
с учётом цензуры,1.678453401120764
с учётом цензуры,10.582767748400531
с учётом цензуры,6.547005232708269
с учётом цензуры,19.411077348147256
с учётом цензуры,24.735962486966933
с учётом цензуры,6.054425088836533
с учётом цензуры,16.124498495731732
с учётом цензуры,7.130000197872696
с учётом цензуры,18.178247483136666
с учётом цензуры,8.64330096456539
с учётом цензуры,12.07645723554119
с учётом цензуры,19.296286383492966
с учётом цензуры,6.153747113091298
с учётом цензуры,10.011754698390419
с учётом цензуры,6.195367872700032
с учётом цензуры,13.698630825550842
с учётом цензуры,12.505394592766653
с учётом цензуры,9.288632554163783
с учётом цензуры,25.301210405016842
с учётом цензуры,18.007148463782386
с учётом цензуры,16.1217183073539
с учётом цензуры,7.604772934856434
с учётом цензуры,5.471419835678281
с учётом цензуры,22.2688524924599
с учётом цензуры,10.597311067935786
с учётом цензуры,7.2998167507320515
с учётом цензуры,9.417910628605199
с учётом цензуры,7.466653205084931
с учётом цензуры,10.413643129891273
с учётом цензуры,5.516037170132554
с учётом цензуры,4.5711675244918375
с учётом цензуры,7.149935435926116
с учётом цензуры,14.940689198205376
с учётом цензуры,13.48039243458342
с учётом цензуры,23.28878976847024
с учётом цензуры,34.137227582778856
с учётом цензуры,26.21167245814096
с учётом цензуры,6.445254933855489
с учётом цензуры,5.477215883744676
с учётом цензуры,16.015525533634737
с учётом цензуры,8.921828874880116
с учётом цензуры,22.10576740833822
с учётом цензуры,5.043590741664932
с учётом цензуры,7.204723817257216
с учётом цензуры,3.7626561008671167
с учётом цензуры,4.59473313386993
с учётом цензуры,14.157949081657613
с учётом цензуры,6.797538214887972
с учётом цензуры,10.176138419155892
с учётом цензуры,23.727611306976776
с учётом цензуры,10.402842974834636
с учётом цензуры,9.4394929481882
с учётом цензуры,10.559561318979766
с учётом цензуры,12.63870526655309
с учётом цензуры,1.5292489496592763
с учётом цензуры,11.011057582811066
с учётом цензуры,10.541890192828628
с учётом цензуры,19.464550079486358
с учётом цензуры,17.356198576612748
с учётом цензуры,12.72913991293216
с учётом цензуры,39.45294063753153
с учётом цензуры,24.676200339285014
с учётом цензуры,10.852774293908421
с учётом цензуры,6.491320204702427
с учётом цензуры,12.568653663794809
с учётом цензуры,15.96257559349985
с учётом цензуры,7.4724808049465175
с учётом цензуры,21.86653197449091
с учётом цензуры,17.804198297538885
с учётом цензуры,19.25540020184149
с учётом цензуры,10.060071878178757
с учётом цензуры,7.927356641945671
с учётом цензуры,23.50194374346406
с учётом цензуры,15.740163351051432
с учётом цензуры,13.389221840620989
с учётом цензуры,1.4517019629371997
с учётом цензуры,7.043995669287265
с учётом цензуры,27.857086969992693
с учётом цензуры,8.9118089947005
с учётом цензуры,19.340407367449615
с учётом цензуры,8.70741681970916
с учётом цензуры,14.482515541906658
с учётом цензуры,6.483667520503576
с учётом цензуры,18.166238481425967
с учётом цензуры,8.68288369614198
с учётом цензуры,5.240299752070152
с учётом цензуры,8.758478852887542
с учётом цензуры,13.311615396298897
с учётом цензуры,40.18506543864193
с учётом цензуры,18.32478075325528
с учётом цензуры,25.775337824324275
с учётом цензуры,10.820665573065096
с учётом цензуры,24.289543966757805
с учётом цензуры,26.946719611499617
с учётом цензуры,13.579960065137865
с учётом цензуры,0.566298757292151
с учётом цензуры,5.7132851382779
с учётом цензуры,25.112130082874558
с учётом цензуры,10.045748351857018
с учётом цензуры,48.007709064504894
с учётом цензуры,8.010447924479655
с учётом цензуры,90.72298291010004
с учётом цензуры,28.770035096312416
с учётом цензуры,46.3848818634507
с учётом цензуры,17.683006700462588
с учётом цензуры,13.330869934806431
с учётом цензуры,26.943980000061792
с учётом цензуры,1.7268345261091835
с учётом цензуры,22.266032894377457
с учётом цензуры,28.641197313316045
с учётом цензуры,8.812419705816197
с учётом цензуры,9.611447122233976
с учётом цензуры,31.153879572095963
с учётом цензуры,9.656534225102474
с учётом цензуры,8.535138111290566
с учётом цензуры,9.37712602863315
с учётом цензуры,10.041193872582134
с учётом цензуры,9.669978456216212
с учётом цензуры,15.09401927053269
с учётом цензуры,41.73651090581314
с учётом цензуры,24.719490818443113
с учётом цензуры,3.8525977045525193
с учётом цензуры,6.855857061605659
с учётом цензуры,25.426504903811036
с учётом цензуры,17.053569951670635
с учётом цензуры,5.335462370372644
с учётом цензуры,14.703389917758425
с учётом цензуры,10.079644746859435
с учётом цензуры,6.8533589973821165
с учётом цензуры,4.062378980402581
с учётом цензуры,16.79217577643505
с учётом цензуры,10.313068534889691
с учётом цензуры,33.772723318602715
с учётом цензуры,22.222567666396923
с учётом цензуры,25.93966506462744
с учётом цензуры,7.2298029603661895
с учётом цензуры,7.2674088320658665
с учётом цензуры,10.519931330663038
с учётом цензуры,11.023499415137495
с учётом цензуры,26.413915682872805
с учётом цензуры,16.90102245178046
с учётом цензуры,16.114638946689944
с учётом цензуры,36.911913336184824
с учётом цензуры,6.94722178948107
с учётом цензуры,22.137402899189517
с учётом цензуры,26.397483822666015
с учётом цензуры,7.577808857989085
с учётом цензуры,6.2299529215837985
с учётом цензуры,12.46398436040436
с учётом цензуры,17.233858369451667
с учётом цензуры,5.190217384117854
с учётом цензуры,12.444858033045762
с учётом цензуры,22.73659996351879
с учётом цензуры,13.545885692679896
с учётом цензуры,15.095157631681385
с учётом цензуры,14.249355023173408
с учётом цензуры,12.563518740234237
с учётом цензуры,8.103511008436568
с учётом цензуры,3.3659788701792404
с учётом цензуры,17.930281634666954
с учётом цензуры,5.8935624517675524
с учётом цензуры,7.370848727426543
с учётом цензуры,6.908941828139639
с учётом цензуры,11.317644430682162
с учётом цензуры,3.518290827489518
с учётом цензуры,7.600550482790337
с учётом цензуры,20.2575130195352
с учётом цензуры,15.749734733515867
с учётом цензуры,3.796154736311372
с учётом цензуры,26.847160820622875
с учётом цензуры,17.341097661156798
с учётом цензуры,9.560439281965714
с учётом цензуры,7.238698383611205
с учётом цензуры,13.385074633372179
с учётом цензуры,4.158806943714511
с учётом цензуры,12.911259567952674
с учётом цензуры,19.79548846270395
с учётом цензуры,48.49431580595585
с учётом цензуры,12.996943163215644
с учётом цензуры,12.15408148131209
с учётом цензуры,18.397470876360835
с учётом цензуры,7.1803216536744525
с учётом цензуры,4.672490447893404
с учётом цензуры,21.23896877519054
с учётом цензуры,57.104191124830585
с учётом цензуры,42.97956959951498
с учётом цензуры,20.548695779718503
с учётом цензуры,3.159743056296375
с учётом цензуры,16.42200994367324
с учётом цензуры,16.95989194187072
с учётом цензуры,2.6259763227204806
с учётом цензуры,10.275607812935093
с учётом цензуры,13.967173972864462
с учётом цензуры,9.618013409515328
с учётом цензуры,39.33748736209748
с учётом цензуры,17.25085749789106
с учётом цензуры,16.63924931447165
с учётом цензуры,7.255741374114084
с учётом цензуры,7.8493155016008025
с учётом цензуры,32.16509668885903
с учётом цензуры,6.22833332135252
с учётом цензуры,3.393758273250426
с учётом цензуры,26.36260715357381
с учётом цензуры,4.2868953110496175
с учётом цензуры,4.219055583073361
с учётом цензуры,10.117014133097854
с учётом цензуры,5.18319503156739
с учётом цензуры,17.671048641748285
с учётом цензуры,5.374999728614981
с учётом цензуры,19.937364038264427
с учётом цензуры,23.604821839227235
с учётом цензуры,18.24276715811851
с учётом цензуры,16.662091358830615
с учётом цензуры,1.5449920850788683
с учётом цензуры,14.917094253491303
с учётом цензуры,11.484765792888114
с учётом цензуры,9.655256723391307
с учётом цензуры,32.25815820679258
с учётом цензуры,16.07579421536948
с учётом цензуры,35.55308906421478
с учётом цензуры,17.984391870577284
с учётом цензуры,23.910159450812763
с учётом цензуры,10.410729264990628
с учётом цензуры,7.874713711418211
с учётом цензуры,2.2187466771292392
с учётом цензуры,17.181491664292174
с учётом цензуры,16.38356803046867
с учётом цензуры,8.519669439082689
с учётом цензуры,16.427958330049673
с учётом цензуры,14.536723943692568
с учётом цензуры,17.80679065038621
с учётом цензуры,10.01737903194987
с учётом цензуры,11.72398486345575
с учётом цензуры,5.044793983244024
с учётом цензуры,91.80378060177756
с учётом цензуры,30.232825270810643
с учётом цензуры,4.437219083115272
с учётом цензуры,5.922509232703283
с учётом цензуры,10.17062823081513
с учётом цензуры,2.1938111954958646
с учётом цензуры,18.835172685858225
с учётом цензуры,56.8757082170061
с учётом цензуры,20.61035665452851
с учётом цензуры,13.34091278248826
с учётом цензуры,18.357203114523696
с учётом цензуры,12.595410409682454
с учётом цензуры,11.501137124210816
с учётом цензуры,37.97786093596193
с учётом цензуры,16.646120365909216
с учётом цензуры,1.9245051098963786
с учётом цензуры,19.450672925983266
с учётом цензуры,8.080324607629484
с учётом цензуры,7.638152532606991
с учётом цензуры,23.042489366582423
с учётом цензуры,15.162317455145574
с учётом цензуры,8.323323260019242
с учётом цензуры,27.447352180633153
с учётом цензуры,20.43632540088974
с учётом цензуры,15.10228217192672
с учётом цензуры,13.483097764548427
с учётом цензуры,8.681452555155804
с учётом цензуры,9.708011671828999
с учётом цензуры,10.509658177503852
с учётом цензуры,11.643580156911451
с учётом цензуры,9.834904015102282
с учётом цензуры,19.765691683628106
с учётом цензуры,21.460977812449354
с учётом цензуры,22.67566697860419
с учётом цензуры,30.064323954669298
с учётом цензуры,16.867615191898206
с учётом цензуры,8.02222361687449
с учётом цензуры,12.454496235027056
с учётом цензуры,5.068968561429083
с учётом цензуры,6.114686813881331
с учётом цензуры,16.04200445619184
с учётом цензуры,16.49210489481728
с учётом цензуры,25.02522327250047
с учётом цензуры,10.546728932395666
с учётом цензуры,14.72020765625501
с учётом цензуры,14.883466463693384
с учётом цензуры,5.792114413470423
с учётом цензуры,62.543553562068325
с учётом цензуры,6.348392604563494
с учётом цензуры,4.630098729902699
с учётом цензуры,6.63765335358457
с учётом цензуры,9.50415944427787
с учётом цензуры,19.336470024012836
с учётом цензуры,38.283669593888426
с учётом цензуры,10.411903910879843
с учётом цензуры,14.111218994239069
с учётом цензуры,20.23027860308659
с учётом цензуры,15.683043296520898
с учётом цензуры,8.166575852955248
с учётом цензуры,9.942415683913257
с учётом цензуры,2.6062798698787164
с учётом цензуры,20.08976169096004
с учётом цензуры,24.807420643713264
с учётом цензуры,15.824581543437882
с учётом цензуры,10.23640240344592
с учётом цензуры,23.19442872009992
с учётом цензуры,7.344577384756747
с учётом цензуры,5.66490302136083
с учётом цензуры,8.218915338142395
с учётом цензуры,5.3883978209255945
с учётом цензуры,14.713860601920324
с учётом цензуры,5.718873833803574
с учётом цензуры,18.85830015620574
с учётом цензуры,4.279987225053798
с учётом цензуры,6.152664066072886
с учётом цензуры,3.1483868027405135
с учётом цензуры,13.879931478720355
с учётом цензуры,2.6887615607344757
с учётом цензуры,7.117464122085971
с учётом цензуры,9.2942937824364
с учётом цензуры,3.5138985350030087
с учётом цензуры,5.766576660474758
с учётом цензуры,8.150676660040721
с учётом цензуры,19.4981716785254
с учётом цензуры,4.5819928465953055
с учётом цензуры,8.412413274325788
с учётом цензуры,20.754271879875176
с учётом цензуры,44.2083438888217
с учётом цензуры,5.5607135967460986
с учётом цензуры,19.856740656860747
с учётом цензуры,49.66020738486435
с учётом цензуры,9.893788258016162
с учётом цензуры,15.813278579440045
с учётом цензуры,15.556994431433441
с учётом цензуры,6.495790310300096
с учётом цензуры,5.435291226157473
с учётом цензуры,9.909136579514481
с учётом цензуры,7.882652144263243
с учётом цензуры,12.732542362916952
с учётом цензуры,20.434966242862068
с учётом цензуры,6.175651378275647
с учётом цензуры,7.248068327214666
с учётом цензуры,13.918868260488008
с учётом цензуры,11.519676237809087
с учётом цензуры,17.111222605988637
с учётом цензуры,4.769780545405519
с учётом цензуры,5.680850524537027
с учётом цензуры,37.076313405247745
с учётом цензуры,3.2001599625740904
с учётом цензуры,2.4820914953690205
с учётом цензуры,24.583578793935622
с учётом цензуры,2.0752209841138805
с учётом цензуры,6.36943914417849
с учётом цензуры,50.07350702220115
с учётом цензуры,18.494839088725026
с учётом цензуры,6.788426995198339
с учётом цензуры,9.916990070713618
с учётом цензуры,8.617516955510808
с учётом цензуры,8.640902441723862
с учётом цензуры,13.359375645502778
с учётом цензуры,6.941104661820752
с учётом цензуры,37.06045743978247
с учётом цензуры,26.822671028924763
с учётом цензуры,12.49705692830737
с учётом цензуры,5.748026897016808
с учётом цензуры,18.51232874955387
с учётом цензуры,6.0255458697794735
с учётом цензуры,34.20231517495492
с учётом цензуры,4.821834669406785
с учётом цензуры,17.761215687557
с учётом цензуры,2.6111977450652466
с учётом цензуры,26.44185031481257
с учётом цензуры,6.5158732841511435
с учётом цензуры,12.216792387445578
с учётом цензуры,13.394009469652648
с учётом цензуры,10.844160564783142
с учётом цензуры,15.970499120823556
с учётом цензуры,20.622700384815598
с учётом цензуры,13.476025585103798
с учётом цензуры,11.832710739876607
с учётом цензуры,33.630887820006016
с учётом цензуры,43.46681384080428
с учётом цензуры,21.423998141925757
с учётом цензуры,5.246842586447411
с учётом цензуры,6.521977153265039
с учётом цензуры,7.180483002149419
с учётом цензуры,17.996116468614865
с учётом цензуры,17.605552189300397
с учётом цензуры,25.40683302374168
с учётом цензуры,10.176656780053502
с учётом цензуры,18.6535137557754
с учётом цензуры,13.594772282987844
с учётом цензуры,12.925444962675694
с учётом цензуры,17.128217625667386
с учётом цензуры,46.72835525182551
с учётом цензуры,16.569649837754767
с учётом цензуры,19.284290770529957
с учётом цензуры,17.098700144598638
с учётом цензуры,11.173449256180936
с учётом цензуры,7.581641605559461
с учётом цензуры,23.076751033064443
с учётом цензуры,10.99898287686144
с учётом цензуры,19.261205438234697
с учётом цензуры,13.52956090155226
с учётом цензуры,39.006569027908675
с учётом цензуры,16.56895755545986
с учётом цензуры,8.600816294601497
с учётом цензуры,12.357681884356788
с учётом цензуры,28.167443701632155
с учётом цензуры,9.336143342805245
с учётом цензуры,14.528130468683509
с учётом цензуры,14.375811233049637
с учётом цензуры,15.822313305986434
с учётом цензуры,24.43459506486508
с учётом цензуры,25.866063697827414
с учётом цензуры,3.2112595630643503
с учётом цензуры,26.492791486721977
с учётом цензуры,6.124608783272279
с учётом цензуры,16.184880128365382
с учётом цензуры,9.843621748144248
с учётом цензуры,21.802959744685715
с учётом цензуры,18.759830167940997
с учётом цензуры,20.711905201066827
с учётом цензуры,8.571531952877729
с учётом цензуры,36.04416080633079
с учётом цензуры,11.273241752738862
с учётом цензуры,2.600927292637777
с учётом цензуры,16.259233731129992
с учётом цензуры,26.24130648434941
с учётом цензуры,7.199806618505798
с учётом цензуры,7.10607376873767
с учётом цензуры,14.462040627186504
с учётом цензуры,9.47722003920152
с учётом цензуры,8.152229770894344
с учётом цензуры,17.533165527376866
с учётом цензуры,9.794490216689695
с учётом цензуры,15.35277158213613
с учётом цензуры,11.358689342729134
с учётом цензуры,18.592616723012394
с учётом цензуры,21.313108287066665
с учётом цензуры,5.956522978458719
с учётом цензуры,7.901749132810298
с учётом цензуры,4.470801579221862
с учётом цензуры,8.324846282506655
с учётом цензуры,13.733199731124792
с учётом цензуры,15.271196486342333
с учётом цензуры,4.21841565052336
с учётом цензуры,17.451715985556756
с учётом цензуры,10.324257421431472
с учётом цензуры,9.069051347786768
с учётом цензуры,10.372449489589918
с учётом цензуры,26.71596848104237
с учётом цензуры,5.122815993433126
с учётом цензуры,8.474957182069787
с учётом цензуры,7.48736114608962
с учётом цензуры,20.100385652354667
с учётом цензуры,10.829594480895004
с учётом цензуры,5.2506975651616195
с учётом цензуры,1.1691533465408404
с учётом цензуры,10.388853724874535
с учётом цензуры,6.578529843018547
с учётом цензуры,8.078452506014406
с учётом цензуры,16.4705565764721
с учётом цензуры,13.408455133315753
с учётом цензуры,43.12756274991703
с учётом цензуры,33.282090143847256
с учётом цензуры,9.753750953905486
с учётом цензуры,37.295899783432105
с учётом цензуры,3.0087960812090184
с учётом цензуры,11.378529271407901
с учётом цензуры,21.491385028061543
с учётом цензуры,2.1333644514660843
с учётом цензуры,7.861480905275842
с учётом цензуры,21.405862934044965
с учётом цензуры,6.632323786829296
с учётом цензуры,10.311847167893058
с учётом цензуры,16.42970661730491
с учётом цензуры,9.35139927845077
с учётом цензуры,22.473829611515015
с учётом цензуры,15.203000139690428
с учётом цензуры,9.693705267682624
с учётом цензуры,30.40414280134767
с учётом цензуры,4.963678712048117
с учётом цензуры,56.12166151444239
с учётом цензуры,23.089652730528705
с учётом цензуры,19.573254602290767
с учётом цензуры,10.622367604698605
с учётом цензуры,6.285093404400622
с учётом цензуры,11.410914478032776
с учётом цензуры,5.427113570275103
с учётом цензуры,23.42774769091934
с учётом цензуры,20.7925763660085
с учётом цензуры,11.27065061506006
с учётом цензуры,19.964895236571017
с учётом цензуры,4.181038002368644
с учётом цензуры,13.79779002789651
с учётом цензуры,4.857973153907706
с учётом цензуры,15.504030978575642
с учётом цензуры,33.92502253127926
с учётом цензуры,39.58280922382917
с учётом цензуры,9.392868188152594
с учётом цензуры,24.54303382471339
с учётом цензуры,24.055655143640163
с учётом цензуры,41.058571175380024
с учётом цензуры,12.151804289358028
с учётом цензуры,7.74960249208628
с учётом цензуры,4.38740533236651
с учётом цензуры,27.921233495646586
с учётом цензуры,17.919701780359862
с учётом цензуры,37.29552689872499
с учётом цензуры,12.446551010223635
с учётом цензуры,13.462089390735388
с учётом цензуры,3.084515681503299
с учётом цензуры,11.701953312278583
с учётом цензуры,7.572430778447517
с учётом цензуры,12.846810486158326
с учётом цензуры,18.079273726198522
с учётом цензуры,24.095047259450634
с учётом цензуры,23.94583083314499
с учётом цензуры,33.57418337170358
с учётом цензуры,14.155358413376089
с учётом цензуры,10.766673209259787
с учётом цензуры,4.775699001830763
с учётом цензуры,31.494949917339643
с учётом цензуры,5.62291540331958
с учётом цензуры,24.366766967520764
с учётом цензуры,21.3087323905161
с учётом цензуры,3.464406804328304
с учётом цензуры,11.526383770527303
с учётом цензуры,29.9571069608667
с учётом цензуры,22.347857928086416
с учётом цензуры,11.239412343607007
с учётом цензуры,33.379559106007164
с учётом цензуры,7.195336509694286
с учётом цензуры,41.961652727912806
с учётом цензуры,7.04297495169091
с учётом цензуры,38.81545224245652
с учётом цензуры,1.8338023487365787
с учётом цензуры,17.02074807408595
с учётом цензуры,25.037623485175885
с учётом цензуры,9.502813170155106
с учётом цензуры,6.868871685238577
с учётом цензуры,9.13134836677455
с учётом цензуры,22.716554809346544
с учётом цензуры,7.037962401201691
с учётом цензуры,18.965683193543452
с учётом цензуры,8.632091845459911
с учётом цензуры,8.995913888407578
с учётом цензуры,26.56997603359337
с учётом цензуры,4.449962660409236
с учётом цензуры,15.859973243215935
с учётом цензуры,13.580159516931323
с учётом цензуры,9.738869885805308
с учётом цензуры,4.922584918479881
с учётом цензуры,28.929581230979856
с учётом цензуры,25.783021566275316
с учётом цензуры,21.301345196027977
с учётом цензуры,29.1536199570031
с учётом цензуры,13.970148882692232
с учётом цензуры,4.7175490662960184
с учётом цензуры,11.77064931388523
с учётом цензуры,29.95827824896248
с учётом цензуры,6.063423735253197
с учётом цензуры,26.132597193013442
с учётом цензуры,20.084085117285777
с учётом цензуры,19.762192049761175
с учётом цензуры,37.6399885614724
с учётом цензуры,12.962134112887954
с учётом цензуры,10.57628171896224
с учётом цензуры,15.31745479462156
с учётом цензуры,6.246703387096398
с учётом цензуры,16.961627460143948
с учётом цензуры,15.748408510568774
с учётом цензуры,9.05581531752947
с учётом цензуры,14.390474068065101
с учётом цензуры,3.851338319897235
с учётом цензуры,29.21855864504667
с учётом цензуры,32.74208645305328
с учётом цензуры,13.288884937445673
с учётом цензуры,43.60102020233941
с учётом цензуры,24.700651933994255
с учётом цензуры,7.145087688149838
с учётом цензуры,5.584529616271597
с учётом цензуры,5.431472455483368
с учётом цензуры,2.781448921954207
с учётом цензуры,5.354467563338856
с учётом цензуры,8.150012771054778
с учётом цензуры,15.763188659655372
с учётом цензуры,33.03017083899355
с учётом цензуры,20.749461316169764
с учётом цензуры,12.442689311958416
с учётом цензуры,31.31453018647111
с учётом цензуры,2.980593618656404
с учётом цензуры,28.624500293250648
с учётом цензуры,19.347014189173322
с учётом цензуры,28.347615726364843
с учётом цензуры,9.497142733864482
с учётом цензуры,25.194437925532828
с учётом цензуры,4.358785798851544
с учётом цензуры,13.866956283012332
с учётом цензуры,4.4979501066555345
с учётом цензуры,17.93388090507108
с учётом цензуры,27.869474017748292
с учётом цензуры,4.3458712431010635
с учётом цензуры,4.080691532106482
с учётом цензуры,15.712350666683337
с учётом цензуры,12.195597683314487
с учётом цензуры,20.346686201965248
с учётом цензуры,4.58349178026907
с учётом цензуры,8.75157726928006
с учётом цензуры,6.821361886504814
с учётом цензуры,6.625081288177579
с учётом цензуры,8.564156303634345
с учётом цензуры,6.327039084759564
с учётом цензуры,9.296732813842537
с учётом цензуры,13.640896802828031
с учётом цензуры,29.601555507394057
с учётом цензуры,24.577864360014804
с учётом цензуры,17.852434891835614
с учётом цензуры,18.315212360125916
с учётом цензуры,10.483928991838495
с учётом цензуры,16.681581051517604
с учётом цензуры,3.82802945749747
с учётом цензуры,16.861989602579733
с учётом цензуры,3.8447158116671702
с учётом цензуры,18.130960677692528
с учётом цензуры,34.600859563364466
с учётом цензуры,38.92512896585029
с учётом цензуры,12.014225904437657
с учётом цензуры,29.17008951335574
с учётом цензуры,14.708026442464526
с учётом цензуры,18.467930319075204
с учётом цензуры,6.269729912093952
с учётом цензуры,10.754553480778167
с учётом цензуры,15.669800308586687
с учётом цензуры,12.07563275597173
с учётом цензуры,8.245419871773263
с учётом цензуры,9.44839911073049
с учётом цензуры,8.726396376295416
с учётом цензуры,19.082217820892094
с учётом цензуры,20.962278546316472
с учётом цензуры,19.024551037784462
с учётом цензуры,6.579515883088974
с учётом цензуры,7.622848711005835
с учётом цензуры,22.25203187265409
с учётом цензуры,15.32977812336915
с учётом цензуры,6.951082036450807
с учётом цензуры,31.880280766504157
с учётом цензуры,35.14551430765888
с учётом цензуры,8.251725997031764
с учётом цензуры,5.812667815734252
с учётом цензуры,13.528751478024038
с учётом цензуры,24.065172414575304
с учётом цензуры,26.153213794701056
с учётом цензуры,8.777161181714202
с учётом цензуры,21.567263841017176
с учётом цензуры,19.793378502507462
с учётом цензуры,15.427760167747543
с учётом цензуры,12.761244273783735
с учётом цензуры,15.44945915229297
с учётом цензуры,5.319927601351915
с учётом цензуры,13.01696306259084
с учётом цензуры,11.417296585799093
с учётом цензуры,8.22828834830371
с учётом цензуры,10.720391062776459
с учётом цензуры,9.658396395428976
с учётом цензуры,12.085878765762832
с учётом цензуры,9.09576451767736
с учётом цензуры,11.787718861012518
с учётом цензуры,16.739731466640727
с учётом цензуры,12.795396430010102
с учётом цензуры,9.28214406202321
с учётом цензуры,13.394416152404322
с учётом цензуры,20.88331554555318
с учётом цензуры,8.889503363344415
с учётом цензуры,15.699491054303959
с учётом цензуры,7.986566692859526
с учётом цензуры,7.642940121242033
с учётом цензуры,5.644916210555028
с учётом цензуры,43.234141436079355
с учётом цензуры,11.11059356951466
с учётом цензуры,15.355671851304056
с учётом цензуры,10.111059729921934
с учётом цензуры,3.2570994303869827
с учётом цензуры,6.155965643160826
с учётом цензуры,6.229821553495827
с учётом цензуры,13.15185030777944
с учётом цензуры,1.8543155504692623
с учётом цензуры,15.20089591443757
с учётом цензуры,13.153976546412999
с учётом цензуры,8.035112078331764
с учётом цензуры,22.935000336313617
с учётом цензуры,30.92092899010685
с учётом цензуры,25.064278174269397
с учётом цензуры,20.233143063754614
с учётом цензуры,20.105501152171453
с учётом цензуры,6.350478444802226
с учётом цензуры,2.6686742610846816
с учётом цензуры,10.858670513193019
с учётом цензуры,5.973428966533186
с учётом цензуры,14.80744185650034
с учётом цензуры,12.536859383626231
с учётом цензуры,25.02338335977965
с учётом цензуры,14.531663722106398
с учётом цензуры,3.907422709466438
с учётом цензуры,14.75766007258622
с учётом цензуры,54.40778230677418
с учётом цензуры,8.286852570284431
с учётом цензуры,9.954560445127118
с учётом цензуры,3.7035404808515997
с учётом цензуры,8.31171953787811
с учётом цензуры,7.024431088681097
с учётом цензуры,9.066219085020194
с учётом цензуры,12.97522247439992
с учётом цензуры,20.85195104801369
с учётом цензуры,28.404127986078986
с учётом цензуры,10.390772210940824
с учётом цензуры,24.558665402423593
с учётом цензуры,12.417116707406958
с учётом цензуры,10.778689667449939
с учётом цензуры,9.121059641768642
с учётом цензуры,2.094603646504779
с учётом цензуры,12.066544491237433
с учётом цензуры,16.650461008836437
с учётом цензуры,3.7780286564930425
с учётом цензуры,28.265605021444337
с учётом цензуры,27.157400677189784
с учётом цензуры,6.577206475759059
с учётом цензуры,8.374741146813136
с учётом цензуры,18.1055070385912
с учётом цензуры,15.053544105732241
с учётом цензуры,9.605935604811126
с учётом цензуры,13.227909492389795
с учётом цензуры,22.609407004716573
с учётом цензуры,30.498407360139872
с учётом цензуры,17.04627486867873
с учётом цензуры,2.4915275209028627
с учётом цензуры,3.279330777288771
с учётом цензуры,38.20325915237548
с учётом цензуры,1.178675767466431
с учётом цензуры,5.73012914477746
с учётом цензуры,3.734949531600511
с учётом цензуры,13.053429813385602
с учётом цензуры,17.454756491344384
с учётом цензуры,7.037928067954896
с учётом цензуры,10.543584134326913
с учётом цензуры,11.701992445590989
с учётом цензуры,8.294293565607532
с учётом цензуры,17.321108923738244
с учётом цензуры,4.0250447943276795
с учётом цензуры,7.907121736046512
с учётом цензуры,9.235056886823063
с учётом цензуры,30.37743200323113
с учётом цензуры,5.450518152889427
с учётом цензуры,6.849950135058869
с учётом цензуры,26.552867408539797
с учётом цензуры,3.2162267576495034
с учётом цензуры,17.29872275207606
с учётом цензуры,17.85829871639974
с учётом цензуры,7.977181378088081
с учётом цензуры,7.996401745437358
с учётом цензуры,15.314327182703053
с учётом цензуры,9.708539179897002
с учётом цензуры,19.269384108841734
с учётом цензуры,10.212106242853753
с учётом цензуры,15.243982901167247
с учётом цензуры,6.44236854445687
с учётом цензуры,6.885326534804293
с учётом цензуры,7.144827838137541
с учётом цензуры,12.206369525092525
с учётом цензуры,8.130439445993845
с учётом цензуры,4.960749731627786
с учётом цензуры,26.088973801355266
с учётом цензуры,12.41413714720125
с учётом цензуры,46.99662298773595
с учётом цензуры,41.00007216707857
с учётом цензуры,11.377417050557602
с учётом цензуры,24.414613252438187
с учётом цензуры,3.1634351224089166
с учётом цензуры,7.0435900421505595
с учётом цензуры,7.912333719952488
с учётом цензуры,13.039380652432413
с учётом цензуры,5.772250606997346
с учётом цензуры,19.524276530255538
с учётом цензуры,15.755489129770872
с учётом цензуры,17.302393116505964
с учётом цензуры,7.985798553861069
с учётом цензуры,20.374736330347766
с учётом цензуры,20.044551498453597
с учётом цензуры,5.032247832827765
с учётом цензуры,14.866957789486563
с учётом цензуры,17.134630981436466
с учётом цензуры,10.328089094294153
с учётом цензуры,6.78269797399085
с учётом цензуры,9.833357062779065
с учётом цензуры,9.198096071838895
с учётом цензуры,5.032000954002807
с учётом цензуры,41.88463488346183
с учётом цензуры,11.60232081357526
с учётом цензуры,20.9390900304612
с учётом цензуры,7.471554058406007
с учётом цензуры,1.7203245732017318
с учётом цензуры,11.975707450126148
с учётом цензуры,5.28471635779941
с учётом цензуры,13.018016154856927
с учётом цензуры,7.51743165444707
с учётом цензуры,29.526012922315623
с учётом цензуры,8.222243813238366
с учётом цензуры,14.950448778653463
с учётом цензуры,30.469834244152853
с учётом цензуры,1.7470483376447263
с учётом цензуры,10.36996510573533
с учётом цензуры,6.968961133499876
с учётом цензуры,22.91607187756617
с учётом цензуры,12.926454004559702
с учётом цензуры,11.375677192854301
с учётом цензуры,5.628628535957941
с учётом цензуры,32.889799712274744
с учётом цензуры,19.129380842624766
с учётом цензуры,20.946655105348277
с учётом цензуры,13.653886732540933
с учётом цензуры,12.448521282758243
с учётом цензуры,15.135353151700262
с учётом цензуры,30.06044272794265
с учётом цензуры,14.890509052358357
с учётом цензуры,15.74260449745081
с учётом цензуры,30.002725991250667
с учётом цензуры,6.268541803907146
с учётом цензуры,31.54743120763615
с учётом цензуры,16.694252510412397
с учётом цензуры,21.398218558750273
с учётом цензуры,7.66603912062004
с учётом цензуры,22.21959839224662
с учётом цензуры,10.17772383068178
с учётом цензуры,54.27910453244207
с учётом цензуры,27.735044131215943
с учётом цензуры,2.7642191876060886
с учётом цензуры,21.760587088135424
с учётом цензуры,10.587168835025219
с учётом цензуры,6.3936429999776845
с учётом цензуры,14.792108857372984
с учётом цензуры,6.166867564184765
с учётом цензуры,17.721221447289942
с учётом цензуры,22.57662597092993
с учётом цензуры,11.042559591481693
с учётом цензуры,11.862109788485906
с учётом цензуры,3.413902917977156
с учётом цензуры,7.554041439203134
с учётом цензуры,11.335239602326002
с учётом цензуры,9.844308185807227
с учётом цензуры,13.83233884478774
с учётом цензуры,15.61428029928423
с учётом цензуры,12.851565338926491
с учётом цензуры,11.555010974357844
с учётом цензуры,17.002290688412682
с учётом цензуры,4.3085166749457775
с учётом цензуры,3.5287945675236463
с учётом цензуры,8.515517760461332
с учётом цензуры,5.46238555415624
с учётом цензуры,32.29604224944218
с учётом цензуры,13.181362541261935
с учётом цензуры,14.337319180202506
с учётом цензуры,10.522747727278421
с учётом цензуры,7.748708792718222
с учётом цензуры,10.590718470103806
с учётом цензуры,4.984920994165269
с учётом цензуры,53.84293727610641
с учётом цензуры,15.158881329611823
с учётом цензуры,8.291744783813073
с учётом цензуры,9.264219973991537
с учётом цензуры,5.68711393013743
с учётом цензуры,44.084511824421895
с учётом цензуры,16.95188332360206
с учётом цензуры,14.775417229319205
с учётом цензуры,27.943821111794957
с учётом цензуры,58.9663439934088
с учётом цензуры,4.094875817561757
с учётом цензуры,12.383354959916964
с учётом цензуры,20.658362752918997
с учётом цензуры,4.605918320922231
с учётом цензуры,17.69751116514825
с учётом цензуры,9.2200909403925
с учётом цензуры,24.16062382640277
с учётом цензуры,14.81262051279006
с учётом цензуры,14.3062697027481
с учётом цензуры,15.447056035472993
с учётом цензуры,24.522439313504766
с учётом цензуры,11.663811618593758
с учётом цензуры,8.235540043677004
с учётом цензуры,5.142099809427125
с учётом цензуры,19.332490766986265
с учётом цензуры,34.83149470463368
с учётом цензуры,8.102025559573368
с учётом цензуры,11.872551766480328
с учётом цензуры,13.888469348470897
с учётом цензуры,19.189269369298287
с учётом цензуры,13.740212068829168
с учётом цензуры,12.34150903619281
с учётом цензуры,14.977675053768369
с учётом цензуры,4.821683820566434
с учётом цензуры,17.528451909857512
с учётом цензуры,43.25051407334327
с учётом цензуры,12.235912849293257
с учётом цензуры,1.9511611597483607
с учётом цензуры,13.597647295732608
с учётом цензуры,10.870443009075263
с учётом цензуры,11.839059144963691
с учётом цензуры,5.289548125871484
с учётом цензуры,71.3758331785205
с учётом цензуры,8.077648845199468
с учётом цензуры,2.7681452399986384
с учётом цензуры,12.59395523982327
с учётом цензуры,10.282252380532876
с учётом цензуры,4.922971064375993
с учётом цензуры,6.730050492993612
с учётом цензуры,8.668754932853444
с учётом цензуры,13.072217497250918
с учётом цензуры,17.588533752664155
с учётом цензуры,20.527003541601037
с учётом цензуры,15.626644236917954
с учётом цензуры,79.83697063771658
с учётом цензуры,7.909918835110211
с учётом цензуры,2.9639632328281555
с учётом цензуры,9.704089114272511
с учётом цензуры,9.919279413387407
с учётом цензуры,4.666518377652384
с учётом цензуры,18.418198720350002
с учётом цензуры,6.029949101592198
с учётом цензуры,18.80493338573051
с учётом цензуры,8.617562092962128
с учётом цензуры,5.22971374312119
с учётом цензуры,7.334893153462177
с учётом цензуры,10.826646938263544
с учётом цензуры,4.146354607626011
с учётом цензуры,29.904683871779653
с учётом цензуры,3.307212921664092
с учётом цензуры,11.182224633357635
с учётом цензуры,26.644436733445886
с учётом цензуры,5.636229388157789
с учётом цензуры,3.593345737233607
с учётом цензуры,13.950368647216399
с учётом цензуры,8.58481067941735
с учётом цензуры,10.84093104136921
с учётом цензуры,7.24174938784086
с учётом цензуры,11.678402713451462
с учётом цензуры,2.665433398847283
с учётом цензуры,9.119373334208458
с учётом цензуры,17.790846083789233
с учётом цензуры,11.963828419093513
с учётом цензуры,7.456723475334293
с учётом цензуры,21.04146867647939
с учётом цензуры,3.350904373098044
с учётом цензуры,31.276274764622517
с учётом цензуры,7.934012748976968
с учётом цензуры,6.503371135170411
с учётом цензуры,19.300595102249485
с учётом цензуры,7.53606752392564
с учётом цензуры,29.93507522758398
с учётом цензуры,24.64900712610812
с учётом цензуры,19.281010053105792
с учётом цензуры,24.308093433704293
с учётом цензуры,10.319209516328861
с учётом цензуры,22.8360972364246
с учётом цензуры,22.890932585395113
с учётом цензуры,7.490584914981359
с учётом цензуры,19.26943750010731
с учётом цензуры,22.133488639877857
с учётом цензуры,24.08110800636405
с учётом цензуры,7.7389275411087715
с учётом цензуры,24.777246664830454
с учётом цензуры,10.36278135161514
с учётом цензуры,10.641307910109381
с учётом цензуры,14.842533033810986
с учётом цензуры,14.546298543791597
с учётом цензуры,22.35050117811378
с учётом цензуры,22.6722266764359
с учётом цензуры,12.293998668759617
с учётом цензуры,14.330538396308425
с учётом цензуры,12.598080487731165
с учётом цензуры,12.74757315145872
с учётом цензуры,21.036915218715063
с учётом цензуры,7.576014303681244
с учётом цензуры,11.727857873963183
с учётом цензуры,3.7839571014198707
с учётом цензуры,23.601644267001724
с учётом цензуры,22.037804933047745
с учётом цензуры,9.86360705627051
с учётом цензуры,30.31468980810113
с учётом цензуры,25.615624632169904
с учётом цензуры,16.84503064359481
с учётом цензуры,9.828755332517106
с учётом цензуры,11.739404275341684
с учётом цензуры,2.3499949245619316
с учётом цензуры,13.308715406626291
с учётом цензуры,19.00022700089023
с учётом цензуры,27.362227122498425
с учётом цензуры,25.238646875992735
с учётом цензуры,8.261730930244802
с учётом цензуры,8.662948383664107
с учётом цензуры,9.494828676031593
с учётом цензуры,13.547913625001577
с учётом цензуры,17.66929227081482
с учётом цензуры,37.31813944463906
с учётом цензуры,8.802358500883482
с учётом цензуры,21.938037339560502
с учётом цензуры,28.557772387555083
с учётом цензуры,5.2803889169244
с учётом цензуры,8.497794626849325
с учётом цензуры,18.437712394809864
с учётом цензуры,19.201358669293985
с учётом цензуры,14.344920894720085
с учётом цензуры,26.790668115578413
с учётом цензуры,4.152787454946797
с учётом цензуры,11.942607124898803
с учётом цензуры,10.37066291057482
с учётом цензуры,24.418213712741736
с учётом цензуры,15.895036858130002
с учётом цензуры,5.630629802456639
с учётом цензуры,14.030756939057389
с учётом цензуры,4.988024010757171
с учётом цензуры,15.859660795218506
с учётом цензуры,9.04297207241586
с учётом цензуры,23.279216731101464
с учётом цензуры,42.69416627513693
с учётом цензуры,7.318387728639152
с учётом цензуры,17.047509615742438
с учётом цензуры,11.489804700772817
с учётом цензуры,10.382285730282529
с учётом цензуры,5.685228663568742
с учётом цензуры,17.372220253599103
с учётом цензуры,7.201617974561914
с учётом цензуры,12.268850532174481
с учётом цензуры,38.55406341143081
с учётом цензуры,8.643925849916165
с учётом цензуры,2.526065738857991
с учётом цензуры,24.241412241418455
с учётом цензуры,9.516681047909533
с учётом цензуры,23.5699029471708
с учётом цензуры,13.162957671213366
с учётом цензуры,21.860083242176415
с учётом цензуры,5.148390269803828
с учётом цензуры,4.991363124010138
с учётом цензуры,35.955474916514355
с учётом цензуры,19.355612823666497
с учётом цензуры,11.763877041516853
с учётом цензуры,46.429709665695825
с учётом цензуры,11.096233434691467
с учётом цензуры,41.81723466965725
с учётом цензуры,19.61225141193676
с учётом цензуры,6.308902527635482
с учётом цензуры,3.5214444003143877
с учётом цензуры,14.052906603486925
с учётом цензуры,19.047537019883883
с учётом цензуры,10.986241695696714
с учётом цензуры,8.589167745211618
с учётом цензуры,14.974468283440535
с учётом цензуры,17.97368712089682
с учётом цензуры,20.856424329575383
с учётом цензуры,3.19792544191924
с учётом цензуры,34.661885994759274
с учётом цензуры,18.68729855152353
с учётом цензуры,9.58095126659117
с учётом цензуры,22.283508189976533
с учётом цензуры,16.036928952291635
с учётом цензуры,10.54307231129627
с учётом цензуры,14.701187411223383
с учётом цензуры,7.593384918591891
с учётом цензуры,6.802557312675968
с учётом цензуры,29.719231056382537
с учётом цензуры,10.246279447601427
с учётом цензуры,15.402548479962926
с учётом цензуры,12.399664789868252
с учётом цензуры,22.675874524901463
с учётом цензуры,10.348861377440414
с учётом цензуры,16.81585121997878
с учётом цензуры,42.637052210730076
с учётом цензуры,5.938671339103074
с учётом цензуры,45.54135505682679
с учётом цензуры,8.142524460135991
с учётом цензуры,4.615206709057912
с учётом цензуры,17.009082120669518
с учётом цензуры,14.396569821723673
с учётом цензуры,37.49961347863044
с учётом цензуры,31.621046706100287
с учётом цензуры,12.306926966835299
с учётом цензуры,8.846477379249759
с учётом цензуры,33.12775808008779
с учётом цензуры,16.54086320322155
с учётом цензуры,16.229476364734893
с учётом цензуры,7.878559754245238
с учётом цензуры,11.908799466066835
с учётом цензуры,69.07589661100633
с учётом цензуры,9.595381610525575
с учётом цензуры,1.9405145291121837
с учётом цензуры,5.551206315072677
с учётом цензуры,4.189707395187455
с учётом цензуры,8.50361149240002
с учётом цензуры,4.417584333989847
с учётом цензуры,17.35120366476709
с учётом цензуры,31.797961024793167
с учётом цензуры,3.4920607839051576
с учётом цензуры,9.104306442129783
с учётом цензуры,8.770001812387502
с учётом цензуры,19.212543868453224
с учётом цензуры,13.885839792289431
с учётом цензуры,14.333434393395995
с учётом цензуры,18.507809212772884
с учётом цензуры,11.104300369831794
с учётом цензуры,4.1997067704132
с учётом цензуры,5.613237174951837
с учётом цензуры,4.990212612623497
с учётом цензуры,13.221573208043518
с учётом цензуры,23.00144447259954
с учётом цензуры,9.257310409851039
с учётом цензуры,18.46593819298754
с учётом цензуры,44.172189315509804
с учётом цензуры,10.057664145883248
с учётом цензуры,34.05368816299254
с учётом цензуры,5.804987910151186
с учётом цензуры,7.347187775979536
с учётом цензуры,33.5101219823467
с учётом цензуры,18.271844149793424
с учётом цензуры,7.720624238027211
с учётом цензуры,38.96435877685186
с учётом цензуры,12.38623325523178
с учётом цензуры,20.074474474936235
с учётом цензуры,8.868821284130835
с учётом цензуры,17.304021188687003
с учётом цензуры,48.03748389269985
с учётом цензуры,2.7700562281121304
с учётом цензуры,23.85751465479986
с учётом цензуры,5.612343995744669
с учётом цензуры,44.13537398543284
с учётом цензуры,15.94599493183348
с учётом цензуры,13.877188926051392
с учётом цензуры,83.71077752277242
с учётом цензуры,32.39030788021151
с учётом цензуры,18.166109628675883
с учётом цензуры,19.29205235811683
с учётом цензуры,47.76306446610516
с учётом цензуры,18.032985775057973
с учётом цензуры,26.634588456176076
с учётом цензуры,4.04385642341941
с учётом цензуры,24.785571936739544
с учётом цензуры,11.757119190634562
с учётом цензуры,3.3117218827666965
с учётом цензуры,10.01541286319715
с учётом цензуры,25.882831704132776
с учётом цензуры,11.947052832295416
с учётом цензуры,10.395718623479526
с учётом цензуры,34.35367638207865
с учётом цензуры,22.233668284951076
с учётом цензуры,34.81779887505105
с учётом цензуры,3.5319498230773307
с учётом цензуры,17.014903352387986
с учётом цензуры,9.766698277841469
с учётом цензуры,2.5777763998052285
с учётом цензуры,7.662777192221056
с учётом цензуры,6.632261819340021
с учётом цензуры,5.668219874321041
с учётом цензуры,10.433781873867456
с учётом цензуры,19.689660560601858
с учётом цензуры,10.853131919207588
с учётом цензуры,28.52851470709214
с учётом цензуры,63.64575091695984
с учётом цензуры,7.934713595563748
с учётом цензуры,12.009061186025246
с учётом цензуры,5.70346818956698
с учётом цензуры,7.318643341194733
с учётом цензуры,13.064777056940732
с учётом цензуры,13.347184454096029
с учётом цензуры,29.54297021012374
с учётом цензуры,16.05599629725711
с учётом цензуры,17.109542082388703
с учётом цензуры,14.409719217969899
с учётом цензуры,27.865238429421524
с учётом цензуры,6.207267518131606
с учётом цензуры,19.783320677231416
с учётом цензуры,8.23222943277038
с учётом цензуры,11.771023430105242
с учётом цензуры,17.63779589784395
с учётом цензуры,25.33380988169204
с учётом цензуры,29.90615321271906
с учётом цензуры,22.87782366280316
с учётом цензуры,2.89786019518925
с учётом цензуры,5.0820052558215405
с учётом цензуры,5.729924951894621
с учётом цензуры,11.830880682300732
с учётом цензуры,15.257906593976342
с учётом цензуры,5.106391144114914
с учётом цензуры,13.429146872398425
с учётом цензуры,25.596258237058503
с учётом цензуры,9.850965539624607
с учётом цензуры,8.426758319875134
с учётом цензуры,7.828989191580363
с учётом цензуры,17.434065231461467
с учётом цензуры,10.114536971070507
с учётом цензуры,6.1398496596424454
с учётом цензуры,6.894575911272607
с учётом цензуры,7.823796121754341
с учётом цензуры,2.473816761111392
с учётом цензуры,6.844354765652328
с учётом цензуры,15.147434339344318
с учётом цензуры,5.901590226400479
с учётом цензуры,9.20582011073356
с учётом цензуры,16.266697619824704
с учётом цензуры,60.51097340700967
с учётом цензуры,21.3302699149023
с учётом цензуры,13.793739745205727
с учётом цензуры,7.970943947196241
с учётом цензуры,8.011817561866355
с учётом цензуры,9.980960856133198
с учётом цензуры,7.672199890734663
с учётом цензуры,36.69991449648543
с учётом цензуры,9.633734277949348
с учётом цензуры,5.193560271714137
с учётом цензуры,3.1027850283888014
с учётом цензуры,26.126979053972008
с учётом цензуры,40.50688454853553
с учётом цензуры,18.48532612283906
с учётом цензуры,9.264273524310664
с учётом цензуры,17.825559324475517
с учётом цензуры,2.8395245350009857
с учётом цензуры,8.614572664075407
с учётом цензуры,16.569638357734476
с учётом цензуры,9.77424927022739
с учётом цензуры,18.60621245607351
с учётом цензуры,28.650153504242365
с учётом цензуры,25.43719378647214
с учётом цензуры,2.9729305396240373
с учётом цензуры,9.440634543285054
с учётом цензуры,10.023356027043159
с учётом цензуры,8.036075872704085
с учётом цензуры,2.59020094336641
с учётом цензуры,27.427417127341872
с учётом цензуры,10.853661000553881
с учётом цензуры,63.38498513445377
с учётом цензуры,25.15707775604224
с учётом цензуры,9.801636304242631
с учётом цензуры,10.106896205238122
с учётом цензуры,10.747480751296585
с учётом цензуры,8.108584369212492
с учётом цензуры,24.073364873998496
с учётом цензуры,58.95201744466788
с учётом цензуры,10.506725890656305
с учётом цензуры,11.879493852193898
с учётом цензуры,23.83942884619279
с учётом цензуры,22.751431693986344
с учётом цензуры,8.065844079064554
с учётом цензуры,9.331254898584518
с учётом цензуры,10.398440037337732
с учётом цензуры,16.41390158730703
с учётом цензуры,16.406109471969856
с учётом цензуры,40.55982072533321
с учётом цензуры,18.15777863079944
с учётом цензуры,7.209467530529493
с учётом цензуры,21.886006140417948
с учётом цензуры,15.135845305295724
с учётом цензуры,14.82126593673042
с учётом цензуры,9.130198886500501
с учётом цензуры,12.333362176864448
с учётом цензуры,6.931673494994843
с учётом цензуры,1.3210999404661687
с учётом цензуры,6.0308047458667655
с учётом цензуры,40.14665893922272
с учётом цензуры,9.888660207964021
с учётом цензуры,46.42975188285516
с учётом цензуры,5.906113130911342
с учётом цензуры,4.892020651798957
с учётом цензуры,1.8052726455639927
с учётом цензуры,9.933956749222705
с учётом цензуры,10.10224864586884
с учётом цензуры,29.80477357789247
с учётом цензуры,12.74525417521756
с учётом цензуры,15.893682680375525
с учётом цензуры,6.564355524053179
с учётом цензуры,1.0922773168482007
с учётом цензуры,7.50442450928947
с учётом цензуры,15.412459543479992
с учётом цензуры,12.369470653402775
с учётом цензуры,3.0741331132079424
с учётом цензуры,12.58004854442024
с учётом цензуры,12.531122400136315
с учётом цензуры,31.164257689138473
с учётом цензуры,1.1558092228938515
с учётом цензуры,13.214462559824451
с учётом цензуры,13.338434834064307
с учётом цензуры,28.57606135113536
с учётом цензуры,28.26997094012463
с учётом цензуры,10.195946926893665
с учётом цензуры,16.171377595116393
с учётом цензуры,3.475297455375867
с учётом цензуры,26.093555497087998
с учётом цензуры,12.4731335581984
с учётом цензуры,7.7514220191905965
с учётом цензуры,8.315850166996954
с учётом цензуры,5.432259299627135
с учётом цензуры,34.704668269347664
с учётом цензуры,7.723139749660135
с учётом цензуры,5.733210537757109
с учётом цензуры,8.074837816244928
с учётом цензуры,7.674769698091818
с учётом цензуры,0.4775076332051759
с учётом цензуры,7.881692576104303
с учётом цензуры,19.99133808612077
с учётом цензуры,8.898468796415269
с учётом цензуры,29.17252117457664
с учётом цензуры,9.843831108135463
с учётом цензуры,10.957982098180326
с учётом цензуры,6.9349059672384845
с учётом цензуры,19.40900920637572
с учётом цензуры,13.77210046272679
с учётом цензуры,7.871246548812318
с учётом цензуры,9.789468509461758
с учётом цензуры,12.104246577442476
с учётом цензуры,9.149401554622543
с учётом цензуры,17.504597075617784
с учётом цензуры,17.797855644493428
с учётом цензуры,17.660401531922748
с учётом цензуры,13.183382216661363
с учётом цензуры,5.105994736780125
с учётом цензуры,6.8627361978131365
с учётом цензуры,29.387653786614568
с учётом цензуры,3.6989677137524453
с учётом цензуры,28.82884349136583
с учётом цензуры,17.17724610549921
с учётом цензуры,16.26531591738052
с учётом цензуры,40.95706985846244
с учётом цензуры,42.40013359912572
с учётом цензуры,54.43996435496534
с учётом цензуры,38.49776029251537
с учётом цензуры,30.962723585387685
с учётом цензуры,12.621746459024266
с учётом цензуры,9.419426833291332
с учётом цензуры,8.899790226238938
с учётом цензуры,5.454099240371127
с учётом цензуры,5.703863913847644
с учётом цензуры,16.483938415115034
с учётом цензуры,3.6018781024521536
с учётом цензуры,17.868360269018602
с учётом цензуры,16.738150567386032
с учётом цензуры,8.052127313688757
с учётом цензуры,5.500363737410417
с учётом цензуры,9.73105235288738
с учётом цензуры,6.679155487461001
с учётом цензуры,19.467872629918233
с учётом цензуры,14.605177467095725
с учётом цензуры,12.946278504372195
с учётом цензуры,18.801549670551534
с учётом цензуры,5.577864449699092
с учётом цензуры,13.06031453195094
с учётом цензуры,12.915627886216482
с учётом цензуры,25.36563352484682
с учётом цензуры,13.631729802958784
с учётом цензуры,20.78077947093874
с учётом цензуры,23.746160558601833
с учётом цензуры,16.506386866323773
с учётом цензуры,7.280533224820718
с учётом цензуры,18.778476751291727
с учётом цензуры,31.942946285148302
с учётом цензуры,4.058962308764139
с учётом цензуры,32.01058659426653
с учётом цензуры,14.639931824409036
с учётом цензуры,10.526302314108989
с учётом цензуры,5.232825158412293
с учётом цензуры,12.131609128244882
с учётом цензуры,5.717334441232687
с учётом цензуры,8.18335273371902
с учётом цензуры,23.17203745328506
с учётом цензуры,15.563002132275674
с учётом цензуры,9.614393309554176
с учётом цензуры,11.696304970551576
с учётом цензуры,5.166533542931012
с учётом цензуры,7.321749447939791
с учётом цензуры,10.855668301535468
с учётом цензуры,14.607502228029137
с учётом цензуры,35.07575910799214
с учётом цензуры,9.183431979918002
с учётом цензуры,12.421483553805263
с учётом цензуры,13.559619640506785
с учётом цензуры,38.447189041883696
с учётом цензуры,1.7853858651524197
с учётом цензуры,18.668633186763696
с учётом цензуры,13.38631288006745
с учётом цензуры,9.374012962535518
с учётом цензуры,1.820659547148166
с учётом цензуры,5.806817967391369
с учётом цензуры,21.99672226815498
с учётом цензуры,8.858155189927674
с учётом цензуры,28.104265936400903
с учётом цензуры,17.225055190839917
с учётом цензуры,11.471017015620902
с учётом цензуры,8.919308593487159
с учётом цензуры,4.257939834560832
с учётом цензуры,1.8972350535666471
с учётом цензуры,19.959381196798393
с учётом цензуры,17.348145880343395
с учётом цензуры,26.538593469396073
с учётом цензуры,20.715397383060047
с учётом цензуры,4.314453530306959
с учётом цензуры,18.41145501034394
с учётом цензуры,4.8536235022361165
с учётом цензуры,17.31961720080577
с учётом цензуры,10.16849491333765
с учётом цензуры,6.921545111134833
с учётом цензуры,19.257890785495924
с учётом цензуры,11.968396432576856
с учётом цензуры,57.59670084397628
с учётом цензуры,11.896955764126112
с учётом цензуры,45.77975184726977
с учётом цензуры,15.025637185820905
с учётом цензуры,19.677639413693946
с учётом цензуры,9.88403415733966
с учётом цензуры,11.749811564979716
с учётом цензуры,14.773491705442105
с учётом цензуры,13.30398991900853
с учётом цензуры,10.317981821718147
с учётом цензуры,33.49395833800409
с учётом цензуры,20.893956728896036
с учётом цензуры,20.50279476021992
с учётом цензуры,18.32907327932911
с учётом цензуры,17.329564572004863
с учётом цензуры,2.559858007894931
с учётом цензуры,8.600312760382057
с учётом цензуры,4.5932544477380715
с учётом цензуры,17.206615289281647
с учётом цензуры,33.24705113690992
с учётом цензуры,6.8320078814572796
с учётом цензуры,38.27665409994228
с учётом цензуры,2.366006220404886
с учётом цензуры,15.180708628555681
с учётом цензуры,15.966845225312127
с учётом цензуры,3.4615223232334467
с учётом цензуры,11.038758302708032
с учётом цензуры,29.525043063256398
с учётом цензуры,18.241767095635016
с учётом цензуры,38.428104314060164
с учётом цензуры,23.54500993622903
с учётом цензуры,14.97817090593548
с учётом цензуры,10.597957034628799
с учётом цензуры,19.683796189721757
с учётом цензуры,32.53672735515496
с учётом цензуры,24.344078716704388
с учётом цензуры,12.532766410390701
с учётом цензуры,7.170614725410209
с учётом цензуры,14.159001999576345
с учётом цензуры,10.695488949788972
с учётом цензуры,4.620946266021924
с учётом цензуры,19.944979589718322
с учётом цензуры,7.929330673703146
с учётом цензуры,13.386036328938795
с учётом цензуры,24.34757360121449
с учётом цензуры,8.438912266410686
с учётом цензуры,13.598508404174602
с учётом цензуры,30.454235667493236
с учётом цензуры,19.38574921090462
с учётом цензуры,16.972966155255598
с учётом цензуры,19.677771751991962
с учётом цензуры,16.581615590925537
с учётом цензуры,6.6127457491649615
с учётом цензуры,4.174043055031734
с учётом цензуры,8.994566106863884
с учётом цензуры,19.390989130609857
с учётом цензуры,13.1597983459606
с учётом цензуры,57.85889116971697
с учётом цензуры,8.716291658730642
с учётом цензуры,22.63203678012737
с учётом цензуры,33.38881985935449
с учётом цензуры,24.95600980141002
с учётом цензуры,9.280856991243182
с учётом цензуры,45.2538234105575
с учётом цензуры,29.021642681469725
с учётом цензуры,28.38680272633713
с учётом цензуры,52.55342317850766
с учётом цензуры,27.782797874518657
с учётом цензуры,8.524243562931813
с учётом цензуры,37.430646426644955
с учётом цензуры,11.746784324532346
с учётом цензуры,13.157970371709208
с учётом цензуры,7.213605517467095
с учётом цензуры,21.30566513242422
с учётом цензуры,16.039808724274017
с учётом цензуры,13.239081539474435
с учётом цензуры,36.72957737609505
с учётом цензуры,6.356407272938895
с учётом цензуры,29.56364118643892
с учётом цензуры,7.452554195706278
с учётом цензуры,2.7399571948659593
с учётом цензуры,5.047128952614074
с учётом цензуры,10.108141846007769
с учётом цензуры,7.41132029205399
с учётом цензуры,11.86451451769612
с учётом цензуры,14.576545182210022
с учётом цензуры,9.756912319186203
с учётом цензуры,2.8017665687442292
с учётом цензуры,8.817700001726648
с учётом цензуры,11.626862950910445
с учётом цензуры,24.736039060855497
с учётом цензуры,6.385322613145485
с учётом цензуры,30.08444434791427
с учётом цензуры,5.823791919431303
с учётом цензуры,30.32702946215805
с учётом цензуры,10.10218343900066
с учётом цензуры,3.5559821509862286
с учётом цензуры,44.71357631268137
с учётом цензуры,12.799401104781069
с учётом цензуры,16.53522166206388
с учётом цензуры,2.9467464285294946
с учётом цензуры,15.640798101319648
с учётом цензуры,2.879197472294411
с учётом цензуры,8.767771659569755
с учётом цензуры,46.271343957207236
с учётом цензуры,13.89612561853455
с учётом цензуры,9.88481433617121
с учётом цензуры,45.26963343440616
с учётом цензуры,10.948879641225874
с учётом цензуры,10.936475250435972
с учётом цензуры,17.97149900978096
с учётом цензуры,12.444510771408961
с учётом цензуры,15.38246247170029
с учётом цензуры,6.639918733168508
с учётом цензуры,8.199757821803104
с учётом цензуры,20.308480636662757
с учётом цензуры,16.2370933872989
с учётом цензуры,14.081907595376821
с учётом цензуры,4.87733708728775
с учётом цензуры,9.555697414499804
с учётом цензуры,21.385349162161397
с учётом цензуры,4.77696666157002
с учётом цензуры,8.391130180259303
с учётом цензуры,3.3291875699838016
с учётом цензуры,6.069765874798294
с учётом цензуры,9.009921645893069
с учётом цензуры,19.230168201280204
с учётом цензуры,13.871109470865237
с учётом цензуры,8.22681459318241
с учётом цензуры,8.827099266561529
с учётом цензуры,12.196674485409131
с учётом цензуры,14.080902125428345
с учётом цензуры,6.789254417344908
с учётом цензуры,10.001355591912299
с учётом цензуры,50.99955453516873
с учётом цензуры,15.843271366463707
с учётом цензуры,4.507430477955614
с учётом цензуры,14.247036787003763
с учётом цензуры,38.55742280933718
с учётом цензуры,1.8744104423284407
с учётом цензуры,10.653987726440484
с учётом цензуры,5.8978356175762725
с учётом цензуры,16.204350086606148
с учётом цензуры,10.355507443804175
с учётом цензуры,3.5134666613550136
с учётом цензуры,8.594307326978972
с учётом цензуры,35.20108801979223
с учётом цензуры,26.296630085145196
с учётом цензуры,3.4315161698177135
с учётом цензуры,1.4140191350963407
с учётом цензуры,5.613469479277329
с учётом цензуры,4.900907953820914
с учётом цензуры,13.118233913303527
с учётом цензуры,27.03114861603309
с учётом цензуры,4.003204970631861
с учётом цензуры,33.89017990817073
с учётом цензуры,11.815286560105298
с учётом цензуры,20.133543061197763
с учётом цензуры,16.73307011450526
с учётом цензуры,14.276816935023984
с учётом цензуры,29.95215573158114
с учётом цензуры,13.859738368395355
с учётом цензуры,31.079716683573483
с учётом цензуры,11.441378877783038
с учётом цензуры,12.00215549848688
с учётом цензуры,21.102096607751612
с учётом цензуры,31.546229544367513
с учётом цензуры,6.988329330911392
с учётом цензуры,7.1207988454900795
с учётом цензуры,14.934064369763759
с учётом цензуры,8.294047880544012
с учётом цензуры,27.493371179554465
с учётом цензуры,10.02320070125166
с учётом цензуры,10.183009750477616
с учётом цензуры,19.391572013821783
с учётом цензуры,26.283072069003637
с учётом цензуры,37.09592050092363
с учётом цензуры,14.816724487134392
с учётом цензуры,15.71425492671639
с учётом цензуры,2.373278063475075
с учётом цензуры,5.619212720520223
с учётом цензуры,6.511955498165863
с учётом цензуры,11.222494332711985
с учётом цензуры,8.351845842521932
с учётом цензуры,1.823359978326101
с учётом цензуры,17.954051031758883
с учётом цензуры,9.697802829599986
с учётом цензуры,11.926843626470045
с учётом цензуры,13.886050683694332
с учётом цензуры,7.515118827428423
с учётом цензуры,15.960627404506631
с учётом цензуры,13.776742837379999
с учётом цензуры,12.833389499064165
с учётом цензуры,39.18966119259598
с учётом цензуры,9.56748715303509
с учётом цензуры,21.104768721052405
с учётом цензуры,20.238824786298288
с учётом цензуры,20.234658695928562
с учётом цензуры,9.783636934234377
с учётом цензуры,15.219884380444828
с учётом цензуры,6.335870513655836
с учётом цензуры,4.653363248155676
с учётом цензуры,18.48657035264851
с учётом цензуры,12.7259882439224
с учётом цензуры,6.781498336247427
с учётом цензуры,10.520330766995952
с учётом цензуры,15.665913399928579
с учётом цензуры,2.363203011931974
с учётом цензуры,11.488019699477725
с учётом цензуры,16.43109006495033
с учётом цензуры,22.842984906966876
с учётом цензуры,9.88031481716114
с учётом цензуры,5.856171390602939
с учётом цензуры,16.539755823309992
с учётом цензуры,13.908501930435074
с учётом цензуры,17.478919006337165
с учётом цензуры,28.04356063487931
с учётом цензуры,8.730348387638358
с учётом цензуры,6.71352766808841
с учётом цензуры,3.5446121732235736
с учётом цензуры,18.47855761518245
с учётом цензуры,14.358028165814954
с учётом цензуры,9.844980550310895
с учётом цензуры,17.382996030105563
с учётом цензуры,9.384330152219933
с учётом цензуры,11.73976766743251
с учётом цензуры,22.983882977867953
с учётом цензуры,9.416755770338051
с учётом цензуры,11.373267078142499
с учётом цензуры,9.05269928536486
с учётом цензуры,7.456822299267481
с учётом цензуры,12.029995273023783
с учётом цензуры,6.603059965268548
с учётом цензуры,28.867677058546665
с учётом цензуры,9.757008345159036
с учётом цензуры,5.96461571190612
с учётом цензуры,12.638518950224412
с учётом цензуры,4.19255089317397
с учётом цензуры,20.538298946773935
с учётом цензуры,15.66492594578776
с учётом цензуры,3.5338355928088117
с учётом цензуры,20.324142595214354
с учётом цензуры,5.612679635185466
с учётом цензуры,5.912099391012355
с учётом цензуры,25.705558502212988
с учётом цензуры,48.313437400575786
с учётом цензуры,20.402013042931607
с учётом цензуры,34.63753802817073
с учётом цензуры,14.383884482063698
с учётом цензуры,14.274362020489189
с учётом цензуры,3.5261181131195922
с учётом цензуры,12.545557154025868
с учётом цензуры,8.79599159064712
с учётом цензуры,13.09044685177831
с учётом цензуры,24.524429393163135
с учётом цензуры,10.794379810201752
с учётом цензуры,11.785543048926423
с учётом цензуры,23.054447152839508
с учётом цензуры,17.42763669687654
с учётом цензуры,13.942016389504603
с учётом цензуры,22.130211755366112
с учётом цензуры,6.621288097932576
с учётом цензуры,15.976546489461569
с учётом цензуры,15.026484113744619
с учётом цензуры,2.9673766518002993
с учётом цензуры,22.20675826686048
с учётом цензуры,1.3395744945016566
с учётом цензуры,3.513458312128128
с учётом цензуры,20.515959916209184
с учётом цензуры,14.180320129659599
с учётом цензуры,13.853503248724106
с учётом цензуры,26.869816797123843
с учётом цензуры,3.5494825000993036
с учётом цензуры,26.668819388047805
с учётом цензуры,15.402958712007841
с учётом цензуры,8.471693774709335
с учётом цензуры,2.9903022276585105
с учётом цензуры,6.59481631629882
с учётом цензуры,6.246819408768009
с учётом цензуры,15.718056515166587
с учётом цензуры,12.44160351033904
с учётом цензуры,2.517085759972681
с учётом цензуры,14.041997894592546
с учётом цензуры,31.76217540188733
с учётом цензуры,2.384809483277633
с учётом цензуры,6.5600151174803845
с учётом цензуры,7.452418532302641
с учётом цензуры,14.141735045967078
с учётом цензуры,15.967809492875716
с учётом цензуры,6.5196720547906235
с учётом цензуры,4.8224306586314105
с учётом цензуры,13.700769985142834
с учётом цензуры,12.587491709136671
с учётом цензуры,24.509740097259964
с учётом цензуры,13.584327766870798
с учётом цензуры,2.3263788863407133
с учётом цензуры,41.799171246193
с учётом цензуры,6.343769639470797
с учётом цензуры,9.870140786481201
с учётом цензуры,30.818149123440243
с учётом цензуры,14.152543398138413
с учётом цензуры,9.382948802086274
с учётом цензуры,68.06807599238451
с учётом цензуры,37.628014873814465
с учётом цензуры,8.570658401241301
с учётом цензуры,9.852587849511155
с учётом цензуры,18.07155041226445
с учётом цензуры,7.3849464046721955
с учётом цензуры,5.413492318622049
с учётом цензуры,3.132532365689189
с учётом цензуры,30.078854986555243
с учётом цензуры,6.402313218920587
с учётом цензуры,13.447737935349018
с учётом цензуры,5.693579455028877
с учётом цензуры,8.85962445565089
с учётом цензуры,12.402215026514348
с учётом цензуры,38.301954648138185
с учётом цензуры,4.542210933399865
с учётом цензуры,40.684105730653584
с учётом цензуры,4.427208577609713
с учётом цензуры,19.06070850734256
с учётом цензуры,24.716056141834375
с учётом цензуры,7.599786124039184
с учётом цензуры,9.967702505989282
с учётом цензуры,9.806177944901235
с учётом цензуры,5.204402499348849
с учётом цензуры,4.76593661543803
с учётом цензуры,12.785379988036057
с учётом цензуры,12.43326601187464
с учётом цензуры,11.037137364301017
с учётом цензуры,10.655810131106305
с учётом цензуры,10.03761187292817
с учётом цензуры,4.8341999437651495
с учётом цензуры,27.367809785287896
с учётом цензуры,17.264621977007337
с учётом цензуры,10.158697018608663
с учётом цензуры,8.539620556657328
с учётом цензуры,5.654523264850196
с учётом цензуры,15.422692670872765
с учётом цензуры,21.375380445617793
с учётом цензуры,3.7780313250381394
с учётом цензуры,6.814597096775279
с учётом цензуры,3.54935348247188
с учётом цензуры,34.38241939801484
с учётом цензуры,18.586746248031943
с учётом цензуры,15.733463826889782
с учётом цензуры,4.457345722818371
с учётом цензуры,40.69106686545354
с учётом цензуры,12.88860000681996
с учётом цензуры,11.59587267790587
с учётом цензуры,9.761816651758844
с учётом цензуры,8.965663035968673
с учётом цензуры,26.3305717568285
с учётом цензуры,1.9097167794522125
с учётом цензуры,13.886173979260699
с учётом цензуры,34.48129458791067
с учётом цензуры,16.136719407974102
с учётом цензуры,3.0150395529833443
с учётом цензуры,12.93021597439596
с учётом цензуры,15.365467504537754
с учётом цензуры,27.72411781501442
с учётом цензуры,8.670582083321017
с учётом цензуры,7.538883751454739
с учётом цензуры,10.428330342681194
с учётом цензуры,6.906493598944666
с учётом цензуры,5.344345997164977
с учётом цензуры,27.08336907450894
с учётом цензуры,2.6144920959460283
с учётом цензуры,4.442867777595584
с учётом цензуры,7.47677030182279
с учётом цензуры,12.394835279230508
с учётом цензуры,16.93642300636841
с учётом цензуры,7.470052599245237
с учётом цензуры,3.283546461273328
с учётом цензуры,13.75825092774523
с учётом цензуры,5.195305455934949
с учётом цензуры,18.785627382346757
с учётом цензуры,27.40686116815567
с учётом цензуры,14.45313304429299
с учётом цензуры,6.113892581585109
с учётом цензуры,6.2626131034804375
с учётом цензуры,8.962359722890158
с учётом цензуры,20.618829279344382
с учётом цензуры,14.443668194239219
с учётом цензуры,5.293395295395835
с учётом цензуры,26.623484944206183
с учётом цензуры,21.745548072895023
с учётом цензуры,35.23892690705023
с учётом цензуры,16.279359339252487
с учётом цензуры,14.373019763853915
с учётом цензуры,5.21612721092226
с учётом цензуры,14.763404898216471
с учётом цензуры,7.169269806176252
с учётом цензуры,4.940572871090102
с учётом цензуры,34.85914621546572
с учётом цензуры,15.338404660324208
с учётом цензуры,7.200199083283911
с учётом цензуры,24.72939928748599
с учётом цензуры,9.917988343063646
с учётом цензуры,12.551041635210135
с учётом цензуры,4.695655887659722
с учётом цензуры,25.910265918312955
с учётом цензуры,21.15716383550693
с учётом цензуры,7.109882619085611
с учётом цензуры,9.14909318276981
с учётом цензуры,16.10528027443506
с учётом цензуры,4.562318717406278
с учётом цензуры,20.12480675258975
с учётом цензуры,8.0382983380266
с учётом цензуры,24.50813224007366
с учётом цензуры,34.76036314919763
с учётом цензуры,31.901904027492083
с учётом цензуры,10.864753246155338
с учётом цензуры,3.4011373304145973
с учётом цензуры,18.95633836875156
с учётом цензуры,17.75289680198413
с учётом цензуры,6.3943752225291925
с учётом цензуры,11.540559030575158
с учётом цензуры,29.510136685120855
с учётом цензуры,25.687020595213944
с учётом цензуры,23.479445982086204
с учётом цензуры,8.736063896869924
с учётом цензуры,29.465832220160166
с учётом цензуры,9.63745368511763
с учётом цензуры,7.240498918722064
с учётом цензуры,29.926924293521356
с учётом цензуры,20.940081614184557
с учётом цензуры,9.358820340880406
с учётом цензуры,7.764707054248445
с учётом цензуры,38.567889900599624
с учётом цензуры,12.28912822257291
с учётом цензуры,2.36622221747285
с учётом цензуры,15.79849213568852
с учётом цензуры,8.960806510685996
с учётом цензуры,13.317308112660509
с учётом цензуры,6.391332239147135
с учётом цензуры,11.336968847360442
с учётом цензуры,36.150607449879054
с учётом цензуры,57.61136573133731
с учётом цензуры,16.72496076346164
с учётом цензуры,7.1878269500110665
с учётом цензуры,69.03844659159643
с учётом цензуры,11.455525893489847
с учётом цензуры,12.703264664113409
с учётом цензуры,9.676062033167643
с учётом цензуры,8.390479991720099
с учётом цензуры,16.835608926736413
с учётом цензуры,13.658600237805718
с учётом цензуры,35.34097993647129
с учётом цензуры,1.313046859614634
с учётом цензуры,10.061110464624448
с учётом цензуры,23.74871274517833
с учётом цензуры,13.725156513444546
с учётом цензуры,34.77309335536763
с учётом цензуры,5.848370522652994
с учётом цензуры,35.27714012172564
с учётом цензуры,15.353976398016071
с учётом цензуры,5.894925585889526
с учётом цензуры,21.983181961551008
с учётом цензуры,12.631441735819216
с учётом цензуры,11.21713019422258
с учётом цензуры,2.7735562888348917
с учётом цензуры,17.722600706812127
с учётом цензуры,13.392818747364792
с учётом цензуры,4.887172450479345
с учётом цензуры,25.57771411415169
с учётом цензуры,2.249330241591505
с учётом цензуры,14.663843691007628
с учётом цензуры,17.064341985494774
с учётом цензуры,7.163248626945859
с учётом цензуры,9.772971231361659
с учётом цензуры,7.883589669563742
с учётом цензуры,8.165222069594481
с учётом цензуры,18.85673611473258
с учётом цензуры,8.516180266396232
с учётом цензуры,15.014793884729423
с учётом цензуры,42.962125657099406
с учётом цензуры,31.56123592360328
с учётом цензуры,8.109316670413323
с учётом цензуры,37.471489688069255
с учётом цензуры,12.646534430669183
с учётом цензуры,10.296841186064567
с учётом цензуры,8.001756196042498
с учётом цензуры,7.540996359240057
с учётом цензуры,12.310013828062857
с учётом цензуры,17.341443320170672
с учётом цензуры,22.19587968183007
с учётом цензуры,19.860969902563482
с учётом цензуры,20.10057186140604
с учётом цензуры,15.718729585106136
с учётом цензуры,19.09316448410254
с учётом цензуры,9.857338847226314
с учётом цензуры,5.766008479246789
с учётом цензуры,10.107089541199308
с учётом цензуры,10.979259471092483
с учётом цензуры,6.448787745920185
с учётом цензуры,7.530372693197677
с учётом цензуры,7.772825294841837
с учётом цензуры,27.854895855658995
с учётом цензуры,25.085499509709585
с учётом цензуры,14.636129539359752
с учётом цензуры,11.708054846552876
с учётом цензуры,6.07190744193216
с учётом цензуры,5.689365522140269
с учётом цензуры,4.34472098914287
с учётом цензуры,14.47650784431136
с учётом цензуры,10.90986800514182
с учётом цензуры,31.28350566038239
с учётом цензуры,7.549003678185084
с учётом цензуры,12.520828688285974
с учётом цензуры,22.941287018838725
с учётом цензуры,27.767097815973585
с учётом цензуры,26.283050128951757
с учётом цензуры,22.743561986578957
с учётом цензуры,18.44784334400957
с учётом цензуры,15.161794308160623
с учётом цензуры,8.384019281027548
с учётом цензуры,26.89142369940692
с учётом цензуры,10.094729957863766
с учётом цензуры,13.174110601969787
с учётом цензуры,35.270166681345856
с учётом цензуры,12.041577741781472
с учётом цензуры,8.265255468063037
с учётом цензуры,5.135974890878064
с учётом цензуры,21.416249440717
с учётом цензуры,8.150500556045166
с учётом цензуры,16.47699366890287
с учётом цензуры,9.257488455436837
с учётом цензуры,23.440760287626645
с учётом цензуры,6.783148486414586
с учётом цензуры,9.09142940236353
с учётом цензуры,22.534049459231284
с учётом цензуры,24.259459831112707
с учётом цензуры,20.641654454715297
с учётом цензуры,19.280918266410723
с учётом цензуры,11.622724309306177
с учётом цензуры,30.9222154539411
с учётом цензуры,35.32729082435662
с учётом цензуры,21.206926289363484
с учётом цензуры,12.297667215194235
с учётом цензуры,7.354826899812952
с учётом цензуры,15.59728043833395
с учётом цензуры,16.019660835119325
с учётом цензуры,15.184344980457002
с учётом цензуры,8.595020355003784
с учётом цензуры,40.713318375390514
с учётом цензуры,6.932159772279988
с учётом цензуры,19.173774471627894
с учётом цензуры,5.802945154378765
с учётом цензуры,18.621837074607463
с учётом цензуры,38.25559762064139
с учётом цензуры,14.291779682649537
с учётом цензуры,11.221078612144126
с учётом цензуры,55.70819074667261
с учётом цензуры,4.806039213746031
с учётом цензуры,15.529277267671215
с учётом цензуры,37.746903224595904
с учётом цензуры,30.32209356911447
с учётом цензуры,15.420239853909555
с учётом цензуры,24.751703671037525
с учётом цензуры,13.180633314862682
с учётом цензуры,9.539746894670504
с учётом цензуры,11.415925926533191
с учётом цензуры,1.492470663613716
с учётом цензуры,8.800747402761651
с учётом цензуры,23.59117431295404
с учётом цензуры,23.6171107804482
с учётом цензуры,15.75989941135531
с учётом цензуры,11.684768299808564
с учётом цензуры,12.48038713270006
с учётом цензуры,23.211624667342328
с учётом цензуры,11.29248994241076
с учётом цензуры,15.561634244120347
с учётом цензуры,20.12986030238084
с учётом цензуры,10.614699100558799
с учётом цензуры,14.48937725484413
с учётом цензуры,30.449218609014146
с учётом цензуры,13.317516615460793
с учётом цензуры,18.860994837193793
с учётом цензуры,29.048776547794482
с учётом цензуры,13.070423037842023
с учётом цензуры,10.041927696041478
с учётом цензуры,28.448328634934498
с учётом цензуры,36.19114942231563
с учётом цензуры,17.948163088043884
с учётом цензуры,32.61530055592937
с учётом цензуры,6.855036599520334
с учётом цензуры,14.14755599905745
с учётом цензуры,8.675096643910937
с учётом цензуры,9.719711229316676
с учётом цензуры,4.046558701225324
с учётом цензуры,4.063910731649689
с учётом цензуры,9.17451641913753
с учётом цензуры,14.220737049428546
с учётом цензуры,18.162467511357836
с учётом цензуры,12.559145810714895
с учётом цензуры,5.854914115598162
с учётом цензуры,11.744330770335594
с учётом цензуры,36.805023721170016
с учётом цензуры,15.66742249157608
с учётом цензуры,15.945983702928823
с учётом цензуры,9.745927376599328
с учётом цензуры,4.777508263850338
с учётом цензуры,3.8372830330852814
с учётом цензуры,32.09327009746596
с учётом цензуры,48.310070105676544
с учётом цензуры,10.994818460424039
с учётом цензуры,21.322171114211315
с учётом цензуры,13.83132833335549
с учётом цензуры,2.755796177479687
с учётом цензуры,9.443182807895417
с учётом цензуры,16.918919648690935
с учётом цензуры,14.771561406782464
с учётом цензуры,11.771570547637063
с учётом цензуры,9.981157424792785
с учётом цензуры,31.587936296798425
с учётом цензуры,7.47643972477107
с учётом цензуры,12.916423040878332
с учётом цензуры,11.911427686093326
с учётом цензуры,13.053852146360652
с учётом цензуры,5.494843261015009
с учётом цензуры,15.727618776908171
с учётом цензуры,3.2089388744813854
с учётом цензуры,8.185466524237677
с учётом цензуры,5.005283176282558
с учётом цензуры,20.94736317001593
с учётом цензуры,8.453253304701677
с учётом цензуры,27.39920371530672
с учётом цензуры,19.297056391343393
с учётом цензуры,18.101028456980664
с учётом цензуры,6.744038093749665
с учётом цензуры,52.82123012035243
с учётом цензуры,8.482975379101727
с учётом цензуры,16.376405494845084
с учётом цензуры,28.774671727690958
с учётом цензуры,9.254870751257227
с учётом цензуры,10.053135296928929
с учётом цензуры,11.273478839036088
с учётом цензуры,10.139357633416779
с учётом цензуры,12.590497769787426
с учётом цензуры,17.55492218906481
с учётом цензуры,8.794101236256752
с учётом цензуры,4.997396512643014
с учётом цензуры,21.478868905325648
с учётом цензуры,13.49444318086358
с учётом цензуры,13.634393653799698
с учётом цензуры,14.349580824997465
с учётом цензуры,13.01822405183495
с учётом цензуры,15.423798726989546
с учётом цензуры,4.719297964738159
с учётом цензуры,19.04982774386653
с учётом цензуры,9.658613615552213
с учётом цензуры,23.041041167879882
с учётом цензуры,8.524835603022503
с учётом цензуры,9.434696543358525
с учётом цензуры,7.164422563962118
с учётом цензуры,27.342880559685053
с учётом цензуры,4.881552723427643
с учётом цензуры,16.9344610674369
с учётом цензуры,13.949284452018247
с учётом цензуры,21.78045254802299
с учётом цензуры,57.006487887613524
с учётом цензуры,8.895444339468517
с учётом цензуры,17.195231532321383
с учётом цензуры,19.236813588970893
с учётом цензуры,10.999711918991034
с учётом цензуры,13.353347124627103
с учётом цензуры,8.629215249274651
с учётом цензуры,21.11477989664258
с учётом цензуры,15.94680963969164
с учётом цензуры,17.89751150716089
с учётом цензуры,0.480868685126856
с учётом цензуры,24.395539978579812
с учётом цензуры,3.634007780434214
с учётом цензуры,12.932915305400053
с учётом цензуры,5.275954180404005
с учётом цензуры,16.44880562559974
с учётом цензуры,5.316309289908341
с учётом цензуры,12.251565849413717
с учётом цензуры,8.085735869251554
с учётом цензуры,32.48911504220284
с учётом цензуры,14.089734285620711
с учётом цензуры,5.474754674597248
с учётом цензуры,5.341695843447635
с учётом цензуры,25.23238886501262
с учётом цензуры,48.98737267173832
с учётом цензуры,23.266707432947026
с учётом цензуры,4.781682533260442
с учётом цензуры,43.32357430938743
с учётом цензуры,16.306246077220322
с учётом цензуры,6.169333841536832
с учётом цензуры,9.45819229857982
с учётом цензуры,5.848630264874549
с учётом цензуры,17.049686447454462
с учётом цензуры,15.249441290518103
с учётом цензуры,17.314763543463506
с учётом цензуры,9.527136761608121
с учётом цензуры,15.177530832808472
с учётом цензуры,7.253639130244753
с учётом цензуры,21.563395030329218
с учётом цензуры,10.437656482993326
с учётом цензуры,7.632342019071379
с учётом цензуры,16.53501299748574
с учётом цензуры,11.599183902309418
с учётом цензуры,5.054769135266828
с учётом цензуры,20.84677752008054
с учётом цензуры,4.637132216720362
с учётом цензуры,17.343275552302387
с учётом цензуры,14.588985428489387
с учётом цензуры,13.73952672445327
с учётом цензуры,9.499424831000715
с учётом цензуры,12.039536563480748
с учётом цензуры,9.952810293241512
с учётом цензуры,5.442619894415641
с учётом цензуры,9.470809557808536
с учётом цензуры,5.211321788450458
с учётом цензуры,3.396441880772024
с учётом цензуры,15.920808523684897
с учётом цензуры,13.687350254860053
с учётом цензуры,15.901150881078658
с учётом цензуры,32.205858867566306
с учётом цензуры,23.809307795139503
с учётом цензуры,11.047992160137278
с учётом цензуры,5.335449574078608
с учётом цензуры,10.178660705477476
с учётом цензуры,16.998738182511794
с учётом цензуры,25.799741526573094
с учётом цензуры,22.48959912818113
с учётом цензуры,25.63639256729878
с учётом цензуры,17.196849078025274
с учётом цензуры,23.988382305103354
с учётом цензуры,8.363444183869463
с учётом цензуры,35.11490081254271
с учётом цензуры,47.52147845591509
с учётом цензуры,8.991581067041357
с учётом цензуры,5.302019977182686
с учётом цензуры,10.133343122033498
с учётом цензуры,14.62465300478793
с учётом цензуры,14.927982799593257
с учётом цензуры,6.519629830261876
с учётом цензуры,10.77804098446903
с учётом цензуры,5.63791822936383
с учётом цензуры,8.577813767792957
с учётом цензуры,32.6340081885763
с учётом цензуры,28.513605241869993
с учётом цензуры,2.585335040588175
с учётом цензуры,15.108000935554735
с учётом цензуры,15.191469225528927
с учётом цензуры,2.838279753861257
с учётом цензуры,7.259022230398994
с учётом цензуры,9.74471577429927
с учётом цензуры,6.479169646456986
с учётом цензуры,15.503451174424368
с учётом цензуры,25.37282204592492
с учётом цензуры,24.11516606005059
с учётом цензуры,5.045638863530025
с учётом цензуры,12.561844903533935
с учётом цензуры,5.031089771552622
с учётом цензуры,12.011913616839822
с учётом цензуры,21.084870371125923
с учётом цензуры,33.26673218448952
с учётом цензуры,6.039135721288996
с учётом цензуры,26.29829364903577
с учётом цензуры,27.76634055460677
с учётом цензуры,9.72105752122577
с учётом цензуры,17.551634323842567
с учётом цензуры,12.60076693878695
с учётом цензуры,5.009662514599576
с учётом цензуры,1.7784199646935608
с учётом цензуры,6.438544401272328
с учётом цензуры,8.213881993799276
с учётом цензуры,8.328995257960258
с учётом цензуры,2.3985764573334847
с учётом цензуры,3.976030181895665
с учётом цензуры,12.31503771436595
с учётом цензуры,6.820132940164764
с учётом цензуры,17.07213587349961
с учётом цензуры,9.800482722161599
с учётом цензуры,7.731841126385165
с учётом цензуры,9.534465522673447
с учётом цензуры,20.612051950865826
с учётом цензуры,19.190414113330846
с учётом цензуры,12.354383995323088
с учётом цензуры,9.125178604888939
с учётом цензуры,23.78168435454758
с учётом цензуры,29.943177795817494
с учётом цензуры,4.561711705369317
с учётом цензуры,4.007660824005299
с учётом цензуры,13.864118922282637
с учётом цензуры,8.161090452468253
с учётом цензуры,7.117667491651075
с учётом цензуры,61.24794238118714
с учётом цензуры,12.252207771833461
с учётом цензуры,15.394921127808288
с учётом цензуры,22.76849807725071
с учётом цензуры,14.10683424409974
с учётом цензуры,18.39550037173215
с учётом цензуры,4.014369516836451
с учётом цензуры,12.422031109520004
с учётом цензуры,4.8573934523344
с учётом цензуры,2.8534939765971146
с учётом цензуры,39.11593800928509
с учётом цензуры,4.2158053314884825
с учётом цензуры,16.243257718328422
с учётом цензуры,46.69939979474245
с учётом цензуры,41.23295496912826
с учётом цензуры,11.750955190792773
с учётом цензуры,3.6093570942235575
с учётом цензуры,4.718877632689509
с учётом цензуры,14.580754540875914
с учётом цензуры,15.774766259347466
с учётом цензуры,9.963155891256227
с учётом цензуры,8.998321996608695
с учётом цензуры,31.757630397456477
с учётом цензуры,8.395063285674015
с учётом цензуры,7.191923256662895
с учётом цензуры,4.446797786438753
с учётом цензуры,11.038561960477159
с учётом цензуры,7.820078402116177
с учётом цензуры,29.69604947284848
с учётом цензуры,25.99524116721687
с учётом цензуры,5.960588524353533
с учётом цензуры,13.691844777580574
с учётом цензуры,38.941697339683216
с учётом цензуры,3.3338707938751284
с учётом цензуры,23.78493000537364
с учётом цензуры,44.39880307826432
с учётом цензуры,7.462405130426076
с учётом цензуры,34.00800668609465
с учётом цензуры,13.307930595062883
с учётом цензуры,9.593224897825536
с учётом цензуры,21.686113038187685
с учётом цензуры,16.972529623828997
с учётом цензуры,17.884499274585362
с учётом цензуры,24.680481278673703
с учётом цензуры,31.071290306001103
с учётом цензуры,14.60218962426491
с учётом цензуры,10.552141176838274
с учётом цензуры,16.967519271430618
с учётом цензуры,8.509894102283258
с учётом цензуры,9.875378498517858
с учётом цензуры,4.951395533227449
с учётом цензуры,5.002756364590799
с учётом цензуры,14.386951659607066
с учётом цензуры,17.50357396717321
с учётом цензуры,18.503647547323844
с учётом цензуры,10.399073164034402
с учётом цензуры,7.062578990209062
с учётом цензуры,15.030350135452272
с учётом цензуры,8.44963414947837
с учётом цензуры,17.593768953979197
с учётом цензуры,16.066267397586515
с учётом цензуры,15.508523394803573
с учётом цензуры,9.569779075966046
с учётом цензуры,10.502487052617429
с учётом цензуры,8.922509729448603
с учётом цензуры,9.692117223505075
с учётом цензуры,9.602213397559517
с учётом цензуры,38.32430868119416
с учётом цензуры,14.939781113919267
с учётом цензуры,15.53015173439027
с учётом цензуры,10.843703001178016
с учётом цензуры,13.172447126430995
с учётом цензуры,15.600105786849806
с учётом цензуры,3.110345438913986
с учётом цензуры,4.13541490767724
с учётом цензуры,18.543962986039304
с учётом цензуры,32.22530927722562
с учётом цензуры,6.145009639809753
с учётом цензуры,14.945462420993907
с учётом цензуры,9.759912944630312
с учётом цензуры,12.062085982381152
с учётом цензуры,30.449466008746832
с учётом цензуры,13.385413684435747
с учётом цензуры,21.65512485625638
с учётом цензуры,18.996227908018565
с учётом цензуры,6.961998189422367
с учётом цензуры,13.836828485632564
с учётом цензуры,13.501869852986637
с учётом цензуры,18.40269828076494
с учётом цензуры,18.948667404928017
с учётом цензуры,4.598571230664838
с учётом цензуры,7.093771593469985
с учётом цензуры,10.231825096556388
с учётом цензуры,3.8155245372259348
с учётом цензуры,27.357750761450248
с учётом цензуры,9.647977917372625
с учётом цензуры,11.031832553000196
с учётом цензуры,19.213280103823156
с учётом цензуры,20.178592079840357
с учётом цензуры,7.242085247177229
с учётом цензуры,22.160697885867187
с учётом цензуры,10.624694117852206
с учётом цензуры,9.513015337856299
с учётом цензуры,14.52620224343394
с учётом цензуры,8.893355360128993
с учётом цензуры,10.27514956508408
с учётом цензуры,9.719413152204586
с учётом цензуры,28.32602418402645
с учётом цензуры,24.933561778975722
с учётом цензуры,34.16626697057542
с учётом цензуры,9.699471168675153
с учётом цензуры,23.393746087926814
с учётом цензуры,3.9909924269121375
с учётом цензуры,2.421053607802528
с учётом цензуры,30.113721788142975
с учётом цензуры,19.451853362975935
с учётом цензуры,11.422029527750073
с учётом цензуры,27.25590543690585
с учётом цензуры,19.191222195675945
с учётом цензуры,8.042971996463672
с учётом цензуры,8.9501282133847
с учётом цензуры,5.884429902679588
с учётом цензуры,21.639818096228023
с учётом цензуры,15.028918598061026
с учётом цензуры,23.559209508878062
с учётом цензуры,15.022096004410807
с учётом цензуры,27.969095600631384
с учётом цензуры,23.82007217401734
с учётом цензуры,2.6487482138708534
с учётом цензуры,3.104034572189014
с учётом цензуры,11.306820879780417
с учётом цензуры,10.539162644152656
с учётом цензуры,3.7378823676859643
с учётом цензуры,22.257518941172783
с учётом цензуры,31.654129731902906
с учётом цензуры,23.875296976592853
с учётом цензуры,45.09643430379174
с учётом цензуры,6.982517824815859
с учётом цензуры,19.31788230340107
с учётом цензуры,4.741235738960133
с учётом цензуры,4.574958923918653
с учётом цензуры,8.862542559284577
с учётом цензуры,3.112300536248237
с учётом цензуры,15.715993885101952
с учётом цензуры,5.135392968003772
с учётом цензуры,16.160193776458474
с учётом цензуры,8.852467257002331
с учётом цензуры,12.023319559062191
с учётом цензуры,8.245636185857887
с учётом цензуры,20.911461270865747
с учётом цензуры,13.608765860529918
с учётом цензуры,12.306042765588273
с учётом цензуры,5.055787926332327
с учётом цензуры,13.389051380290182
с учётом цензуры,14.248391605582974
с учётом цензуры,12.592519006731475
с учётом цензуры,11.584955709676056
с учётом цензуры,31.589832565887694
с учётом цензуры,9.924507444753235
с учётом цензуры,9.742090125473222
с учётом цензуры,39.04821375580435
с учётом цензуры,11.000489347888859
с учётом цензуры,1.9120509211438599
с учётом цензуры,12.229506992043763
с учётом цензуры,18.16527550580588
с учётом цензуры,47.56812364734928
с учётом цензуры,15.413245942224261
с учётом цензуры,4.416309862696174
с учётом цензуры,4.7683258989176815
с учётом цензуры,20.554862343101817
с учётом цензуры,7.08087760361928
с учётом цензуры,44.648763040457325
с учётом цензуры,37.06354351375717
с учётом цензуры,9.602771920195229
с учётом цензуры,1.2094557231544787
с учётом цензуры,7.2240620776149305
с учётом цензуры,5.586322126089191
с учётом цензуры,27.42575423218511
с учётом цензуры,17.348674013105796
с учётом цензуры,20.20020768890512
с учётом цензуры,17.452355741532315
с учётом цензуры,5.230199085898513
с учётом цензуры,7.915865888111581
с учётом цензуры,14.692068876814433
с учётом цензуры,7.293077019710248
с учётом цензуры,6.634084085501834
с учётом цензуры,30.080392484933974
с учётом цензуры,8.139931986325415
с учётом цензуры,9.048518826228158
с учётом цензуры,6.9349296064175885
с учётом цензуры,15.996799351973586
с учётом цензуры,15.99602523482449
с учётом цензуры,16.364325819254187
с учётом цензуры,20.408065023426804
с учётом цензуры,2.198724008643042
с учётом цензуры,8.859189572608686
с учётом цензуры,11.13233849399721
с учётом цензуры,25.354808286315343
с учётом цензуры,3.064582452233147
с учётом цензуры,7.421251037064635
с учётом цензуры,59.485981031976586
с учётом цензуры,17.141966121249066
с учётом цензуры,25.00380088358071
с учётом цензуры,11.255810492437819
с учётом цензуры,33.53809918985028
с учётом цензуры,9.494974834612552
с учётом цензуры,17.08610225741831
с учётом цензуры,22.046669117658038
с учётом цензуры,14.22679135080228
с учётом цензуры,11.970490875542906
с учётом цензуры,17.672199699113865
с учётом цензуры,5.323649659571849
с учётом цензуры,21.516767719909883
с учётом цензуры,18.567565428211772
с учётом цензуры,4.094108322357783
с учётом цензуры,13.485079979462334
с учётом цензуры,27.900977387570762
с учётом цензуры,10.146929734837233
с учётом цензуры,19.59400427682892
с учётом цензуры,7.027211863255896
с учётом цензуры,12.563525484406972
с учётом цензуры,29.54265107004973
с учётом цензуры,9.831260427462922
с учётом цензуры,8.672795544805627
с учётом цензуры,3.8997927112803623
с учётом цензуры,22.110320368897526
с учётом цензуры,29.030460722347655
с учётом цензуры,14.873559091962354
с учётом цензуры,2.8284246323556053
с учётом цензуры,4.977494856071658
с учётом цензуры,4.6393341495476
с учётом цензуры,6.2713795620722
с учётом цензуры,16.187714359717976
с учётом цензуры,2.2701372036710445
с учётом цензуры,16.383921415815486
с учётом цензуры,3.170646574190892
с учётом цензуры,10.1725092791466
с учётом цензуры,6.665350515892679
с учётом цензуры,13.703050969755601
с учётом цензуры,10.064372113542538
с учётом цензуры,3.1517847527442786
с учётом цензуры,31.217751239323633
с учётом цензуры,10.810604578945526
с учётом цензуры,8.217219037501607
с учётом цензуры,5.2565111769229675
с учётом цензуры,5.2122814779178945
с учётом цензуры,75.3414771111281
с учётом цензуры,6.0009277826936565
с учётом цензуры,11.481854658170361
с учётом цензуры,7.871110493670668
с учётом цензуры,27.17319317441156
с учётом цензуры,9.503376481744157
с учётом цензуры,22.13466956245621
с учётом цензуры,7.113493589077012
с учётом цензуры,13.189305334300458
с учётом цензуры,10.562767059543814
с учётом цензуры,36.099399878161094
с учётом цензуры,31.130262864185763
с учётом цензуры,36.18789804712614
с учётом цензуры,17.76209343152358
с учётом цензуры,21.808860305251024
с учётом цензуры,8.765801551704126
с учётом цензуры,3.4475918531849152
с учётом цензуры,34.44368557010478
с учётом цензуры,5.030649458815037
с учётом цензуры,5.046441784785675
с учётом цензуры,5.2172245533611
с учётом цензуры,15.86109207726193
с учётом цензуры,22.755350314265883
с учётом цензуры,13.254375236449537
с учётом цензуры,16.412239595026616
с учётом цензуры,32.1469209275868
с учётом цензуры,3.1310941819762608
с учётом цензуры,15.28153631672721
с учётом цензуры,4.045946414822659
с учётом цензуры,17.599834464556984
с учётом цензуры,14.732188714822872
с учётом цензуры,17.152003628460058
с учётом цензуры,19.638138200950888
с учётом цензуры,18.21650661295538
с учётом цензуры,4.026515820122368
с учётом цензуры,3.9417791289247415
с учётом цензуры,12.821594006495381
с учётом цензуры,30.701425384218915
с учётом цензуры,3.4515598553192217
с учётом цензуры,17.785873992728504
с учётом цензуры,28.44358340546094
с учётом цензуры,7.239676561655358
с учётом цензуры,58.02918698511638
с учётом цензуры,19.731451384154106
с учётом цензуры,14.103461917986415
с учётом цензуры,6.50093165531838
с учётом цензуры,31.141156186301508
с учётом цензуры,4.9349052060115906
с учётом цензуры,22.425336214688357
с учётом цензуры,8.550762083030206
с учётом цензуры,24.92476152639185
с учётом цензуры,20.439386402603148
с учётом цензуры,9.30712144266833
с учётом цензуры,12.139068654740843
с учётом цензуры,13.164473152622067
с учётом цензуры,10.2639029697053
с учётом цензуры,21.019858284737225
с учётом цензуры,11.29086571514597
с учётом цензуры,11.342521565199945
с учётом цензуры,17.553326182432823
с учётом цензуры,4.415669407760442
с учётом цензуры,7.056484453680123
с учётом цензуры,27.016889372447856
с учётом цензуры,18.38277313389092
с учётом цензуры,8.402035621622314
с учётом цензуры,14.292212971401014
с учётом цензуры,5.295798719054685
с учётом цензуры,9.96413118343118
с учётом цензуры,22.508750173463785
с учётом цензуры,49.4113821696933
с учётом цензуры,4.354356749819463
с учётом цензуры,15.603872003776171
с учётом цензуры,6.347872454264033
с учётом цензуры,12.137014033776268
с учётом цензуры,12.575715383760022
с учётом цензуры,7.573930233000176
с учётом цензуры,20.70171119239135
с учётом цензуры,2.7980430883556826
с учётом цензуры,2.986152067143499
с учётом цензуры,14.674076396759242
с учётом цензуры,20.25471891749536
с учётом цензуры,8.596888958167016
с учётом цензуры,21.86879745978569
с учётом цензуры,21.05122541277166
с учётом цензуры,5.229403490142825
с учётом цензуры,13.977039283163682
с учётом цензуры,10.743255292852746
с учётом цензуры,17.68724855762045
с учётом цензуры,5.648263714842491
с учётом цензуры,3.945402882028292
с учётом цензуры,20.82171923843152
с учётом цензуры,2.588330765227695
с учётом цензуры,42.518554989744246
с учётом цензуры,7.680015403863358
с учётом цензуры,19.648436212953683
с учётом цензуры,10.468553957044662
с учётом цензуры,8.786855052110091
с учётом цензуры,26.83359532747277
с учётом цензуры,4.395396018198939
с учётом цензуры,13.808413955512552
с учётом цензуры,13.134350709052281
с учётом цензуры,17.336819930060184
с учётом цензуры,9.012156060317967
с учётом цензуры,12.401244409672255
с учётом цензуры,17.296331978730187
с учётом цензуры,14.406465098895724
с учётом цензуры,23.775621915711078
с учётом цензуры,10.160425602452266
с учётом цензуры,26.503042642051035
с учётом цензуры,23.838121051447747
с учётом цензуры,7.473791292181662
с учётом цензуры,28.787306961085804
с учётом цензуры,7.758575373049943
с учётом цензуры,12.450101694676217
с учётом цензуры,11.106294698118823
с учётом цензуры,23.829123350324075
с учётом цензуры,13.304738630892269
с учётом цензуры,8.749097039671572
с учётом цензуры,43.90325891522852
с учётом цензуры,9.080500573895446
с учётом цензуры,10.852941554337262
с учётом цензуры,12.527397670157786
с учётом цензуры,22.69268409426809
с учётом цензуры,8.426566183382942
с учётом цензуры,21.986935919095885
с учётом цензуры,45.054444661803515
с учётом цензуры,20.96822223337876
с учётом цензуры,5.093238233284143
с учётом цензуры,14.262138128484889
с учётом цензуры,15.710872591271151
с учётом цензуры,9.593622248826756
с учётом цензуры,43.29909029240832
с учётом цензуры,6.7879267068659
с учётом цензуры,3.2310380766418336
с учётом цензуры,13.772087372123696
с учётом цензуры,36.60793013444278
с учётом цензуры,6.090074407555701
с учётом цензуры,14.699793529442795
с учётом цензуры,15.725255377441693
с учётом цензуры,31.23441783420804
с учётом цензуры,17.022896587245476
с учётом цензуры,3.6254797374654126
с учётом цензуры,11.451362084529277
с учётом цензуры,24.67423454083267
с учётом цензуры,27.13748998706696
с учётом цензуры,9.045559981998954
с учётом цензуры,22.889175979173125
с учётом цензуры,31.822994152873765
с учётом цензуры,17.024922920007455
с учётом цензуры,13.55514953148992
с учётом цензуры,10.054843650110122
с учётом цензуры,6.690758938566069
с учётом цензуры,20.725611873633227
с учётом цензуры,28.036693455368738
с учётом цензуры,14.320077473461376
с учётом цензуры,11.320901217234429
с учётом цензуры,9.319136144912413
с учётом цензуры,11.315612231009522
с учётом цензуры,22.43873502232412
с учётом цензуры,21.074478856885186
с учётом цензуры,7.5736571712958165
с учётом цензуры,23.379871736729015
с учётом цензуры,26.095886860006157
с учётом цензуры,30.952953455394066
с учётом цензуры,29.985503968498733
с учётом цензуры,13.295888386069326
с учётом цензуры,17.226130433694816
с учётом цензуры,4.539706574910847
с учётом цензуры,15.457524487363559
с учётом цензуры,8.774270634152842
с учётом цензуры,12.887145547165897
с учётом цензуры,5.862090218811222
с учётом цензуры,24.996563775249278
с учётом цензуры,18.189647191588605
с учётом цензуры,3.553730484139038
с учётом цензуры,5.001366619936206
с учётом цензуры,17.570270876479633
с учётом цензуры,27.15853198988599
с учётом цензуры,15.291642395410335
с учётом цензуры,7.943309217709103
с учётом цензуры,5.109783699225451
с учётом цензуры,10.363289723093668
с учётом цензуры,34.58151473458421
с учётом цензуры,14.76878319371244
с учётом цензуры,11.193451138729275
с учётом цензуры,16.865305053686026
с учётом цензуры,20.79454902670383
с учётом цензуры,8.434228154400817
с учётом цензуры,26.497031624595692
с учётом цензуры,39.249647473810185
с учётом цензуры,8.637693282446094
с учётом цензуры,11.98117150692305
с учётом цензуры,8.818875948465251
с учётом цензуры,27.014063297872333
с учётом цензуры,12.188052997487572
с учётом цензуры,17.288466304128743
с учётом цензуры,11.76361725074207
с учётом цензуры,14.966002650585981
с учётом цензуры,7.218514749071723
с учётом цензуры,6.755036063791684
с учётом цензуры,14.588380681561722
с учётом цензуры,7.45887726296856
с учётом цензуры,9.105210351367788
с учётом цензуры,19.46041456456864
с учётом цензуры,8.52633968178837
с учётом цензуры,5.747254853996435
с учётом цензуры,19.973785232216667
с учётом цензуры,24.08564693516108
с учётом цензуры,19.32028826235963
с учётом цензуры,5.0265573814989395
с учётом цензуры,5.703222845157688
с учётом цензуры,6.275150366803694
с учётом цензуры,12.497275072782584
с учётом цензуры,18.79148762703116
с учётом цензуры,5.815785321198601
с учётом цензуры,14.774122854200233
с учётом цензуры,33.96058880406204
с учётом цензуры,16.396839713918347
с учётом цензуры,10.03576680259526
с учётом цензуры,8.086075853636968
с учётом цензуры,1.9500169171700645
с учётом цензуры,30.20529321825927
с учётом цензуры,8.49196749834093
с учётом цензуры,13.08383478061764
с учётом цензуры,8.116771594833759
с учётом цензуры,19.828359196339
с учётом цензуры,11.95767721633509
с учётом цензуры,26.966984530827283
с учётом цензуры,14.583310034678359
с учётом цензуры,14.790883124656013
с учётом цензуры,7.589332440271156
с учётом цензуры,4.386674648216257
с учётом цензуры,42.783835276394264
с учётом цензуры,17.024766184954384
с учётом цензуры,30.878892235862317
с учётом цензуры,23.90745371057377
с учётом цензуры,11.350288169585049
с учётом цензуры,7.378648999425046
с учётом цензуры,7.007558523721368
с учётом цензуры,11.08309575663333
с учётом цензуры,8.94302111399702
с учётом цензуры,20.514140556070895
с учётом цензуры,28.10170387799514
с учётом цензуры,14.806008696600655
с учётом цензуры,2.7580722815982694
с учётом цензуры,13.82140459706154
с учётом цензуры,12.375153513882243
с учётом цензуры,16.554158650988548
с учётом цензуры,31.851901612491627
с учётом цензуры,12.436583451925696
с учётом цензуры,9.07652658732844
с учётом цензуры,24.339145190480515
с учётом цензуры,19.331191976354134
с учётом цензуры,3.2558261907772676
с учётом цензуры,30.97616001472457
с учётом цензуры,7.938966774528133
с учётом цензуры,24.868825210582415
с учётом цензуры,23.388355892970505
с учётом цензуры,32.801699907605276
с учётом цензуры,1.1577900687485225
с учётом цензуры,12.196037358302403
с учётом цензуры,8.415180136248793
с учётом цензуры,24.542794260525326
с учётом цензуры,25.431508666849737
с учётом цензуры,39.11571624635807
с учётом цензуры,4.803504829624879
с учётом цензуры,3.5132051730842617
с учётом цензуры,19.476606164104833
с учётом цензуры,24.213820142058292
с учётом цензуры,13.356300686258333
с учётом цензуры,12.679428359489048
с учётом цензуры,14.859954091018182
с учётом цензуры,18.931840628613458
с учётом цензуры,14.321466575015597
с учётом цензуры,8.584615283178557
с учётом цензуры,31.18079720717698
с учётом цензуры,8.980524424785974
с учётом цензуры,11.167430707439634
с учётом цензуры,9.715547187623992
с учётом цензуры,11.128225546177877
с учётом цензуры,18.23002221469507
с учётом цензуры,11.629515976575329
с учётом цензуры,7.298107578321202
с учётом цензуры,28.792287536914188
с учётом цензуры,9.57042184779257
с учётом цензуры,2.308011046411486
с учётом цензуры,13.049888537231695
с учётом цензуры,39.1554440262134
с учётом цензуры,16.678294742972927
с учётом цензуры,18.406565494965037
с учётом цензуры,8.491826825582189
с учётом цензуры,103.02706495244671
с учётом цензуры,16.853651855652572
с учётом цензуры,8.552488438665346
с учётом цензуры,7.232346258060813
с учётом цензуры,16.35849217740668
с учётом цензуры,24.877840661646005
с учётом цензуры,16.90080675168762
с учётом цензуры,9.30679677546169
с учётом цензуры,13.149777249360003
с учётом цензуры,62.14245644304632
с учётом цензуры,17.315113616070487
с учётом цензуры,2.5433214846597183
с учётом цензуры,5.232297408334396
с учётом цензуры,24.194977154109594
с учётом цензуры,62.49561050354618
с учётом цензуры,11.933697106958755
с учётом цензуры,4.675709137339153
с учётом цензуры,33.29684351115968
с учётом цензуры,2.9421656674982524
с учётом цензуры,15.825775179515132
с учётом цензуры,3.768303446704721
с учётом цензуры,3.943975534362303
с учётом цензуры,2.938839657095463
с учётом цензуры,8.393968365108732
с учётом цензуры,3.539891921735749
с учётом цензуры,31.353270408840753
с учётом цензуры,24.91791644686667
с учётом цензуры,7.520047673974505
с учётом цензуры,24.255869951185417
с учётом цензуры,9.807996281784675
с учётом цензуры,19.814777151989595
с учётом цензуры,33.80644237576785
с учётом цензуры,27.437638156099283
с учётом цензуры,4.831467103316979
с учётом цензуры,24.257634130011265
с учётом цензуры,18.436430057317544
с учётом цензуры,4.591114453444349
с учётом цензуры,3.6021889421388633
с учётом цензуры,11.169822467140024
с учётом цензуры,3.5546405529009464
с учётом цензуры,6.968437587763187
с учётом цензуры,11.170387285674341
с учётом цензуры,24.925374689390058
с учётом цензуры,8.74482815403978
с учётом цензуры,15.314176643726864
с учётом цензуры,6.0885764648918235
с учётом цензуры,3.64037851530918
с учётом цензуры,6.13473117748571
с учётом цензуры,8.188536887189285
с учётом цензуры,31.575257731082683
с учётом цензуры,17.526675605347798
с учётом цензуры,14.730528187681204
с учётом цензуры,13.532221597405297
с учётом цензуры,7.041836391526577
с учётом цензуры,4.7147763912587655
с учётом цензуры,21.222611220312764
с учётом цензуры,4.323437464840145
с учётом цензуры,19.171422824476583
с учётом цензуры,36.46368276183927
с учётом цензуры,5.139859131115196
с учётом цензуры,6.104437369586909
с учётом цензуры,20.612521586372473
с учётом цензуры,13.808252316800653
с учётом цензуры,25.205740815552424
с учётом цензуры,24.106539003091072
с учётом цензуры,15.857845317449629
с учётом цензуры,20.18744241001631
с учётом цензуры,16.785363138427776
с учётом цензуры,12.26129961993616
с учётом цензуры,42.29110105106637
с учётом цензуры,17.570496038485157
с учётом цензуры,13.668784056104645
с учётом цензуры,10.290858352204731
с учётом цензуры,21.083043338940165
с учётом цензуры,11.650069180897058
с учётом цензуры,10.044099721332769
с учётом цензуры,9.344642222619292
с учётом цензуры,22.547358473684103
с учётом цензуры,12.56188910553616
с учётом цензуры,11.516300755352987
с учётом цензуры,22.802622381511988
с учётом цензуры,18.51033419114971
с учётом цензуры,5.385139539880307
с учётом цензуры,12.450764363524517
с учётом цензуры,8.663848015902573
с учётом цензуры,17.491674323099566
с учётом цензуры,3.7529084054095367
с учётом цензуры,23.922552094040874
с учётом цензуры,6.959060008976325
с учётом цензуры,22.74765738528521
с учётом цензуры,11.231420101839735
с учётом цензуры,25.961541258738066
с учётом цензуры,13.088840748618711
с учётом цензуры,9.851246314682415
с учётом цензуры,19.716438605116494
с учётом цензуры,6.83066129861092
с учётом цензуры,10.64032542932789
с учётом цензуры,8.975102350613769
с учётом цензуры,3.4643231816329396
с учётом цензуры,44.93958735031386
с учётом цензуры,14.531115392625452
с учётом цензуры,8.066193003756643
с учётом цензуры,15.291995695499734
с учётом цензуры,14.918547626270003
с учётом цензуры,46.9075791732684
с учётом цензуры,7.1131824267793435
с учётом цензуры,10.04183549701628
с учётом цензуры,3.2773511425878388
с учётом цензуры,13.674350592160987
с учётом цензуры,9.208149755058326
с учётом цензуры,5.746857937802743
с учётом цензуры,7.831899054247502
с учётом цензуры,11.522019450289678
с учётом цензуры,6.4987507518103405
с учётом цензуры,34.61489020793689
с учётом цензуры,9.11807678508913
с учётом цензуры,7.942039885995294
с учётом цензуры,8.958567052159134
с учётом цензуры,10.549655447898402
с учётом цензуры,24.51298109812934
с учётом цензуры,5.641700831975212
с учётом цензуры,2.683964529363064
с учётом цензуры,4.806819210656262
с учётом цензуры,10.05745892178326
с учётом цензуры,19.78172613011946
с учётом цензуры,13.489604391280386
с учётом цензуры,5.126213943917213
с учётом цензуры,15.686107211186185
с учётом цензуры,17.934220653188092
с учётом цензуры,40.43835322290615
с учётом цензуры,15.606637827952305
с учётом цензуры,7.074710055747269
с учётом цензуры,3.9307010895946837
с учётом цензуры,8.45987713375128
с учётом цензуры,5.445991371877467
с учётом цензуры,13.760637892266677
с учётом цензуры,7.958586006788294
с учётом цензуры,44.84779596011372
с учётом цензуры,34.9675605691768
с учётом цензуры,7.131725836708166
с учётом цензуры,46.51012483187192
с учётом цензуры,18.175952152492982
с учётом цензуры,22.522052386165562
с учётом цензуры,8.686542804064294
с учётом цензуры,21.88145358641564
с учётом цензуры,38.337615598862264
с учётом цензуры,22.919957906374957
с учётом цензуры,8.82980713115139
с учётом цензуры,8.49676598522328
с учётом цензуры,24.610172923649994
с учётом цензуры,3.8608240123637554
с учётом цензуры,4.031314232929854
с учётом цензуры,11.576912596245505
с учётом цензуры,17.119083037020587
с учётом цензуры,17.01378204591247
с учётом цензуры,21.58435591078186
с учётом цензуры,3.1111536765374685
с учётом цензуры,34.24136321423295
с учётом цензуры,17.060228660611468
с учётом цензуры,17.48360971928112
с учётом цензуры,6.183963022248199
с учётом цензуры,9.390124609828952
с учётом цензуры,9.557846628906375
с учётом цензуры,12.209530960833595
с учётом цензуры,29.842783846679463
с учётом цензуры,54.41382275160103
с учётом цензуры,6.562789004237457
с учётом цензуры,13.661528834528603
с учётом цензуры,8.970851101527288
с учётом цензуры,7.339293089620318
с учётом цензуры,36.12834479327038
с учётом цензуры,17.012124839762144
с учётом цензуры,7.534649286395272
с учётом цензуры,28.2237435879662
с учётом цензуры,10.64748591901556
с учётом цензуры,14.958121444218806
с учётом цензуры,21.71385016573834
с учётом цензуры,18.76390558442869
с учётом цензуры,9.65932047742833
с учётом цензуры,34.00094889457435
с учётом цензуры,7.9477018472105
с учётом цензуры,16.430206188843897
с учётом цензуры,34.034249808141205
с учётом цензуры,11.770769249208882
с учётом цензуры,31.89337733107805
с учётом цензуры,19.70114827894204
с учётом цензуры,12.808897894010531
с учётом цензуры,14.484958300966776
с учётом цензуры,23.29965706264192
с учётом цензуры,9.20612422122635
с учётом цензуры,4.569012955775358
с учётом цензуры,5.7075065947135775
с учётом цензуры,4.736171205976191
с учётом цензуры,4.5915170356027435
с учётом цензуры,8.551370538170389
с учётом цензуры,17.055137902195916
с учётом цензуры,9.930251281912277
с учётом цензуры,17.937696064396423
с учётом цензуры,10.947062003727442
с учётом цензуры,5.728567015704755
с учётом цензуры,16.947135447204694
с учётом цензуры,13.889715618830698
с учётом цензуры,8.863322107572504
с учётом цензуры,24.538307673903443
с учётом цензуры,5.2627691323402495
с учётом цензуры,48.14247228830552
с учётом цензуры,6.090015845876872
с учётом цензуры,40.84475898403074
с учётом цензуры,22.172329228837604
с учётом цензуры,9.703398772336069
с учётом цензуры,18.03559139649845
с учётом цензуры,6.66413720418676
с учётом цензуры,8.742984875695912
с учётом цензуры,11.802514628256496
с учётом цензуры,6.442329732285307
с учётом цензуры,11.217883759620257
с учётом цензуры,12.514116519178216
с учётом цензуры,6.33064351348168
с учётом цензуры,14.067686844854967
с учётом цензуры,8.851335746217934
с учётом цензуры,6.49994007209321
с учётом цензуры,10.423033734564086
с учётом цензуры,9.480154213707404
с учётом цензуры,13.10911326128011
с учётом цензуры,12.339451617122622
с учётом цензуры,23.507223196046105
с учётом цензуры,5.623599525597309
с учётом цензуры,5.476959206226592
с учётом цензуры,12.017322402062371
с учётом цензуры,12.864555388160676
с учётом цензуры,13.09852056947031
с учётом цензуры,11.532927642124788
с учётом цензуры,7.697955278411406
с учётом цензуры,7.2732530070966686
с учётом цензуры,5.463507899099792
с учётом цензуры,5.482026246080897
с учётом цензуры,28.65551411877594
с учётом цензуры,27.753596993469223
с учётом цензуры,5.551763652908799
с учётом цензуры,6.148999521700455
с учётом цензуры,29.45104470032275
с учётом цензуры,26.193744554939812
с учётом цензуры,9.589046571812887
с учётом цензуры,3.4560231748990273
с учётом цензуры,7.722177027394732
с учётом цензуры,20.02948233282197
с учётом цензуры,13.99515705855385
с учётом цензуры,16.72692941960093
с учётом цензуры,2.737592498747994
с учётом цензуры,10.986340053292015
с учётом цензуры,5.332659699588415
с учётом цензуры,23.7636931107943
с учётом цензуры,35.12690628949917
с учётом цензуры,10.539950385007915
с учётом цензуры,17.762316667223047
с учётом цензуры,17.337441800291728
с учётом цензуры,22.217737967128826
с учётом цензуры,10.651599004003938
с учётом цензуры,5.676607829716176
с учётом цензуры,14.750999221094915
с учётом цензуры,7.299417930123359
с учётом цензуры,29.37356454609655
с учётом цензуры,13.201100675805158
с учётом цензуры,17.150284446472426
с учётом цензуры,6.1877624337686425
с учётом цензуры,22.177320889836118
с учётом цензуры,9.601138718963327
с учётом цензуры,13.262542765371016
с учётом цензуры,5.192764919513165
с учётом цензуры,9.782409684893706
с учётом цензуры,8.186386105741864
с учётом цензуры,3.9382060227105615
с учётом цензуры,23.256357225167363
с учётом цензуры,19.149339372095127
с учётом цензуры,23.90651193788615
с учётом цензуры,7.1027664917608355
с учётом цензуры,13.543766769363057
с учётом цензуры,49.503059126260254
с учётом цензуры,6.924686430368352
с учётом цензуры,17.80816899205848
с учётом цензуры,12.563663655755544
с учётом цензуры,4.277383932811096
с учётом цензуры,20.57645391209492
с учётом цензуры,29.867096299523908
с учётом цензуры,26.803573658207714
с учётом цензуры,17.5556295987324
с учётом цензуры,5.738435518640832
с учётом цензуры,11.250533000970282
с учётом цензуры,14.644722184355496
с учётом цензуры,19.823737361379067
с учётом цензуры,36.62307136822149
с учётом цензуры,27.61273405619093
с учётом цензуры,44.26441796645737
с учётом цензуры,10.306003518448648
с учётом цензуры,14.437904399920718
с учётом цензуры,16.0067523972717
с учётом цензуры,13.300991014305705
с учётом цензуры,23.10636307675236
с учётом цензуры,7.087877512378947
с учётом цензуры,26.27837377461453
с учётом цензуры,13.065295120247228
с учётом цензуры,7.845848740877155
с учётом цензуры,9.957717368902108
с учётом цензуры,6.388000742262415
с учётом цензуры,7.701986037304017
с учётом цензуры,15.730926824195056
с учётом цензуры,23.768127000356213
с учётом цензуры,23.415702957529383
с учётом цензуры,8.426625173712594
с учётом цензуры,11.58131805567711
с учётом цензуры,11.534064463440632
с учётом цензуры,35.11074505076722
с учётом цензуры,13.577899074559024
с учётом цензуры,4.138049580083207
с учётом цензуры,4.615536550185907
с учётом цензуры,37.921383370417004
с учётом цензуры,13.387162464904117
с учётом цензуры,15.001402387109621
с учётом цензуры,8.147965995516119
с учётом цензуры,10.773542049728578
с учётом цензуры,3.6175343009035688
с учётом цензуры,6.482143718758038
с учётом цензуры,4.886401086929184
с учётом цензуры,5.777058776231744
с учётом цензуры,12.965209497898767
с учётом цензуры,12.535722557411558
с учётом цензуры,3.9835485008737397
с учётом цензуры,18.112852659118627
с учётом цензуры,20.542570699893847
с учётом цензуры,30.158328537790645
с учётом цензуры,9.249848633244037
с учётом цензуры,34.34414672716611
с учётом цензуры,6.691022981379623
с учётом цензуры,8.809112453048838
с учётом цензуры,8.10919360661402
с учётом цензуры,6.017686545970854
с учётом цензуры,24.51333378945619
с учётом цензуры,8.790192661168602
с учётом цензуры,18.651470361585844
с учётом цензуры,2.0547625082815424
с учётом цензуры,11.176998092917776
с учётом цензуры,7.388927348752992
с учётом цензуры,11.312818167525748
с учётом цензуры,24.127650588757426
с учётом цензуры,39.62171398263079
с учётом цензуры,9.51088465396789
с учётом цензуры,18.967226880886777
с учётом цензуры,38.840548762721994
с учётом цензуры,11.927751962493431
с учётом цензуры,11.137889096640397
с учётом цензуры,16.276039744990335
с учётом цензуры,5.587666142056768
с учётом цензуры,17.24314471293683
с учётом цензуры,17.229630739594473
с учётом цензуры,29.539814828171526
с учётом цензуры,2.7164779080613775
с учётом цензуры,4.686925827124987
с учётом цензуры,25.791261688289506
с учётом цензуры,9.413782008733916
с учётом цензуры,13.73134687323331
с учётом цензуры,11.698841241255202
с учётом цензуры,34.21606570020456
с учётом цензуры,6.426220959244162
с учётом цензуры,20.03095311343379
с учётом цензуры,25.709250381591094
с учётом цензуры,7.420801521617492
с учётом цензуры,19.866471408264605
с учётом цензуры,12.028556551771088
с учётом цензуры,44.76525392437767
с учётом цензуры,11.671981863717487
с учётом цензуры,16.801385720051847
с учётом цензуры,21.587937247525623
с учётом цензуры,13.09206893727068
с учётом цензуры,17.22068421424494
с учётом цензуры,8.808388069443053
с учётом цензуры,21.098579040348763
с учётом цензуры,11.828705236330666
с учётом цензуры,1.5751549377549598
с учётом цензуры,9.618407116093488
с учётом цензуры,52.30930234513884
с учётом цензуры,17.69487578649154
с учётом цензуры,18.69159303093729
с учётом цензуры,12.761136970357839
с учётом цензуры,13.883174062795218
с учётом цензуры,36.29977654833708
с учётом цензуры,13.419311384609998
с учётом цензуры,14.880364783468528
с учётом цензуры,16.635751219562014
с учётом цензуры,30.61740219345903
с учётом цензуры,44.81587552854833
с учётом цензуры,44.51477953208291
с учётом цензуры,29.543873484503926
с учётом цензуры,9.759518499159043
с учётом цензуры,5.4136853968751835
с учётом цензуры,4.4449186686570625
с учётом цензуры,4.711994806545039
с учётом цензуры,22.568393857127546
с учётом цензуры,22.726565760399215
с учётом цензуры,12.555008424497391
с учётом цензуры,17.499842540870517
с учётом цензуры,8.585915020645691
с учётом цензуры,3.340532898016185
с учётом цензуры,10.49875975988162
с учётом цензуры,7.424674415020048
с учётом цензуры,12.493935100551752
с учётом цензуры,6.061934530306277
с учётом цензуры,6.848672691498054
с учётом цензуры,9.008164085234128
с учётом цензуры,29.305140922431697
с учётом цензуры,19.194087106685906
с учётом цензуры,20.247137943336742
с учётом цензуры,22.70860303183271
с учётом цензуры,8.247647591213399
с учётом цензуры,31.860493457339274
с учётом цензуры,7.401211864014455
с учётом цензуры,24.71612678279314
с учётом цензуры,18.260390653413545
с учётом цензуры,8.772112502730472
с учётом цензуры,30.531064113420438
с учётом цензуры,2.4356942722241772
с учётом цензуры,12.087936655837296
с учётом цензуры,15.743045045076446
с учётом цензуры,7.355895455151703
с учётом цензуры,17.25461433981903
с учётом цензуры,10.995040040060184
с учётом цензуры,23.539134975490107
с учётом цензуры,10.577058407633697
с учётом цензуры,5.201516299044688
с учётом цензуры,16.000712944734197
с учётом цензуры,12.759166925400738
с учётом цензуры,16.609976515776584
с учётом цензуры,44.01972495058059
с учётом цензуры,9.084190116981558
с учётом цензуры,13.658406803582723
с учётом цензуры,14.390176141969391
с учётом цензуры,15.976334288894176
с учётом цензуры,21.057268620993543
с учётом цензуры,10.94431398493888
с учётом цензуры,20.322977563518215
с учётом цензуры,7.708544779419165
с учётом цензуры,17.720287260107096
с учётом цензуры,23.660011186164525
с учётом цензуры,10.143036871771061
с учётом цензуры,17.29537325523865
с учётом цензуры,19.67587791875446
с учётом цензуры,77.37883385824966
с учётом цензуры,10.105054339056293
с учётом цензуры,7.237910346570576
с учётом цензуры,12.389427301786007
с учётом цензуры,9.422073292613895
с учётом цензуры,34.2378516379096
с учётом цензуры,21.13903481091191
с учётом цензуры,6.502512589225107
с учётом цензуры,19.291409057437853
с учётом цензуры,15.33730787180069
с учётом цензуры,12.245865560440846
с учётом цензуры,11.031365675117534
с учётом цензуры,7.352569924483723
с учётом цензуры,16.597022087382378
с учётом цензуры,4.271679961539738
с учётом цензуры,9.718593256821189
с учётом цензуры,46.412519756748495
с учётом цензуры,7.522533665096137
с учётом цензуры,27.793307606639804
с учётом цензуры,5.479541739239507
с учётом цензуры,4.495326878326884
с учётом цензуры,10.939283394063267
с учётом цензуры,7.403672134618574
с учётом цензуры,10.477138307540464
с учётом цензуры,19.795637490985314
с учётом цензуры,1.245314039804818
с учётом цензуры,8.565866609444473
с учётом цензуры,41.08506212338981
с учётом цензуры,16.579513866488487
с учётом цензуры,24.143784915678584
с учётом цензуры,8.737311769198591
с учётом цензуры,5.246938157736148
с учётом цензуры,6.146549068675705
с учётом цензуры,40.63169064339469
с учётом цензуры,3.025234125170083
с учётом цензуры,12.861675732938204
с учётом цензуры,20.447389303471603
с учётом цензуры,24.474066750421382
с учётом цензуры,19.92854319775585
с учётом цензуры,15.626014999862893
с учётом цензуры,24.908981472918867
с учётом цензуры,28.384422816499395
с учётом цензуры,11.579454177804605
с учётом цензуры,14.19772378121698
с учётом цензуры,5.989787861577656
с учётом цензуры,14.294473120404781
с учётом цензуры,30.95903396680829
с учётом цензуры,12.958825903223701
с учётом цензуры,22.167409493646012
с учётом цензуры,5.968196255070833
с учётом цензуры,3.273956292639503
с учётом цензуры,19.424893736840097
с учётом цензуры,27.163006719353902
с учётом цензуры,5.237273861111066
с учётом цензуры,15.020153996857676
с учётом цензуры,18.6566695300834
с учётом цензуры,31.363698654097902
с учётом цензуры,10.701574472682701
с учётом цензуры,8.71408270493998
с учётом цензуры,6.713270140976196
с учётом цензуры,8.137652383466744
с учётом цензуры,18.448532528117507
с учётом цензуры,23.636095735203188
с учётом цензуры,14.333084338272384
с учётом цензуры,53.51002301954373
с учётом цензуры,11.24787304601943
с учётом цензуры,17.07911982527885
с учётом цензуры,6.758258232659747
с учётом цензуры,33.2714620899403
с учётом цензуры,19.295383263368354
с учётом цензуры,17.67223197185725
с учётом цензуры,12.446251063506745
с учётом цензуры,18.98370728901019
с учётом цензуры,8.518782083096568
с учётом цензуры,21.985912065231553
с учётом цензуры,12.468772035913059
с учётом цензуры,11.374757090618242
с учётом цензуры,4.971067940041003
с учётом цензуры,22.274676497854475
с учётом цензуры,37.95794994049101
с учётом цензуры,65.4066892136544
с учётом цензуры,7.838201752563267
с учётом цензуры,22.418183031031084
с учётом цензуры,22.332628886403455
с учётом цензуры,6.196047878026528
с учётом цензуры,9.08828145998988
с учётом цензуры,6.910900984711698
с учётом цензуры,5.03666043157931
с учётом цензуры,2.7881411237846137
с учётом цензуры,12.111139275284497
с учётом цензуры,9.068748375842688
с учётом цензуры,13.347519067284157
с учётом цензуры,24.929224696766738
с учётом цензуры,5.924121437275183
с учётом цензуры,11.019376991315252
с учётом цензуры,9.476978401084335
с учётом цензуры,15.140842947045876
с учётом цензуры,4.165505943147984
с учётом цензуры,6.708816967226081
с учётом цензуры,10.594569543248696
с учётом цензуры,75.93365280231238
с учётом цензуры,33.71670341624501
с учётом цензуры,42.59321947224684
с учётом цензуры,11.113884974415447
с учётом цензуры,5.704308735378744
с учётом цензуры,6.6875152886969005
с учётом цензуры,1.1753589969668083
с учётом цензуры,14.212071453200444
с учётом цензуры,8.277791385716538
с учётом цензуры,30.336534320603793
с учётом цензуры,16.440322651379546
с учётом цензуры,5.206438934175525
с учётом цензуры,4.714941367538697
с учётом цензуры,36.55783737726571
с учётом цензуры,9.85643233936278
с учётом цензуры,3.6839654553573893
с учётом цензуры,37.27388604564402
с учётом цензуры,9.012970744537846
с учётом цензуры,11.104988428810334
с учётом цензуры,50.117332151084995
с учётом цензуры,13.085413082395725
с учётом цензуры,13.350049495079496
с учётом цензуры,4.603788200773004
с учётом цензуры,7.507277098233859
с учётом цензуры,23.500316020583334
с учётом цензуры,55.08693354364685
с учётом цензуры,23.485731158407866
с учётом цензуры,18.47189286130574
с учётом цензуры,26.07725146325315
с учётом цензуры,38.755591675500625
с учётом цензуры,7.821188145805525
с учётом цензуры,11.945968266736305
с учётом цензуры,4.846971780006489
с учётом цензуры,23.350545556564352
с учётом цензуры,12.017453308189893
с учётом цензуры,11.339943362878392
с учётом цензуры,8.602678836636903
с учётом цензуры,9.606215533372108
с учётом цензуры,2.600391989974926
с учётом цензуры,24.11219503330031
с учётом цензуры,10.831216549728131
с учётом цензуры,9.721612891878825
с учётом цензуры,5.070538457899408
с учётом цензуры,18.81041688151428
с учётом цензуры,19.141561583720073
с учётом цензуры,10.288617879936925
с учётом цензуры,5.614070712828709
с учётом цензуры,3.231371144747306
с учётом цензуры,20.467736204699005
с учётом цензуры,10.600747187095385
с учётом цензуры,12.227252813698435
с учётом цензуры,11.092139516310844
с учётом цензуры,9.694914979675147
с учётом цензуры,19.563028484558487
с учётом цензуры,9.852097569771688
с учётом цензуры,1.9994839915635063
с учётом цензуры,28.43117655583012
с учётом цензуры,11.902943656151988
с учётом цензуры,2.6731105775361605
с учётом цензуры,9.507071118661006
с учётом цензуры,26.94360814045121
с учётом цензуры,25.679273975064536
с учётом цензуры,9.197708794215961
с учётом цензуры,11.393904670943646
с учётом цензуры,13.091598174204009
с учётом цензуры,15.951341159741148
с учётом цензуры,3.3351824356044344
с учётом цензуры,4.314526478973374
с учётом цензуры,17.04848617410855
с учётом цензуры,11.43590483499046
с учётом цензуры,17.770118124998554
с учётом цензуры,13.104071631689362
с учётом цензуры,16.66294856689194
с учётом цензуры,11.151675520815218
с учётом цензуры,21.61281504295382
с учётом цензуры,10.658079007449476
с учётом цензуры,10.49086942693185
с учётом цензуры,16.195289582123735
с учётом цензуры,5.691770399450185
с учётом цензуры,21.077170691321765
с учётом цензуры,21.97850217426564
с учётом цензуры,6.818408997320369
с учётом цензуры,8.391213248136383
с учётом цензуры,6.547261493055093
с учётом цензуры,21.265901812852626
с учётом цензуры,3.292561833302702
с учётом цензуры,5.52228340285297
с учётом цензуры,16.21113171719167
с учётом цензуры,17.8364073802134
с учётом цензуры,39.8283539549375
с учётом цензуры,17.70020477924723
с учётом цензуры,27.150298170188584
с учётом цензуры,77.65442520131317
с учётом цензуры,4.367641944796303
с учётом цензуры,10.230612633502737
с учётом цензуры,47.04642978347593
с учётом цензуры,13.250736479320002
с учётом цензуры,25.95120623251082
с учётом цензуры,22.65757859540719
с учётом цензуры,42.997336867659634
с учётом цензуры,4.740174822152984
с учётом цензуры,7.671970351588518
с учётом цензуры,14.997858315921544
с учётом цензуры,16.14235833431935
с учётом цензуры,9.061524615278012
с учётом цензуры,12.013011535949339
с учётом цензуры,7.346270647858235
с учётом цензуры,18.91302037047761
с учётом цензуры,7.892625906601117
с учётом цензуры,8.510146789623514
с учётом цензуры,29.78862638320851
с учётом цензуры,9.314891371434069
с учётом цензуры,3.513575417491748
с учётом цензуры,8.14074184678054
с учётом цензуры,6.310515172691689
с учётом цензуры,31.65590945623108
с учётом цензуры,23.191769527968294
с учётом цензуры,31.14017066949838
с учётом цензуры,22.0306215475266
с учётом цензуры,11.741477092495092
с учётом цензуры,13.679353203929992
с учётом цензуры,15.44356049372897
с учётом цензуры,8.628029456984686
с учётом цензуры,15.304124157996437
с учётом цензуры,15.762662805731791
с учётом цензуры,5.026747037503627
с учётом цензуры,3.2539176704273602
с учётом цензуры,37.054064300284075
с учётом цензуры,3.681812223964867
с учётом цензуры,3.5159093116990063
с учётом цензуры,13.699334437435994
с учётом цензуры,19.346349215336527
с учётом цензуры,2.268631153178412
с учётом цензуры,7.443474204448745
с учётом цензуры,32.59480646020004
с учётом цензуры,16.099666111396445
с учётом цензуры,9.918421518310934
с учётом цензуры,9.358835207658057
с учётом цензуры,18.284628854764083
с учётом цензуры,11.765932187586863
с учётом цензуры,10.004687141071805
с учётом цензуры,13.547603842488575
с учётом цензуры,4.674017422037179
с учётом цензуры,6.653928186077307
с учётом цензуры,22.825874192371458
с учётом цензуры,16.43915433092708
с учётом цензуры,5.812444903645675
с учётом цензуры,41.59990470608065
с учётом цензуры,3.4475768889700733
с учётом цензуры,15.405829360866395
с учётом цензуры,6.304174068752882
с учётом цензуры,19.97428524683922
с учётом цензуры,8.844235372273921
с учётом цензуры,34.23511693096476
с учётом цензуры,12.84783195065865
с учётом цензуры,6.1536170737215805
с учётом цензуры,5.236398404938291
с учётом цензуры,11.649349733633484
с учётом цензуры,17.394744089656008
с учётом цензуры,4.889737200832746
с учётом цензуры,24.710356339796906
с учётом цензуры,6.6202359007537686
с учётом цензуры,16.980854342906717
с учётом цензуры,20.2653582643309
с учётом цензуры,4.892794154820079
с учётом цензуры,8.917806204817632
с учётом цензуры,34.94386301811244
с учётом цензуры,19.158397725713456
с учётом цензуры,15.919136667020103
с учётом цензуры,8.088038724100373
с учётом цензуры,2.0250605752852486
с учётом цензуры,11.383300177312256
с учётом цензуры,37.49876020785203
с учётом цензуры,15.76378779787085
с учётом цензуры,8.445952723647041
с учётом цензуры,5.9388591026687765
с учётом цензуры,3.4563623544289266
с учётом цензуры,9.461764830846958
с учётом цензуры,15.788980223628663
с учётом цензуры,25.476497362524295
с учётом цензуры,15.119571317778526
с учётом цензуры,9.149101847858997
с учётом цензуры,18.959031550851083
с учётом цензуры,13.9239028300318
с учётом цензуры,16.19603574119572
с учётом цензуры,32.68839064581339
с учётом цензуры,33.761195792038166
с учётом цензуры,18.975798272560944
с учётом цензуры,18.221475565807225
с учётом цензуры,11.017278387550157
с учётом цензуры,24.903127270714542
с учётом цензуры,11.197195662612097
с учётом цензуры,11.80927309166173
с учётом цензуры,14.330877868640256
с учётом цензуры,11.257958453056332
с учётом цензуры,42.26136991211447
с учётом цензуры,18.10612968652792
с учётом цензуры,25.369350464706432
с учётом цензуры,8.428638427755411
с учётом цензуры,14.113776286509513
с учётом цензуры,10.249161901852982
с учётом цензуры,9.132340731500651
с учётом цензуры,11.345737070578128
с учётом цензуры,13.124509561673548
с учётом цензуры,18.607162231510028
с учётом цензуры,5.107073996952111
с учётом цензуры,11.323523475424267
с учётом цензуры,22.01197995309864
с учётом цензуры,27.470026223858085
с учётом цензуры,30.479787170534145
с учётом цензуры,9.323459128121607
с учётом цензуры,14.205019836657627
с учётом цензуры,11.623082795103624
с учётом цензуры,19.562757132082258
с учётом цензуры,6.020713018871913
с учётом цензуры,6.003475602002676
с учётом цензуры,30.648291901816613
с учётом цензуры,13.506411699091625
с учётом цензуры,4.366711324166397
с учётом цензуры,32.900000951554446
с учётом цензуры,4.123711614274117
с учётом цензуры,44.33950340897496
с учётом цензуры,25.565952123535098
с учётом цензуры,5.487665307933028
с учётом цензуры,15.083590490943019
с учётом цензуры,8.019473049716327
с учётом цензуры,18.192705739795166
с учётом цензуры,15.403291324951944
с учётом цензуры,17.151413712923194
с учётом цензуры,33.38638655642766
с учётом цензуры,3.5389681877826282
с учётом цензуры,11.524410504324887
с учётом цензуры,30.559750240473726
с учётом цензуры,9.68698845395739
с учётом цензуры,8.10347274093316
с учётом цензуры,7.997857263760125
с учётом цензуры,14.421232020610272
с учётом цензуры,14.671422356347895
с учётом цензуры,33.15762718461094
с учётом цензуры,12.442666350367674
с учётом цензуры,21.15193507774714
с учётом цензуры,17.003982768808513
с учётом цензуры,17.92105267458204
с учётом цензуры,17.950389423468334
с учётом цензуры,20.704223560441534
с учётом цензуры,7.1564321508300495
с учётом цензуры,9.21520746421325
с учётом цензуры,10.605491193247992
с учётом цензуры,5.821966243749492
с учётом цензуры,14.582419098325811
с учётом цензуры,10.042976437958696
с учётом цензуры,16.794099953926604
с учётом цензуры,16.775690936076145
с учётом цензуры,24.258639538098713
с учётом цензуры,12.960484702021102
с учётом цензуры,4.830242032544402
с учётом цензуры,28.308026870001235
с учётом цензуры,34.5603886584766
с учётом цензуры,2.758055973413626
с учётом цензуры,30.861863482713343
с учётом цензуры,17.730044620041383
с учётом цензуры,14.313358924729433
с учётом цензуры,17.489298816188864
с учётом цензуры,12.759073992923685
с учётом цензуры,5.659326023611969
с учётом цензуры,24.1166665907519
с учётом цензуры,7.167463705799909
с учётом цензуры,21.73303661572362
с учётом цензуры,22.685683035642242
с учётом цензуры,17.031931868270064
с учётом цензуры,10.600933010514598
с учётом цензуры,16.62576376768312
с учётом цензуры,7.552306473074916
с учётом цензуры,6.674406828993214
с учётом цензуры,10.317514198294003
с учётом цензуры,15.301404288293405
с учётом цензуры,11.371238491599515
с учётом цензуры,33.75421737364725
с учётом цензуры,9.899272894716365
с учётом цензуры,13.80320622026938
с учётом цензуры,16.309717230259544
с учётом цензуры,20.244847748058497
с учётом цензуры,13.159340530378975
с учётом цензуры,6.451909161541748
с учётом цензуры,14.854110932778639
с учётом цензуры,11.760090181454526
с учётом цензуры,16.313112791026136
с учётом цензуры,41.08837269122543
с учётом цензуры,11.207646123678167
с учётом цензуры,29.89644677742573
с учётом цензуры,5.492356292373028
с учётом цензуры,6.296272685379529
с учётом цензуры,6.47661767315039
с учётом цензуры,7.6700354928529695
с учётом цензуры,11.078879468722715
с учётом цензуры,20.099943539717437
с учётом цензуры,6.345188838306794
с учётом цензуры,4.636316198849447
с учётом цензуры,7.90542846557134
с учётом цензуры,5.92874769565742
с учётом цензуры,24.616363308032984
с учётом цензуры,21.07800892985355
с учётом цензуры,3.2286804077214515
с учётом цензуры,16.041679790982037
с учётом цензуры,12.56598833947044
с учётом цензуры,15.096985482800939
с учётом цензуры,8.710613125457835
с учётом цензуры,40.27512967788808
с учётом цензуры,18.019825361421844
с учётом цензуры,1.5802900998297842
с учётом цензуры,20.34381748476741
с учётом цензуры,36.62582824850374
с учётом цензуры,11.516943258275846
с учётом цензуры,12.609806142704493
с учётом цензуры,20.6376136796413
с учётом цензуры,4.863635235554391
с учётом цензуры,3.4452130501826357
с учётом цензуры,29.34806984865675
с учётом цензуры,10.160521993867713
с учётом цензуры,10.54676313036665
с учётом цензуры,23.191987826183198
с учётом цензуры,11.70552626842893
с учётом цензуры,2.297164405555786
с учётом цензуры,10.456896585915324
с учётом цензуры,11.408726142600875
с учётом цензуры,10.438011232259282
с учётом цензуры,3.2561747121386353
с учётом цензуры,3.8259891611304675
с учётом цензуры,22.558315456954077
с учётом цензуры,5.5245955039379195
с учётом цензуры,29.746818375562167
с учётом цензуры,2.541257702612656
с учётом цензуры,5.288721183325272
с учётом цензуры,8.745168326939936
с учётом цензуры,32.04255859811813
с учётом цензуры,5.790673739496725
с учётом цензуры,14.51435567095616
с учётом цензуры,13.905623602615204
с учётом цензуры,13.88074154169474
с учётом цензуры,4.120857944590744
с учётом цензуры,22.75691229245544
с учётом цензуры,11.37818653667582
с учётом цензуры,33.40564225860111
с учётом цензуры,21.385258536277828
с учётом цензуры,15.837648251263749
с учётом цензуры,7.605856332836902
с учётом цензуры,14.630683724527312
с учётом цензуры,3.27697012957693
с учётом цензуры,25.141647558471863
с учётом цензуры,20.35348168022135
с учётом цензуры,4.116563553954455
с учётом цензуры,5.425716236455232
с учётом цензуры,12.203966312090152
с учётом цензуры,40.78193194295825
с учётом цензуры,12.36816543857282
с учётом цензуры,6.509600625475047
с учётом цензуры,21.077024505793723
с учётом цензуры,29.977271754051124
с учётом цензуры,4.722940275669869
с учётом цензуры,32.82211256339285
с учётом цензуры,22.495279886112794
с учётом цензуры,6.145949789154615
с учётом цензуры,3.1449441022199593
с учётом цензуры,8.234972207110602
с учётом цензуры,22.010102315622156
с учётом цензуры,23.092294829255216
с учётом цензуры,4.249912086707347
с учётом цензуры,24.56384505965522
с учётом цензуры,23.960016222862116
с учётом цензуры,7.55963164594222
с учётом цензуры,32.14350384736481
с учётом цензуры,34.377014566379465
с учётом цензуры,20.551045032203287
с учётом цензуры,13.824743159226635
с учётом цензуры,20.372107195793518
с учётом цензуры,10.999180401358178
с учётом цензуры,35.73021408523502
с учётом цензуры,12.770173927419172
с учётом цензуры,7.222450004724282
с учётом цензуры,86.32551182671023
с учётом цензуры,29.96750573793429
с учётом цензуры,25.44638745760908
с учётом цензуры,6.262651144463804
с учётом цензуры,33.4615413166583
с учётом цензуры,15.965219256896024
с учётом цензуры,26.36103907249288
с учётом цензуры,12.765901072670097
с учётом цензуры,19.190930073151932
с учётом цензуры,29.603019774763517
с учётом цензуры,13.546374685267747
с учётом цензуры,6.4607238635766
с учётом цензуры,3.4408432667540287
с учётом цензуры,7.62489485790303
с учётом цензуры,21.39424996120478
с учётом цензуры,8.297726383692988
с учётом цензуры,17.49588643485382
с учётом цензуры,2.159959327182567
с учётом цензуры,11.932348106459063
с учётом цензуры,26.81761866841976
с учётом цензуры,27.578308239292355
с учётом цензуры,7.177860175662507
с учётом цензуры,20.044097279948502
с учётом цензуры,23.309253750478977
с учётом цензуры,9.199172373987228
с учётом цензуры,20.068025679237913
с учётом цензуры,24.32268933674139
с учётом цензуры,17.971601650656442
с учётом цензуры,8.546143931888228
с учётом цензуры,18.103488122399988
с учётом цензуры,7.909014612667836
с учётом цензуры,9.837624921655777
с учётом цензуры,11.936917854400619
с учётом цензуры,3.8092903928969233
с учётом цензуры,21.06195512717254
с учётом цензуры,9.28523282635387
с учётом цензуры,31.9446954159187
с учётом цензуры,3.748527689078119
с учётом цензуры,3.469670489678493
с учётом цензуры,14.235597561237055
с учётом цензуры,5.999109095246297
с учётом цензуры,2.2157828150082626
с учётом цензуры,9.612164411851644
с учётом цензуры,21.73782833534893
с учётом цензуры,8.11437816529393
с учётом цензуры,19.134586104943615
с учётом цензуры,7.767109514149734
с учётом цензуры,20.627067020651147
с учётом цензуры,10.005453259677196
с учётом цензуры,38.36969075726698
с учётом цензуры,19.6806775403736
с учётом цензуры,31.794913802960725
с учётом цензуры,20.179022647054364
с учётом цензуры,11.638244108300327
с учётом цензуры,10.757847746146219
с учётом цензуры,6.7734481130881194
с учётом цензуры,20.86696967454387
с учётом цензуры,8.073582686484077
с учётом цензуры,16.00091615428062
с учётом цензуры,9.18860864830172
с учётом цензуры,21.062481710373746
с учётом цензуры,5.937616239764722
с учётом цензуры,12.427676707343753
с учётом цензуры,3.780361670047923
с учётом цензуры,24.79603781543674
с учётом цензуры,24.684795914148122
с учётом цензуры,22.32597292642636
с учётом цензуры,2.951670174732369
с учётом цензуры,15.150056854309021
с учётом цензуры,12.343419203972832
с учётом цензуры,21.515071379483675
с учётом цензуры,9.706857834065133
с учётом цензуры,23.955154375864616
с учётом цензуры,13.718188151456333
с учётом цензуры,8.465321320716654
с учётом цензуры,42.05283864566994
с учётом цензуры,8.188915967755865
с учётом цензуры,9.347616021699213
с учётом цензуры,23.710723611316293
с учётом цензуры,6.595289072824972
с учётом цензуры,4.201363398869041
с учётом цензуры,21.160722055007714
с учётом цензуры,37.7887750834497
с учётом цензуры,36.77394948983584
с учётом цензуры,4.077262124797513
с учётом цензуры,16.48754759842355
с учётом цензуры,21.95470413938478
с учётом цензуры,9.419056811389504
с учётом цензуры,10.09848577706405
с учётом цензуры,15.12817170797568
с учётом цензуры,14.917851339364255
с учётом цензуры,14.188674829855017
с учётом цензуры,3.1083572607435843
с учётом цензуры,7.952386287272056
с учётом цензуры,24.347451812710737
с учётом цензуры,10.493692803019261
с учётом цензуры,15.227627313378436
с учётом цензуры,30.907810721378944
с учётом цензуры,11.811542047727297
с учётом цензуры,20.110573923301303
с учётом цензуры,18.48305938679998
с учётом цензуры,7.51654273761636
с учётом цензуры,48.05780990763454
с учётом цензуры,13.701102160245101
с учётом цензуры,4.68737833584157
с учётом цензуры,21.593397768805925
с учётом цензуры,48.67051410625474
с учётом цензуры,20.684721526642207
с учётом цензуры,12.722618686618429
с учётом цензуры,1.500323238437882
с учётом цензуры,13.386946696589245
с учётом цензуры,7.496935257267061
с учётом цензуры,5.838424153446587
с учётом цензуры,12.982554343540292
с учётом цензуры,15.292771170029924
с учётом цензуры,20.377582718298832
с учётом цензуры,10.01331515654132
с учётом цензуры,16.727702443882315
с учётом цензуры,6.207755142138948
с учётом цензуры,19.943414328396557
с учётом цензуры,7.716197849199748
с учётом цензуры,10.145575841332516
с учётом цензуры,12.877691913532159
с учётом цензуры,7.6811526439893125
с учётом цензуры,7.50303450342509
с учётом цензуры,8.930623014449045
с учётом цензуры,28.979975218313285
с учётом цензуры,8.419237408161445
с учётом цензуры,23.260433291993905
с учётом цензуры,51.22764390858982
с учётом цензуры,5.474273333473512
с учётом цензуры,5.588129919364901
с учётом цензуры,2.8470649396232712
с учётом цензуры,41.08186602897396
с учётом цензуры,18.28530073003771
с учётом цензуры,20.853758142772385
с учётом цензуры,14.227876900542453
с учётом цензуры,26.378481111735717
с учётом цензуры,16.181158938817568
с учётом цензуры,4.741355195036411
с учётом цензуры,21.957464842024834
с учётом цензуры,20.002680729340334
с учётом цензуры,8.458697925318347
с учётом цензуры,11.36746507127408
с учётом цензуры,21.903321262398222
с учётом цензуры,12.461725323696427
с учётом цензуры,3.4071915953782614
с учётом цензуры,25.115229533756718
с учётом цензуры,39.64761775117496
с учётом цензуры,12.295816817165361
с учётом цензуры,13.089600011948958
с учётом цензуры,7.499676884732648
с учётом цензуры,10.125199914718426
с учётом цензуры,13.543214050197292
с учётом цензуры,16.632625203018453
с учётом цензуры,12.536152401939201
с учётом цензуры,9.580940950042248
с учётом цензуры,12.55429441033277
с учётом цензуры,10.032808852221828
с учётом цензуры,7.2397870474867485
с учётом цензуры,6.160674505859548
с учётом цензуры,5.668833573142242
с учётом цензуры,23.775002227155834
с учётом цензуры,12.638774967639328
с учётом цензуры,25.03243087538122
с учётом цензуры,20.87682244889511
с учётом цензуры,36.282613535872834
с учётом цензуры,5.294583692316754
с учётом цензуры,44.71676751628956
с учётом цензуры,11.51730461550418
с учётом цензуры,1.559091076532654
с учётом цензуры,21.231571243526826
с учётом цензуры,13.478514350431164
с учётом цензуры,10.460299418418673
с учётом цензуры,10.732983665674928
с учётом цензуры,31.683522589141038
с учётом цензуры,46.65676905446962
с учётом цензуры,10.619903877420436
с учётом цензуры,14.417731131222803
с учётом цензуры,20.30984305130525
с учётом цензуры,23.05016755184151
с учётом цензуры,8.501772578139967
с учётом цензуры,16.31721358722285
с учётом цензуры,22.550923909233433
с учётом цензуры,11.242779660858194
с учётом цензуры,10.735872506460774
с учётом цензуры,19.76583719222851
с учётом цензуры,6.91101132342211
с учётом цензуры,5.257995782494346
с учётом цензуры,26.363032853911793
с учётом цензуры,19.749682332772746
с учётом цензуры,17.088297382800917
с учётом цензуры,13.216438664756506
с учётом цензуры,16.210906976044647
с учётом цензуры,3.211896402679283
с учётом цензуры,20.881780165470992
с учётом цензуры,5.386321038158059
с учётом цензуры,31.510568509694505
с учётом цензуры,27.803928165184512
с учётом цензуры,6.331611399504181
с учётом цензуры,4.439943534216425
с учётом цензуры,45.26085683587827
с учётом цензуры,12.109201018044281
с учётом цензуры,15.839152992411133
с учётом цензуры,8.792098408328762
с учётом цензуры,10.983102802946018
с учётом цензуры,79.59758672104411
с учётом цензуры,35.895137697325296
с учётом цензуры,2.6535068698227517
с учётом цензуры,18.481330186702973
с учётом цензуры,19.952035560496668
с учётом цензуры,9.566044882065878
с учётом цензуры,26.648659548414948
с учётом цензуры,6.913254461378534
с учётом цензуры,33.219490509682096
с учётом цензуры,15.963963915995858
с учётом цензуры,7.39690567630099
с учётом цензуры,22.502656257780046
с учётом цензуры,6.7275983403456445
с учётом цензуры,19.911622226627856
с учётом цензуры,36.95121273947365
с учётом цензуры,21.8811091253622
с учётом цензуры,16.185392102819467
с учётом цензуры,17.235453223019785
с учётом цензуры,13.619915582317448
с учётом цензуры,5.632575970622955
с учётом цензуры,3.536461671142944
с учётом цензуры,2.7062981855446138
с учётом цензуры,9.188369889996192
с учётом цензуры,12.970041801044518
с учётом цензуры,10.21648412546634
с учётом цензуры,29.67817177664117
с учётом цензуры,7.5222188008401085
с учётом цензуры,8.639919322251075
с учётом цензуры,17.144125395756184
с учётом цензуры,12.38652358105181
с учётом цензуры,60.61184865948328
с учётом цензуры,6.47454766553639
с учётом цензуры,43.07092700185227
с учётом цензуры,11.986015922115325
с учётом цензуры,5.6638121749177595
с учётом цензуры,13.82168788693402
с учётом цензуры,33.41136997507915
с учётом цензуры,18.163656289460487
с учётом цензуры,7.057666157083207
с учётом цензуры,24.712085194152234
с учётом цензуры,19.19823178840114
с учётом цензуры,19.244824884921314
с учётом цензуры,16.62452747618366
с учётом цензуры,8.8166440777237
с учётом цензуры,16.52891154121803
с учётом цензуры,32.77411677154889
с учётом цензуры,19.497349306160515
с учётом цензуры,24.835090763684455
с учётом цензуры,13.156475939960522
с учётом цензуры,29.278292692979484
с учётом цензуры,7.7913769179825545
с учётом цензуры,5.34137302741225
с учётом цензуры,15.899516097775836
с учётом цензуры,12.616450222616361
с учётом цензуры,6.850227436702804
с учётом цензуры,45.648161819759736
с учётом цензуры,2.848062872520969
с учётом цензуры,15.221697976714825
с учётом цензуры,10.541511988357891
с учётом цензуры,19.276834432609398
с учётом цензуры,7.654208754919489
с учётом цензуры,11.927465765916756
с учётом цензуры,18.61373174944348
с учётом цензуры,29.42315756249591
с учётом цензуры,8.931659110094108
с учётом цензуры,16.291974947850722
с учётом цензуры,4.739217651467084
с учётом цензуры,6.345415010275227
с учётом цензуры,14.288701732880941
с учётом цензуры,32.30701734213534
с учётом цензуры,24.35738932733919
с учётом цензуры,10.711159656200373
с учётом цензуры,4.356468674545447
с учётом цензуры,20.446715479469304
с учётом цензуры,29.615612654329325
с учётом цензуры,13.202791681642712
с учётом цензуры,11.341359859098317
с учётом цензуры,9.381876429239709
с учётом цензуры,10.367722267449729
с учётом цензуры,6.99371076351558
с учётом цензуры,8.809053043289664
с учётом цензуры,23.814863348822996
с учётом цензуры,3.483493607502516
с учётом цензуры,22.636355095227522
с учётом цензуры,22.352282800733693
с учётом цензуры,13.567209564569085
с учётом цензуры,20.365187885073333
с учётом цензуры,8.268461724777138
с учётом цензуры,8.333798574825721
с учётом цензуры,4.8279619451265
с учётом цензуры,4.932343063338838
с учётом цензуры,6.143596661465386
с учётом цензуры,17.499828241415933
с учётом цензуры,43.13903124139895
с учётом цензуры,8.234783291105016
с учётом цензуры,14.510860428053416
с учётом цензуры,15.24845254967687
с учётом цензуры,12.807757840281885
с учётом цензуры,15.659017615517229
с учётом цензуры,14.418996822683024
с учётом цензуры,6.626114994799053
с учётом цензуры,21.20454283796773
с учётом цензуры,7.630937032776503
с учётом цензуры,16.078873583894445
с учётом цензуры,19.54801047305581
с учётом цензуры,13.151882817945284
с учётом цензуры,4.455938021806583
с учётом цензуры,19.23730184167003
с учётом цензуры,7.960269971880356
с учётом цензуры,8.300170153375651
с учётом цензуры,8.898159638578816
с учётом цензуры,19.153948629186985
с учётом цензуры,11.42443895670922
с учётом цензуры,12.761664769440412
с учётом цензуры,8.528570072802147
с учётом цензуры,3.0015124087234963
с учётом цензуры,15.54613195146015
с учётом цензуры,8.390138211135996
с учётом цензуры,4.758526860466747
с учётом цензуры,10.61761635272258
с учётом цензуры,39.31701801763454
с учётом цензуры,13.495874760485052
с учётом цензуры,35.80878792045076
с учётом цензуры,20.44116136787028
с учётом цензуры,13.152516560106482
с учётом цензуры,15.716398557484583
с учётом цензуры,11.25960797987769
с учётом цензуры,14.486162213591916
с учётом цензуры,20.29663480254125
с учётом цензуры,9.346048999049689
с учётом цензуры,10.703143329791898
с учётом цензуры,10.99440828354357
с учётом цензуры,15.974551581815588
с учётом цензуры,8.493419216142327
с учётом цензуры,15.194855630125925
с учётом цензуры,13.249402727733617
с учётом цензуры,2.0864130614700427
с учётом цензуры,18.440903700618918
с учётом цензуры,7.98416467422619
с учётом цензуры,5.025199602628402
с учётом цензуры,6.612884387298292
с учётом цензуры,14.066880108666002
с учётом цензуры,10.4008203184933
с учётом цензуры,16.187715088660227
с учётом цензуры,3.856896035650636
с учётом цензуры,24.92075951902009
с учётом цензуры,4.765505586123402
с учётом цензуры,37.52684394595638
с учётом цензуры,11.510796860245673
с учётом цензуры,7.677147117432029
с учётом цензуры,2.049967471742294
с учётом цензуры,1.569413928400472
с учётом цензуры,9.355098644845562
с учётом цензуры,18.547324379962227
с учётом цензуры,15.75738859933415
с учётом цензуры,25.002275999653232
с учётом цензуры,11.607893036397932
с учётом цензуры,13.88520028689299
с учётом цензуры,9.798795029059361
с учётом цензуры,13.881478463329525
с учётом цензуры,8.246876827882353
с учётом цензуры,7.324494889208843
с учётом цензуры,10.83807598392597
с учётом цензуры,4.430053445523668
с учётом цензуры,5.1484691622150205
с учётом цензуры,6.873502710384342
с учётом цензуры,25.44358995710176
с учётом цензуры,11.025336850967685
с учётом цензуры,15.235632626791876
с учётом цензуры,29.10461836264882
с учётом цензуры,19.22752188323967
с учётом цензуры,42.89117696335859
с учётом цензуры,20.560500951039273
с учётом цензуры,8.196972479363719
с учётом цензуры,49.18206785493089
с учётом цензуры,6.294603434621534
с учётом цензуры,14.60199469684931
с учётом цензуры,4.189472266177826
с учётом цензуры,7.939350912001887
с учётом цензуры,12.603478591534667
с учётом цензуры,5.633136403408126
с учётом цензуры,7.63129104555737
с учётом цензуры,6.687815540110917
с учётом цензуры,2.392965955934713
с учётом цензуры,5.214436364142163
с учётом цензуры,11.812543141187447
с учётом цензуры,2.8173815057949128
с учётом цензуры,10.652771219032127
с учётом цензуры,9.937097041014509
с учётом цензуры,9.924190711712075
с учётом цензуры,26.183626730739846
с учётом цензуры,19.972656813539885
с учётом цензуры,13.6443637528308
с учётом цензуры,20.697301695182546
с учётом цензуры,10.828354783622851
с учётом цензуры,6.4373981104680205
с учётом цензуры,6.680249113722056
с учётом цензуры,17.24664241997769
с учётом цензуры,10.130363685757732
с учётом цензуры,15.526415044655643
с учётом цензуры,18.035443490503507
с учётом цензуры,15.415587793505448
с учётом цензуры,7.794702649741443
с учётом цензуры,12.13078965821893
с учётом цензуры,7.819792469037912
с учётом цензуры,7.7899438426325975
с учётом цензуры,13.813925394055529
с учётом цензуры,7.01323019312974
с учётом цензуры,31.911380904262046
с учётом цензуры,21.3940150325058
с учётом цензуры,13.701940674494738
с учётом цензуры,9.344705602585655
с учётом цензуры,40.70171141069657
с учётом цензуры,20.084832237705136
с учётом цензуры,7.400429641009301
с учётом цензуры,22.210865090832307
с учётом цензуры,4.5086018097039755
с учётом цензуры,6.873715546272241
с учётом цензуры,18.00927197606381
с учётом цензуры,7.648420401048668
с учётом цензуры,20.746927044579436
с учётом цензуры,11.31292608267563
с учётом цензуры,9.044846646394564
с учётом цензуры,14.73055218442149
с учётом цензуры,10.353705825008067
с учётом цензуры,12.656832332867303
с учётом цензуры,11.57309324560093
с учётом цензуры,14.37093911916462
с учётом цензуры,1.9874785207718353
с учётом цензуры,28.406551742939662
с учётом цензуры,8.090784435341725
с учётом цензуры,8.588342618001663
с учётом цензуры,16.682641628627046
с учётом цензуры,11.672822195060595
с учётом цензуры,24.395017540139346
с учётом цензуры,4.770347102804274
с учётом цензуры,10.979328387995125
с учётом цензуры,3.5914658757622937
с учётом цензуры,7.960840910520716
с учётом цензуры,11.623186538047714
с учётом цензуры,6.924594447997611
с учётом цензуры,17.869428505987127
с учётом цензуры,22.786585955978666
с учётом цензуры,13.343273154093888
с учётом цензуры,5.249405538790423
с учётом цензуры,13.79035005186873
с учётом цензуры,6.38980191721885
с учётом цензуры,12.090927429460585
с учётом цензуры,8.845471240942713
с учётом цензуры,8.113658893646322
с учётом цензуры,7.964542209434504
с учётом цензуры,9.360204530420038
с учётом цензуры,5.058567999323328
с учётом цензуры,21.91046752995541
с учётом цензуры,12.824622369588525
с учётом цензуры,2.6744254742264126
с учётом цензуры,23.39679079945308
с учётом цензуры,10.835417680522525
с учётом цензуры,3.625172138373915
с учётом цензуры,27.483291181184
с учётом цензуры,9.00609503566994
с учётом цензуры,12.017112029635475
с учётом цензуры,21.89083926003368
с учётом цензуры,11.27315704442009
с учётом цензуры,6.740297554315683
с учётом цензуры,10.694980163145143
с учётом цензуры,20.23355201737641
с учётом цензуры,3.7310250366841484
с учётом цензуры,6.200134791421685
с учётом цензуры,3.3795256857813767
с учётом цензуры,4.541641197378226
с учётом цензуры,6.10959994996926
с учётом цензуры,33.690820415590636
с учётом цензуры,8.507753665157075
с учётом цензуры,18.90282488448785
с учётом цензуры,35.563867885374975
с учётом цензуры,30.42280806697482
с учётом цензуры,9.663922804604823
с учётом цензуры,11.36370439340127
с учётом цензуры,15.955677329477336
с учётом цензуры,15.810070785975848
с учётом цензуры,18.085166843874006
с учётом цензуры,17.950937765636155
с учётом цензуры,7.972385284479583
с учётом цензуры,4.681958663273157
с учётом цензуры,30.61007092320701
с учётом цензуры,6.3700273819342685
с учётом цензуры,9.739411100635735
с учётом цензуры,17.35635896106867
с учётом цензуры,14.888718889063062
с учётом цензуры,18.032561129207977
с учётом цензуры,12.913300757360979
с учётом цензуры,5.5292909691806
с учётом цензуры,10.519089238479859
с учётом цензуры,5.516895595163751
с учётом цензуры,26.997865823518232
с учётом цензуры,25.905127364856504
с учётом цензуры,10.662041881707303
с учётом цензуры,19.663421897280276
с учётом цензуры,11.428850485635511
с учётом цензуры,54.9680771735877
с учётом цензуры,23.441944689591626
с учётом цензуры,25.163822196641945
с учётом цензуры,5.5032972507603874
с учётом цензуры,10.203908689119428
с учётом цензуры,5.835696918390445
с учётом цензуры,7.173308880671908
с учётом цензуры,23.208887533164166
с учётом цензуры,2.478251793233827
с учётом цензуры,13.842445221191795
с учётом цензуры,14.89247152150957
с учётом цензуры,17.7757358878596
с учётом цензуры,19.557654126734235
с учётом цензуры,10.82192558458942
с учётом цензуры,10.034487183445489
с учётом цензуры,6.158950276296677
с учётом цензуры,15.086504149561197
с учётом цензуры,11.210147131318625
с учётом цензуры,13.114564017852798
с учётом цензуры,3.217351876964225
с учётом цензуры,16.028252780263927
с учётом цензуры,7.47945329011645
с учётом цензуры,20.04338286633292
с учётом цензуры,21.95286845161743
с учётом цензуры,7.251992741992776
с учётом цензуры,10.694836767048306
с учётом цензуры,2.318722812582318
с учётом цензуры,7.759207887469792
с учётом цензуры,13.308833750586714
с учётом цензуры,9.728646947476411
с учётом цензуры,25.412548989788988
с учётом цензуры,8.263516847175104
с учётом цензуры,7.519251289416642
с учётом цензуры,10.556395937564874
с учётом цензуры,9.819605468803706
с учётом цензуры,5.75233210642287
с учётом цензуры,18.265458743393413
с учётом цензуры,4.155204193391089
с учётом цензуры,22.861023525574932
с учётом цензуры,2.435405487626533
с учётом цензуры,11.008439651105508
с учётом цензуры,4.013941531108212
с учётом цензуры,3.86256919498981
с учётом цензуры,15.738188610886642
с учётом цензуры,12.03895121460689
с учётом цензуры,9.09168432920073
с учётом цензуры,13.26292122443798
с учётом цензуры,5.196507329200523
с учётом цензуры,6.638004242782907
с учётом цензуры,9.581811342502453
с учётом цензуры,7.838089607645761
с учётом цензуры,20.985154511059434
с учётом цензуры,7.983026535251042
с учётом цензуры,9.236030141668296
с учётом цензуры,11.200248812824181
с учётом цензуры,19.339341423059018
с учётом цензуры,8.483287867766144
с учётом цензуры,39.73530363517277
с учётом цензуры,13.802962262494031
с учётом цензуры,12.69989004057474
с учётом цензуры,27.024661515437067
с учётом цензуры,6.487141073292785
с учётом цензуры,61.39213157889904
с учётом цензуры,18.02942122905497
с учётом цензуры,13.17424502657679
с учётом цензуры,18.279879463775064
с учётом цензуры,45.687295829400625
с учётом цензуры,6.37663515368862
с учётом цензуры,15.658757250276196
с учётом цензуры,8.38148619725752
с учётом цензуры,24.709844222157457
с учётом цензуры,8.005222952687728
с учётом цензуры,23.02810793822
с учётом цензуры,11.993408765092425
с учётом цензуры,13.012180197385693
с учётом цензуры,17.951093769020943
с учётом цензуры,13.488635596719224
с учётом цензуры,6.663600356972124
с учётом цензуры,10.883539477618754
с учётом цензуры,19.48692976953749
с учётом цензуры,28.018226151629968
с учётом цензуры,12.332069598405784
с учётом цензуры,14.572782858145072
с учётом цензуры,52.74280238314526
с учётом цензуры,16.652373049289388
с учётом цензуры,45.93801189702409
с учётом цензуры,5.461104763169858
с учётом цензуры,7.223630363493628
с учётом цензуры,24.869923111544203
с учётом цензуры,6.85963679883402
с учётом цензуры,9.130032045770454
с учётом цензуры,18.613428163122236
с учётом цензуры,50.0855879657464
с учётом цензуры,9.906249830943256
с учётом цензуры,14.087460689186106
с учётом цензуры,12.142784613014728
с учётом цензуры,1.6881296483813477
с учётом цензуры,12.268203568067332
с учётом цензуры,15.010670933490049
с учётом цензуры,18.998067622275315
с учётом цензуры,18.705253688595214
с учётом цензуры,42.103030877647214
с учётом цензуры,6.926093526458984
с учётом цензуры,10.774084847725032
с учётом цензуры,14.54449184098018
с учётом цензуры,9.774818478201077
с учётом цензуры,13.26082295443053
с учётом цензуры,22.640087310498075
с учётом цензуры,17.152882282826734
с учётом цензуры,15.451589219365486
с учётом цензуры,8.209746702499451
с учётом цензуры,15.854660050783158
с учётом цензуры,39.05456668567526
с учётом цензуры,19.125491311706618
с учётом цензуры,30.63911258504588
с учётом цензуры,15.44001960103049
с учётом цензуры,7.081468295991533
с учётом цензуры,17.027728204201594
с учётом цензуры,2.427037861921379
с учётом цензуры,10.923145617632509
с учётом цензуры,5.995725469114635
с учётом цензуры,46.956685544481545
с учётом цензуры,4.05517767883161
с учётом цензуры,8.288203466969872
с учётом цензуры,7.3029163760226545
с учётом цензуры,28.835894811592993
с учётом цензуры,8.201252559564429
с учётом цензуры,9.690210047960122
с учётом цензуры,4.545028582986239
с учётом цензуры,4.736950244094682
с учётом цензуры,3.224715629597636
с учётом цензуры,5.8774119151465305
с учётом цензуры,5.129667164783366
с учётом цензуры,11.27647989303284
с учётом цензуры,9.758797405151842
с учётом цензуры,27.011688260287112
с учётом цензуры,37.6672394377933
с учётом цензуры,20.562766322847512
с учётом цензуры,1.6935230060874547
с учётом цензуры,4.812221781951044
с учётом цензуры,5.6820687425921985
с учётом цензуры,20.83172937027077
с учётом цензуры,23.6652653488919
с учётом цензуры,6.694309299343873
с учётом цензуры,15.930244857103133
с учётом цензуры,14.582695111978603
с учётом цензуры,4.967312431477566
с учётом цензуры,12.812914799192423
с учётом цензуры,12.991813851174776
с учётом цензуры,5.331625869384943
с учётом цензуры,2.4617738838983243
с учётом цензуры,1.5906591742093728
с учётом цензуры,4.812561781790213
с учётом цензуры,14.882292389991697
с учётом цензуры,1.9719395348079756
с учётом цензуры,21.46035180436764
с учётом цензуры,11.399988441365391
с учётом цензуры,11.80010117623211
с учётом цензуры,9.115636321378846
с учётом цензуры,39.13089797308636
с учётом цензуры,6.8721622793335495
с учётом цензуры,13.972452851133918
с учётом цензуры,23.848296678908667
с учётом цензуры,4.045929305941993
с учётом цензуры,36.704108853155255
с учётом цензуры,39.641838852117466
с учётом цензуры,8.726239530048227
с учётом цензуры,14.915938870509157
с учётом цензуры,8.955617511846171
с учётом цензуры,25.364175014251387
с учётом цензуры,14.178652906551271
с учётом цензуры,20.038185991682006
с учётом цензуры,8.004501435996172
с учётом цензуры,45.687220133162775
с учётом цензуры,17.952400058225916
с учётом цензуры,9.80778477933891
с учётом цензуры,16.404557442522282
с учётом цензуры,30.957286812587824
с учётом цензуры,16.9288027221859
с учётом цензуры,3.1674792680093327
с учётом цензуры,43.96301085351175
с учётом цензуры,11.060553364443265
с учётом цензуры,15.78308886530246
с учётом цензуры,23.858642686176907
с учётом цензуры,10.204669388694137
с учётом цензуры,11.396504674592673
с учётом цензуры,26.200366266960575
с учётом цензуры,23.57911628482117
с учётом цензуры,4.878248407790087
с учётом цензуры,8.051066420668636
с учётом цензуры,21.456850385710503
с учётом цензуры,7.862954433175178
с учётом цензуры,6.8509524038176615
с учётом цензуры,40.009997905088305
с учётом цензуры,10.982320237777573
с учётом цензуры,6.8292588702817145
с учётом цензуры,12.443899093455137
с учётом цензуры,16.730650605867638
с учётом цензуры,3.844644475248807
с учётом цензуры,5.629225047868335
с учётом цензуры,7.280942827157643
с учётом цензуры,6.12330526922573
с учётом цензуры,7.810488039092533
с учётом цензуры,7.441465213358145
с учётом цензуры,43.91581394436166
с учётом цензуры,18.876806082935513
с учётом цензуры,14.738801719270274
с учётом цензуры,6.172915842133118
с учётом цензуры,5.527580578392252
с учётом цензуры,34.86036413560904
с учётом цензуры,6.427935339783557
с учётом цензуры,24.71161523013851
с учётом цензуры,23.09614047735548
с учётом цензуры,4.602524984130347
с учётом цензуры,20.75986729352099
с учётом цензуры,4.512243615330672
с учётом цензуры,11.431035007931236
с учётом цензуры,5.056671638179846
с учётом цензуры,10.646199870027157
с учётом цензуры,9.32826485737496
с учётом цензуры,5.935331787111781
с учётом цензуры,17.5882827469119
с учётом цензуры,2.0607261091020117
с учётом цензуры,7.464832808439522
с учётом цензуры,6.04511170082677
с учётом цензуры,19.838572824499554
с учётом цензуры,8.18676798475361
с учётом цензуры,5.7730050116383795
с учётом цензуры,32.527532816657306
с учётом цензуры,11.341384463388241
с учётом цензуры,24.571559149557377
с учётом цензуры,4.0300744344092205
с учётом цензуры,8.496673584540693
с учётом цензуры,22.51671142372492
с учётом цензуры,5.910974893310868
с учётом цензуры,6.916909200589753
с учётом цензуры,15.920351560622834
с учётом цензуры,10.073410551532842
с учётом цензуры,43.765680126898225
с учётом цензуры,4.126465848863652
с учётом цензуры,9.297066810095439
с учётом цензуры,17.33513778591694
с учётом цензуры,6.268264934502532
с учётом цензуры,8.08757617670279
с учётом цензуры,7.692275350280141
с учётом цензуры,6.139090530970014
с учётом цензуры,32.53668294143715
с учётом цензуры,24.054747693793125
с учётом цензуры,12.976709522971676
с учётом цензуры,8.15053089948051
с учётом цензуры,16.740777209392014
с учётом цензуры,20.819573240284758
с учётом цензуры,8.650641414039514
с учётом цензуры,27.94054753588878
с учётом цензуры,24.24647424455941
с учётом цензуры,15.158996740564115
с учётом цензуры,17.20933575360352
с учётом цензуры,8.29112569334222
с учётом цензуры,20.04109557417672
с учётом цензуры,30.121260315694727
с учётом цензуры,6.181496156519384
с учётом цензуры,26.234475679901863
с учётом цензуры,27.172470213593503
с учётом цензуры,3.3315372292490313
с учётом цензуры,29.31907730353469
с учётом цензуры,13.96002066351547
с учётом цензуры,16.86963688409421
с учётом цензуры,10.421204129688387
с учётом цензуры,35.28036256511453
с учётом цензуры,32.6915344656383
с учётом цензуры,12.877766219755504
с учётом цензуры,10.942967577669307
с учётом цензуры,18.466426462226444
с учётом цензуры,9.149053932068027
с учётом цензуры,42.197099763607774
с учётом цензуры,26.396072995760214
с учётом цензуры,7.955728078295175
с учётом цензуры,16.04347963719102
с учётом цензуры,13.853509638000936
с учётом цензуры,3.950956005088181
с учётом цензуры,7.279306106891069
с учётом цензуры,9.878939027321424
с учётом цензуры,28.609741623940284
с учётом цензуры,27.8985714604973
с учётом цензуры,21.5235207201438
с учётом цензуры,40.21674687949661
с учётом цензуры,7.793073763481418
с учётом цензуры,32.625838246021985
с учётом цензуры,2.4868040394918642
с учётом цензуры,11.1490842421464
с учётом цензуры,6.141037091330459
с учётом цензуры,7.492372984080024
с учётом цензуры,19.67499330691262
с учётом цензуры,8.542753633247404
с учётом цензуры,15.09250232546615
с учётом цензуры,16.148182778404212
с учётом цензуры,15.002864043587383
с учётом цензуры,21.35220613612464
с учётом цензуры,15.503447618362086
с учётом цензуры,41.20354194812527
с учётом цензуры,14.992321261201859
с учётом цензуры,18.74256139045285
с учётом цензуры,16.948839011342685
с учётом цензуры,6.100603050101775
с учётом цензуры,31.211616536138028
с учётом цензуры,3.4563587719177424
с учётом цензуры,16.43466781187874
с учётом цензуры,9.442018452136367
с учётом цензуры,12.918825974922747
с учётом цензуры,5.201367639502477
с учётом цензуры,9.370052142883907
с учётом цензуры,9.584981101944571
с учётом цензуры,11.628136907026535
с учётом цензуры,19.2639240709368
с учётом цензуры,10.89601619534028
с учётом цензуры,15.254579245745699
с учётом цензуры,35.476631933820016
с учётом цензуры,9.750539944576648
с учётом цензуры,4.77724960563866
с учётом цензуры,6.488237210461666
с учётом цензуры,7.319882026602568
с учётом цензуры,20.331678143703726
с учётом цензуры,17.833609532865335
с учётом цензуры,13.982351182390616
с учётом цензуры,25.631276774096527
с учётом цензуры,30.30813107304367
с учётом цензуры,6.9510324413691436
с учётом цензуры,21.942332941308855
с учётом цензуры,16.79884341349322
с учётом цензуры,8.882072285420204
с учётом цензуры,22.59624339696383
с учётом цензуры,10.861226391648158
с учётом цензуры,8.038909881491195
с учётом цензуры,8.116414027377173
с учётом цензуры,14.02879231361417
с учётом цензуры,19.199601330593783
с учётом цензуры,2.2405763283284013
с учётом цензуры,4.491354290657535
с учётом цензуры,8.451249201788729
с учётом цензуры,6.904778230622294
с учётом цензуры,9.854242501780295
с учётом цензуры,9.033819674890497
с учётом цензуры,11.259662475606712
с учётом цензуры,7.9561934800286505
с учётом цензуры,19.605032148507433
с учётом цензуры,11.856713830681656
с учётом цензуры,16.852651147581103
с учётом цензуры,39.18800348238818
с учётом цензуры,14.138061816710735
с учётом цензуры,12.030466919881626
с учётом цензуры,11.605956421551317
с учётом цензуры,36.33049753013743
с учётом цензуры,15.316291521213895
с учётом цензуры,7.934203091309432
с учётом цензуры,6.375112528387898
с учётом цензуры,24.6606551018112
с учётом цензуры,8.24123232076391
с учётом цензуры,18.20644425833653
с учётом цензуры,9.15514594768602
с учётом цензуры,10.716195962105338
с учётом цензуры,8.498841272415996
с учётом цензуры,11.30437564939562
с учётом цензуры,23.33647937923203
с учётом цензуры,19.044059746700416
с учётом цензуры,11.423245259530457
с учётом цензуры,8.970433269857258
с учётом цензуры,12.983856047963176
с учётом цензуры,13.366297922808455
с учётом цензуры,14.510324571263247
с учётом цензуры,22.388207905651146
с учётом цензуры,16.513877832806017
с учётом цензуры,11.560052455083042
с учётом цензуры,9.74740071138585
с учётом цензуры,34.87624420476088
с учётом цензуры,4.920653826831385
с учётом цензуры,4.099555811909884
с учётом цензуры,18.493945589062893
с учётом цензуры,24.687096581999945
с учётом цензуры,8.812493572755157
с учётом цензуры,4.228532882403085
с учётом цензуры,19.688653778655098
с учётом цензуры,14.457460689504654
с учётом цензуры,13.853779391438982
с учётом цензуры,30.069303149024904
с учётом цензуры,2.124501488975878
с учётом цензуры,13.487856157335695
с учётом цензуры,14.754352488516256
с учётом цензуры,3.3099018171424266
с учётом цензуры,3.8529358594327263
с учётом цензуры,11.227634906523948
с учётом цензуры,24.958140018009786
с учётом цензуры,15.729517257452041
с учётом цензуры,1.823761249019685
с учётом цензуры,22.18371461901439
с учётом цензуры,31.705737665224163
с учётом цензуры,20.978212777910915
с учётом цензуры,8.561316937413046
с учётом цензуры,23.55355703353628
с учётом цензуры,14.786863891339069
с учётом цензуры,25.92391522290019
с учётом цензуры,17.984564222223145
с учётом цензуры,6.8863213819064075
с учётом цензуры,6.928799872642023
с учётом цензуры,20.247579816662032
с учётом цензуры,40.33836644547516
с учётом цензуры,14.443726637063065
с учётом цензуры,6.793210331270073
с учётом цензуры,10.814052124828725
с учётом цензуры,4.983188836884123
с учётом цензуры,11.149575248588704
с учётом цензуры,3.121888907310521
с учётом цензуры,10.525610263334242
с учётом цензуры,2.5594615624170567
с учётом цензуры,10.712079157715895
с учётом цензуры,4.353627128880667
с учётом цензуры,14.083662180004596
с учётом цензуры,10.890305404894896
с учётом цензуры,12.024232683932427
с учётом цензуры,9.38253101813253
с учётом цензуры,12.706446134963574
с учётом цензуры,12.98194207093879
с учётом цензуры,12.58979758359063
с учётом цензуры,2.920613823120358
с учётом цензуры,4.580491591293823
с учётом цензуры,2.3116527701821203
с учётом цензуры,5.959475159496023
с учётом цензуры,27.672846441876732
с учётом цензуры,14.204796329954398
с учётом цензуры,9.211084120941514
с учётом цензуры,22.924342591185592
с учётом цензуры,5.172725241946275
с учётом цензуры,9.599808889329502
с учётом цензуры,21.0502415913842
с учётом цензуры,10.836142210776748
с учётом цензуры,11.894994082840917
с учётом цензуры,61.82527806577187
с учётом цензуры,12.5293383016507
с учётом цензуры,3.146961598550098
с учётом цензуры,8.765458802662799
с учётом цензуры,9.913517930344312
с учётом цензуры,10.831648507638254
с учётом цензуры,17.48484820998402
с учётом цензуры,21.85224656073772
с учётом цензуры,40.18150992311692
с учётом цензуры,26.122905982156404
с учётом цензуры,15.77963017499366
с учётом цензуры,19.27165725737046
с учётом цензуры,6.615911221338116
с учётом цензуры,7.1776150107744225
с учётом цензуры,12.128728651764542
с учётом цензуры,34.15656116769851
с учётом цензуры,11.154498939532159
с учётом цензуры,18.208518917020317
с учётом цензуры,3.3592097707206654
с учётом цензуры,31.72538188952924
с учётом цензуры,8.755832972897288
с учётом цензуры,10.43400491322643
с учётом цензуры,11.34863530921049
с учётом цензуры,14.033873306605468
с учётом цензуры,6.341732108592673
с учётом цензуры,6.590170408272336
с учётом цензуры,17.923971827240443
с учётом цензуры,18.164499003915758
с учётом цензуры,17.619398388543317
с учётом цензуры,10.50155140787079
с учётом цензуры,10.907995769873217
с учётом цензуры,18.19585216889366
с учётом цензуры,17.203963035159767
с учётом цензуры,0.5513349111727494
с учётом цензуры,23.31826806902359
с учётом цензуры,4.322289731125016
с учётом цензуры,5.490286046371175
с учётом цензуры,18.435132896175787
с учётом цензуры,32.7544772806379
с учётом цензуры,26.241777708634633
с учётом цензуры,9.054122401267007
с учётом цензуры,28.172239327296587
с учётом цензуры,18.38492919637713
с учётом цензуры,18.522809910651674
с учётом цензуры,11.171950138309192
с учётом цензуры,6.72773374758162
с учётом цензуры,11.728571795594894
с учётом цензуры,10.043092585506196
с учётом цензуры,24.68884279156139
с учётом цензуры,33.20275283250558
с учётом цензуры,10.231314723099915
с учётом цензуры,5.607803615582092
с учётом цензуры,24.535054467386225
с учётом цензуры,13.088322813292073
с учётом цензуры,12.445343638687643
с учётом цензуры,6.142015671282912
с учётом цензуры,51.60097484519867
с учётом цензуры,13.954192008374672
с учётом цензуры,10.046498445992297
с учётом цензуры,12.797966469070596
с учётом цензуры,7.107259381518656
с учётом цензуры,4.647444874727566
с учётом цензуры,19.095524352846404
с учётом цензуры,16.1332106812493
с учётом цензуры,8.224393747485088
с учётом цензуры,5.312949405505275
с учётом цензуры,15.852163699326216
с учётом цензуры,5.356039054691401
с учётом цензуры,14.013849159932938
с учётом цензуры,15.843643392711055
с учётом цензуры,10.874909202567693
с учётом цензуры,9.202348571775897
с учётом цензуры,10.120848704374454
с учётом цензуры,5.9270291204523335
с учётом цензуры,13.548110080250641
с учётом цензуры,2.826822025114904
с учётом цензуры,12.622636267769987
с учётом цензуры,13.954445840115461
с учётом цензуры,39.85073668299317
с учётом цензуры,32.11952891770913
с учётом цензуры,7.7611067396258955
с учётом цензуры,5.223967597010077
с учётом цензуры,16.409688762429653
с учётом цензуры,17.594546225595835
с учётом цензуры,8.815926003545707
с учётом цензуры,3.9432396303226307
с учётом цензуры,9.780540367006946
с учётом цензуры,5.347859539393703
с учётом цензуры,7.358350822158147
с учётом цензуры,9.574800240297414
с учётом цензуры,29.73153727816532
с учётом цензуры,5.447637555791061
с учётом цензуры,7.23456938283417
с учётом цензуры,6.197666929349164
с учётом цензуры,22.573069118054242
с учётом цензуры,15.693640906496636
с учётом цензуры,7.80058798307699
с учётом цензуры,17.700492024766813
с учётом цензуры,37.79321575912684
с учётом цензуры,18.108230288578227
с учётом цензуры,5.9374917999183
с учётом цензуры,13.453893621794656
с учётом цензуры,12.212409514528776
с учётом цензуры,2.405346210290927
с учётом цензуры,20.869000288437924
с учётом цензуры,10.658590160744676
с учётом цензуры,27.13462892926225
с учётом цензуры,96.18919712695791
с учётом цензуры,25.071743838683297
с учётом цензуры,9.276486550130404
с учётом цензуры,23.539817008901586
с учётом цензуры,15.055732324452732
с учётом цензуры,4.314244023531695
с учётом цензуры,5.075377601931802
с учётом цензуры,34.6244005239124
с учётом цензуры,8.110345074919945
с учётом цензуры,4.3673513570820806
с учётом цензуры,25.665486319314063
с учётом цензуры,4.467226301502774
с учётом цензуры,8.930339823059148
с учётом цензуры,22.52181625629805
с учётом цензуры,13.1790917392938
с учётом цензуры,8.275215737479911
с учётом цензуры,20.496941164378924
с учётом цензуры,13.169190362089072
с учётом цензуры,13.281787733113712
с учётом цензуры,6.279921484807044
с учётом цензуры,2.728179633452845
с учётом цензуры,8.67257203170831
с учётом цензуры,6.101437981810814
с учётом цензуры,5.666613576036694
с учётом цензуры,10.375421479830493
с учётом цензуры,14.984711004816472
с учётом цензуры,6.7259302623985
с учётом цензуры,7.677953493612873
с учётом цензуры,16.625796422775913
с учётом цензуры,5.77144731894864
с учётом цензуры,23.21936634768136
с учётом цензуры,3.751838863355021
с учётом цензуры,11.991626134477908
с учётом цензуры,16.691211963391602
с учётом цензуры,20.464176700140708
с учётом цензуры,11.148276379189726
с учётом цензуры,6.902099775983563
с учётом цензуры,7.01229402717088
с учётом цензуры,14.202554471625335
с учётом цензуры,12.846672912793654
с учётом цензуры,11.67516272878646
с учётом цензуры,8.000945225566019
с учётом цензуры,9.689363287714512
с учётом цензуры,3.3942444466530604
с учётом цензуры,6.281684962418586
с учётом цензуры,30.38866118425676
с учётом цензуры,6.075336796333399
с учётом цензуры,6.008194373098266
с учётом цензуры,17.313989448461633
с учётом цензуры,8.449389675930775
с учётом цензуры,6.258000471191377
с учётом цензуры,15.753721204883247
с учётом цензуры,3.7467464881300927
с учётом цензуры,11.281345618938895
с учётом цензуры,3.0086590861803737
с учётом цензуры,29.582006960607476
с учётом цензуры,17.930751954610063
с учётом цензуры,12.500398055216019
с учётом цензуры,12.966597313225108
с учётом цензуры,15.317920294573668
с учётом цензуры,18.07163536959733
с учётом цензуры,10.594606533487042
с учётом цензуры,18.880503717162508
с учётом цензуры,16.46616027094734
с учётом цензуры,0.7387534308686795
с учётом цензуры,39.93555068694573
с учётом цензуры,25.735372655537812
с учётом цензуры,8.715652228764212
с учётом цензуры,9.688324041799364
с учётом цензуры,7.5054951501637355
с учётом цензуры,30.56536333915315
с учётом цензуры,14.466128612141915
с учётом цензуры,4.715957224974988
с учётом цензуры,16.514577622110156
с учётом цензуры,23.723130247742766
с учётом цензуры,7.795120180662709
с учётом цензуры,12.272808969504233
с учётом цензуры,15.691744156079652
с учётом цензуры,4.476565015475282
с учётом цензуры,12.847682211204013
с учётом цензуры,8.060875337660693
с учётом цензуры,16.474868358201405
с учётом цензуры,33.113188580579404
с учётом цензуры,6.118496591882931
с учётом цензуры,3.9624218570594976
с учётом цензуры,7.78039526241015
с учётом цензуры,15.780084291228267
с учётом цензуры,10.546168390836955
с учётом цензуры,6.074659721231553
с учётом цензуры,28.447544177401575
с учётом цензуры,14.113334237075485
с учётом цензуры,7.404291905188641
с учётом цензуры,10.556798029998959
с учётом цензуры,3.651974565321681
с учётом цензуры,12.115758934754655
с учётом цензуры,14.026271390670734
с учётом цензуры,7.340204980995429
с учётом цензуры,11.87985831114851
с учётом цензуры,4.508995806506674
с учётом цензуры,9.610871514110547
с учётом цензуры,9.157488483870713
с учётом цензуры,10.311924052605754
с учётом цензуры,45.86123347672534
с учётом цензуры,27.151490748204143
с учётом цензуры,9.342777404524048
с учётом цензуры,36.028697329613124
с учётом цензуры,2.0676671607673756
с учётом цензуры,9.399727875067084
с учётом цензуры,4.39849777147969
с учётом цензуры,42.70926428803794
с учётом цензуры,11.392690974180189
с учётом цензуры,14.84898215807367
с учётом цензуры,9.832949193297123
с учётом цензуры,17.27601026304586
с учётом цензуры,16.63394764952565
с учётом цензуры,8.724092178647313
с учётом цензуры,30.984600071029114
с учётом цензуры,12.513916621941089
с учётом цензуры,20.943728764608217
с учётом цензуры,36.81271372883702
с учётом цензуры,11.04229184282767
с учётом цензуры,14.125479650345593
с учётом цензуры,14.453385104357128
с учётом цензуры,3.667160677069561
с учётом цензуры,27.215969715317218
с учётом цензуры,10.150187291602377
с учётом цензуры,32.497369571518036
с учётом цензуры,17.916031497916
с учётом цензуры,10.125505218735848
с учётом цензуры,9.901541344211067
с учётом цензуры,29.410940906598952
с учётом цензуры,6.359056382087033
с учётом цензуры,4.254755049502402
с учётом цензуры,4.349270130796984
с учётом цензуры,4.771002368694541
с учётом цензуры,18.306336914270975
с учётом цензуры,18.237158299127422
с учётом цензуры,15.456821034575613
с учётом цензуры,6.838188460691174
с учётом цензуры,17.268757153502957
с учётом цензуры,18.25957359818355
с учётом цензуры,20.13858990170839
с учётом цензуры,12.843799479198978
с учётом цензуры,10.291687966589688
с учётом цензуры,35.37014559106571
с учётом цензуры,13.695581585216484
с учётом цензуры,3.5128137393825902
с учётом цензуры,30.383257861820688
с учётом цензуры,13.759938372633869
с учётом цензуры,2.546817653383064
с учётом цензуры,29.598748408650387
с учётом цензуры,14.855409188116237
с учётом цензуры,14.092802092436061
с учётом цензуры,43.857525095008725
с учётом цензуры,7.71593686606622
с учётом цензуры,52.64494765250835
с учётом цензуры,12.62864018669922
с учётом цензуры,11.161508573488742
с учётом цензуры,17.398289647798528
с учётом цензуры,11.508323584515509
с учётом цензуры,11.227029680819271
с учётом цензуры,13.655132833838586
с учётом цензуры,19.510259767631666
с учётом цензуры,9.594765172465936
с учётом цензуры,20.722796676979826
с учётом цензуры,17.863616147676254
с учётом цензуры,14.47819284885653
с учётом цензуры,52.954421637703845
с учётом цензуры,7.25829114267194
с учётом цензуры,25.160096392025515
с учётом цензуры,21.221645973031222
с учётом цензуры,9.103738924925597
с учётом цензуры,9.676977598347465
с учётом цензуры,19.78477397882632
с учётом цензуры,4.312580342475108
с учётом цензуры,10.565889331323252
с учётом цензуры,4.849479437158337
с учётом цензуры,6.990319849079944
с учётом цензуры,6.188744428274192
с учётом цензуры,11.70586178070614
с учётом цензуры,9.741497162116275
с учётом цензуры,19.11619574841678
с учётом цензуры,9.743421523954819
с учётом цензуры,26.530402016555453
с учётом цензуры,7.994478963524295
с учётом цензуры,4.350993411548405
с учётом цензуры,37.29489909290956
с учётом цензуры,42.80339502193952
с учётом цензуры,6.60215338629301
с учётом цензуры,14.44445620596314
с учётом цензуры,13.172093434590213
с учётом цензуры,23.314328237455413
с учётом цензуры,9.860848373675081
с учётом цензуры,11.092528275245972
с учётом цензуры,15.238498242700379
с учётом цензуры,12.80924267296598
с учётом цензуры,22.324059042230925
с учётом цензуры,12.78992586442563
с учётом цензуры,5.718531803157775
с учётом цензуры,14.448805523224484
с учётом цензуры,14.393451331427938
с учётом цензуры,5.124070130011726
с учётом цензуры,20.00267013734802
с учётом цензуры,36.659467287515795
с учётом цензуры,9.066647685908098
с учётом цензуры,14.77115360244521
