transition,model,time_days,cdf,survival
A→B,истина,0.0,0.0,1.0
A→B,истина,0.032344004650752475,0.016041937575460352,0.9839580624245396
A→B,истина,0.06468800930150495,0.03182653138974574,0.9681734686102542
A→B,истина,0.09703201395225743,0.04735790973540836,0.9526420902645917
A→B,истина,0.1293760186030099,0.06264013467918901,0.937359865320811
A→B,истина,0.1617200232537624,0.0776772031244074,0.9223227968755926
A→B,истина,0.19406402790451485,0.09247304785630964,0.9075269521436904
A→B,истина,0.2264080325552673,0.10703153857064653,0.8929684614293535
A→B,истина,0.2587520372060198,0.12135648288575106,0.8786435171142489
A→B,истина,0.2910960418567723,0.13545162733838081,0.8645483726616192
A→B,истина,0.3234400465075248,0.14932065836358435,0.8506793416364157
A→B,истина,0.3557840511582772,0.16296720325884942,0.8370327967411506
A→B,истина,0.3881280558090297,0.17639483113278395,0.823605168867216
A→B,истина,0.4204720604597822,0.1896070538385783,0.8103929461614217
A→B,истина,0.4528160651105346,0.20260732689249325,0.7973926731075067
A→B,истина,0.4851600697612871,0.21539905037761328,0.7846009496223867
A→B,истина,0.5175040744120396,0.22798556983310253,0.7720144301668974
A→B,истина,0.5498480790627921,0.24037017712919456,0.7596298228708055
A→B,истина,0.5821920837135446,0.252556111328146,0.747443888671854
A→B,истина,0.6145360883642971,0.26454655953137923,0.7354534404686208
A→B,истина,0.6468800930150496,0.2763446577130344,0.7236553422869656
A→B,истина,0.6792240976658019,0.28795349154015026,0.7120465084598497
A→B,истина,0.7115681023165544,0.2993760971796877,0.7006239028203123
A→B,истина,0.7439121069673069,0.31061546209260654,0.6893845379073935
A→B,истина,0.7762561116180594,0.3216745258152045,0.6783254741847955
A→B,истина,0.8086001162688119,0.33255618072792154,0.6674438192720784
A→B,истина,0.8409441209195644,0.34326327281181107,0.6567367271881889
A→B,истина,0.8732881255703169,0.35379860239287614,0.6462013976071238
A→B,истина,0.9056321302210693,0.36416492487446483,0.6358350751255352
A→B,истина,0.9379761348718217,0.3743649514579168,0.6256350485420832
A→B,истина,0.9703201395225742,0.384401349851649,0.6155986501483509
A→B,истина,1.0026641441733268,0.39427674496886655,0.6057232550311334
A→B,истина,1.0350081488240792,0.4039937196140806,0.5960062803859194
A→B,истина,1.0673521534748316,0.4135548151586138,0.5864451848413862
A→B,истина,1.0996961581255842,0.4229625322052687,0.5770374677947313
A→B,истина,1.1320401627763366,0.43221933124233347,0.5677806687576665
A→B,истина,1.1643841674270892,0.4413276332870971,0.5586723667129029
A→B,истина,1.1967281720778415,0.4502898205190402,0.5497101794809598
A→B,истина,1.2290721767285941,0.45910823690286884,0.5408917630971312
A→B,истина,1.2614161813793465,0.46778518880155373,0.5322148111984463
A→B,истина,1.2937601860300991,0.4763229455795347,0.5236770544204653
A→B,истина,1.3261041906808515,0.48472374019624864,0.5152762598037514
A→B,истина,1.3584481953316039,0.4929897697901371,0.5070102302098629
A→B,истина,1.3907921999823565,0.5011231962532836,0.49887680374671645
A→B,истина,1.4231362046331089,0.5091261467968335,0.49087385320316645
A→B,истина,1.4554802092838615,0.5170007145073445,0.48299928549265553
A→B,истина,1.4878242139346138,0.5247489588942096,0.4752510411057904
A→B,истина,1.5201682185853664,0.5323729064283013,0.46762709357169874
A→B,истина,1.5525122232361188,0.5398745510719724,0.46012544892802765
A→B,истина,1.5848562278868712,0.5472558548005564,0.45274414519944356
A→B,истина,1.6172002325376238,0.5545187481155012,0.4454812518844989
A→B,истина,1.6495442371883762,0.5616651305492701,0.43833486945072986
A→B,истина,1.6818882418391288,0.5686968711621463,0.43130312883785366
A→B,истина,1.7142322464898812,0.5756158090310639,0.4243841909689361
A→B,истина,1.7465762511406338,0.5824237537305998,0.41757624626940015
A→B,истина,1.7789202557913861,0.5891224858062486,0.4108775141937514
A→B,истина,1.8112642604421385,0.595713757240105,0.40428624275989494
A→B,истина,1.843608265092891,0.6021992919090767,0.39780070809092327
A→B,истина,1.8759522697436435,0.6085807860357453,0.3914192139642548
A→B,истина,1.908296274394396,0.6148599086319956,0.3851400913680044
A→B,истина,1.9406402790451485,0.6210383019355281,0.37896169806447183
A→B,истина,1.972984283695901,0.6271175818393689,0.37288241816063106
A→B,истина,2.0053282883466537,0.6330993383144885,0.3669006616855115
A→B,истина,2.037672292997406,0.6389851358256425,0.36101486417435746
A→B,истина,2.0700162976481584,0.6447765137405408,0.35522348625945915
A→B,истина,2.102360302298911,0.6504749867324525,0.3495250132675475
A→B,истина,2.134704306949663,0.6560820451763525,0.34391795482364756
A→B,истина,2.167048311600416,0.6615991555387135,0.33840084446128654
A→B,истина,2.1993923162511684,0.6670277607610444,0.3329722392389555
A→B,истина,2.2317363209019208,0.672369280637277,0.327630719362723
A→B,истина,2.264080325552673,0.6776251121850969,0.32237488781490303
A→B,истина,2.296424330203426,0.6827966300113197,0.31720336998868026
A→B,истина,2.3287683348541783,0.6878851866714037,0.31211481332859625
A→B,истина,2.3611123395049307,0.6928921130231975,0.3071078869768024
A→B,истина,2.393456344155683,0.6978187185750109,0.30218128142498907
A→B,истина,2.4258003488064355,0.7026662918281033,0.2973337081718968
A→B,истина,2.4581443534571883,0.707436100613677,0.292563899386323
A→B,истина,2.4904883581079407,0.7121293924244656,0.28787060757553434
A→B,истина,2.522832362758693,0.7167473947410021,0.2832526052589978
A→B,истина,2.5551763674094454,0.7212913153526535,0.2787086846473465
A→B,истина,2.5875203720601982,0.7257623426735049,0.274237657326495
A→B,истина,2.6198643767109506,0.730161646053177,0.26983835394682293
A→B,истина,2.652208381361703,0.734490376082657,0.265509623917343
A→B,истина,2.6845523860124554,0.738749664895223,0.2612503351047771
A→B,истина,2.7168963906632078,0.7429406264625418,0.25705937353745817
A→B,истина,2.7492403953139606,0.7470643568860167,0.25293564311398326
A→B,истина,2.781584399964713,0.7511219346834601,0.24887806531653983
A→B,истина,2.8139284046154653,0.7551144210711694,0.24488557892883056
A→B,истина,2.8462724092662177,0.7590428602414762,0.24095713975852381
A→B,истина,2.87861641391697,0.762908279635844,0.2370917203641561
A→B,истина,2.910960418567723,0.7667116902135842,0.23328830978641577
A→B,истина,2.9433044232184753,0.7704540867162626,0.22954591328373744
A→B,истина,2.9756484278692277,0.7741364479278623,0.2258635520721377
A→B,истина,3.00799243251998,0.7777597369307753,0.22224026306922473
A→B,истина,3.040336437170733,0.7813249013576857,0.21867509864231433
A→B,истина,3.0726804418214853,0.7848328736394133,0.21516712636058669
A→B,истина,3.1050244464722376,0.788284571248781,0.21171542875121896
A→B,истина,3.13736845112299,0.7916808969405699,0.2083191030594301
A→B,истина,3.1697124557737424,0.7950227389876252,0.20497726101237485
A→B,истина,3.202056460424495,0.7983109714131745,0.20168902858682544
A→B,истина,3.2344004650752476,0.8015464542194196,0.19845354578058036
A→B,истина,3.266744469726,0.8047300336124604,0.19526996638753955
A→B,истина,3.2990884743767523,0.8078625422236116,0.1921374577763884
A→B,истина,3.331432479027505,0.8109447993271681,0.18905520067283188
A→B,истина,3.3637764836782575,0.8139776110546778,0.1860223889453222
A→B,истина,3.39612048832901,0.8169617706057767,0.18303822939422335
A→B,истина,3.4284644929797623,0.8198980584556416,0.18010194154435843
A→B,истина,3.4608084976305147,0.8227872425591154,0.17721275744088463
A→B,истина,3.4931525022812675,0.8256300785515572,0.17436992144844274
A→B,истина,3.52549650693202,0.8284273099464711,0.1715726900535289
A→B,истина,3.5578405115827723,0.8311796683299636,0.16882033167003638
A→B,истина,3.5901845162335246,0.8338878735520828,0.16611212644791717
A→B,истина,3.622528520884277,0.8365526339150873,0.1634473660849127
A→B,истина,3.65487252553503,0.8391746463586949,0.1608253536413051
A→B,истина,3.687216530185782,0.8417545966423601,0.15824540335763995
A→B,истина,3.7195605348365346,0.8442931595246268,0.15570684047537314
A→B,истина,3.751904539487287,0.846790998939605,0.15320900106039506
A→B,истина,3.78424854413804,0.8492487681706145,0.15075123182938555
A→B,истина,3.816592548788792,0.8516671100210452,0.1483328899789548
A→B,истина,3.8489365534395446,0.8540466569824752,0.14595334301752477
A→B,истина,3.881280558090297,0.8563880314000921,0.1436119685999079
A→B,истина,3.9136245627410493,0.8586918456354609,0.1413081543645392
A→B,истина,3.945968567391802,0.8609587022266803,0.13904129777331972
A→B,истина,3.9783125720425545,0.8631891940459708,0.13681080595402914
A→B,истина,4.010656576693307,0.8653839044547338,0.13461609554526616
A→B,истина,4.043000581344059,0.8675434074561231,0.13245659254387684
A→B,истина,4.075344585994812,0.8696682678451703,0.13033173215482977
A→B,истина,4.107688590645564,0.8717590413564996,0.1282409586435004
A→B,истина,4.140032595296317,0.8738162748096758,0.12618372519032414
A→B,истина,4.17237659994707,0.8758405062522181,0.1241594937477819
A→B,истина,4.204720604597822,0.8778322651003208,0.12216773489967926
A→B,истина,4.237064609248574,0.8797920722773168,0.1202079277226832
A→B,истина,4.269408613899326,0.8817204403499195,0.1182795596500805
A→B,истина,4.301752618550079,0.8836178736622791,0.11638212633772094
A→B,истина,4.334096623200832,0.8854848684678881,0.11451513153211186
A→B,истина,4.366440627851584,0.8873219130593719,0.11267808694062813
A→B,истина,4.398784632502337,0.8891294878961957,0.11087051210380425
A→B,истина,4.431128637153089,0.8909080657303243,0.10909193426967573
A→B,истина,4.4634726418038415,0.8926581117298646,0.10734188827013535
A→B,истина,4.495816646454594,0.8943800836007262,0.10561991639927377
A→B,истина,4.528160651105346,0.8960744317063287,0.10392556829367132
A→B,истина,4.560504655756099,0.89774159918539,0.10225840081460999
A→B,истина,4.592848660406852,0.8993820220678244,0.10061797793217558
A→B,истина,4.625192665057604,0.9009961293887814,0.09900387061121861
A→B,истина,4.657536669708357,0.9025843433008556,0.09741565669914447
A→B,истина,4.689880674359109,0.9041470791844957,0.09585292081550434
A→B,истина,4.722224679009861,0.9056847457566435,0.09431525424335646
A→B,истина,4.754568683660614,0.9071977451776292,0.09280225482237085
A→B,истина,4.786912688311366,0.9086864731563515,0.09131352684364843
A→B,истина,4.819256692962119,0.9101513190537726,0.08984868094622749
A→B,истина,4.851600697612871,0.9115926659847493,0.08840733401525068
A→B,истина,4.883944702263624,0.9130108909182348,0.08698910908176513
A→B,истина,4.916288706914377,0.9144063647758695,0.08559363522413053
A→B,истина,4.9486327115651285,0.9157794525289916,0.08422054747100834
A→B,истина,4.980976716215881,0.9171305132940927,0.08286948670590731
A→B,истина,5.013320720866633,0.9184599004267393,0.08154009957326072
A→B,истина,5.045664725517386,0.9197679616139903,0.08023203838600963
A→B,истина,5.078008730168139,0.9210550389653307,0.07894496103466932
A→B,истина,5.110352734818891,0.922321469102146,0.07767853089785402
A→B,истина,5.142696739469644,0.9235675832457628,0.07643241675423716
A→B,истина,5.1750407441203965,0.9247937073040758,0.07520629269592412
A→B,истина,5.207384748771148,0.9260001619567857,0.07399983804321432
A→B,истина,5.239728753421901,0.9271872627392691,0.07281273726073088
A→B,истина,5.272072758072653,0.9283553201251041,0.07164467987489587
A→B,истина,5.304416762723406,0.929504639607271,0.07049536039272893
A→B,истина,5.336760767374159,0.9306355217780509,0.06936447822194919
A→B,истина,5.369104772024911,0.9317482624076416,0.06825173759235831
A→B,истина,5.401448776675664,0.9328431525215151,0.067156847478485
A→B,истина,5.4337927813264155,0.9339204784765296,0.06607952152347044
A→B,истина,5.466136785977168,0.9349805220358254,0.06501947796417462
A→B,истина,5.498480790627921,0.9360235604425157,0.0639764395574843
A→B,истина,5.530824795278673,0.937049866492197,0.06295013350780294
A→B,истина,5.563168799929426,0.9380597086042961,0.06194029139570387
A→B,истина,5.595512804580178,0.9390533508922718,0.06094664910772818
A→B,истина,5.627856809230931,0.9400310532326915,0.059968946767308504
A→B,истина,5.6602008138816835,0.9409930713331988,0.059006928666801226
A→B,истина,5.692544818532435,0.9419396567993912,0.05806034320060877
A→B,истина,5.724888823183188,0.9428710572006253,0.0571289427993748
A→B,истина,5.75723282783394,0.9437875161347649,0.0562124838652352
A→B,истина,5.789576832484693,0.9446892732918925,0.05531072670810751
A→B,истина,5.821920837135446,0.9455765645169973,0.05442343548300269
A→B,истина,5.854264841786198,0.9464496218716577,0.053550378128342284
A→B,истина,5.886608846436951,0.9473086736947349,0.05269132630526511
A→B,истина,5.918952851087703,0.9481539446620921,0.05184605533790782
A→B,истина,5.951296855738455,0.9489856558453568,0.05101434415464326
A→B,истина,5.983640860389208,0.9498040247697386,0.05019597523026141
A→B,истина,6.01598486503996,0.9506092654709217,0.04939073452907822
A→B,истина,6.048328869690713,0.9514015885510434,0.0485984114489566
A→B,истина,6.080672874341466,0.9521812012337741,0.0478187987662259
A→B,истина,6.113016878992218,0.9529483074185154,0.04705169258148461
A→B,истина,6.1453608836429705,0.9537031077337274,0.04629689226627268
A→B,истина,6.177704888293722,0.9544457995894007,0.04555420041059933
A→B,истина,6.210048892944475,0.9551765772286875,0.044823422771312474
A→B,истина,6.242392897595228,0.9558956317787034,0.044104368221296604
A→B,истина,6.27473690224598,0.9566031513005145,0.04339684869948546
A→B,истина,6.307080906896733,0.9572993208383234,0.04270067916167661
A→B,истина,6.339424911547485,0.9579843224678648,0.04201567753213524
A→B,истина,6.371768916198238,0.9586583353440259,0.04134166465597405
A→B,истина,6.40411292084899,0.9593215357477027,0.04067846425229729
A→B,истина,6.436456925499742,0.9599740971319036,0.040025902868096354
A→B,истина,6.468800930150495,0.9606161901671151,0.039383809832884906
A→B,истина,6.501144934801247,0.961247982785938,0.038752017214061976
A→B,истина,6.533488939452,0.9618696402270092,0.03813035977299082
A→B,истина,6.565832944102753,0.9624813250782174,0.03751867492178265
A→B,истина,6.598176948753505,0.9630831973192265,0.036916802680773436
A→B,истина,6.6305209534042575,0.9636754143633172,0.03632458563668287
A→B,истина,6.66286495805501,0.9642581310985553,0.035741868901444734
A→B,истина,6.695208962705762,0.9648314999283025,0.03516850007169748
A→B,истина,6.727552967356515,0.9653956708110752,0.03460432918892473
A→B,истина,6.759896972007267,0.9659507912997647,0.03404920870023533
A→B,истина,6.79224097665802,0.9664970065802276,0.03350299341977233
A→B,истина,6.824584981308773,0.9670344595092587,0.032965540490741276
A→B,истина,6.856928985959525,0.9675632906519525,0.0324367093480475
A→B,истина,6.889272990610277,0.9680836383184672,0.031916361681532765
A→B,истина,6.921616995261029,0.9685956386001981,0.031404361399801815
A→B,истина,6.953960999911782,0.969099425405371,0.03090057459462899
A→B,истина,6.986305004562535,0.9695951304940639,0.03040486950593609
A→B,истина,7.018649009213287,0.9700828835126681,0.029917116487331852
A→B,истина,7.05099301386404,0.9705628120277957,0.029437187972204293
A→B,истина,7.083337018514792,0.9710350415596429,0.028964958440357107
A→B,истина,7.1156810231655445,0.9714996956148189,0.028500304385181092
A→B,истина,7.148025027816297,0.9719568957186476,0.028043104281352392
A→B,истина,7.180369032467049,0.9724067614469512,0.02759323855304882
A→B,истина,7.212713037117802,0.972849410457324,0.02715058954267602
A→B,истина,7.245057041768554,0.9732849585199045,0.026715041480095472
A→B,истина,7.277401046419307,0.9737135195476541,0.026286480452345943
A→B,истина,7.30974505107006,0.9741352056261492,0.025864794373850846
A→B,истина,7.342089055720812,0.9745501270428966,0.02544987295710342
A→B,истина,7.374433060371564,0.9749583923161779,0.025041607683822166
A→B,истина,7.406777065022317,0.9753601082234309,0.02463989177656912
A→B,истина,7.439121069673069,0.9757553798291767,0.0242446201708233
A→B,истина,7.471465074323822,0.9761443105124978,0.023855689487502205
A→B,истина,7.503809078974574,0.9765270019940758,0.023472998005924135
A→B,истина,7.536153083625327,0.9769035543627959,0.02309644563720419
A→B,истина,7.56849708827608,0.9772740661019228,0.022725933898077144
A→B,истина,7.6008410929268315,0.9776386341148599,0.022361365885140157
A→B,истина,7.633185097577584,0.9779973537504913,0.022002646249508706
A→B,истина,7.665529102228336,0.9783503188281208,0.021649681171879157
A→B,истина,7.697873106879089,0.9786976216620088,0.021302378337991246
A→B,истина,7.730217111529842,0.9790393530855157,0.02096064691448435
A→B,истина,7.762561116180594,0.9793756024748591,0.020624397525140933
A→B,истина,7.794905120831347,0.9797064577724889,0.02029354222751114
A→B,истина,7.827249125482099,0.9800320055100875,0.019967994489912443
A→B,истина,7.859593130132851,0.9803523308312019,0.019647669168798128
A→B,истина,7.891937134783604,0.980667517513511,0.019332482486488965
A→B,истина,7.924281139434356,0.9809776479907379,0.019022352009262035
A→B,истина,7.956625144085109,0.981282803374209,0.018717196625791018
A→B,истина,7.988969148735862,0.9815830634740675,0.01841693652593246
A→B,истина,8.021313153386615,0.9818785068201478,0.01812149317985223
A→B,истина,8.053657158037366,0.9821692106825131,0.017830789317486922
A→B,истина,8.086001162688119,0.9824552510916654,0.01754474890833461
A→B,истина,8.118345167338871,0.9827367028584301,0.01726329714156998
A→B,истина,8.150689171989624,0.9830136395935217,0.016986360406478284
A→B,истина,8.183033176640377,0.9832861337267967,0.016713866273203287
A→B,истина,8.215377181291128,0.983554256526196,0.016445743473803977
A→B,истина,8.24772118594188,0.9838180781163848,0.01618192188361518
A→B,истина,8.280065190592634,0.9840776674970928,0.015922332502907244
A→B,истина,8.312409195243387,0.9843330925611601,0.015666907438839882
A→B,истина,8.34475319989414,0.9845844201122945,0.015415579887705493
A→B,истина,8.37709720454489,0.9848317158825426,0.01516828411745741
A→B,истина,8.409441209195643,0.9850750445494817,0.014924955450518309
A→B,истина,8.441785213846396,0.9853144697531354,0.014685530246864566
A→B,истина,8.474129218497149,0.9855500541126182,0.014449945887381827
A→B,истина,8.506473223147902,0.9857818592425124,0.014218140757487665
A→B,истина,8.538817227798653,0.986009945768983,0.013990054231016949
A→B,истина,8.571161232449406,0.9862343733456344,0.013765626654365667
A→B,истина,8.603505237100158,0.9864552006691107,0.013544799330889238
A→B,истина,8.635849241750911,0.9866724854944491,0.013327514505550973
A→B,истина,8.668193246401664,0.9868862846501831,0.01311371534981688
A→B,истина,8.700537251052415,0.9870966540532072,0.012903345946792771
A→B,истина,8.732881255703168,0.9873036487234003,0.01269635127659975
A→B,истина,8.76522526035392,0.9875073227980156,0.012492677201984418
A→B,истина,8.797569265004674,0.9877077295458402,0.012292270454159804
A→B,истина,8.829913269655426,0.9879049213811265,0.012095078618873496
A→B,истина,8.862257274306177,0.9880989498773007,0.01190105012269925
A→B,истина,8.89460127895693,0.9882898657804515,0.011710134219548482
A→B,истина,8.926945283607683,0.9884777190226017,0.01152228097739822
A→B,истина,8.959289288258436,0.9886625587347682,0.011337441265231882
A→B,истина,8.991633292909189,0.9888444332598104,0.011155566740189582
A→B,истина,9.023977297559941,0.9890233901650755,0.010976609834924577
A→B,истина,9.056321302210693,0.9891994762548375,0.01080052374516254
A→B,истина,9.088665306861445,0.9893727375825396,0.010627262417460365
A→B,истина,9.121009311512198,0.9895432194628385,0.010456780537161427
A→B,истина,9.153353316162951,0.989710966483456,0.010289033516543993
A→B,истина,9.185697320813704,0.9898760225168403,0.010123977483159774
A→B,истина,9.218041325464455,0.9900384307316404,0.009961569268359565
A→B,истина,9.250385330115208,0.9901982336039971,0.009801766396002916
A→B,истина,9.28272933476596,0.990355472928651,0.00964452707134899
A→B,истина,9.315073339416713,0.9905101898298744,0.009489810170125571
A→B,истина,9.347417344067466,0.9906624247722265,0.009337575227773445
A→B,истина,9.379761348718217,0.9908122175711367,0.009187782428863346
A→B,истина,9.41210535336897,0.9909596074033173,0.009040392596682607
A→B,истина,9.444449358019723,0.991104632817011,0.008895367182988969
A→B,истина,9.476793362670476,0.9912473317420714,0.00875266825792866
A→B,истина,9.509137367321228,0.9913877414998837,0.008612258500116253
A→B,истина,9.54148137197198,0.9915258988131264,0.008474101186873667
A→B,истина,9.573825376622732,0.9916618398153743,0.008338160184625703
A→B,истина,9.606169381273485,0.9917956000605502,0.008204399939449747
A→B,истина,9.638513385924238,0.991927214532223,0.008072785467776983
A→B,истина,9.67085739057499,0.9920567176527572,0.007943282347242819
A→B,наивная MLE,0.0,0.0,1.0
A→B,наивная MLE,0.032344004650752475,0.01678805618698599,0.983211943813014
A→B,наивная MLE,0.06468800930150495,0.033294273543434574,0.9667057264565654
A→B,наивная MLE,0.09703201395225743,0.04952338359546851,0.9504766164045315
A→B,наивная MLE,0.1293760186030099,0.0654800384360841,0.9345199615639159
A→B,наивная MLE,0.1617200232537624,0.08116881205867914,0.9188311879413209
A→B,наивная MLE,0.19406402790451485,0.0965942016681931,0.9034057983318069
A→B,наивная MLE,0.2264080325552673,0.11176062897023639,0.8882393710297636
A→B,наивная MLE,0.2587520372060198,0.12667244143857717,0.8733275585614229
A→B,наивная MLE,0.2910960418567723,0.14133391356134964,0.8586660864386504
A→B,наивная MLE,0.3234400465075248,0.15574924806634105,0.844250751933659
A→B,наивная MLE,0.3557840511582772,0.1699225771257085,0.8300774228742915
A→B,наивная MLE,0.3881280558090297,0.18385796354047063,0.8161420364595293
A→B,наивная MLE,0.4204720604597822,0.19755940190511434,0.8024405980948857
A→B,наивная MLE,0.4528160651105346,0.21103081975264995,0.7889691802473501
A→B,наивная MLE,0.4851600697612871,0.2242760786804427,0.7757239213195573
A→B,наивная MLE,0.5175040744120396,0.23729897545714457,0.7627010245428555
A→B,наивная MLE,0.5498480790627921,0.2501032431110418,0.7498967568889582
A→B,наивная MLE,0.5821920837135446,0.26269255200013225,0.7373074479998678
A→B,наивная MLE,0.6145360883642971,0.27507051086423717,0.7249294891357628
A→B,наивная MLE,0.6468800930150496,0.2872406678594514,0.7127593321405485
A→B,наивная MLE,0.6792240976658019,0.2992065115752256,0.7007934884247744
A→B,наивная MLE,0.7115681023165544,0.31097147203437453,0.6890285279656254
A→B,наивная MLE,0.7439121069673069,0.3225389216762978,0.6774610783237022
A→B,наивная MLE,0.7762561116180594,0.3339121763236923,0.6660878236763078
A→B,наивная MLE,0.8086001162688119,0.34509449613303733,0.6549055038669627
A→B,наивная MLE,0.8409441209195644,0.3560890865291222,0.6439109134708778
A→B,наивная MLE,0.8732881255703169,0.3668990991238848,0.6331009008761153
A→B,наивная MLE,0.9056321302210693,0.3775276326198244,0.6224723673801755
A→B,наивная MLE,0.9379761348718217,0.38797773369824906,0.6120222663017509
A→B,наивная MLE,0.9703201395225742,0.39825239789260936,0.6017476021073906
A→B,наивная MLE,1.0026641441733268,0.4083545704471724,0.5916454295528276
A→B,наивная MLE,1.0350081488240792,0.4182871471612787,0.5817128528387213
A→B,наивная MLE,1.0673521534748316,0.428052975219427,0.571947024780573
A→B,наивная MLE,1.0996961581255842,0.43765485400742277,0.5623451459925772
A→B,наивная MLE,1.1320401627763366,0.447095535914825,0.552904464085175
A→B,наивная MLE,1.1643841674270892,0.4563777271239223,0.5436222728760777
A→B,наивная MLE,1.1967281720778415,0.46550408838546287,0.5344959116145371
A→B,наивная MLE,1.2290721767285941,0.47447723578136203,0.525522764218638
A→B,наивная MLE,1.2614161813793465,0.48329974147460464,0.5167002585253954
A→B,наивная MLE,1.2937601860300991,0.49197413444655924,0.5080258655534408
A→B,наивная MLE,1.3261041906808515,0.5005029012219125,0.49949709877808746
A→B,наивная MLE,1.3584481953316039,0.5088884865814356,0.49111151341856446
A→B,наивная MLE,1.3907921999823565,0.5171332942627822,0.48286670573721785
A→B,наивная MLE,1.4231362046331089,0.5252396876495233,0.4747603123504766
A→B,наивная MLE,1.4554802092838615,0.5332099904486143,0.4667900095513858
A→B,наивная MLE,1.4878242139346138,0.5410464873564866,0.45895351264351336
A→B,наивная MLE,1.5201682185853664,0.5487514247139605,0.45124857528603946
A→B,наивная MLE,1.5525122232361188,0.5563270111501599,0.4436729888498401
A→B,наивная MLE,1.5848562278868712,0.563775418215619,0.43622458178438095
A→B,наивная MLE,1.6172002325376238,0.5710987810047596,0.4289012189952403
A→B,наивная MLE,1.6495442371883762,0.5782991987679185,0.4217008012320815
A→B,наивная MLE,1.6818882418391288,0.5853787355130997,0.41462126448690023
A→B,наивная MLE,1.7142322464898812,0.592339420597625,0.407660579402375
A→B,наивная MLE,1.7465762511406338,0.5991832493098513,0.40081675069014866
A→B,наивная MLE,1.7789202557913861,0.6059121834411227,0.3940878165588773
A→B,наивная MLE,1.8112642604421385,0.6125281518481198,0.38747184815188024
A→B,наивная MLE,1.843608265092891,0.6190330510057689,0.38096694899423117
A→B,наивная MLE,1.8759522697436435,0.6254287455508686,0.3745712544491314
A→B,наивная MLE,1.908296274394396,0.6317170688165905,0.36828293118340955
A→B,наивная MLE,1.9406402790451485,0.6378998233580054,0.36210017664199456
A→B,наивная MLE,1.972984283695901,0.6439787814687887,0.3560212185312112
A→B,наивная MLE,2.0053282883466537,0.6499556856892501,0.35004431431074995
A→B,наивная MLE,2.037672292997406,0.655832249305834,0.3441677506941661
A→B,наивная MLE,2.0700162976481584,0.6616101568422361,0.3383898431577639
A→B,наивная MLE,2.102360302298911,0.667291064542274,0.332708935457726
A→B,наивная MLE,2.134704306949663,0.6728766008446505,0.32712339915534944
A→B,наивная MLE,2.167048311600416,0.6783683668497484,0.3216316331502515
A→B,наивная MLE,2.1993923162511684,0.6837679367785869,0.316232063221413
A→B,наивная MLE,2.2317363209019208,0.6890768584240745,0.31092314157592543
A→B,наивная MLE,2.264080325552673,0.6942966535946853,0.30570334640531466
A→B,наивная MLE,2.296424330203426,0.6994288185506875,0.3005711814493125
A→B,наивная MLE,2.3287683348541783,0.7044748244330473,0.2955251755669527
A→B,наивная MLE,2.3611123395049307,0.709436117685134,0.2905638823148659
A→B,наивная MLE,2.393456344155683,0.7143141204673449,0.2856858795326551
A→B,наивная MLE,2.4258003488064355,0.7191102310647676,0.28088976893523243
A→B,наивная MLE,2.4581443534571883,0.7238258242880018,0.2761741757119982
A→B,наивная MLE,2.4904883581079407,0.7284622518672494,0.2715377481327506
A→B,наивная MLE,2.522832362758693,0.7330208428397896,0.26697915716021037
A→B,наивная MLE,2.5551763674094454,0.7375029039309493,0.26249709606905064
A→B,наивная MLE,2.5875203720601982,0.7419097199286773,0.2580902800713227
A→B,наивная MLE,2.6198643767109506,0.7462425540518296,0.2537574459481704
A→B,наивная MLE,2.652208381361703,0.7505026483122735,0.24949735168772644
A→B,наивная MLE,2.6845523860124554,0.7546912238709114,0.2453087761290887
A→B,наивная MLE,2.7168963906632078,0.7588094813877272,0.2411905186122728
A→B,наивная MLE,2.7492403953139606,0.7628586013659584,0.23714139863404163
A→B,наивная MLE,2.781584399964713,0.7668397444904871,0.23316025550951291
A→B,наивная MLE,2.8139284046154653,0.7707540519605528,0.2292459480394472
A→B,наивная MLE,2.8462724092662177,0.7746026458168779,0.2253973541831221
A→B,наивная MLE,2.87861641391697,0.7783866292633022,0.22161337073669787
A→B,наивная MLE,2.910960418567723,0.7821070869830172,0.2178929130169828
A→B,наивная MLE,2.9433044232184753,0.7857650854494923,0.21423491455050767
A→B,наивная MLE,2.9756484278692277,0.7893616732321804,0.2106383267678196
A→B,наивная MLE,3.00799243251998,0.7928978812970913,0.20710211870290873
A→B,наивная MLE,3.040336437170733,0.7963747233023195,0.20362527669768044
A→B,наивная MLE,3.0726804418214853,0.7997931958886108,0.20020680411138922
A→B,наивная MLE,3.1050244464722376,0.8031542789650497,0.19684572103495032
A→B,наивная MLE,3.13736845112299,0.8064589359899522,0.1935410640100478
A→B,наивная MLE,3.1697124557737424,0.8097081142470419,0.19029188575295808
A→B,наивная MLE,3.202056460424495,0.8129027451169901,0.18709725488300988
A→B,наивная MLE,3.2344004650752476,0.816043744344397,0.18395625565560306
A→B,наивная MLE,3.266744469726,0.8191320123002908,0.18086798769970924
A→B,наивная MLE,3.2990884743767523,0.8221684342402205,0.1778315657597795
A→B,наивная MLE,3.331432479027505,0.8251538805580154,0.17484611944198458
A→B,наивная MLE,3.3637764836782575,0.8280892070352839,0.1719107929647161
A→B,наивная MLE,3.39612048832901,0.8309752550867249,0.16902474491327513
A→B,наивная MLE,3.4284644929797623,0.8338128520013199,0.1661871479986801
A→B,наивная MLE,3.4608084976305147,0.8366028111794767,0.16339718882052331
A→B,наивная MLE,3.4931525022812675,0.8393459323661913,0.16065406763380877
A→B,наивная MLE,3.52549650693202,0.8420430018802955,0.15795699811970457
A→B,наивная MLE,3.5578405115827723,0.8446947928398567,0.15530520716014332
A→B,наивная MLE,3.5901845162335246,0.8473020653837926,0.15269793461620734
A→B,наивная MLE,3.622528520884277,0.8498655668897662,0.15013443311023375
A→B,наивная MLE,3.65487252553503,0.8523860321884222,0.14761396781157782
A→B,наивная MLE,3.687216530185782,0.8548641837740268,0.14513581622597313
A→B,наивная MLE,3.7195605348365346,0.8573007320115726,0.14269926798842741
A→B,наивная MLE,3.751904539487287,0.8596963753404041,0.14030362465959595
A→B,наивная MLE,3.78424854413804,0.8620518004744272,0.13794819952557283
A→B,наивная MLE,3.816592548788792,0.864367682598956,0.13563231740104395
A→B,наивная MLE,3.8489365534395446,0.8666446855642559,0.1333553144357441
A→B,наивная MLE,3.881280558090297,0.8688834620758363,0.13111653792416367
A→B,наивная MLE,3.9136245627410493,0.8710846538815502,0.12891534611844974
A→B,наивная MLE,3.945968567391802,0.8732488919555516,0.12675110804444847
A→B,наивная MLE,3.9783125720425545,0.8753767966791645,0.12462320332083553
A→B,наивная MLE,4.010656576693307,0.8774689780187169,0.12253102198128311
A→B,наивная MLE,4.043000581344059,0.8795260357003875,0.12047396429961257
A→B,наивная MLE,4.075344585994812,0.8815485593821183,0.1184514406178817
A→B,наивная MLE,4.107688590645564,0.8835371288226407,0.11646287117735932
A→B,наивная MLE,4.140032595296317,0.8854923140476639,0.11450768595233606
A→B,наивная MLE,4.17237659994707,0.8874146755132735,0.11258532448672649
A→B,наивная MLE,4.204720604597822,0.8893047642665868,0.11069523573341328
A→B,наивная MLE,4.237064609248574,0.891163122103711,0.10883687789628908
A→B,наивная MLE,4.269408613899326,0.8929902817250499,0.10700971827495005
A→B,наивная MLE,4.301752618550079,0.8947867668880034,0.10521323311199665
A→B,наивная MLE,4.334096623200832,0.896553092557102,0.10344690744289796
A→B,наивная MLE,4.366440627851584,0.8982897650516233,0.10171023494837671
A→B,наивная MLE,4.398784632502337,0.8999972821907283,0.10000271780927177
A→B,наивная MLE,4.431128637153089,0.9016761334361616,0.09832386656383846
A→B,наивная MLE,4.4634726418038415,0.903326800032557,0.09667319996744299
A→B,наивная MLE,4.495816646454594,0.9049497551453862,0.09505024485461383
A→B,наивная MLE,4.528160651105346,0.9065454639965922,0.09345453600340779
A→B,наивная MLE,4.560504655756099,0.9081143839979461,0.09188561600205389
A→B,наивная MLE,4.592848660406852,0.9096569648821644,0.09034303511783555
A→B,наивная MLE,4.625192665057604,0.9111736488318255,0.08882635116817451
A→B,наивная MLE,4.657536669708357,0.9126648706061218,0.08733512939387822
A→B,наивная MLE,4.689880674359109,0.9141310576654839,0.08586894233451614
A→B,наивная MLE,4.722224679009861,0.9155726302941127,0.08442736970588723
A→B,наивная MLE,4.754568683660614,0.9169900017204546,0.08300999827954532
A→B,наивная MLE,4.786912688311366,0.9183835782356533,0.08161642176434675
A→B,наивная MLE,4.819256692962119,0.9197537593100139,0.08024624068998612
A→B,наивная MLE,4.851600697612871,0.9211009377075118,0.07889906229248826
A→B,наивная MLE,4.883944702263624,0.9224254995983786,0.07757450040162144
A→B,наивная MLE,4.916288706914377,0.9237278246697983,0.07627217533020166
A→B,наивная MLE,4.9486327115651285,0.9250082862347454,0.07499171376525458
A→B,наивная MLE,4.980976716215881,0.9262672513389949,0.07373274866100511
A→B,наивная MLE,5.013320720866633,0.9275050808663368,0.07249491913366325
A→B,наивная MLE,5.045664725517386,0.9287221296420237,0.07127787035797631
A→B,наивная MLE,5.078008730168139,0.9299187465344821,0.07008125346551787
A→B,наивная MLE,5.110352734818891,0.9310952745553156,0.06890472544468439
A→B,наивная MLE,5.142696739469644,0.9322520509576299,0.06774794904237015
A→B,наивная MLE,5.1750407441203965,0.9333894073327063,0.06661059266729379
A→B,наивная MLE,5.207384748771148,0.9345076697050532,0.06549233029494682
A→B,наивная MLE,5.239728753421901,0.9356071586258614,0.06439284137413862
A→B,наивная MLE,5.272072758072653,0.9366881892648901,0.0633118107351099
A→B,наивная MLE,5.304416762723406,0.9377510715008109,0.06224892849918905
A→B,наивная MLE,5.336760767374159,0.938796110010035,0.06120388998996497
A→B,наивная MLE,5.369104772024911,0.9398236043540487,0.060176395645951355
A→B,наивная MLE,5.401448776675664,0.9408338490652832,0.059166150934716805
A→B,наивная MLE,5.4337927813264155,0.9418271337315429,0.058172866268457114
A→B,наивная MLE,5.466136785977168,0.9428037430790158,0.05719625692098421
A→B,наивная MLE,5.498480790627921,0.9437639570538906,0.05623604294610944
A→B,наивная MLE,5.530824795278673,0.9447080509026036,0.0552919490973964
A→B,наивная MLE,5.563168799929426,0.9456362952507387,0.054363704749261346
A→B,наивная MLE,5.595512804580178,0.946548956180602,0.05345104381939803
A→B,наивная MLE,5.627856809230931,0.947446295307495,0.05255370469250493
A→B,наивная MLE,5.6602008138816835,0.9483285698547071,0.051671430145292865
A→B,наивная MLE,5.692544818532435,0.9491960327272482,0.05080396727275179
A→B,наивная MLE,5.724888823183188,0.950048932584345,0.04995106741565504
A→B,наивная MLE,5.75723282783394,0.9508875139107189,0.0491124860892811
A→B,наивная MLE,5.789576832484693,0.9517120170866683,0.04828798291333168
A→B,наивная MLE,5.821920837135446,0.9525226784569736,0.04747732154302643
A→B,наивная MLE,5.854264841786198,0.9533197303986455,0.046680269601354525
A→B,наивная MLE,5.886608846436951,0.9541034013875367,0.04589659861246331
A→B,наивная MLE,5.918952851087703,0.9548739160638342,0.04512608393616574
A→B,наивная MLE,5.951296855738455,0.9556314952964533,0.044368504703546745
A→B,наивная MLE,5.983640860389208,0.956376356246349,0.043623643753651055
A→B,наивная MLE,6.01598486503996,0.9571087124287663,0.0428912875712337
A→B,наивная MLE,6.048328869690713,0.9578287737744443,0.04217122622555566
A→B,наивная MLE,6.080672874341466,0.958536746689793,0.041463253310206914
A→B,наивная MLE,6.113016878992218,0.9592328341160601,0.04076716588393995
A→B,наивная MLE,6.1453608836429705,0.9599172355875039,0.04008276441249617
A→B,наивная MLE,6.177704888293722,0.9605901472885905,0.03940985271140948
A→B,наивная MLE,6.210048892944475,0.9612517621102306,0.03874823788976948
A→B,наивная MLE,6.242392897595228,0.9619022697050706,0.038097730294929334
A→B,наивная MLE,6.27473690224598,0.9625418565418585,0.03745814345814142
A→B,наивная MLE,6.307080906896733,0.9631707059588941,0.036829294041105964
A→B,наивная MLE,6.339424911547485,0.9637889982165831,0.03621100178341685
A→B,наивная MLE,6.371768916198238,0.9643969105491101,0.0356030894508898
A→B,наивная MLE,6.40411292084899,0.964994617215242,0.03500538278475796
A→B,наивная MLE,6.436456925499742,0.9655822895482795,0.034417710451720505
A→B,наивная MLE,6.468800930150495,0.9661600960051704,0.0338399039948296
A→B,наивная MLE,6.501144934801247,0.9667282022147978,0.0332717977852022
A→B,наивная MLE,6.533488939452,0.9672867710254578,0.03271322897454218
A→B,наивная MLE,6.565832944102753,0.9678359625515401,0.032164037448459824
A→B,наивная MLE,6.598176948753505,0.9683759342194252,0.03162406578057478
A→B,наивная MLE,6.6305209534042575,0.9689068408126105,0.031093159187389533
A→B,наивная MLE,6.66286495805501,0.9694288345160793,0.03057116548392074
A→B,наивная MLE,6.695208962705762,0.969942064959925,0.030057935040075034
A→B,наивная MLE,6.727552967356515,0.9704466792622425,0.02955332073775748
A→B,наивная MLE,6.759896972007267,0.9709428220713,0.029057177928699992
A→B,наивная MLE,6.79224097665802,0.9714306356070023,0.028569364392997728
A→B,наивная MLE,6.824584981308773,0.9719102597016585,0.028089740298341593
A→B,наивная MLE,6.856928985959525,0.9723818318400648,0.027618168159935202
A→B,наивная MLE,6.889272990610277,0.9728454871989154,0.027154512801084572
A→B,наивная MLE,6.921616995261029,0.9733013586855502,0.02669864131444975
A→B,наивная MLE,6.953960999911782,0.9737495769760535,0.02625042302394657
A→B,наивная MLE,6.986305004562535,0.9741902705527116,0.025809729447288404
A→B,наивная MLE,7.018649009213287,0.9746235657408435,0.025376434259156422
A→B,наивная MLE,7.05099301386404,0.9750495867450116,0.024950413254988348
A→B,наивная MLE,7.083337018514792,0.9754684556846249,0.024531544315375086
A→B,наивная MLE,7.1156810231655445,0.9758802926289449,0.02411970737105503
A→B,наивная MLE,7.148025027816297,0.9762852156315039,0.02371478436849609
A→B,наивная MLE,7.180369032467049,0.9766833407639445,0.023316659236055533
A→B,наивная MLE,7.212713037117802,0.9770747821492922,0.022925217850707818
A→B,наивная MLE,7.245057041768554,0.9774596519946688,0.02254034800533125
A→B,наивная MLE,7.277401046419307,0.9778380606234565,0.022161939376543524
A→B,наивная MLE,7.30974505107006,0.9782101165069225,0.021789883493077537
A→B,наивная MLE,7.342089055720812,0.9785759262953121,0.021424073704687872
A→B,наивная MLE,7.374433060371564,0.9789355948484205,0.021064405151579445
A→B,наивная MLE,7.406777065022317,0.9792892252656508,0.020710774734349284
A→B,наивная MLE,7.439121069673069,0.9796369189155669,0.020363081084433028
A→B,наивная MLE,7.471465074323822,0.9799787754649526,0.020021224535047406
A→B,наивная MLE,7.503809078974574,0.9803148929073793,0.019685107092620776
A→B,наивная MLE,7.536153083625327,0.980645367591297,0.019354632408703023
A→B,наивная MLE,7.56849708827608,0.9809702942476528,0.019029705752347248
A→B,наивная MLE,7.6008410929268315,0.981289766017045,0.018710233982955043
A→B,наивная MLE,7.633185097577584,0.9816038744764225,0.01839612552357753
A→B,наивная MLE,7.665529102228336,0.9819127096653352,0.018087290334664864
A→B,наивная MLE,7.697873106879089,0.9822163601117438,0.017783639888256184
A→B,наивная MLE,7.730217111529842,0.982514912857397,0.017485087142603016
A→B,наивная MLE,7.762561116180594,0.9828084534827813,0.01719154651721865
A→B,наивная MLE,7.794905120831347,0.9830970661316536,0.0169029338683464
A→B,наивная MLE,7.827249125482099,0.9833808335351603,0.016619166464839692
A→B,наивная MLE,7.859593130132851,0.9836598370355529,0.016340162964447093
A→B,наивная MLE,7.891937134783604,0.9839341566095046,0.01606584339049545
A→B,наивная MLE,7.924281139434356,0.9842038708910356,0.015796129108964493
A→B,наивная MLE,7.956625144085109,0.9844690571940536,0.015530942805946312
A→B,наивная MLE,7.988969148735862,0.9847297915345168,0.015270208465483208
A→B,наивная MLE,8.021313153386615,0.9849861486522223,0.015013851347777687
A→B,наивная MLE,8.053657158037366,0.9852382020322319,0.014761797967768154
A→B,наивная MLE,8.086001162688119,0.9854860239259357,0.014513976074064327
A→B,наивная MLE,8.118345167338871,0.9857296853717636,0.014270314628236353
A→B,наивная MLE,8.150689171989624,0.9859692562155484,0.014030743784451552
A→B,наивная MLE,8.183033176640377,0.986204805130547,0.013795194869452977
A→B,наивная MLE,8.215377181291128,0.9864363996371258,0.013563600362874191
A→B,наивная MLE,8.24772118594188,0.9866641061221155,0.013335893877884425
A→B,наивная MLE,8.280065190592634,0.9868879898578412,0.01311201014215882
A→B,наивная MLE,8.312409195243387,0.9871081150208321,0.012891884979167927
A→B,наивная MLE,8.34475319989414,0.9873245447102185,0.012675455289781496
A→B,наивная MLE,8.37709720454489,0.987537340965819,0.012462659034181017
A→B,наивная MLE,8.409441209195643,0.987746564785924,0.012253435214075938
A→B,наивная MLE,8.441785213846396,0.9879522761447815,0.012047723855218437
A→B,наивная MLE,8.474129218497149,0.9881545340097883,0.01184546599021174
A→B,наивная MLE,8.506473223147902,0.9883533963583929,0.011646603641607025
A→B,наивная MLE,8.538817227798653,0.9885489201947159,0.01145107980528418
A→B,наивная MLE,8.571161232449406,0.9887411615658885,0.011258838434111408
A→B,наивная MLE,8.603505237100158,0.9889301755781207,0.01106982442187935
A→B,наивная MLE,8.635849241750911,0.9891160164124952,0.01088398358750477
A→B,наивная MLE,8.668193246401664,0.9892987373405006,0.010701262659499498
A→B,наивная MLE,8.700537251052415,0.9894783907392999,0.010521609260700135
A→B,наивная MLE,8.732881255703168,0.989655028106746,0.01034497189325399
A→B,наивная MLE,8.76522526035392,0.9898287000761428,0.010171299923857251
A→B,наивная MLE,8.797569265004674,0.9899994564307592,0.01000054356924084
A→B,наивная MLE,8.829913269655426,0.9901673461181,0.009832653881900024
A→B,наивная MLE,8.862257274306177,0.9903324172639365,0.00966758273606351
A→B,наивная MLE,8.89460127895693,0.9904947171861018,0.00950528281389814
A→B,наивная MLE,8.926945283607683,0.9906542924080548,0.009345707591945219
A→B,наивная MLE,8.959289288258436,0.9908111886722155,0.0091888113277845
A→B,наивная MLE,8.991633292909189,0.990965450953078,0.009034549046922042
A→B,наивная MLE,9.023977297559941,0.9911171234701017,0.008882876529898234
A→B,наивная MLE,9.056321302210693,0.9912662497003878,0.008733750299612243
A→B,наивная MLE,9.088665306861445,0.9914128723911407,0.008587127608859248
A→B,наивная MLE,9.121009311512198,0.9915570335719232,0.0084429664280769
A→B,наивная MLE,9.153353316162951,0.9916987745667025,0.00830122543329751
A→B,наивная MLE,9.185697320813704,0.9918381360056975,0.008161863994302467
A→B,наивная MLE,9.218041325464455,0.9919751578370244,0.008024842162975587
A→B,наивная MLE,9.250385330115208,0.9921098793381481,0.007890120661851859
A→B,наивная MLE,9.28272933476596,0.9922423391271414,0.007757660872858591
A→B,наивная MLE,9.315073339416713,0.9923725751737545,0.007627424826245452
A→B,наивная MLE,9.347417344067466,0.9925006248102995,0.0074993751897004315
A→B,наивная MLE,9.379761348718217,0.9926265247423516,0.007373475257648459
A→B,наивная MLE,9.41210535336897,0.9927503110592703,0.007249688940729706
A→B,наивная MLE,9.444449358019723,0.9928720192445455,0.007127980755454565
A→B,наивная MLE,9.476793362670476,0.9929916841859677,0.007008315814032233
A→B,наивная MLE,9.509137367321228,0.9931093401856299,0.006890659814370118
A→B,наивная MLE,9.54148137197198,0.993225020969759,0.006774979030241072
A→B,наивная MLE,9.573825376622732,0.9933387596983843,0.006661240301615733
A→B,наивная MLE,9.606169381273485,0.9934505889748428,0.006549411025157188
A→B,наивная MLE,9.638513385924238,0.9935605408551248,0.006439459144875183
A→B,наивная MLE,9.67085739057499,0.9936686468570628,0.006331353142937218
A→B,с учётом цензуры,0.0,0.0,1.0
A→B,с учётом цензуры,0.032344004650752475,0.01627660237781623,0.9837233976221837
A→B,с учётом цензуры,0.06468800930150495,0.032288276970666926,0.9677117230293331
A→B,с учётом цензуры,0.09703201395225743,0.04803933590276679,0.9519606640972332
A→B,с учётом цензуры,0.1293760186030099,0.06353402111159935,0.9364659788884007
A→B,с учётом цензуры,0.1617200232537624,0.07877650549031828,0.9212234945096818
A→B,с учётом цензуры,0.19406402790451485,0.09377089401155475,0.9062291059884453
A→B,с учётом цензуры,0.2264080325552673,0.10852122483293254,0.8914787751670674
A→B,с учётом цензуры,0.2587520372060198,0.12303147038458953,0.8769685296154105
A→B,с учётом цензуры,0.2910960418567723,0.13730553843899773,0.8626944615610023
A→B,с учётом цензуры,0.3234400465075248,0.1513472731633704,0.8486527268366296
A→B,с учётом цензуры,0.3557840511582772,0.16516045615493968,0.8348395438450603
A→B,с учётом цензуры,0.3881280558090297,0.17874880745938324,0.8212511925406167
A→B,с учётом цензуры,0.4204720604597822,0.19211598657267423,0.8078840134273257
A→B,с учётом цензуры,0.4528160651105346,0.20526559342662518,0.7947344065733748
A→B,с учётом цензуры,0.4851600697612871,0.21820116935838973,0.7817988306416103
A→B,с учётом цензуры,0.5175040744120396,0.2309261980641849,0.7690738019358151
A→B,с учётом цензуры,0.5498480790627921,0.24344410653748963,0.7565558934625104
A→B,с учётом цензуры,0.5821920837135446,0.2557582659919724,0.7442417340080276
A→B,с учётом цензуры,0.6145360883642971,0.2678719927693975,0.7321280072306025
A→B,с учётом цензуры,0.6468800930150496,0.279788549232753,0.720211450767247
A→B,с учётом цензуры,0.6792240976658019,0.2915111446448416,0.7084888553551584
A→B,с учётом цензуры,0.7115681023165544,0.3030429360325717,0.6969570639674283
A→B,с учётом цензуры,0.7439121069673069,0.3143870290371797,0.6856129709628203
A→B,с учётом цензуры,0.7762561116180594,0.32554647875061477,0.6744535212493852
A→B,с учётом цензуры,0.8086001162688119,0.33652429053830907,0.6634757094616909
A→B,с учётом цензуры,0.8409441209195644,0.34732342084855655,0.6526765791514434
A→B,с учётом цензуры,0.8732881255703169,0.35794677800871794,0.6420532219912821
A→B,с учётом цензуры,0.9056321302210693,0.3683972230084658,0.6316027769915342
A→B,с учётом цензуры,0.9379761348718217,0.3786775702702815,0.6213224297297185
A→B,с учётом цензуры,0.9703201395225742,0.3887905884074108,0.6112094115925892
A→B,с учётом цензуры,1.0026641441733268,0.39873900096948245,0.6012609990305176
A→B,с учётом цензуры,1.0350081488240792,0.4085254871759907,0.5914745128240093
A→B,с учётом цензуры,1.0673521534748316,0.41815268263783956,0.5818473173621604
A→B,с учётом цензуры,1.0996961581255842,0.4276231800671426,0.5723768199328574
A→B,с учётом цензуры,1.1320401627763366,0.4369395299754686,0.5630604700245314
A→B,с учётом цензуры,1.1643841674270892,0.44610424136072424,0.5538957586392758
A→B,с учётом цензуры,1.1967281720778415,0.45511978238285455,0.5448802176171454
A→B,с учётом цензуры,1.2290721767285941,0.4639885810285469,0.5360114189714531
A→B,с учётом цензуры,1.2614161813793465,0.4727130257651142,0.5272869742348858
A→B,с учётом цензуры,1.2937601860300991,0.4812954661837373,0.5187045338162627
A→B,с учётом цензуры,1.3261041906808515,0.48973821363223513,0.5102617863677649
A→B,с учётом цензуры,1.3584481953316039,0.4980435418375374,0.5019564581624626
A→B,с учётом цензуры,1.3907921999823565,0.5062136875180248,0.4937863124819752
A→B,с учётом цензуры,1.4231362046331089,0.5142508509859021,0.485749149014098
A→B,с учётом цензуры,1.4554802092838615,0.5221571967397671,0.47784280326023293
A→B,с учётом цензуры,1.4878242139346138,0.529934854047535,0.470065145952465
A→B,с учётом цензуры,1.5201682185853664,0.5375859175198734,0.46241408248012655
A→B,с учётом цензуры,1.5525122232361188,0.5451124476743051,0.4548875523256949
A→B,с учётом цензуры,1.5848562278868712,0.5525164714901285,0.4474835285098715
A→B,с учётом цензуры,1.6172002325376238,0.5597999829543059,0.44020001704569406
A→B,с учётом цензуры,1.6495442371883762,0.5669649435984666,0.4330350564015334
A→B,с учётом цензуры,1.6818882418391288,0.5740132830271696,0.4259867169728304
A→B,с учётом цензуры,1.7142322464898812,0.5809468994375677,0.41905310056243233
A→B,с учётом цензуры,1.7465762511406338,0.5877676601306134,0.41223233986938657
A→B,с учётом цензуры,1.7789202557913861,0.5944774020139443,0.4055225979860558
A→B,с учётом цензуры,1.8112642604421385,0.6010779320965822,0.3989220679034177
A→B,с учётом цензуры,1.843608265092891,0.6075710279755824,0.39242897202441757
A→B,с учётом цензуры,1.8759522697436435,0.6139584383147589,0.386041561685241
A→B,с учётом цензуры,1.908296274394396,0.6202418833156209,0.3797581166843791
A→B,с учётом цензуры,1.9406402790451485,0.6264230551806409,0.3735769448193591
A→B,с учётом цензуры,1.972984283695901,0.632503618568985,0.367496381431015
A→B,с учётом цензуры,2.0053282883466537,0.638485211044824,0.361514788955176
A→B,с учётом цензуры,2.037672292997406,0.6443694435183476,0.3556305564816525
A→B,с учётом цензуры,2.0700162976481584,0.6501579006796008,0.34984209932039917
A→B,с учётом цензуры,2.102360302298911,0.6558521414252594,0.34414785857474056
A→B,с учётом цензуры,2.134704306949663,0.6614536992784574,0.33854630072154257
A→B,с учётом цензуры,2.167048311600416,0.6669640828017827,0.3330359171982174
A→B,с учётом цензуры,2.1993923162511684,0.6723847760035493,0.3276152239964507
A→B,с учётом цензуры,2.2317363209019208,0.6777172387374587,0.3222827612625413
A→B,с учётом цензуры,2.264080325552673,0.6829629070957537,0.31703709290424625
A→B,с учётом цензуры,2.296424330203426,0.688123193795975,0.311876806204025
A→B,с учётом цензуры,2.3287683348541783,0.6931994885614212,0.30680051143857884
A→B,с учётом цензуры,2.3611123395049307,0.6981931584954175,0.3018068415045824
A→B,с учётом цензуры,2.393456344155683,0.7031055484494922,0.29689445155050775
A→B,с учётом цензуры,2.4258003488064355,0.7079379813855596,0.29206201861444037
A→B,с учётом цензуры,2.4581443534571883,0.7126917587322092,0.2873082412677907
A→B,с учётом цензуры,2.4904883581079407,0.7173681607351948,0.2826318392648052
A→B,с учётом цензуры,2.522832362758693,0.7219684468022189,0.2780315531977811
A→B,с учётом цензуры,2.5551763674094454,0.7264938558421058,0.2735061441578942
A→B,с учётом цензуры,2.5875203720601982,0.7309456065984536,0.2690543934015464
A→B,с учётом цензуры,2.6198643767109506,0.735324897977855,0.2646751020221449
A→B,с учётом цензуры,2.652208381361703,0.7396329093727776,0.26036709062722246
A→B,с учётом цензуры,2.6845523860124554,0.7438708009791857,0.2561291990208144
A→B,с учётом цензуры,2.7168963906632078,0.748039714108996,0.25196028589100405
A→B,с учётом цензуры,2.7492403953139606,0.7521407714974447,0.24785922850255523
A→B,с учётом цензуры,2.781584399964713,0.7561750776054531,0.24382492239454687
A→B,с учётом цензуры,2.8139284046154653,0.760143718917071,0.23985628108292895
A→B,с учётом цензуры,2.8462724092662177,0.7640477642320795,0.2359522357679204
A→B,с учётом цензуры,2.87861641391697,0.7678882649538308,0.23211173504616922
A→B,с учётом цензуры,2.910960418567723,0.7716662553724023,0.22833374462759767
A→B,с учётом цензуры,2.9433044232184753,0.7753827529431436,0.2246172470568564
A→B,с учётом цензуры,2.9756484278692277,0.7790387585606877,0.22096124143931223
A→B,с учётом цензуры,3.00799243251998,0.7826352568285041,0.21736474317149593
A→B,с учётом цензуры,3.040336437170733,0.7861732163240627,0.2138267836759373
A→B,с учётом цензуры,3.0726804418214853,0.7896535898596833,0.21034641014031677
A→B,с учётом цензуры,3.1050244464722376,0.7930773147391382,0.2069226852608618
A→B,с учётом цензуры,3.13736845112299,0.7964453130100793,0.20355468698992074
A→B,с учётом цензуры,3.1697124557737424,0.799758491712355,0.20024150828764498
A→B,с учётом цензуры,3.202056460424495,0.8030177431222872,0.19698225687771276
A→B,с учётом цензуры,3.2344004650752476,0.8062239449929707,0.19377605500702935
A→B,с учётом цензуры,3.266744469726,0.8093779607906619,0.1906220392093381
A→B,с учётом цензуры,3.2990884743767523,0.8124806399273208,0.18751936007267922
A→B,с учётом цензуры,3.331432479027505,0.8155328179893664,0.18446718201063364
A→B,с учётом цензуры,3.3637764836782575,0.8185353169627096,0.18146468303729033
A→B,с учётом цензуры,3.39612048832901,0.8214889454541241,0.1785110545458759
A→B,с учётом цензуры,3.4284644929797623,0.824394498909012,0.17560550109098802
A→B,с учётом цензуры,3.4608084976305147,0.8272527598256272,0.17274724017437285
A→B,с учётом цензуры,3.4931525022812675,0.8300644979658105,0.16993550203418945
A→B,с учётом цензуры,3.52549650693202,0.8328304705622956,0.16716952943770438
A→B,с учётом цензуры,3.5578405115827723,0.8355514225226398,0.1644485774773602
A→B,с учётом цензуры,3.5901845162335246,0.8382280866298363,0.1617719133701637
A→B,с учётом цензуры,3.622528520884277,0.8408611837396609,0.15913881626033904
A→B,с учётом цензуры,3.65487252553503,0.8434514229748069,0.15654857702519312
A→B,с учётом цензуры,3.687216530185782,0.8459995019158588,0.15400049808414112
A→B,с учётом цензуры,3.7195605348365346,0.84850610678916,0.15149389321083992
A→B,с учётом цензуры,3.751904539487287,0.8509719126516202,0.14902808734837975
A→B,с учётом цензуры,3.78424854413804,0.8533975835725163,0.14660241642748367
A→B,с учётом цензуры,3.816592548788792,0.8557837728123335,0.1442162271876665
A→B,с учётом цензуры,3.8489365534395446,0.858131122998696,0.14186887700130402
A→B,с учётом цензуры,3.881280558090297,0.8604402662994335,0.13955973370056649
A→B,с учётом цензуры,3.9136245627410493,0.8627118245928316,0.13728817540716845
A→B,с учётом цензуры,3.945968567391802,0.8649464096351099,0.13505359036489006
A→B,с учётом цензуры,3.9783125720425545,0.8671446232251757,0.13285537677482429
A→B,с учётом цензуры,4.010656576693307,0.8693070573666946,0.13069294263330547
A→B,с учётом цензуры,4.043000581344059,0.8714342944275235,0.12856570557247646
A→B,с учётом цензуры,4.075344585994812,0.8735269072965501,0.12647309270344984
A→B,с учётом цензуры,4.107688590645564,0.8755854595379768,0.12441454046202315
A→B,с учётом цензуры,4.140032595296317,0.8776105055430959,0.12238949445690403
A→B,с учётом цензуры,4.17237659994707,0.8796025906795929,0.12039740932040706
A→B,с учётом цензуры,4.204720604597822,0.8815622514384204,0.11843774856157963
A→B,с учётом цензуры,4.237064609248574,0.883490015578281,0.11650998442171902
A→B,с учётом цензуры,4.269408613899326,0.8853864022677589,0.11461359773224115
A→B,с учётом цензуры,4.301752618550079,0.8872519222251376,0.11274807777486244
A→B,с учётом цензуры,4.334096623200832,0.8890870778559421,0.11091292214405792
A→B,с учётом цензуры,4.366440627851584,0.8908923633882426,0.1091076366117574
A→B,с учётом цензуры,4.398784632502337,0.8926682650057555,0.10733173499424457
A→B,с учётом цензуры,4.431128637153089,0.8944152609787779,0.10558473902122212
A→B,с учётом цензуры,4.4634726418038415,0.8961338217929918,0.10386617820700819
A→B,с учётом цензуры,4.495816646454594,0.8978244102761708,0.10217558972382929
A→B,с учётом цензуры,4.528160651105346,0.8994874817228243,0.10051251827717568
A→B,с учётом цензуры,4.560504655756099,0.901123484016815,0.09887651598318507
A→B,с учётом цензуры,4.592848660406852,0.902732857751977,0.09726714224802298
A→B,с учётом цензуры,4.625192665057604,0.9043160363507745,0.09568396364922543
A→B,с учётом цензуры,4.657536669708357,0.9058734461810265,0.09412655381897353
A→B,с учётом цензуры,4.689880674359109,0.9074055066707319,0.09259449332926803
A→B,с учётом цензуры,4.722224679009861,0.9089126304210279,0.09108736957897214
A→B,с учётом цензуры,4.754568683660614,0.9103952233173059,0.08960477668269402
A→B,с учётом цензуры,4.786912688311366,0.9118536846385232,0.0881463153614768
A→B,с учётом цензуры,4.819256692962119,0.9132884071647316,0.08671159283526846
A→B,с учётом цензуры,4.851600697612871,0.9146997772828583,0.0853002227171417
A→B,с учётом цензуры,4.883944702263624,0.9160881750907643,0.08391182490923561
A→B,с учётом цензуры,4.916288706914377,0.917453974499609,0.08254602550039103
A→B,с учётом цензуры,4.9486327115651285,0.9187975433345479,0.08120245666545209
A→B,с учётом цензуры,4.980976716215881,0.9201192434337934,0.07988075656620668
A→B,с учётом цензуры,5.013320720866633,0.9214194307460606,0.0785805692539394
A→B,с учётом цензуры,5.045664725517386,0.9226984554264294,0.0773015445735706
A→B,с учётом цензуры,5.078008730168139,0.9239566619306445,0.07604333806935551
A→B,с учётом цензуры,5.110352734818891,0.9251943891078812,0.07480561089211879
A→B,с учётом цензуры,5.142696739469644,0.9264119702920018,0.07358802970799812
A→B,с учётом цензуры,5.1750407441203965,0.9276097333913259,0.0723902666086741
A→B,с учётом цензуры,5.207384748771148,0.9287880009769394,0.07121199902306062
A→B,с учётом цензуры,5.239728753421901,0.9299470903695672,0.0700529096304328
A→B,с учётом цензуры,5.272072758072653,0.9310873137250308,0.06891268627496919
A→B,с учётом цензуры,5.304416762723406,0.9322089781183157,0.06779102188168429
A→B,с учётом цензуры,5.336760767374159,0.9333123856262697,0.06668761437373028
A→B,с учётом цензуры,5.369104772024911,0.9343978334089561,0.06560216659104394
A→B,с учётом цензуры,5.401448776675664,0.9354656137896817,0.06453438621031826
A→B,с учётом цензуры,5.4337927813264155,0.9365160143337236,0.06348398566627649
A→B,с учётом цензуры,5.466136785977168,0.9375493179257725,0.06245068207422752
A→B,с учётом цензуры,5.498480790627921,0.9385658028461181,0.06143419715388188
A→B,с учётом цензуры,5.530824795278673,0.9395657428455922,0.06043425715440778
A→B,с учётом цензуры,5.563168799929426,0.9405494072192933,0.059450592780706794
A→B,с учётом цензуры,5.595512804580178,0.9415170608791102,0.05848293912088976
A→B,с учётом цензуры,5.627856809230931,0.942468964425067,0.05753103557493301
A→B,с учётом цензуры,5.6602008138816835,0.9434053742155042,0.056594625784495804
A→B,с учётом цензуры,5.692544818532435,0.9443265424361197,0.05567345756388029
A→B,с учётом цензуры,5.724888823183188,0.9452327171678853,0.054767282832114766
A→B,с учётом цензуры,5.75723282783394,0.9461241424538569,0.05387585754614306
A→B,с учётом цензуры,5.789576832484693,0.9470010583648995,0.0529989416351006
A→B,с учётом цензуры,5.821920837135446,0.947863701064339,0.052136298935660984
A→B,с учётом цензуры,5.854264841786198,0.9487123028715657,0.05128769712843427
A→B,с учётом цензуры,5.886608846436951,0.9495470923245991,0.05045290767540086
A→B,с учётом цензуры,5.918952851087703,0.9503682942416363,0.04963170575836369
A→B,с учётом цензуры,5.951296855738455,0.9511761297815979,0.04882387021840204
A→B,с учётом цензуры,5.983640860389208,0.951970816503689,0.04802918349631101
A→B,с учётом цензуры,6.01598486503996,0.9527525684259897,0.04724743157401038
A→B,с учётом цензуры,6.048328869690713,0.9535215960830928,0.04647840391690714
A→B,с учётом цензуры,6.080672874341466,0.9542781065828039,0.04572189341719609
A→B,с учётом цензуры,6.113016878992218,0.9550223036619165,0.04497769633808352
A→B,с учётом цензуры,6.1453608836429705,0.9557543877410817,0.044245612258918356
A→B,с учётом цензуры,6.177704888293722,0.9564745559787831,0.043525444021216914
A→B,с учётом цензуры,6.210048892944475,0.9571830023244343,0.04281699767556567
A→B,с учётом цензуры,6.242392897595228,0.9578799175706114,0.04212008242938859
A→B,с учётом цензуры,6.27473690224598,0.9585654894044354,0.04143451059556461
A→B,с учётом цензуры,6.307080906896733,0.9592399024581189,0.040760097541881174
A→B,с учётом цензуры,6.339424911547485,0.959903338358689,0.04009666164131099
A→B,с учётом цензуры,6.371768916198238,0.9605559757769024,0.03944402422309752
A→B,с учётом цензуры,6.40411292084899,0.9611979904753628,0.038802009524637214
A→B,с учётом цензуры,6.436456925499742,0.9618295553558556,0.03817044464414446
A→B,с учётом цензуры,6.468800930150495,0.9624508405059128,0.03754915949408726
A→B,с учётом цензуры,6.501144934801247,0.9630620132446192,0.03693798675538082
A→B,с учётом цензуры,6.533488939452,0.9636632381676735,0.03633676183232643
A→B,с учётом цензуры,6.565832944102753,0.9642546771917158,0.03574532280828425
A→B,с учётом цензуры,6.598176948753505,0.9648364895979329,0.035163510402067125
A→B,с учётом цензуры,6.6305209534042575,0.9654088320749555,0.03459116792504447
A→B,с учётом цензуры,6.66286495805501,0.9659718587610557,0.03402814123894424
A→B,с учётом цензуры,6.695208962705762,0.9665257212856582,0.03347427871434179
A→B,с учётом цензуры,6.727552967356515,0.9670705688101757,0.03292943118982424
A→B,с учётом цензуры,6.759896972007267,0.9676065480681801,0.03239345193181981
A→B,с учётом цензуры,6.79224097665802,0.9681338034049193,0.031866196595080686
A→B,с учётом цензуры,6.824584981308773,0.9686524768161908,0.03134752318380922
A→B,с учётом цензуры,6.856928985959525,0.969162707986583,0.030837292013417
A→B,с учётом цензуры,6.889272990610277,0.969664634327094,0.03033536567290599
A→B,с учётом цензуры,6.921616995261029,0.9701583910121375,0.02984160898786246
A→B,с учётом цензуры,6.953960999911782,0.9706441110159473,0.029355888984052746
A→B,с учётом цензуры,6.986305004562535,0.971121925148388,0.028878074851612003
A→B,с учётом цензуры,7.018649009213287,0.9715919620901845,0.028408037909815505
A→B,с учётом цензуры,7.05099301386404,0.9720543484275765,0.02794565157242351
A→B,с учётом цензуры,7.083337018514792,0.9725092086864098,0.02749079131359018
A→B,с учётом цензуры,7.1156810231655445,0.9729566653656727,0.02704333463432734
A→B,с учётом цензуры,7.148025027816297,0.9733968389704858,0.02660316102951417
A→B,с учётом цензуры,7.180369032467049,0.9738298480445563,0.02617015195544375
A→B,с учётом цензуры,7.212713037117802,0.9742558092021021,0.025744190797897967
A→B,с учётом цензуры,7.245057041768554,0.9746748371592581,0.025325162840741947
A→B,с учётом цензуры,7.277401046419307,0.9750870447649702,0.024912955235029746
A→B,с учётом цензуры,7.30974505107006,0.9754925430313872,0.024507456968612822
A→B,с учётом цензуры,7.342089055720812,0.9758914411637567,0.02410855883624328
A→B,с учётом цензуры,7.374433060371564,0.9762838465898365,0.023716153410163553
A→B,с учётом цензуры,7.406777065022317,0.976669864988825,0.02333013501117502
A→B,с учётом цензуры,7.439121069673069,0.9770496003198226,0.02295039968017737
A→B,с учётом цензуры,7.471465074323822,0.9774231548498289,0.02257684515017115
A→B,с учётом цензуры,7.503809078974574,0.9777906291812837,0.0222093708187163
A→B,с учётом цензуры,7.536153083625327,0.9781521222791614,0.02184787772083857
A→B,с учётом цензуры,7.56849708827608,0.9785077314976227,0.021492268502377333
A→B,с учётом цензуры,7.6008410929268315,0.9788575526062331,0.021142447393766875
A→B,с учётом цензуры,7.633185097577584,0.9792016798157553,0.020798320184244636
A→B,с учётом цензуры,7.665529102228336,0.9795402058035209,0.02045979419647918
A→B,с учётом цензуры,7.697873106879089,0.9798732217383889,0.020126778261611127
A→B,с учётом цензуры,7.730217111529842,0.9802008173052996,0.01979918269470041
A→B,с учётом цензуры,7.762561116180594,0.980523080729427,0.01947691927057303
A→B,с учётом цензуры,7.794905120831347,0.9808400987999389,0.01915990120006109
A→B,с учётом цензуры,7.827249125482099,0.9811519568933705,0.018848043106629454
A→B,с учётом цензуры,7.859593130132851,0.9814587389966171,0.01854126100338291
A→B,с учётом цензуры,7.891937134783604,0.9817605277295525,0.018239472270447525
A→B,с учётом цензуры,7.924281139434356,0.9820574043672797,0.01794259563272025
A→B,с учётом цензуры,7.956625144085109,0.9823494488620195,0.01765055113798052
A→B,с учётом цензуры,7.988969148735862,0.9826367398646417,0.0173632601353583
A→B,с учётом цензуры,8.021313153386615,0.9829193547458476,0.017080645254152472
A→B,с учётом цензуры,8.053657158037366,0.9831973696170059,0.016802630382994115
A→B,с учётом цензуры,8.086001162688119,0.9834708593506513,0.016529140649348708
A→B,с учётом цензуры,8.118345167338871,0.9837398976006477,0.01626010239935226
A→B,с учётом цензуры,8.150689171989624,0.9840045568220246,0.015995443177975414
A→B,с учётом цензуры,8.183033176640377,0.9842649082904894,0.015735091709510558
A→B,с учётом цензуры,8.215377181291128,0.9845210221216236,0.015478977878376396
A→B,с учётом цензуры,8.24772118594188,0.9847729672897649,0.015227032710235051
A→B,с учётом цензуры,8.280065190592634,0.9850208116465835,0.014979188353416542
A→B,с учётом цензуры,8.312409195243387,0.9852646219393544,0.014735378060645565
A→B,с учётом цензуры,8.34475319989414,0.9855044638289343,0.014495536171065642
A→B,с учётом цензуры,8.37709720454489,0.985740401907444,0.014259598092555954
A→B,с учётом цензуры,8.409441209195643,0.985972499715664,0.014027500284335956
A→B,с учётом цензуры,8.441785213846396,0.9862008197601468,0.013799180239853116
A→B,с учётом цензуры,8.474129218497149,0.9864254235300508,0.01357457646994921
A→B,с учётом цензуры,8.506473223147902,0.9866463715136994,0.013353628486300576
A→B,с учётом цензуры,8.538817227798653,0.986863723214872,0.013136276785127993
A→B,с учётом цензуры,8.571161232449406,0.9870775371688285,0.012922462831171528
A→B,с учётом цензуры,8.603505237100158,0.9872878709580736,0.01271212904192643
A→B,с учётом цензуры,8.635849241750911,0.9874947812278645,0.012505218772135503
A→B,с учётом цензуры,8.668193246401664,0.9876983237014662,0.012301676298533851
A→B,с учётом цензуры,8.700537251052415,0.987898553195158,0.012101446804842021
A→B,с учётом цензуры,8.732881255703168,0.9880955236329967,0.011904476367003303
A→B,с учётом цензуры,8.76522526035392,0.9882892880613385,0.011710711938661482
A→B,с учётом цензуры,8.797569265004674,0.9884798986631252,0.011520101336874745
A→B,с учётом цензуры,8.829913269655426,0.9886674067719378,0.011332593228062286
A→B,с учётом цензуры,8.862257274306177,0.9888518628858204,0.011148137114179583
A→B,с учётом цензуры,8.89460127895693,0.9890333166808813,0.010966683319118709
A→B,с учётом цензуры,8.926945283607683,0.98921181702467,0.010788182975329984
A→B,с учётом цензуры,8.959289288258436,0.9893874119893385,0.010612588010661403
A→B,с учётом цензуры,8.991633292909189,0.9895601488645878,0.010439851135412287
A→B,с учётом цензуры,9.023977297559941,0.9897300741704024,0.01026992582959759
A→B,с учётом цензуры,9.056321302210693,0.9898972336695804,0.010102766330419575
A→B,с учётом цензуры,9.088665306861445,0.9900616723800567,0.009938327619943338
A→B,с учётом цензуры,9.121009311512198,0.990223434587027,0.009776565412973053
A→B,с учётом цензуры,9.153353316162951,0.9903825638548747,0.00961743614512538
A→B,с учётом цензуры,9.185697320813704,0.9905391030389029,0.009460896961097138
A→B,с учётом цензуры,9.218041325464455,0.9906930942968761,0.009306905703123869
A→B,с учётом цензуры,9.250385330115208,0.9908445791003737,0.009155420899626293
A→B,с учётом цензуры,9.28272933476596,0.9909935982459585,0.009006401754041528
A→B,с учётом цензуры,9.315073339416713,0.9911401918661639,0.00885980813383612
A→B,с учётом цензуры,9.347417344067466,0.9912843994403021,0.008715600559697929
A→B,с учётом цензуры,9.379761348718217,0.9914262598050961,0.00857374019490386
A→B,с учётом цензуры,9.41210535336897,0.9915658111651393,0.00843418883486071
A→B,с учётом цензуры,9.444449358019723,0.9917030911031838,0.008296908896816259
A→B,с учётом цензуры,9.476793362670476,0.9918381365902622,0.008161863409737815
A→B,с учётом цензуры,9.509137367321228,0.9919709839956445,0.008029016004355466
A→B,с учётом цензуры,9.54148137197198,0.9921016690966326,0.00789833090336745
A→B,с учётом цензуры,9.573825376622732,0.9922302270881951,0.007769772911804921
A→B,с учётом цензуры,9.606169381273485,0.9923566925924464,0.007643307407553545
A→B,с учётом цензуры,9.638513385924238,0.9924810996679706,0.007518900332029379
A→B,с учётом цензуры,9.67085739057499,0.9926034818189935,0.007396518181006501
A→C,истина,0.0,0.0,1.0
A→C,истина,0.05618859044047007,1.3917685230080933e-19,1.0
A→C,истина,0.11237718088094013,1.5913442157111372e-14,0.9999999999999841
A→C,истина,0.1685657713214102,6.019852014197155e-12,0.9999999999939801
A→C,истина,0.22475436176188027,2.745818447266863e-10,0.9999999997254182
A→C,истина,0.2809429522023503,4.253723234916957e-09,0.9999999957462767
A→C,истина,0.3371315426428204,3.456070565717806e-08,0.9999999654392944
A→C,истина,0.39332013308329045,1.8367880747614088e-07,0.9999998163211925
A→C,истина,0.44950872352376053,7.24746314993649e-07,0.999999275253685
A→C,истина,0.5056973139642306,2.2971409640455208e-06,0.999997702859036
A→C,истина,0.5618859044047007,6.161636385675023e-06,0.9999938383636143
A→C,истина,0.6180744948451707,1.45007484400192e-05,0.99998549925156
A→C,истина,0.6742630852856408,3.072848405967442e-05,0.9999692715159403
A→C,истина,0.7304516757261109,5.9771794840652796e-05,0.9999402282051594
A→C,истина,0.7866402661665809,0.00010829170935606237,0.9998917082906439
A→C,истина,0.842828856607051,0.0001848220966695628,0.9998151779033304
A→C,истина,0.8990174470475211,0.0002998152300332936,0.9997001847699667
A→C,истина,0.9552060374879912,0.0004655935954849581,0.9995344064045151
A→C,истина,1.0113946279284611,0.0006962155250056717,0.9993037844749943
A→C,истина,1.0675832183689313,0.0010072678146959605,0.998992732185304
A→C,истина,1.1237718088094013,0.0014156016219578167,0.9985843983780421
A→C,истина,1.1799603992498715,0.0019390290110727706,0.9980609709889272
A→C,истина,1.2361489896903415,0.0025959970307158726,0.9974040029692841
A→C,истина,1.2923375801308115,0.0034052546539213883,0.9965947453460786
A→C,истина,1.3485261705712817,0.004385525722421201,0.9956144742775788
A→C,истина,1.4047147610117516,0.005555198557771753,0.9944448014422282
A→C,истина,1.4609033514522218,0.00693204038622944,0.9930679596137706
A→C,истина,1.5170919418926918,0.00853294234717291,0.991467057652827
A→C,истина,1.5732805323331618,0.01037369872359723,0.9896263012764027
A→C,истина,1.629469122773632,0.012468822203879997,0.98753117779612
A→C,истина,1.685657713214102,0.014831395475138663,0.9851686045248613
A→C,истина,1.7418463036545722,0.017472958252830156,0.9825270417471699
A→C,истина,1.7980348940950421,0.02040342794525289,0.9795965720547472
A→C,истина,1.8542234845355121,0.023631051502597655,0.9763689484974023
A→C,истина,1.9104120749759823,0.027162385571454947,0.9728376144285451
A→C,истина,1.9666006654164523,0.03100230183006131,0.9689976981699386
A→C,истина,2.0227892558569223,0.03515401428172513,0.9648459857182748
A→C,истина,2.0789778462973927,0.039619125301676945,0.960380874698323
A→C,истина,2.1351664367378627,0.04439768733777235,0.9556023126622276
A→C,истина,2.1913550271783326,0.04948827733385396,0.950511722666146
A→C,истина,2.2475436176188026,0.054888081155968,0.945111918844032
A→C,истина,2.3037322080592726,0.060592985539572236,0.9394070144604277
A→C,истина,2.359920798499743,0.06659767532723798,0.9334023246727621
A→C,истина,2.416109388940213,0.07289573402093937,0.9271042659790606
A→C,истина,2.472297979380683,0.07947974592313356,0.9205202540768664
A→C,истина,2.528486569821153,0.086341398380827,0.913658601619173
A→C,истина,2.584675160261623,0.09347158287279433,0.9065284171272057
A→C,истина,2.6408637507020933,0.10086049388952334,0.8991395061104767
A→C,истина,2.6970523411425633,0.10849772474686292,0.8915022752531371
A→C,истина,2.7532409315830333,0.11637235964715154,0.8836276403528485
A→C,истина,2.8094295220235033,0.12447306145584913,0.8755269385441509
A→C,истина,2.8656181124639732,0.13278815479789602,0.867211845202104
A→C,истина,2.9218067029044437,0.1413057041970347,0.8586942958029653
A→C,истина,2.9779952933449136,0.15001358708422174,0.8499864129157783
A→C,истина,3.0341838837853836,0.15889956158923968,0.8411004384107603
A→C,истина,3.0903724742258536,0.1679513291039778,0.8320486708960222
A→C,истина,3.1465610646663236,0.17715659166787362,0.8228434083321263
A→C,истина,3.202749655106794,0.1865031042769894,0.8134968957230106
A→C,истина,3.258938245547264,0.1959787222593526,0.8040212777406475
A→C,истина,3.315126835987734,0.20557144389170806,0.794428556108292
A→C,истина,3.371315426428204,0.21526944845777668,0.7847305515422234
A→C,истина,3.427504016868674,0.22506112996652178,0.7749388700334783
A→C,истина,3.4836926073091443,0.2349351267616948,0.7650648732383052
A→C,истина,3.5398811977496143,0.24488034726189722,0.7551196527381028
A→C,истина,3.5960697881900843,0.2548859920743245,0.7451140079256755
A→C,истина,3.6522583786305542,0.2649415727258784,0.7350584272741216
A→C,истина,3.7084469690710242,0.2750369272530896,0.7249630727469104
A→C,истина,3.7646355595114946,0.2851622328877429,0.7148377671122571
A→C,истина,3.8208241499519646,0.2953080160687524,0.7046919839312475
A→C,истина,3.8770127403924346,0.30546516000304486,0.6945348399969551
A→C,истина,3.9332013308329046,0.3156249099893417,0.6843750900106583
A→C,истина,3.9893899212733746,0.32577887670906536,0.6742211232909346
A→C,истина,4.0455785117138445,0.3359190376783838,0.6640809623216162
A→C,истина,4.101767102154315,0.34603773704485485,0.6539622629551451
A→C,истина,4.157955692594785,0.356127683901422,0.643872316098578
A→C,истина,4.214144283035255,0.36618194927978154,0.6338180507202185
A→C,истина,4.270332873475725,0.3761939619745117,0.6238060380254883
A→C,истина,4.326521463916195,0.38615750333892523,0.6138424966610747
A→C,истина,4.382710054356665,0.3960667011834512,0.6039332988165488
A→C,истина,4.438898644797136,0.40591602289752826,0.5940839771024717
A→C,истина,4.495087235237605,0.41570026790655273,0.5842997320934473
A→C,истина,4.551275825678076,0.4254145595663919,0.574585440433608
A→C,истина,4.607464416118545,0.43505433658937864,0.5649456634106214
A→C,истина,4.663653006559016,0.4446153440875588,0.5553846559124412
A→C,истина,4.719841596999486,0.4540936243112667,0.5459063756887333
A→C,истина,4.7760301874399556,0.4634855071538696,0.5365144928461304
A→C,истина,4.832218777880426,0.47278760048673546,0.5272123995132646
A→C,истина,4.8884073683208955,0.4819967803821294,0.5180032196178705
A→C,истина,4.944595958761366,0.4911101812758364,0.5088898187241636
A→C,истина,5.000784549201836,0.5001251861158026,0.4998748138841974
A→C,истина,5.056973139642306,0.5090394165379962,0.4909605834620037
A→C,истина,5.113161730082776,0.5178507231059719,0.4821492768940281
A→C,истина,5.169350320523246,0.5265571756462706,0.4734428243537295
A→C,истина,5.225538910963716,0.5351570537077939,0.4648429462922061
A→C,истина,5.281727501404187,0.5436488371696087,0.4563511628303914
A→C,истина,5.337916091844656,0.5520311970182779,0.4479688029817222
A→C,истина,5.394104682285127,0.5603029863127392,0.4396970136872608
A→C,истина,5.450293272725596,0.568463231351951,0.431536768648049
A→C,истина,5.506481863166067,0.5765111230579769,0.42348887694202303
A→C,истина,5.562670453606537,0.5844460085848737,0.4155539914151263
A→C,истина,5.6188590440470065,0.5922673831616552,0.4077326168383449
A→C,истина,5.675047634487477,0.5999748821757261,0.4000251178242739
A→C,истина,5.7312362249279465,0.6075682735014802,0.39243172649851976
A→C,истина,5.787424815368417,0.6150474500772443,0.38495254992275574
A→C,истина,5.843613405808887,0.6224124227323925,0.37758757726760744
A→C,истина,5.899801996249357,0.6296633132652484,0.3703366867347516
A→C,истина,5.955990586689827,0.6368003477713229,0.3631996522286771
A→C,истина,6.012179177130297,0.6438238502204922,0.35617614977950784
A→C,истина,6.068367767570767,0.6507342362808963,0.3492657637191036
A→C,истина,6.124556358011238,0.6575320073866077,0.34246799261339234
A→C,истина,6.180744948451707,0.6642177450454987,0.3357822549545013
A→C,истина,6.236933538892178,0.6707921053831989,0.3292078946168011
A→C,истина,6.293122129332647,0.6772558139185647,0.3227441860814353
A→C,истина,6.349310719773118,0.6836096605657079,0.31639033943429207
A→C,истина,6.405499310213588,0.6898544948572947,0.31014550514270534
A→C,истина,6.4616879006540575,0.6959912213835749,0.30400877861642506
A→C,истина,6.517876491094528,0.7020207954413821,0.2979792045586179
A→C,истина,6.5740650815349975,0.7079442188871838,0.2920557811128161
A→C,истина,6.630253671975468,0.7137625361881453,0.28623746381185466
A→C,истина,6.686442262415938,0.719476830665081,0.2805231693349191
A→C,истина,6.742630852856408,0.7250882209211252,0.27491177907887476
A→C,истина,6.798819443296878,0.7305978574499334,0.2694021425500666
A→C,истина,6.855008033737348,0.7360069194172298,0.26399308058277016
A→C,истина,6.911196624177818,0.741316611609558,0.25868338839044197
A→C,истина,6.967385214618289,0.746528161544133,0.25347183845586696
A→C,истина,7.023573805058758,0.7516428167337704,0.24835718326622958
A→C,истина,7.079762395499229,0.7566618421009534,0.24333815789904661
A→C,истина,7.135950985939698,0.7615865175351912,0.2384134824648088
A→C,истина,7.1921395763801685,0.7664181355879417,0.2335818644120583
A→C,истина,7.248328166820639,0.7711579992994828,0.22884200070051713
A→C,истина,7.3045167572611085,0.7758074201522493,0.2241925798477507
A→C,истина,7.360705347701579,0.780367716145285,0.219632283854715
A→C,истина,7.4168939381420484,0.7848402099845964,0.2151597900154037
A→C,истина,7.473082528582519,0.7892262273843433,0.2107737726156566
A→C,истина,7.529271119022989,0.7935270954739415,0.2064729045260585
A→C,истина,7.585459709463459,0.7977441413063027,0.20225585869369733
A→C,истина,7.641648299903929,0.8018786904625907,0.1981213095374092
A→C,истина,7.697836890344399,0.8059320657490167,0.19406793425098334
A→C,истина,7.754025480784869,0.809905585981346,0.190094414018654
A→C,истина,7.81021407122534,0.8138005648529454,0.18619943514705461
A→C,истина,7.866402661665809,0.8176183098823375,0.18238169011766253
A→C,истина,7.92259125210628,0.8213601214363817,0.17863987856361835
A→C,истина,7.978779842546749,0.8250272918253412,0.17497270817465876
A→C,истина,8.03496843298722,0.828621104466241,0.17137889553375896
A→C,истина,8.091157023427689,0.8321428331110551,0.16785716688894492
A→C,истина,8.14734561386816,0.8355937411364047,0.16440625886359522
A→C,истина,8.20353420430863,0.838975080891573,0.16102491910842692
A→C,истина,8.2597227947491,0.8422880931017813,0.15771190689821873
A→C,истина,8.31591138518957,0.8455340063237904,0.15446599367620967
A→C,истина,8.37209997563004,0.8487140364510182,0.15128596354898188
A→C,истина,8.42828856607051,0.8518293862654834,0.14817061373451657
A→C,истина,8.48447715651098,0.8548812450339992,0.1451187549660008
A→C,истина,8.54066574695145,0.8578707881461549,0.14212921185384503
A→C,истина,8.596854337391921,0.8607991767917353,0.1392008232082647
A→C,истина,8.65304292783239,0.8636675576753237,0.13633244232467634
A→C,истина,8.70923151827286,0.866477062765949,0.13352293723405095
A→C,истина,8.76542010871333,0.8692288090797236,0.1307711909202765
A→C,истина,8.821608699153801,0.8719238984935198,0.1280761015064802
A→C,истина,8.877797289594271,0.8745634175878265,0.12543658241217348
A→C,истина,8.93398588003474,0.8771484375170046,0.12285156248299545
A→C,истина,8.99017447047521,0.8796800139052583,0.1203199860947417
A→C,истина,9.04636306091568,0.8821591867667105,0.11784081323328954
A→C,истина,9.102551651356151,0.8845869804480513,0.11541301955194871
A→C,истина,9.158740241796622,0.8869644035923079,0.11303559640769206
A→C,истина,9.21492883223709,0.8892924491223488,0.1107075508776511
A→C,истина,9.27111742267756,0.8915720942428108,0.10842790575718919
A→C,истина,9.327306013118031,0.8938043004591996,0.10619569954080049
A→C,истина,9.383494603558502,0.8959900136129805,0.10400998638701953
A→C,истина,9.439683193998972,0.8981301639315347,0.10186983606846534
A→C,истина,9.49587178443944,0.9002256660919157,0.09977433390808438
A→C,истина,9.552060374879911,0.9022774192973962,0.09772258070260376
A→C,истина,9.608248965320382,0.9042863073658489,0.09571369263415103
A→C,истина,9.664437555760852,0.9062531988290545,0.09374680117094547
A→C,истина,9.720626146201322,0.9081789470420798,0.0918210529579202
A→C,истина,9.776814736641791,0.9100643903019157,0.0899356096980844
A→C,истина,9.833003327082261,0.911910351974607,0.08808964802539299
A→C,истина,9.889191917522732,0.913717640630151,0.08628235936984902
A→C,истина,9.945380507963202,0.9154870501844782,0.08451294981552182
A→C,истина,10.001569098403673,0.9172193600478723,0.0827806399521277
A→C,истина,10.057757688844141,0.9189153352792181,0.08108466472078196
A→C,истина,10.113946279284612,0.9205757267455035,0.07942427325449658
A→C,истина,10.170134869725082,0.9222012712860338,0.07779872871396618
A→C,истина,10.226323460165553,0.9237926918808503,0.07620730811914966
A→C,истина,10.282512050606023,0.9253506978228712,0.0746493021771288
A→C,истина,10.338700641046492,0.9268759848933052,0.07312401510669471
A→C,истина,10.394889231486962,0.9283692355399151,0.07163076446008491
A→C,истина,10.451077821927433,0.9298311190577296,0.07016888094227035
A→C,истина,10.507266412367903,0.9312622917718351,0.06873770822816497
A→C,истина,10.563455002808373,0.932663397221892,0.067336602778108
A→C,истина,10.619643593248842,0.9340350663480526,0.06596493365194749
A→C,истина,10.675832183689312,0.9353779176779689,0.06462208232203119
A→C,истина,10.732020774129783,0.9366925575146068,0.06330744248539322
A→C,истина,10.788209364570253,0.9379795801245975,0.062020419875402556
A→C,истина,10.844397955010724,0.939239567926874,0.06076043207312603
A→C,истина,10.900586545451192,0.9404730916813634,0.05952690831863659
A→C,истина,10.956775135891663,0.941680710677514,0.058319289322486006
A→C,истина,11.012963726332133,0.9428629729224572,0.05713702707754278
A→C,истина,11.069152316772604,0.9440204153286174,0.05597958467138261
A→C,истина,11.125340907213074,0.9451535639005938,0.05484643609940625
A→C,истина,11.181529497653543,0.9462629339211555,0.05373706607884455
A→C,истина,11.237718088094013,0.9473490301362006,0.05265096986379934
A→C,истина,11.293906678534483,0.9484123469385409,0.05158765306145906
A→C,истина,11.350095268974954,0.9494533685503872,0.05054663144961278
A→C,истина,11.406283859415424,0.9504725692044196,0.04952743079558038
A→C,истина,11.462472449855893,0.951470413323335,0.04852958667666499
A→C,истина,11.518661040296363,0.9524473556977765,0.04755264430222348
A→C,истина,11.574849630736834,0.9534038416625547,0.046596158337445334
A→C,истина,11.631038221177304,0.9543403072710812,0.04565969272891874
A→C,истина,11.687226811617775,0.9552571794679431,0.044742820532056936
A→C,истина,11.743415402058243,0.9561548762595492,0.043845123740450846
A→C,истина,11.799603992498714,0.9570338068827947,0.04296619311720531
A→C,истина,11.855792582939184,0.9578943719716874,0.0421056280283126
A→C,истина,11.911981173379655,0.9587369637218913,0.041263036278108685
A→C,истина,11.968169763820125,0.9595619660531473,0.040438033946852706
A→C,истина,12.024358354260594,0.9603697547695349,0.039630245230465135
A→C,истина,12.080546944701064,0.9611606977175445,0.038839302282455475
A→C,истина,12.136735535141534,0.9619351549419356,0.038064845058064366
A→C,истина,12.192924125582005,0.9626934788393582,0.03730652116064186
A→C,истина,12.249112716022475,0.9634360143097207,0.036563985690279285
A→C,истина,12.305301306462944,0.9641630989052922,0.03583690109470782
A→C,истина,12.361489896903414,0.9648750629775265,0.03512493702247354
A→C,истина,12.417678487343885,0.9655722298216034,0.03442777017839662
A→C,истина,12.473867077784355,0.9662549158186837,0.03374508418131624
A→C,истина,12.530055668224826,0.966923430575876,0.03307656942412391
A→C,истина,12.586244258665294,0.9675780770639184,0.032421922936081565
A→C,истина,12.642432849105765,0.9682191517525796,0.031780848247420494
A→C,истина,12.698621439546235,0.9688469447437854,0.031153055256214604
A→C,истина,12.754810029986706,0.9694617399024819,0.03053826009751819
A→C,истина,12.810998620427176,0.9700638149852423,0.029936185014757675
A→C,истина,12.867187210867645,0.970653441766635,0.02934655823336492
A→C,истина,12.923375801308115,0.9712308861633634,0.028769113836636648
A→C,истина,12.979564391748585,0.9717964083561952,0.028203591643804822
A→C,истина,13.035752982189056,0.9723502629096998,0.027649737090300205
A→C,истина,13.091941572629526,0.9728926988898097,0.0271073011101903
A→C,истина,13.148130163069995,0.9734239599792283,0.02657604002077176
A→C,истина,13.204318753510465,0.9739442845907035,0.026055715409296507
A→C,истина,13.260507343950936,0.9744539059781909,0.02554609402180911
A→C,истина,13.316695934391406,0.9749530523459269,0.02504694765407314
A→C,истина,13.372884524831877,0.9754419469554376,0.024558053044562402
A→C,истина,13.429073115272345,0.9759208082305072,0.02407919176949282
A→C,истина,13.485261705712816,0.97638984986013,0.023610150139869984
A→C,истина,13.541450296153286,0.9768492808994729,0.023150719100527087
A→C,истина,13.597638886593757,0.9772993058688735,0.022700694131126475
A→C,истина,13.653827477034227,0.9777401248509007,0.022259875149099332
A→C,истина,13.710016067474696,0.9781719335855041,0.021828066414495844
A→C,истина,13.766204657915166,0.9785949235632808,0.021405076436719208
A→C,истина,13.822393248355636,0.9790092821168841,0.02099071788311589
A→C,истина,13.878581838796107,0.9794151925106053,0.02058480748939468
A→C,истина,13.934770429236577,0.9798128340281531,0.02018716597184685
A→C,истина,13.990959019677046,0.9802023820586608,0.019797617941339142
A→C,истина,14.047147610117516,0.9805840081809476,0.019415991819052434
A→C,истина,14.103336200557987,0.9809578802460626,0.01904211975393741
A→C,истина,14.159524790998457,0.9813241624581402,0.018675837541859745
A→C,истина,14.215713381438928,0.9816830154535934,0.01831698454640668
A→C,истина,14.271901971879396,0.9820345963786729,0.017965403621327133
A→C,истина,14.328090562319867,0.9823790589654222,0.01762094103457781
A→C,истина,14.384279152760337,0.9827165536060526,0.017283446393947403
A→C,истина,14.440467743200808,0.9830472274257686,0.01695277257423143
A→C,истина,14.496656333641278,0.9833712243540693,0.01662877564593067
A→C,истина,14.552844924081747,0.9836886851945543,0.01631131480544562
A→C,истина,14.609033514522217,0.9839997476932597,0.016000252306740296
A→C,истина,14.665222104962687,0.9843045466055514,0.015695453394448586
A→C,истина,14.721410695403158,0.9846032137616032,0.015396786238396798
A→C,истина,14.777599285843628,0.9848958781304842,0.015104121869515786
A→C,истина,14.833787876284097,0.985182665882883,0.014817334117117078
A→C,истина,14.889976466724567,0.9854637004524929,0.014536299547507165
A→C,истина,14.946165057165038,0.9857391025960855,0.014260897403914488
A→C,истина,15.002353647605508,0.9860089904522961,0.013991009547703933
A→C,истина,15.058542238045979,0.9862734795991457,0.01372652040085429
A→C,истина,15.114730828486447,0.9865326831103262,0.013467316889673809
A→C,истина,15.170919418926918,0.9867867116102701,0.013213288389729915
A→C,истина,15.227108009367388,0.9870356733280309,0.012964326671969128
A→C,истина,15.283296599807858,0.9872796741499964,0.012720325850003595
A→C,истина,15.339485190248329,0.9875188176714589,0.012481182328541075
A→C,истина,15.395673780688798,0.9877532052470644,0.01224679475293553
A→C,истина,15.451862371129268,0.9879829360401643,0.012017063959835659
A→C,истина,15.508050961569738,0.9882081070710907,0.011791892928909276
A→C,истина,15.564239552010209,0.9884288132643783,0.011571186735621755
A→C,истина,15.62042814245068,0.9886451474949534,0.011354852505046687
A→C,истина,15.676616732891148,0.988857200633312,0.011142799366688038
A→C,истина,15.732805323331618,0.9890650615897074,0.010934938410292595
A→C,истина,15.788993913772089,0.9892688173573676,0.010731182642632411
A→C,истина,15.84518250421256,0.9894685530547629,0.01053144694523715
A→C,истина,15.90137109465303,0.9896643519669438,0.010335648033056187
A→C,истина,15.957559685093498,0.9898562955859684,0.010143704414031597
A→C,истина,16.01374827553397,0.9900444636504377,0.009955536349562253
A→C,истина,16.06993686597444,0.9902289341841592,0.0097710658158408
A→C,истина,16.126125456414908,0.9904097835339553,0.00959021646604475
A→C,истина,16.182314046855378,0.9905870864066365,0.00941291359336352
A→C,истина,16.23850263729585,0.990760915905156,0.00923908409484398
A→C,истина,16.29469122773632,0.9909313435639633,0.009068656436036736
A→C,истина,16.35087981817679,0.9910984393835739,0.008901560616426087
A→C,истина,16.40706840861726,0.9912622718643731,0.008737728135626918
A→C,истина,16.46325699905773,0.991422908039668,0.008577091960331929
A→C,истина,16.5194455894982,0.9915804135080069,0.008419586491993128
A→C,истина,16.57563417993867,0.9917348524647783,0.008265147535221715
A→C,истина,16.63182277037914,0.9918862877331094,0.008113712266890574
A→C,истина,16.68801136081961,0.9920347807940755,0.007965219205924478
A→C,истина,16.74419995126008,0.9921803918162373,0.00781960818376267
A→C,истина,16.80038854170055,0.9923231796845204,0.0076768203154795435
A→C,наивная MLE,0.0,0.0,1.0
A→C,наивная MLE,0.05618859044047007,4.50473370668337e-21,1.0
A→C,наивная MLE,0.11237718088094013,1.5849161980503015e-15,0.9999999999999984
A→C,наивная MLE,0.1685657713214102,1.0460783790462604e-12,0.999999999998954
A→C,наивная MLE,0.22475436176188027,6.770139140158963e-11,0.9999999999322986
A→C,наивная MLE,0.2809429522023503,1.340892047996436e-09,0.9999999986591079
A→C,наивная MLE,0.3371315426428204,1.3096785426398618e-08,0.9999999869032146
A→C,наивная MLE,0.39332013308329045,8.038764180913757e-08,0.9999999196123582
A→C,наивная MLE,0.44950872352376053,3.5625686574532404e-07,0.9999996437431342
A→C,наивная MLE,0.5056973139642306,1.2427733384478696e-06,0.9999987572266615
A→C,наивная MLE,0.5618859044047007,3.6129618649277756e-06,0.9999963870381351
A→C,наивная MLE,0.6180744948451707,9.106285256794964e-06,0.9999908937147433
A→C,наивная MLE,0.6742630852856408,2.047184058787985e-05,0.9999795281594122
A→C,наивная MLE,0.7304516757261109,4.192179138110701e-05,0.9999580782086189
A→C,наивная MLE,0.7866402661665809,7.945470281202475e-05,0.999920545297188
A→C,наивная MLE,0.842828856607051,0.00014111317548585353,0.9998588868245142
A→C,наивная MLE,0.8990174470475211,0.00023714977591463224,0.9997628502240854
A→C,наивная MLE,0.9552060374879912,0.00038008686173804325,0.9996199131382619
A→C,наивная MLE,1.0113946279284611,0.0005846671981013464,0.9994153328018986
A→C,наивная MLE,1.0675832183689313,0.000867701783265151,0.9991322982167349
A→C,наивная MLE,1.1237718088094013,0.0012478283395374096,0.9987521716604626
A→C,наивная MLE,1.1799603992498715,0.0017451983547126981,0.9982548016452873
A→C,наивная MLE,1.2361489896903415,0.0023811126261139848,0.997618887373886
A→C,наивная MLE,1.2923375801308115,0.003177625403674285,0.9968223745963257
A→C,наивная MLE,1.3485261705712817,0.004157135952083351,0.9958428640479167
A→C,наивная MLE,1.4047147610117516,0.005341984135442829,0.9946580158645572
A→C,наивная MLE,1.4609033514522218,0.006754063885056324,0.9932459361149437
A→C,наивная MLE,1.5170919418926918,0.008414465470821234,0.9915855345291787
A→C,наивная MLE,1.5732805323331618,0.010343154601890638,0.9896568453981094
A→C,наивная MLE,1.629469122773632,0.012558693697918679,0.9874413063020813
A→C,наивная MLE,1.685657713214102,0.015078008298772306,0.9849219917012277
A→C,наивная MLE,1.7418463036545722,0.017916199568076198,0.9820838004319238
A→C,наивная MLE,1.7980348940950421,0.021086402207118327,0.9789135977928817
A→C,наивная MLE,1.8542234845355121,0.024599685817464242,0.9754003141825358
A→C,наивная MLE,1.9104120749759823,0.028464996803617026,0.971535003196383
A→C,наивная MLE,1.9666006654164523,0.03268913725244328,0.9673108627475567
A→C,наивная MLE,2.0227892558569223,0.037276776821097146,0.9627232231789029
A→C,наивная MLE,2.0789778462973927,0.0422304934667863,0.9577695065332137
A→C,наивная MLE,2.1351664367378627,0.04755083881908856,0.9524491611809114
A→C,наивная MLE,2.1913550271783326,0.053236424091466415,0.9467635759085336
A→C,наивная MLE,2.2475436176188026,0.0592840226203969,0.9407159773796031
A→C,наивная MLE,2.3037322080592726,0.06568868538010039,0.9343113146198996
A→C,наивная MLE,2.359920798499743,0.07244386612479145,0.9275561338752085
A→C,наивная MLE,2.416109388940213,0.07954155313959832,0.9204584468604017
A→C,наивная MLE,2.472297979380683,0.08697240492063069,0.9130275950793694
A→C,наивная MLE,2.528486569821153,0.09472588744235477,0.9052741125576452
A→C,наивная MLE,2.584675160261623,0.10279041099767527,0.8972095890023247
A→C,наивная MLE,2.6408637507020933,0.11115346490657174,0.8888465350934283
A→C,наивная MLE,2.6970523411425633,0.11980174867850718,0.8801982513214928
A→C,наивная MLE,2.7532409315830333,0.12872129847946118,0.8712787015205388
A→C,наивная MLE,2.8094295220235033,0.13789760799497713,0.8621023920050228
A→C,наивная MLE,2.8656181124639732,0.1473157429957092,0.8526842570042907
A→C,наивная MLE,2.9218067029044437,0.15696044910201895,0.8430395508979811
A→C,наивная MLE,2.9779952933449136,0.16681625241015358,0.8331837475898465
A→C,наивная MLE,3.0341838837853836,0.1768675527857969,0.8231324472142031
A→C,наивная MLE,3.0903724742258536,0.18709870975290405,0.812901290247096
A→C,наивная MLE,3.1465610646663236,0.19749412100844954,0.8025058789915505
A→C,наивная MLE,3.202749655106794,0.20803829367885118,0.7919617063211488
A→C,наивная MLE,3.258938245547264,0.2187159085031593,0.7812840914968406
A→C,наивная MLE,3.315126835987734,0.229511877183389,0.7704881228166109
A→C,наивная MLE,3.371315426428204,0.24041139318529603,0.759588606814704
A→C,наивная MLE,3.427504016868674,0.25139997630502664,0.7486000236949734
A→C,наивная MLE,3.4836926073091443,0.2624635113398678,0.7375364886601322
A→C,наивная MLE,3.5398811977496143,0.2735882812161268,0.7264117187838732
A→C,наивная MLE,3.5960697881900843,0.28476099493520324,0.7152390050647968
A→C,наивная MLE,3.6522583786305542,0.29596881070124564,0.7040311892987543
A→C,наивная MLE,3.7084469690710242,0.30719935459142755,0.6928006454085724
A→C,наивная MLE,3.7646355595114946,0.3184407351236602,0.6815592648763398
A→C,наивная MLE,3.8208241499519646,0.3296815540672525,0.6703184459327475
A→C,наивная MLE,3.8770127403924346,0.34091091383030836,0.6590890861696916
A→C,наивная MLE,3.9332013308329046,0.3521184217440636,0.6478815782559364
A→C,наивная MLE,3.9893899212733746,0.36329419154942233,0.6367058084505777
A→C,наивная MLE,4.0455785117138445,0.3744288423750687,0.6255711576249313
A→C,наивная MLE,4.101767102154315,0.38551349548005964,0.6144865045199404
A→C,наивная MLE,4.157955692594785,0.3965397690170354,0.6034602309829646
A→C,наивная MLE,4.214144283035255,0.4074997710553875,0.5925002289446125
A→C,наивная MLE,4.270332873475725,0.41838609108707364,0.5816139089129264
A→C,наивная MLE,4.326521463916195,0.42919179022143894,0.5708082097785611
A→C,наивная MLE,4.382710054356665,0.4399103902595368,0.5600896097404632
A→C,наивная MLE,4.438898644797136,0.4505358618231095,0.5494641381768904
A→C,наивная MLE,4.495087235237605,0.4610626116986968,0.5389373883013032
A→C,наивная MLE,4.551275825678076,0.47148546954331905,0.528514530456681
A→C,наивная MLE,4.607464416118545,0.48179967408488167,0.5182003259151183
A→C,наивная MLE,4.663653006559016,0.4920008589378869,0.5079991410621131
A→C,наивная MLE,4.719841596999486,0.5020850381432188,0.49791496185678125
A→C,наивная MLE,4.7760301874399556,0.5120485915297053,0.4879514084702947
A→C,наивная MLE,4.832218777880426,0.521888249984825,0.47811175001517503
A→C,наивная MLE,4.8884073683208955,0.5316010807123152,0.46839891928768485
A→C,наивная MLE,4.944595958761366,0.5411844725455326,0.45881552745446746
A→C,наивная MLE,5.000784549201836,0.5506361213771757,0.44936387862282434
A→C,наивная MLE,5.056973139642306,0.559954015758398,0.440045984241602
A→C,наивная MLE,5.113161730082776,0.5691364227133604,0.4308635772866396
A→C,наивная MLE,5.169350320523246,0.5781818738088915,0.4218181261911085
A→C,наивная MLE,5.225538910963716,0.5870891515130942,0.41291084848690585
A→C,наивная MLE,5.281727501404187,0.5958572758714136,0.4041427241285865
A→C,наивная MLE,5.337916091844656,0.6044854915238751,0.3955145084761249
A→C,наивная MLE,5.394104682285127,0.6129732550828235,0.3870267449171765
A→C,наивная MLE,5.450293272725596,0.6213202228865546,0.3786797771134454
A→C,наивная MLE,5.506481863166067,0.6295262391406982,0.3704737608593018
A→C,наивная MLE,5.562670453606537,0.6375913244560222,0.3624086755439778
A→C,наивная MLE,5.6188590440470065,0.6455156647884966,0.35448433521150335
A→C,наивная MLE,5.675047634487477,0.6532996007849364,0.34670039921506357
A→C,наивная MLE,5.7312362249279465,0.6609436175352978,0.3390563824647021
A→C,наивная MLE,5.787424815368417,0.6684483347307411,0.33155166526925894
A→C,наивная MLE,5.843613405808887,0.6758144972248368,0.3241855027751633
A→C,наивная MLE,5.899801996249357,0.6830429659937944,0.31695703400620556
A→C,наивная MLE,5.955990586689827,0.6901347094902763,0.30986529050972367
A→C,наивная MLE,6.012179177130297,0.6970907953842461,0.3029092046157539
A→C,наивная MLE,6.068367767570767,0.7039123826833462,0.29608761731665384
A→C,наивная MLE,6.124556358011238,0.7106007142244855,0.28939928577551455
A→C,наивная MLE,6.180744948451707,0.7171571095276641,0.28284289047233585
A→C,наивная MLE,6.236933538892178,0.7235829580025046,0.2764170419974954
A→C,наивная MLE,6.293122129332647,0.729879712497526,0.27012028750247397
A→C,наивная MLE,6.349310719773118,0.7360488831818686,0.2639511168181314
A→C,наивная MLE,6.405499310213588,0.7420920317489144,0.2579079682510857
A→C,наивная MLE,6.4616879006540575,0.7480107659310885,0.2519892340689115
A→C,наивная MLE,6.517876491094528,0.7538067343150221,0.2461932656849779
A→C,наивная MLE,6.5740650815349975,0.7594816214462128,0.24051837855378722
A→C,наивная MLE,6.630253671975468,0.76503714321234,0.23496285678766
A→C,наивная MLE,6.686442262415938,0.7704750424944471,0.22952495750555296
A→C,наивная MLE,6.742630852856408,0.7757970850753075,0.22420291492469252
A→C,наивная MLE,6.798819443296878,0.7810050557944272,0.2189949442055727
A→C,наивная MLE,6.855008033737348,0.7861007549393053,0.21389924506069474
A→C,наивная MLE,6.911196624177818,0.7910859948627638,0.20891400513723624
A→C,наивная MLE,6.967385214618289,0.7959625968163805,0.20403740318361951
A→C,наивная MLE,7.023573805058758,0.8007323879902827,0.19926761200971732
A→C,наивная MLE,7.079762395499229,0.8053971987498139,0.19460280125018609
A→C,наивная MLE,7.135950985939698,0.8099588600598417,0.1900411399401583
A→C,наивная MLE,7.1921395763801685,0.8144192010877467,0.18558079891225332
A→C,наивная MLE,7.248328166820639,0.8187800469764054,0.18121995302359462
A→C,наивная MLE,7.3045167572611085,0.8230432167787591,0.17695678322124092
A→C,наивная MLE,7.360705347701579,0.8272105215458496,0.17278947845415032
A→C,наивная MLE,7.4168939381420484,0.8312837625604781,0.1687162374395219
A→C,наивная MLE,7.473082528582519,0.8352647297089354,0.1647352702910646
A→C,наивная MLE,7.529271119022989,0.83915519998353,0.16084480001646995
A→C,наивная MLE,7.585459709463459,0.8429569361089206,0.15704306389107936
A→C,наивная MLE,7.641648299903929,0.846671685285538,0.153328314714462
A→C,наивная MLE,7.697836890344399,0.8503011780436516,0.14969882195634837
A→C,наивная MLE,7.754025480784869,0.8538471272019046,0.1461528727980954
A→C,наивная MLE,7.81021407122534,0.8573112269244021,0.14268877307559785
A→C,наивная MLE,7.866402661665809,0.8606951518706935,0.13930484812930655
A→C,наивная MLE,7.92259125210628,0.8640005564332387,0.1359994435667613
A→C,наивная MLE,7.978779842546749,0.8672290740571917,0.13277092594280826
A→C,наивная MLE,8.03496843298722,0.8703823166375695,0.1296176833624305
A→C,наивная MLE,8.091157023427689,0.8734618739891027,0.12653812601089726
A→C,наивная MLE,8.14734561386816,0.876469313384289,0.12353068661571098
A→C,наивная MLE,8.20353420430863,0.879406179155378,0.120593820844622
A→C,наивная MLE,8.2597227947491,0.882273992356231,0.11772600764376889
A→C,наивная MLE,8.31591138518957,0.8850742504801921,0.11492574951980788
A→C,наивная MLE,8.37209997563004,0.8878084272303008,0.11219157276969921
A→C,наивная MLE,8.42828856607051,0.8904779723383658,0.10952202766163427
A→C,наивная MLE,8.48447715651098,0.8930843114295887,0.10691568857041134
A→C,наивная MLE,8.54066574695145,0.8956288459296053,0.1043711540703946
A→C,наивная MLE,8.596854337391921,0.8981129530109722,0.1018870469890279
A→C,наивная MLE,8.65304292783239,0.900537985576281,0.09946201442371899
A→C,наивная MLE,8.70923151827286,0.9029052722752423,0.09709472772475769
A→C,наивная MLE,8.76542010871333,0.9052161175532101,0.09478388244678987
A→C,наивная MLE,8.821608699153801,0.9074718017287728,0.09252819827122721
A→C,наивная MLE,8.877797289594271,0.9096735810981531,0.0903264189018469
A→C,наивная MLE,8.93398588003474,0.9118226880642963,0.08817731193570366
A→C,наивная MLE,8.99017447047521,0.9139203312886386,0.08607966871136147
A→C,наивная MLE,9.04636306091568,0.9159676958636644,0.0840323041363355
A→C,наивная MLE,9.102551651356151,0.9179659435044746,0.08203405649552542
A→C,наивная MLE,9.158740241796622,0.919916212757682,0.08008378724231802
A→C,наивная MLE,9.21492883223709,0.92181961922606,0.07818038077393999
A→C,наивная MLE,9.27111742267756,0.9236772558074573,0.07632274419254274
A→C,наивная MLE,9.327306013118031,0.9254901929465813,0.07450980705341875
A→C,наивная MLE,9.383494603558502,0.9272594788983444,0.07274052110165566
A→C,наивная MLE,9.439683193998972,0.9289861400015392,0.07101385999846081
A→C,наивная MLE,9.49587178443944,0.9306711809616915,0.06932881903830848
A→C,наивная MLE,9.552060374879911,0.9323155851420114,0.06768441485798864
A→C,наивная MLE,9.608248965320382,0.9339203148614291,0.06607968513857086
A→C,наивная MLE,9.664437555760852,0.9354863116987734,0.06451368830122665
A→C,наивная MLE,9.720626146201322,0.9370144968022039,0.06298550319779601
A→C,наивная MLE,9.776814736641791,0.9385057712030783,0.0614942287969217
A→C,наивная MLE,9.833003327082261,0.9399610161334782,0.060038983866521844
A→C,наивная MLE,9.889191917522732,0.9413810933466826,0.058618906653317364
A→C,наивная MLE,9.945380507963202,0.9427668454399185,0.0572331545600815
A→C,наивная MLE,10.001569098403673,0.9441190961787684,0.05588090382123152
A→C,наивная MLE,10.057757688844141,0.9454386508226612,0.05456134917733884
A→C,наивная MLE,10.113946279284612,0.9467262964509084,0.053273703549091576
A→C,наивная MLE,10.170134869725082,0.9479828022887964,0.05201719771120367
A→C,наивная MLE,10.226323460165553,0.9492089200332723,0.05079107996672767
A→C,наивная MLE,10.282512050606023,0.9504053841778062,0.04959461582219381
A→C,наивная MLE,10.338700641046492,0.9515729123360366,0.048427087663963427
A→C,наивная MLE,10.394889231486962,0.952712205563845,0.047287794436155085
A→C,наивная MLE,10.451077821927433,0.9538239486795287,0.046176051320471354
A→C,наивная MLE,10.507266412367903,0.9549088105817732,0.04509118941822674
A→C,наивная MLE,10.563455002808373,0.955967444565148,0.04403255543485196
A→C,наивная MLE,10.619643593248842,0.9570004886328756,0.04299951136712439
A→C,наивная MLE,10.675832183689312,0.9580085658066476,0.0419914341933524
A→C,наивная MLE,10.732020774129783,0.9589922844332811,0.041007715566718915
A→C,наивная MLE,10.788209364570253,0.9599522384880291,0.040047761511970904
A→C,наивная MLE,10.844397955010724,0.96088900787438,0.03911099212562001
A→C,наивная MLE,10.900586545451192,0.961803158720195,0.0381968412798051
A→C,наивная MLE,10.956775135891663,0.9626952436700527,0.03730475632994734
A→C,наивная MLE,11.012963726332133,0.963565802173683,0.036434197826316995
A→C,наивная MLE,11.069152316772604,0.9644153607703883,0.03558463922961177
A→C,наивная MLE,11.125340907213074,0.9652444333693618,0.03475556663063821
A→C,наивная MLE,11.181529497653543,0.9660535215258296,0.03394647847417044
A→C,наивная MLE,11.237718088094013,0.966843114712948,0.033156885287051935
A→C,наивная MLE,11.293906678534483,0.9676136905894067,0.03238630941059332
A→C,наивная MLE,11.350095268974954,0.9683657152626902,0.03163428473730978
A→C,наивная MLE,11.406283859415424,0.9690996435479682,0.03090035645203181
A→C,наивная MLE,11.462472449855893,0.9698159192225855,0.030184080777414565
A→C,наивная MLE,11.518661040296363,0.9705149752761377,0.02948502472386227
A→C,наивная MLE,11.574849630736834,0.9711972341561224,0.02880276584387769
A→C,наивная MLE,11.631038221177304,0.971863108009162,0.028136891990838003
A→C,наивная MLE,11.687226811617775,0.9725129989178058,0.027487001082194158
A→C,наивная MLE,11.743415402058243,0.9731472991329174,0.026852700867082625
A→C,наивная MLE,11.799603992498714,0.9737663913016656,0.02623360869833434
A→C,наивная MLE,11.855792582939184,0.9743706486911397,0.025629351308860376
A→C,наивная MLE,11.911981173379655,0.974960435407611,0.025039564592388944
A→C,наивная MLE,11.968169763820125,0.9755361066114759,0.0244638933885241
A→C,наивная MLE,12.024358354260594,0.9760980087279068,0.023901991272093193
A→C,наивная MLE,12.080546944701064,0.9766464796532539,0.023353520346746037
A→C,наивная MLE,12.136735535141534,0.9771818489572343,0.02281815104276574
A→C,наивная MLE,12.192924125582005,0.9777044380809515,0.022295561919048416
A→C,наивная MLE,12.249112716022475,0.978214560530794,0.021785439469205994
A→C,наивная MLE,12.305301306462944,0.9787125220682551,0.021287477931744937
A→C,наивная MLE,12.361489896903414,0.9791986208957301,0.02080137910426995
A→C,наивная MLE,12.417678487343885,0.979673147838338,0.020326852161661926
A→C,наивная MLE,12.473867077784355,0.980136386521824,0.019863613478176053
A→C,наивная MLE,12.530055668224826,0.9805886135465943,0.019411386453405708
A→C,наивная MLE,12.586244258665294,0.9810300986579445,0.018969901342055433
A→C,наивная MLE,12.642432849105765,0.9814611049125335,0.018538895087466555
A→C,наивная MLE,12.698621439546235,0.9818818888411627,0.01811811115883738
A→C,наивная MLE,12.754810029986706,0.9822927006079217,0.01770729939207826
A→C,наивная MLE,12.810998620427176,0.9826937841657564,0.01730621583424359
A→C,наивная MLE,12.867187210867645,0.9830853774085202,0.016914622591479835
A→C,наивная MLE,12.923375801308115,0.9834677123195705,0.016532287680429445
A→C,наивная MLE,12.979564391748585,0.9838410151169688,0.016158984883031254
A→C,наивная MLE,13.035752982189056,0.9842055063953447,0.01579449360465538
A→C,наивная MLE,13.091941572629526,0.984561401264487,0.01543859873551306
A→C,наивная MLE,13.148130163069995,0.9849089094847193,0.015091090515280731
A→C,наивная MLE,13.204318753510465,0.9852482355991226,0.014751764400877478
A→C,наивная MLE,13.260507343950936,0.9855795790626635,0.014420420937336547
A→C,наивная MLE,13.316695934391406,0.9859031343682899,0.014096865631710134
A→C,наивная MLE,13.372884524831877,0.9862190911700514,0.013780908829948608
A→C,наивная MLE,13.429073115272345,0.9865276344033053,0.013472365596694706
A→C,наивная MLE,13.485261705712816,0.9868289444020656,0.013171055597934411
A→C,наивная MLE,13.541450296153286,0.9871231970135542,0.01287680298644573
A→C,наивная MLE,13.597638886593757,0.9874105637100115,0.012589436289988586
A→C,наивная MLE,13.653827477034227,0.9876912116978218,0.012308788302178193
A→C,наивная MLE,13.710016067474696,0.9879653040240141,0.01203469597598594
A→C,наивная MLE,13.766204657915166,0.988232999680188,0.011767000319812045
A→C,наивная MLE,13.822393248355636,0.9884944537039254,0.0115055462960746
A→C,наивная MLE,13.878581838796107,0.9887498172777386,0.01125018272226144
A→C,наивная MLE,13.934770429236577,0.9889992378256094,0.011000762174390569
A→C,наивная MLE,13.990959019677046,0.9892428591071732,0.010757140892826726
A→C,наивная MLE,14.047147610117516,0.9894808213095979,0.010519178690402113
A→C,наивная MLE,14.103336200557987,0.9897132611372101,0.010286738862789805
A→C,наивная MLE,14.159524790998457,0.9899403118989203,0.010059688101079708
A→C,наивная MLE,14.215713381438928,0.9901621035934928,0.00983789640650724
A→C,наивная MLE,14.271901971879396,0.990378762992714,0.009621237007286003
A→C,наивная MLE,14.328090562319867,0.9905904137225034,0.009409586277496497
A→C,наивная MLE,14.384279152760337,0.9907971763420163,0.009202823657983791
A→C,наивная MLE,14.440467743200808,0.9909991684207824,0.009000831579217631
A→C,наивная MLE,14.496656333641278,0.9911965046139302,0.008803495386069844
A→C,наивная MLE,14.552844924081747,0.9913892967355359,0.00861070326446407
A→C,наивная MLE,14.609033514522217,0.9915776538301458,0.008422346169854175
A→C,наивная MLE,14.665222104962687,0.9917616822425116,0.008238317757488445
A→C,наивная MLE,14.721410695403158,0.9919414856855827,0.008058514314417297
A→C,наивная MLE,14.777599285843628,0.9921171653067969,0.00788283469320306
A→C,наивная MLE,14.833787876284097,0.9922888197527082,0.007711180247291739
A→C,наивная MLE,14.889976466724567,0.9924565452319934,0.0075434547680065245
A→C,наивная MLE,14.946165057165038,0.9926204355768753,0.007379564423124679
A→C,наивная MLE,15.002353647605508,0.9927805823030007,0.007219417696999331
A→C,наивная MLE,15.058542238045979,0.992937074667811,0.007062925332189027
A→C,наивная MLE,15.114730828486447,0.9930899997274414,0.006910000272558559
A→C,наивная MLE,15.170919418926918,0.9932394423921846,0.006760557607815336
A→C,наивная MLE,15.227108009367388,0.9933854854805538,0.006614514519446141
A→C,наивная MLE,15.283296599807858,0.9935282097719796,0.006471790228020364
A→C,наивная MLE,15.339485190248329,0.9936676940581741,0.006332305941825898
A→C,наивная MLE,15.395673780688798,0.9938040151931948,0.006195984806805216
A→C,наивная MLE,15.451862371129268,0.9939372481422405,0.006062751857759469
A→C,наивная MLE,15.508050961569738,0.9940674660292106,0.0059325339707894205
A→C,наивная MLE,15.564239552010209,0.9941947401830576,0.005805259816942381
A→C,наивная MLE,15.62042814245068,0.9943191401829644,0.005680859817035618
A→C,наивная MLE,15.676616732891148,0.9944407339023735,0.0055592660976265034
A→C,наивная MLE,15.732805323331618,0.9945595875518987,0.005440412448101371
A→C,наивная MLE,15.788993913772089,0.9946757657211452,0.0053242342788547324
A→C,наивная MLE,15.84518250421256,0.9947893314194681,0.005210668580531903
A→C,наивная MLE,15.90137109465303,0.9949003461156918,0.00509965388430818
A→C,наивная MLE,15.957559685093498,0.9950088697768212,0.004991130223178745
A→C,наивная MLE,16.01374827553397,0.9951149609057662,0.004885039094233754
A→C,наивная MLE,16.06993686597444,0.995218676578106,0.004781323421893965
A→C,наивная MLE,16.126125456414908,0.9953200724779174,0.0046799275220825685
A→C,наивная MLE,16.182314046855378,0.9954192029326904,0.00458079706730961
A→C,наивная MLE,16.23850263729585,0.995516120947354,0.004483879052646041
A→C,наивная MLE,16.29469122773632,0.9956108782374352,0.004389121762564784
A→C,наивная MLE,16.35087981817679,0.9957035252613732,0.004296474738626812
A→C,наивная MLE,16.40706840861726,0.995794111252009,0.0042058887479909405
A→C,наивная MLE,16.46325699905773,0.9958826842472737,0.0041173157527262996
A→C,наивная MLE,16.5194455894982,0.9959692911200929,0.004030708879907083
A→C,наивная MLE,16.57563417993867,0.9960539776075302,0.0039460223924697585
A→C,наивная MLE,16.63182277037914,0.9961367883391868,0.003863211660813147
A→C,наивная MLE,16.68801136081961,0.9962177668648774,0.003782233135122656
A→C,наивная MLE,16.74419995126008,0.9962969556816001,0.0037030443183998945
A→C,наивная MLE,16.80038854170055,0.99637439625982,0.00362560374017997
A→C,с учётом цензуры,0.0,0.0,1.0
A→C,с учётом цензуры,0.05618859044047007,1.779322601607955e-20,1.0
A→C,с учётом цензуры,0.11237718088094013,3.956953735200825e-15,0.999999999999996
A→C,с учётом цензуры,0.1685657713214102,2.0824047628551295e-12,0.9999999999979176
A→C,с учётом цензуры,0.22475436176188027,1.1693351306719613e-10,0.9999999998830665
A→C,с учётом цензуры,0.2809429522023503,2.0967248890728296e-09,0.9999999979032751
A→C,с учётом цензуры,0.3371315426428204,1.9011574290997618e-08,0.9999999809884257
A→C,с учётом цензуры,0.39332013308329045,1.101124059404131e-07,0.999999889887594
A→C,с учётом цензуры,0.44950872352376053,4.657204050769841e-07,0.9999995342795949
A→C,с учётом цензуры,0.5056973139642306,1.5633361812137583e-06,0.9999984366638188
A→C,с учётом цензуры,0.5618859044047007,4.400753628351486e-06,0.9999955992463716
A→C,с учётом цензуры,0.6180744948451707,1.079216066822435e-05,0.9999892078393318
A→C,с учётом цензуры,0.6742630852856408,2.3697143549963752e-05,0.99997630285645
A→C,с учётом цензуры,0.7304516757261109,4.754463844070655e-05,0.9999524553615593
A→C,с учётом цензуры,0.7866402661665809,8.851455181674254e-05,0.9999114854481833
A→C,с учётом цензуры,0.842828856607051,0.00015474682871003247,0.9998452531712899
A→C,с учётом цензуры,0.8990174470475211,0.00025645820574541234,0.9997435417942546
A→C,с учётом цензуры,0.9552060374879912,0.0004059580778361731,0.9995940419221638
A→C,с учётом цензуры,1.0113946279284611,0.0006175649605322075,0.9993824350394678
A→C,с учётом цензуры,1.0675832183689313,0.000907432914621663,0.9990925670853783
A→C,с учётом цензуры,1.1237718088094013,0.0012933026681575558,0.9987066973318425
A→C,с учётом цензуры,1.1799603992498715,0.0017941951368720085,0.998205804863128
A→C,с учётом цензуры,1.2361489896903415,0.002430065978366392,0.9975699340216336
A→C,с учётом цензуры,1.2923375801308115,0.0032214391946275567,0.9967785608053724
A→C,с учётом цензуры,1.3485261705712817,0.004189036100999178,0.9958109638990008
A→C,с учётом цензуры,1.4047147610117516,0.005353413633503615,0.9946465863664964
A→C,с учётом цензуры,1.4609033514522218,0.006734623316340291,0.9932653766836597
A→C,с учётом цензуры,1.5170919418926918,0.008351899518284281,0.9916481004817157
A→C,с учётом цензуры,1.5732805323331618,0.010223383072625256,0.9897766169273747
A→C,с учётом цензуры,1.629469122773632,0.012365884035643775,0.9876341159643562
A→C,с учётом цензуры,1.685657713214102,0.014794685376093719,0.9852053146239063
A→C,с учётом цензуры,1.7418463036545722,0.017523387746052003,0.982476612253948
A→C,с учётом цензуры,1.7980348940950421,0.02056379417743041,0.9794362058225696
A→C,с учётом цензуры,1.8542234845355121,0.02392583255594432,0.9760741674440557
A→C,с учётом цензуры,1.9104120749759823,0.027617513012271888,0.9723824869877281
A→C,с учётом цензуры,1.9666006654164523,0.031644916900262825,0.9683550830997372
A→C,с учётом цензуры,2.0227892558569223,0.03601221376490861,0.9639877862350914
A→C,с учётом цензуры,2.0789778462973927,0.04072170260029523,0.9592782973997047
A→C,с учётом цензуры,2.1351664367378627,0.045773873724884936,0.954226126275115
A→C,с учётом цензуры,2.1913550271783326,0.05116748772705647,0.9488325122729435
A→C,с учётом цензуры,2.2475436176188026,0.05689966813098137,0.9431003318690186
A→C,с учётом цензуры,2.3037322080592726,0.06296600467898486,0.9370339953210152
A→C,с учётом цензуры,2.359920798499743,0.0693606644029233,0.9306393355970767
A→C,с учётом цензуры,2.416109388940213,0.07607650794886196,0.923923492051138
A→C,с учётом цензуры,2.472297979380683,0.08310520891476697,0.916894791085233
A→C,с учётом цензуры,2.528486569821153,0.09043737425112458,0.9095626257488754
A→C,с учётом цензуры,2.584675160261623,0.09806266405284542,0.9019373359471545
A→C,с учётом цензуры,2.6408637507020933,0.10596990933291539,0.8940300906670846
A→C,с учётом цензуры,2.6970523411425633,0.11414722661102056,0.8858527733889794
A→C,с учётом цензуры,2.7532409315830333,0.12258212837210769,0.8774178716278923
A→C,с учётом цензуры,2.8094295220235033,0.13126162864977453,0.8687383713502255
A→C,с учётом цензуры,2.8656181124639732,0.1401723431675705,0.8598276568324295
A→C,с учётом цензуры,2.9218067029044437,0.1493005836282989,0.8506994163717011
A→C,с учётом цензуры,2.9779952933449136,0.15863244587822278,0.8413675541217772
A→C,с учётом цензуры,3.0341838837853836,0.16815389179095863,0.8318461082090414
A→C,с учётом цензуры,3.0903724742258536,0.17785082481619552,0.8221491751838045
A→C,с учётом цензуры,3.1465610646663236,0.18770915922272335,0.8122908407772766
A→C,с учётом цензуры,3.202749655106794,0.19771488313512658,0.8022851168648735
A→C,с учётом цензуры,3.258938245547264,0.20785411552040234,0.7921458844795977
A→C,с учётом цензуры,3.315126835987734,0.21811315732617476,0.7818868426738252
A→C,с учётом цензуры,3.371315426428204,0.22847853700746934,0.7715214629925307
A→C,с учётом цензуры,3.427504016868674,0.23893705070549093,0.7610629492945091
A→C,с учётом цензуры,3.4836926073091443,0.24947579736071118,0.7505242026392889
A→C,с учётом цензуры,3.5398811977496143,0.26008220905490187,0.7399177909450981
A→C,с учётом цензуры,3.5960697881900843,0.27074407688355184,0.7292559231164482
A→C,с учётом цензуры,3.6522583786305542,0.28144957266225656,0.7185504273377434
A→C,с учётом цензуры,3.7084469690710242,0.29218726676896456,0.7078127332310354
A→C,с учётом цензуры,3.7646355595114946,0.30294614241911066,0.6970538575808893
A→C,с учётом цензуры,3.8208241499519646,0.3137156066632628,0.6862843933367372
A→C,с учётом цензуры,3.8770127403924346,0.3244854983875138,0.6755145016124862
A→C,с учётом цензуры,3.9332013308329046,0.33524609358590085,0.6647539064140991
A→C,с учётом цензуры,3.9893899212733746,0.34598810816206094,0.6540118918379391
A→C,с учётом цензуры,4.0455785117138445,0.35670269850444414,0.6432973014955559
A→C,с учётом цензуры,4.101767102154315,0.36738146006601824,0.6326185399339818
A→C,с учётом цензуры,4.157955692594785,0.37801642416573644,0.6219835758342636
A→C,с учётом цензуры,4.214144283035255,0.3886000532153144,0.6113999467846857
A→C,с учётом цензуры,4.270332873475725,0.3991252345612311,0.6008747654387688
A→C,с учётом цензуры,4.326521463916195,0.4095852731184759,0.5904147268815241
A→C,с учётом цензуры,4.382710054356665,0.41997388295950494,0.580026117040495
A→C,с учётом цензуры,4.438898644797136,0.43028517800923843,0.5697148219907615
A→C,с учётом цензуры,4.495087235237605,0.44051366198478575,0.5594863380152142
A→C,с учётом цензуры,4.551275825678076,0.45065421770697234,0.5493457822930277
A→C,с учётом цензуры,4.607464416118545,0.46070209589969563,0.5392979041003043
A→C,с учётом цензуры,4.663653006559016,0.4706529035826808,0.5293470964173191
A→C,с учётом цензуры,4.719841596999486,0.48050259215333685,0.5194974078466631
A→C,с учётом цензуры,4.7760301874399556,0.4902474452441509,0.509752554755849
A→C,с учётом цензуры,4.832218777880426,0.49988406643338024,0.5001159335666198
A→C,с учётом цензуры,4.8884073683208955,0.5094093668787042,0.4905906331212958
A→C,с учётом цензуры,4.944595958761366,0.5188205529359741,0.481179447064026
A→C,с учётом цензуры,5.000784549201836,0.5281151138182084,0.47188488618179153
A→C,с учётом цензуры,5.056973139642306,0.5372908093435322,0.46270919065646776
A→C,с учётом цензуры,5.113161730082776,0.5463456578147966,0.4536543421852034
A→C,с учётом цензуры,5.169350320523246,0.5552779240681467,0.4447220759318533
A→C,с учётом цензуры,5.225538910963716,0.56408610772278,0.43591389227722
A→C,с учётом цензуры,5.281727501404187,0.5727689316595435,0.42723106834045654
A→C,с учётом цензуры,5.337916091844656,0.5813253307518325,0.4186746692481676
A→C,с учётом цензуры,5.394104682285127,0.5897544408684378,0.41024555913156224
A→C,с учётом цензуры,5.450293272725596,0.5980555881645321,0.4019444118354679
A→C,с учётом цензуры,5.506481863166067,0.6062282786738593,0.3937717213261407
A→C,с учётом цензуры,5.562670453606537,0.6142721882123661,0.38572781178763393
A→C,с учётом цензуры,5.6188590440470065,0.6221871526009849,0.3778128473990151
A→C,с учётом цензуры,5.675047634487477,0.6299731582129995,0.3700268417870005
A→C,с учётом цензуры,5.7312362249279465,0.6376303328493971,0.3623696671506029
A→C,с учётом цензуры,5.787424815368417,0.6451589369438092,0.3548410630561908
A→C,с учётом цензуры,5.843613405808887,0.6525593550970397,0.3474406449029604
A→C,с учётом цензуры,5.899801996249357,0.6598320879397752,0.3401679120602248
A→C,с учётом цензуры,5.955990586689827,0.6669777443208358,0.33302225567916416
A→C,с учётом цензуры,6.012179177130297,0.6739970338172425,0.3260029661827575
A→C,с учётом цензуры,6.068367767570767,0.6808907595614542,0.3191092404385459
A→C,с учётом цензуры,6.124556358011238,0.687659811380315,0.31234018861968504
A→C,с учётом цензуры,6.180744948451707,0.6943051592395816,0.3056948407604184
A→C,с учётом цензуры,6.236933538892178,0.7008278469873164,0.29917215301268363
A→C,с учётом цензуры,6.293122129332647,0.7072289863889624,0.29277101361103763
A→C,с учётом цензуры,6.349310719773118,0.713509751446525,0.2864902485534751
A→C,с учётом цензуры,6.405499310213588,0.7196713729939754,0.2803286270060245
A→C,с учётом цензуры,6.4616879006540575,0.7257151335607561,0.2742848664392439
A→C,с учётом цензуры,6.517876491094528,0.7316423624950852,0.2683576375049148
A→C,с учётом цензуры,6.5740650815349975,0.7374544313386497,0.2625455686613502
A→C,с учётом цензуры,6.630253671975468,0.7431527494441997,0.25684725055580027
A→C,с учётом цензуры,6.686442262415938,0.7487387598275318,0.2512612401724682
A→C,с учётом цензуры,6.742630852856408,0.7542139352453741,0.2457860647546259
A→C,с учётом цензуры,6.798819443296878,0.7595797744907222,0.24042022550927783
A→C,с учётом цензуры,6.855008033737348,0.7648377988972628,0.23516220110273717
A→C,с учётом цензуры,6.911196624177818,0.7699895490446247,0.23001045095537537
A→C,с учётом цензуры,6.967385214618289,0.7750365816563198,0.2249634183436801
A→C,с учётом цензуры,7.023573805058758,0.7799804666823931,0.22001953331760693
A→C,с учётом цензуры,7.079762395499229,0.7848227845589479,0.215177215441052
A→C,с учётом цензуры,7.135950985939698,0.7895651236369057,0.21043487636309427
A→C,с учётом цензуры,7.1921395763801685,0.7942090777725307,0.2057909222274693
A→C,с учётом цензуры,7.248328166820639,0.7987562440724556,0.20124375592754434
A→C,с учётом цензуры,7.3045167572611085,0.8032082207861438,0.19679177921385616
A→C,с учётом цензуры,7.360705347701579,0.8075666053389292,0.1924333946610708
A→C,с учётом цензуры,7.4168939381420484,0.8118329924989895,0.18816700750101045
A→C,с учётом цензуры,7.473082528582519,0.8160089726718232,0.1839910273281768
A→C,с учётом цензуры,7.529271119022989,0.8200961303160086,0.1799038696839914
A→C,с учётом цензуры,7.585459709463459,0.8240960424742496,0.17590395752575033
A→C,с учётом цензуры,7.641648299903929,0.8280102774139175,0.17198972258608247
A→C,с учётом цензуры,7.697836890344399,0.8318403933715146,0.16815960662848534
A→C,с учётом цензуры,7.754025480784869,0.8355879373956974,0.16441206260430258
A→C,с учётом цензуры,7.81021407122534,0.8392544442837006,0.16074555571629945
A→C,с учётом цензуры,7.866402661665809,0.8428414356062117,0.15715856439378822
A→C,с учётом цензуры,7.92259125210628,0.8463504188159434,0.15364958118405658
A→C,с учётом цензуры,7.978779842546749,0.8497828864353446,0.1502171135646554
A→C,с учётом цензуры,8.03496843298722,0.8531403153190894,0.1468596846809106
A→C,с учётом цензуры,8.091157023427689,0.8564241659871632,0.14357583401283686
A→C,с учётом цензуры,8.14734561386816,0.859635882024549,0.140364117975451
A→C,с учётом цензуры,8.20353420430863,0.8627768895436947,0.1372231104563053
A→C,с учётом цензуры,8.2597227947491,0.8658485967061116,0.13415140329388842
A→C,с учётом цензуры,8.31591138518957,0.8688523932996215,0.1311476067003785
A→C,с учётом цензуры,8.37209997563004,0.8717896503679297,0.12821034963207034
A→C,с учётом цензуры,8.42828856607051,0.8746617198893565,0.12533828011064352
A→C,с учётом цензуры,8.48447715651098,0.8774699345017098,0.1225300654982901
A→C,с учётом цензуры,8.54066574695145,0.8802156072704266,0.11978439272957347
A→C,с учётом цензуры,8.596854337391921,0.882900031497247,0.117099968502753
A→C,с учётом цензуры,8.65304292783239,0.8855244805668265,0.11447551943317352
A→C,с учётом цензуры,8.70923151827286,0.8880902078288093,0.11190979217119068
A→C,с учётом цензуры,8.76542010871333,0.8905984465130203,0.10940155348697966
A→C,с учётом цензуры,8.821608699153801,0.8930504096755464,0.10694959032445361
A→C,с учётом цензуры,8.877797289594271,0.8954472901735921,0.10455270982640785
A→C,с учётом цензуры,8.93398588003474,0.8977902606671078,0.10220973933289218
A→C,с учётом цензуры,8.99017447047521,0.9000804736452869,0.09991952635471313
A→C,с учётом цензуры,9.04636306091568,0.9023190614761357,0.09768093852386428
A→C,с учётом цензуры,9.102551651356151,0.9045071364774122,0.09549286352258785
A→C,с учётом цензуры,9.158740241796622,0.9066457910073183,0.09335420899268165
A→C,с учётом цензуры,9.21492883223709,0.9087360975734287,0.09126390242657134
A→C,с учётом цензуры,9.27111742267756,0.9107791089584065,0.08922089104159348
A→C,с учётом цензуры,9.327306013118031,0.9127758583611556,0.0872241416388444
A→C,с учётом цензуры,9.383494603558502,0.9147273595521163,0.08527264044788374
A→C,с учётом цензуры,9.439683193998972,0.9166346070414992,0.08336539295850082
A→C,с учётом цензуры,9.49587178443944,0.9184985762593121,0.08150142374068792
A→C,с учётом цензуры,9.552060374879911,0.9203202237461043,0.0796797762538956
A→C,с учётом цензуры,9.608248965320382,0.9221004873534159,0.07789951264658417
A→C,с учётом цензуры,9.664437555760852,0.9238402864529754,0.07615971354702451
A→C,с учётом цензуры,9.720626146201322,0.9255405221537555,0.0744594778462445
A→C,с учётом цензуры,9.776814736641791,0.9272020775260342,0.07279792247396577
A→C,с учётом цензуры,9.833003327082261,0.9288258178316816,0.07117418216831838
A→C,с учётом цензуры,9.889191917522732,0.9304125907599193,0.06958740924008062
A→C,с учётом цензуры,9.945380507963202,0.9319632266678639,0.06803677333213604
A→C,с учётом цензуры,10.001569098403673,0.9334785388251977,0.06652146117480227
A→C,с учётом цензуры,10.057757688844141,0.9349593236623582,0.06504067633764178
A→C,с учётом цензуры,10.113946279284612,0.9364063610216754,0.06359363897832458
A→C,с учётом цензуры,10.170134869725082,0.9378204144109215,0.062179585589078525
A→C,с учётом цензуры,10.226323460165553,0.9392022312587773,0.06079776874122263
A→C,с учётом цензуры,10.282512050606023,0.9405525431717499,0.059447456828250145
A→C,с учётом цензуры,10.338700641046492,0.9418720661921073,0.05812793380789272
A→C,с учётом цензуры,10.394889231486962,0.9431615010564318,0.05683849894356818
A→C,с учётом цензуры,10.451077821927433,0.9444215334544128,0.055578466545587187
A→C,с учётом цензуры,10.507266412367903,0.9456528342875359,0.05434716571246406
A→C,с учётом цензуры,10.563455002808373,0.9468560599273448,0.0531439400726552
A→C,с учётом цензуры,10.619643593248842,0.9480318524729784,0.05196814752702157
A→C,с учётом цензуры,10.675832183689312,0.9491808400077087,0.0508191599922913
A→C,с учётом цензуры,10.732020774129783,0.9503036368542248,0.04969636314577514
A→C,с учётом цензуры,10.788209364570253,0.951400843828431,0.048599156171568944
A→C,с учётом цензуры,10.844397955010724,0.9524730484915427,0.047526951508457274
A→C,с учётом цензуры,10.900586545451192,0.953520825400285,0.04647917459971492
A→C,с учётом цензуры,10.956775135891663,0.9545447363550142,0.04545526364498571
A→C,с учётом цензуры,11.012963726332133,0.9555453306455968,0.04445466935440322
A→C,с учётом цензуры,11.069152316772604,0.9565231452948991,0.04347685470510086
A→C,с учётом цензуры,11.125340907213074,0.957478705299752,0.042521294700247965
A→C,с учётом цензуры,11.181529497653543,0.9584125238692681,0.0415874761307319
A→C,с учётом цензуры,11.237718088094013,0.959325102660403,0.04067489733959691
A→C,с учётом цензуры,11.293906678534483,0.9602169320106637,0.03978306798933624
A→C,с учётом цензуры,11.350095268974954,0.961088491167875,0.038911508832124984
A→C,с учётом цензуры,11.406283859415424,0.9619402485169299,0.03805975148307003
A→C,с учётом цензуры,11.462472449855893,0.9627726618034558,0.037227338196544175
A→C,с учётом цензуры,11.518661040296363,0.9635861783543377,0.03641382164566228
A→C,с учётом цензуры,11.574849630736834,0.9643812352950506,0.03561876470494944
A→C,с учётом цензуры,11.631038221177304,0.9651582597637569,0.03484174023624307
A→C,с учётом цензуры,11.687226811617775,0.9659176691221372,0.034082330877862825
A→C,с учётом цензуры,11.743415402058243,0.9666598711629226,0.033340128837077376
A→C,с учётом цензуры,11.799603992498714,0.9673852643141116,0.0326147356858884
A→C,с учётом цензуры,11.855792582939184,0.9680942378398523,0.031905762160147774
A→C,с учётом цензуры,11.911981173379655,0.9687871720379817,0.031212827962018286
A→C,с учётом цензуры,11.968169763820125,0.9694644384342178,0.030535561565782198
A→C,с учётом цензуры,12.024358354260594,0.9701263999730011,0.029873600026998952
A→C,с учётом цензуры,12.080546944701064,0.9707734112049934,0.02922658879500662
A→C,с учётом цензуры,12.136735535141534,0.9714058184712397,0.028594181528760306
A→C,с учётом цензуры,12.192924125582005,0.9720239600840055,0.027976039915994542
A→C,с учётом цензуры,12.249112716022475,0.9726281665043048,0.027371833495695115
A→C,с учётом цензуры,12.305301306462944,0.9732187605161386,0.026781239483861397
A→C,с учётом цензуры,12.361489896903414,0.9737960573974619,0.026203942602538062
A→C,с учётом цензуры,12.417678487343885,0.9743603650879079,0.025639634912092108
A→C,с учётом цензуры,12.473867077784355,0.9749119843532915,0.025088015646708494
A→C,с учётом цензуры,12.530055668224826,0.9754512089469237,0.024548791053076276
A→C,с учётом цензуры,12.586244258665294,0.9759783257677662,0.024021674232233812
A→C,с учётом цензуры,12.642432849105765,0.976493615015459,0.023506384984541065
A→C,с учётом цензуры,12.698621439546235,0.9769973503422552,0.02300264965774478
A→C,с учётом цензуры,12.754810029986706,0.9774897990018994,0.022510200998100645
A→C,с учётом цензуры,12.810998620427176,0.9779712219954844,0.02202877800451562
A→C,с учётом цензуры,12.867187210867645,0.9784418742143274,0.021558125785672587
A→C,с учётом цензуры,12.923375801308115,0.9789020045799025,0.02109799542009753
A→C,с учётом цензуры,12.979564391748585,0.9793518561808702,0.020648143819129872
A→C,с учётом цензуры,13.035752982189056,0.9797916664072454,0.020208333592754618
A→C,с учётом цензуры,13.091941572629526,0.980221667081745,0.019778332918254985
A→C,с учётом цензуры,13.148130163069995,0.9806420845883564,0.019357915411643525
A→C,с учётом цензуры,13.204318753510465,0.9810531399981712,0.01894686000182879
A→C,с учётом цензуры,13.260507343950936,0.9814550491925249,0.018544950807475112
A→C,с учётом цензуры,13.316695934391406,0.9818480229834882,0.018151977016511885
A→C,с учётом цензуры,13.372884524831877,0.982232267231751,0.01776773276824896
A→C,с учётом цензуры,13.429073115272345,0.9826079829619453,0.017392017038054732
A→C,с учётом цензуры,13.485261705712816,0.9829753664754469,0.017024633524553093
A→C,с учётом цензуры,13.541450296153286,0.9833346094607045,0.016665390539295496
A→C,с учётом цензуры,13.597638886593757,0.9836858991011352,0.01631410089886479
A→C,с учётом цензуры,13.653827477034227,0.984029418180633,0.015970581819366916
A→C,с учётом цензуры,13.710016067474696,0.9843653451867325,0.01563465481326756
A→C,с учётом цензуры,13.766204657915166,0.9846938544114701,0.015306145588529965
A→C,с учётом цензуры,13.822393248355636,0.9850151160499884,0.014984883950011619
A→C,с учётом цензуры,13.878581838796107,0.9853292962969235,0.01467070370307659
A→C,с учётом цензуры,13.934770429236577,0.9856365574406185,0.01436344255938152
A→C,с учётом цензуры,13.990959019677046,0.9859370579552067,0.014062942044793284
A→C,с учётом цензуры,14.047147610117516,0.9862309525906038,0.013769047409396216
A→C,с учётом цензуры,14.103336200557987,0.9865183924604516,0.013481607539548366
A→C,с учётом цензуры,14.159524790998457,0.9867995251280546,0.013200474871945424
A→C,с учётом цензуры,14.215713381438928,0.9870744946903478,0.012925505309652243
A→C,с учётом цензуры,14.271901971879396,0.987343441859938,0.01265655814006193
A→C,с учётом цензуры,14.328090562319867,0.9876065040452566,0.012393495954743334
A→C,с учётом цензуры,14.384279152760337,0.9878638154288623,0.0121361845711377
A→C,с учётом цензуры,14.440467743200808,0.9881155070439337,0.011884492956066325
A→C,с учётом цензуры,14.496656333641278,0.9883617068489887,0.011638293151011283
A→C,с учётом цензуры,14.552844924081747,0.988602539800868,0.011397460199131992
A→C,с учётом цензуры,14.609033514522217,0.9888381279260193,0.011161872073980618
A→C,с учётом цензуры,14.665222104962687,0.9890685903901196,0.010931409609880382
A→C,с учётом цензуры,14.721410695403158,0.9892940435660692,0.010705956433930826
A→C,с учётом цензуры,14.777599285843628,0.9895146011003948,0.01048539889960517
A→C,с учётом цензуры,14.833787876284097,0.9897303739780949,0.010269626021905039
A→C,с учётом цензуры,14.889976466724567,0.9899414705859614,0.010058529414038649
A→C,с учётом цензуры,14.946165057165038,0.9901479967744108,0.009852003225589174
A→C,с учётом цензуры,15.002353647605508,0.9903500559178596,0.009649944082140361
A→C,с учётом цензуры,15.058542238045979,0.9905477489736729,0.00945225102632704
A→C,с учётом цензуры,15.114730828486447,0.9907411745397208,0.009258825460279195
A→C,с учётом цензуры,15.170919418926918,0.9909304289105719,0.009069571089428054
A→C,с учётом цензуры,15.227108009367388,0.9911156061323559,0.008884393867644077
A→C,с учётом цензуры,15.283296599807858,0.9912967980563234,0.008703201943676596
A→C,с учётом цензуры,15.339485190248329,0.9914740943911342,0.008525905608865807
A→C,с учётом цензуры,15.395673780688798,0.9916475827539017,0.008352417246098292
A→C,с учётом цензуры,15.451862371129268,0.9918173487200223,0.008182651279977735
A→C,с учётом цензуры,15.508050961569738,0.9919834758718169,0.00801652412818312
A→C,с учётом цензуры,15.564239552010209,0.9921460458460127,0.007853954153987213
A→C,с учётом цензуры,15.62042814245068,0.9923051383800913,0.007694861619908694
A→C,с учётом цензуры,15.676616732891148,0.9924608313575282,0.007539168642471798
A→C,с учётом цензуры,15.732805323331618,0.992613200851952,0.007386799148047914
A→C,с учётом цензуры,15.788993913772089,0.992762321170246,0.00723767882975396
A→C,с учётом цензуры,15.84518250421256,0.9929082648946167,0.007091735105383302
A→C,с учётом цензуры,15.90137109465303,0.9930511029236553,0.006948897076344719
A→C,с учётом цензуры,15.957559685093498,0.9931909045124138,0.006809095487586276
A→C,с учётом цензуры,16.01374827553397,0.9933277373115191,0.0066722626884808175
A→C,с учётом цензуры,16.06993686597444,0.9934616674053491,0.006538332594650811
A→C,с учётом цензуры,16.126125456414908,0.99359275934929,0.006407240650709996
A→C,с учётом цензуры,16.182314046855378,0.9937210762060992,0.006278923793900817
A→C,с учётом цензуры,16.23850263729585,0.9938466795813938,0.006153320418606117
A→C,с учётом цензуры,16.29469122773632,0.9939696296582855,0.006030370341714528
A→C,с учётом цензуры,16.35087981817679,0.9940899852311806,0.0059100147688193995
A→C,с учётом цензуры,16.40706840861726,0.9942078037387685,0.005792196261231463
A→C,с учётом цензуры,16.46325699905773,0.9943231412962141,0.005676858703785879
A→C,с учётом цензуры,16.5194455894982,0.9944360527265752,0.005563947273424746
A→C,с учётом цензуры,16.57563417993867,0.9945465915914633,0.005453408408536705
A→C,с учётом цензуры,16.63182277037914,0.9946548102209646,0.005345189779035365
A→C,с учётом цензуры,16.68801136081961,0.9947607597428408,0.005239240257159121
A→C,с учётом цензуры,16.74419995126008,0.9948644901110251,0.005135509888974925
A→C,с учётом цензуры,16.80038854170055,0.9949660501334308,0.00503394986656922
B→A,истина,0.0,0.0,1.0
B→A,истина,0.010464882943143813,0.0,1.0
B→A,истина,0.020929765886287626,0.0,1.0
B→A,истина,0.03139464882943144,0.0,1.0
B→A,истина,0.04185953177257525,0.0,1.0
B→A,истина,0.05232441471571907,0.0,1.0
B→A,истина,0.06278929765886287,0.0,1.0
B→A,истина,0.0732541806020067,0.0,1.0
B→A,истина,0.0837190635451505,0.0,1.0
B→A,истина,0.09418394648829431,0.0,1.0
B→A,истина,0.10464882943143813,0.0,1.0
B→A,истина,0.11511371237458194,0.0,1.0
B→A,истина,0.12557859531772575,0.0,1.0
B→A,истина,0.13604347826086957,0.0,1.0
B→A,истина,0.1465083612040134,0.0,1.0
B→A,истина,0.1569732441471572,0.0,1.0
B→A,истина,0.167438127090301,0.0,1.0
B→A,истина,0.17790301003344483,0.0,1.0
B→A,истина,0.18836789297658862,0.0,1.0
B→A,истина,0.19883277591973245,0.0,1.0
B→A,истина,0.20929765886287627,0.0,1.0
B→A,истина,0.21976254180602006,0.0,1.0
B→A,истина,0.23022742474916388,0.0,1.0
B→A,истина,0.2406923076923077,0.0,1.0
B→A,истина,0.2511571906354515,0.0,1.0
B→A,истина,0.26162207357859535,0.0,1.0
B→A,истина,0.27208695652173914,0.0,1.0
B→A,истина,0.28255183946488294,0.0,1.0
B→A,истина,0.2930167224080268,0.0,1.0
B→A,истина,0.3034816053511706,0.0,1.0
B→A,истина,0.3139464882943144,0.0,1.0
B→A,истина,0.3244113712374582,0.0,1.0
B→A,истина,0.334876254180602,0.0,1.0
B→A,истина,0.3453411371237458,0.0,1.0
B→A,истина,0.35580602006688966,0.0,1.0
B→A,истина,0.36627090301003346,0.0,1.0
B→A,истина,0.37673578595317725,0.0,1.0
B→A,истина,0.3872006688963211,0.0,1.0
B→A,истина,0.3976655518394649,0.0,1.0
B→A,истина,0.4081304347826087,0.0,1.0
B→A,истина,0.41859531772575254,0.0,1.0
B→A,истина,0.42906020066889633,0.0,1.0
B→A,истина,0.4395250836120401,0.0,1.0
B→A,истина,0.449989966555184,0.0,1.0
B→A,истина,0.46045484949832777,0.0,1.0
B→A,истина,0.47091973244147156,0.0,1.0
B→A,истина,0.4813846153846154,0.0,1.0
B→A,истина,0.4918494983277592,0.0,1.0
B→A,истина,0.502314381270903,0.0,1.0
B→A,истина,0.5127792642140468,0.0,1.0
B→A,истина,0.5232441471571907,0.0,1.0
B→A,истина,0.5337090301003344,0.0,1.0
B→A,истина,0.5441739130434783,0.0,1.0
B→A,истина,0.5546387959866221,0.0,1.0
B→A,истина,0.5651036789297659,0.0,1.0
B→A,истина,0.5755685618729097,0.0,1.0
B→A,истина,0.5860334448160536,0.0,1.0
B→A,истина,0.5964983277591973,0.0,1.0
B→A,истина,0.6069632107023412,0.0,1.0
B→A,истина,0.617428093645485,0.0,1.0
B→A,истина,0.6278929765886287,0.0,1.0
B→A,истина,0.6383578595317726,0.0,1.0
B→A,истина,0.6488227424749164,0.0,1.0
B→A,истина,0.6592876254180602,0.0,1.0
B→A,истина,0.669752508361204,0.0,1.0
B→A,истина,0.6802173913043479,0.0,1.0
B→A,истина,0.6906822742474916,0.0,1.0
B→A,истина,0.7011471571906355,0.0,1.0
B→A,истина,0.7116120401337793,0.0,1.0
B→A,истина,0.7220769230769231,0.0,1.0
B→A,истина,0.7325418060200669,0.0,1.0
B→A,истина,0.7430066889632108,0.0,1.0
B→A,истина,0.7534715719063545,0.0,1.0
B→A,истина,0.7639364548494983,0.0,1.0
B→A,истина,0.7744013377926422,0.0,1.0
B→A,истина,0.7848662207357859,0.0,1.0
B→A,истина,0.7953311036789298,0.0,1.0
B→A,истина,0.8057959866220736,0.0,1.0
B→A,истина,0.8162608695652174,0.0,1.0
B→A,истина,0.8267257525083612,0.0,1.0
B→A,истина,0.8371906354515051,0.0,1.0
B→A,истина,0.8476555183946488,0.0,1.0
B→A,истина,0.8581204013377927,0.0,1.0
B→A,истина,0.8685852842809365,0.0,1.0
B→A,истина,0.8790501672240802,0.0,1.0
B→A,истина,0.8895150501672241,0.0,1.0
B→A,истина,0.899979933110368,0.0,1.0
B→A,истина,0.9104448160535117,0.0,1.0
B→A,истина,0.9209096989966555,0.0,1.0
B→A,истина,0.9313745819397994,0.0,1.0
B→A,истина,0.9418394648829431,0.0,1.0
B→A,истина,0.952304347826087,0.0,1.0
B→A,истина,0.9627692307692308,0.0,1.0
B→A,истина,0.9732341137123746,0.0,1.0
B→A,истина,0.9836989966555184,0.0,1.0
B→A,истина,0.9941638795986623,0.0,1.0
B→A,истина,1.004628762541806,0.0023143812709029987,0.997685618729097
B→A,истина,1.01509364548495,0.007546822742474979,0.992453177257525
B→A,истина,1.0255585284280937,0.012779264214046848,0.9872207357859532
B→A,истина,1.0360234113712374,0.018011705685618717,0.9819882943143813
B→A,истина,1.0464882943143814,0.023244147157190698,0.9767558528428093
B→A,истина,1.0569531772575251,0.028476588628762567,0.9715234113712374
B→A,истина,1.0674180602006689,0.033709030100334436,0.9662909698996656
B→A,истина,1.0778829431438128,0.038941471571906416,0.9610585284280936
B→A,истина,1.0883478260869566,0.044173913043478286,0.9558260869565217
B→A,истина,1.0988127090301003,0.049406354515050155,0.9505936454849498
B→A,истина,1.1092775919732443,0.054638795986622135,0.9453612040133779
B→A,истина,1.119742474916388,0.059871237458194004,0.940128762541806
B→A,истина,1.1302073578595317,0.06510367892976587,0.9348963210702341
B→A,истина,1.1406722408026757,0.07033612040133785,0.9296638795986621
B→A,истина,1.1511371237458194,0.07556856187290972,0.9244314381270903
B→A,истина,1.1616020066889632,0.08080100334448159,0.9191989966555184
B→A,истина,1.1720668896321071,0.08603344481605357,0.9139665551839464
B→A,истина,1.1825317725752509,0.09126588628762544,0.9087341137123746
B→A,истина,1.1929966555183946,0.09649832775919731,0.9035016722408027
B→A,истина,1.2034615384615386,0.10173076923076929,0.8982692307692307
B→A,истина,1.2139264214046823,0.10696321070234116,0.8930367892976588
B→A,истина,1.224391304347826,0.11219565217391303,0.887804347826087
B→A,истина,1.23485618729097,0.11742809364548501,0.882571906354515
B→A,истина,1.2453210702341138,0.12266053511705688,0.8773394648829431
B→A,истина,1.2557859531772575,0.12789297658862875,0.8721070234113713
B→A,истина,1.2662508361204015,0.13312541806020073,0.8668745819397993
B→A,истина,1.2767157190635452,0.1383578595317726,0.8616421404682274
B→A,истина,1.287180602006689,0.14359030100334447,0.8564096989966555
B→A,истина,1.297645484949833,0.14882274247491645,0.8511772575250836
B→A,истина,1.3081103678929766,0.15405518394648832,0.8459448160535117
B→A,истина,1.3185752508361204,0.15928762541806019,0.8407123745819398
B→A,истина,1.3290401337792643,0.16452006688963217,0.8354799331103678
B→A,истина,1.339505016722408,0.16975250836120404,0.830247491638796
B→A,истина,1.3499698996655518,0.1749849498327759,0.8250150501672241
B→A,истина,1.3604347826086958,0.18021739130434788,0.8197826086956521
B→A,истина,1.3708996655518395,0.18544983277591975,0.8145501672240802
B→A,истина,1.3813645484949832,0.19068227424749162,0.8093177257525084
B→A,истина,1.3918294314381272,0.1959147157190636,0.8040852842809364
B→A,истина,1.402294314381271,0.20114715719063547,0.7988528428093645
B→A,истина,1.4127591973244147,0.20637959866220734,0.7936204013377927
B→A,истина,1.4232240802675586,0.21161204013377932,0.7883879598662207
B→A,истина,1.4336889632107024,0.2168444816053512,0.7831555183946488
B→A,истина,1.4441538461538461,0.22207692307692306,0.7779230769230769
B→A,истина,1.45461872909699,0.22730936454849504,0.772690635451505
B→A,истина,1.4650836120401338,0.2325418060200669,0.7674581939799331
B→A,истина,1.4755484949832776,0.23777424749163878,0.7622257525083612
B→A,истина,1.4860133779264215,0.24300668896321076,0.7569933110367892
B→A,истина,1.4964782608695653,0.24823913043478263,0.7517608695652174
B→A,истина,1.506943143812709,0.2534715719063545,0.7465284280936455
B→A,истина,1.517408026755853,0.2587040133779265,0.7412959866220735
B→A,истина,1.5278729096989967,0.26393645484949835,0.7360635451505017
B→A,истина,1.5383377926421404,0.2691688963210702,0.7308311036789298
B→A,истина,1.5488026755852844,0.2744013377926422,0.7255986622073578
B→A,истина,1.5592675585284281,0.27963377926421407,0.7203662207357859
B→A,истина,1.5697324414715719,0.28486622073578594,0.7151337792642141
B→A,истина,1.5801973244147158,0.2900986622073579,0.7099013377926421
B→A,истина,1.5906622073578596,0.2953311036789298,0.7046688963210702
B→A,истина,1.6011270903010033,0.30056354515050165,0.6994364548494983
B→A,истина,1.6115919732441473,0.30579598662207363,0.6942040133779264
B→A,истина,1.622056856187291,0.3110284280936455,0.6889715719063545
B→A,истина,1.6325217391304347,0.3162608695652174,0.6837391304347826
B→A,истина,1.6429866220735787,0.32149331103678935,0.6785066889632106
B→A,истина,1.6534515050167224,0.3267257525083612,0.6732742474916388
B→A,истина,1.6639163879598662,0.3319581939799331,0.6680418060200669
B→A,истина,1.6743812709030101,0.33719063545150507,0.6628093645484949
B→A,истина,1.6848461538461539,0.34242307692307694,0.6575769230769231
B→A,истина,1.6953110367892976,0.3476555183946488,0.6523444816053512
B→A,истина,1.7057759197324416,0.3528879598662208,0.6471120401337792
B→A,истина,1.7162408026755853,0.35812040133779266,0.6418795986622073
B→A,истина,1.726705685618729,0.36335284280936453,0.6366471571906355
B→A,истина,1.737170568561873,0.3685852842809365,0.6314147157190635
B→A,истина,1.7476354515050168,0.3738177257525084,0.6261822742474916
B→A,истина,1.7581003344481605,0.37905016722408025,0.6209498327759198
B→A,истина,1.7685652173913045,0.38428260869565223,0.6157173913043478
B→A,истина,1.7790301003344482,0.3895150501672241,0.6104849498327759
B→A,истина,1.789494983277592,0.39474749163879597,0.605252508361204
B→A,истина,1.799959866220736,0.39997993311036795,0.600020066889632
B→A,истина,1.8104247491638796,0.4052123745819398,0.5947876254180602
B→A,истина,1.8208896321070234,0.4104448160535117,0.5895551839464883
B→A,истина,1.8313545150501673,0.41567725752508367,0.5843227424749163
B→A,истина,1.841819397993311,0.42090969899665553,0.5790903010033445
B→A,истина,1.8522842809364548,0.4261421404682274,0.5738578595317726
B→A,истина,1.8627491638795988,0.4313745819397994,0.5686254180602006
B→A,истина,1.8732140468227425,0.43660702341137125,0.5633929765886287
B→A,истина,1.8836789297658862,0.4418394648829431,0.5581605351170569
B→A,истина,1.8941438127090302,0.4470719063545151,0.5529280936454849
B→A,истина,1.904608695652174,0.45230434782608697,0.547695652173913
B→A,истина,1.9150735785953177,0.45753678929765884,0.5424632107023412
B→A,истина,1.9255384615384616,0.4627692307692308,0.5372307692307692
B→A,истина,1.9360033444816054,0.4680016722408027,0.5319983277591973
B→A,истина,1.9464682274247491,0.47323411371237456,0.5267658862876254
B→A,истина,1.956933110367893,0.47846655518394654,0.5215334448160535
B→A,истина,1.9673979933110368,0.4836989966555184,0.5163010033444816
B→A,истина,1.9778628762541806,0.4889314381270903,0.5110685618729097
B→A,истина,1.9883277591973245,0.49416387959866226,0.5058361204013377
B→A,истина,1.9987926421404683,0.49939632107023413,0.5006036789297659
B→A,истина,2.009257525083612,0.504628762541806,0.495371237458194
B→A,истина,2.0197224080267557,0.5098612040133779,0.49013879598662213
B→A,истина,2.0301872909699,0.51509364548495,0.48490635451505004
B→A,истина,2.0406521739130437,0.5203260869565218,0.4796739130434782
B→A,истина,2.0511170568561874,0.5255585284280937,0.4744414715719063
B→A,истина,2.061581939799331,0.5307909698996656,0.46920903010033443
B→A,истина,2.072046822742475,0.5360234113712374,0.46397658862876257
B→A,истина,2.0825117056856186,0.5412558528428093,0.4587441471571907
B→A,истина,2.092976588628763,0.5464882943143814,0.4535117056856186
B→A,истина,2.1034414715719065,0.5517207357859533,0.44827926421404674
B→A,истина,2.1139063545150503,0.5569531772575251,0.44304682274247487
B→A,истина,2.124371237458194,0.562185618729097,0.437814381270903
B→A,истина,2.1348361204013377,0.5674180602006689,0.4325819397993311
B→A,истина,2.1453010033444815,0.5726505016722407,0.42734949832775926
B→A,истина,2.1557658862876257,0.5778829431438128,0.42211705685618717
B→A,истина,2.1662307692307694,0.5831153846153847,0.4168846153846153
B→A,истина,2.176695652173913,0.5883478260869566,0.41165217391304343
B→A,истина,2.187160535117057,0.5935802675585284,0.40641973244147156
B→A,истина,2.1976254180602006,0.5988127090301003,0.4011872909698997
B→A,истина,2.2080903010033444,0.6040451505016722,0.3959548494983278
B→A,истина,2.2185551839464885,0.6092775919732443,0.39072240802675573
B→A,истина,2.2290200668896323,0.6145100334448161,0.38548996655518386
B→A,истина,2.239484949832776,0.619742474916388,0.380257525083612
B→A,истина,2.2499498327759198,0.6249749163879599,0.3750250836120401
B→A,истина,2.2604147157190635,0.6302073578595317,0.36979264214046825
B→A,истина,2.2708795986622072,0.6354397993311036,0.3645602006688964
B→A,истина,2.2813444816053514,0.6406722408026757,0.3593277591973243
B→A,истина,2.291809364548495,0.6459046822742476,0.3540953177257524
B→A,истина,2.302274247491639,0.6511371237458194,0.34886287625418055
B→A,истина,2.3127391304347826,0.6563695652173913,0.3436304347826087
B→A,истина,2.3232040133779264,0.6616020066889632,0.3383979933110368
B→A,истина,2.33366889632107,0.666834448160535,0.33316555183946495
B→A,истина,2.3441337792642143,0.6720668896321071,0.32793311036789285
B→A,истина,2.354598662207358,0.677299331103679,0.322700668896321
B→A,истина,2.3650635451505018,0.6825317725752509,0.3174682274247491
B→A,истина,2.3755284280936455,0.6877642140468228,0.31223578595317725
B→A,истина,2.3859933110367892,0.6929966555183946,0.3070033444816054
B→A,истина,2.396458193979933,0.6982290969899665,0.3017709030100335
B→A,истина,2.406923076923077,0.7034615384615386,0.2965384615384614
B→A,истина,2.417387959866221,0.7086939799331105,0.29130602006688955
B→A,истина,2.4278528428093646,0.7139264214046823,0.2860735785953177
B→A,истина,2.4383177257525084,0.7191588628762542,0.2808411371237458
B→A,истина,2.448782608695652,0.7243913043478261,0.27560869565217394
B→A,истина,2.459247491638796,0.7296237458193979,0.27037625418060207
B→A,истина,2.46971237458194,0.73485618729097,0.26514381270903
B→A,истина,2.480177257525084,0.7400886287625419,0.2599113712374581
B→A,истина,2.4906421404682275,0.7453210702341138,0.25467892976588624
B→A,истина,2.5011070234113713,0.7505535117056856,0.24944648829431437
B→A,истина,2.511571906354515,0.7557859531772575,0.2442140468227425
B→A,истина,2.5220367892976587,0.7610183946488294,0.23898160535117063
B→A,истина,2.532501672240803,0.7662508361204015,0.23374916387959854
B→A,истина,2.5429665551839467,0.7714832775919733,0.22851672240802667
B→A,истина,2.5534314381270904,0.7767157190635452,0.2232842809364548
B→A,истина,2.563896321070234,0.7819481605351171,0.21805183946488294
B→A,истина,2.574361204013378,0.7871806020066889,0.21281939799331107
B→A,истина,2.5848260869565216,0.7924130434782608,0.2075869565217392
B→A,истина,2.595290969899666,0.7976454849498329,0.2023545150501671
B→A,истина,2.6057558528428095,0.8028779264214048,0.19712207357859524
B→A,истина,2.6162207357859533,0.8081103678929766,0.19188963210702337
B→A,истина,2.626685618729097,0.8133428093645485,0.1866571906354515
B→A,истина,2.6371505016722407,0.8185752508361204,0.18142474916387963
B→A,истина,2.6476153846153845,0.8238076923076922,0.17619230769230776
B→A,истина,2.6580802675585287,0.8290401337792643,0.17095986622073567
B→A,истина,2.6685451505016724,0.8342725752508362,0.1657274247491638
B→A,истина,2.679010033444816,0.8395050167224081,0.16049498327759193
B→A,истина,2.68947491638796,0.8447374581939799,0.15526254180602006
B→A,истина,2.6999397993311036,0.8499698996655518,0.1500301003344482
B→A,истина,2.710404682274248,0.8552023411371239,0.1447976588628761
B→A,истина,2.7208695652173915,0.8604347826086958,0.13956521739130423
B→A,истина,2.7313344481605353,0.8656672240802676,0.13433277591973236
B→A,истина,2.741799331103679,0.8708996655518395,0.1291003344481605
B→A,истина,2.7522642140468228,0.8761321070234114,0.12386789297658862
B→A,истина,2.7627290969899665,0.8813645484949832,0.11863545150501675
B→A,истина,2.7731939799331107,0.8865969899665553,0.11340301003344466
B→A,истина,2.7836588628762544,0.8918294314381272,0.10817056856187279
B→A,истина,2.794123745819398,0.8970618729096991,0.10293812709030092
B→A,истина,2.804588628762542,0.902294314381271,0.09770568561872905
B→A,истина,2.8150535117056856,0.9075267558528428,0.09247324414715719
B→A,истина,2.8255183946488294,0.9127591973244147,0.08724080267558532
B→A,истина,2.8359832775919736,0.9179916387959868,0.08200836120401322
B→A,истина,2.8464481605351173,0.9232240802675586,0.07677591973244136
B→A,истина,2.856913043478261,0.9284565217391305,0.07154347826086949
B→A,истина,2.8673779264214048,0.9336889632107024,0.06631103678929762
B→A,истина,2.8778428093645485,0.9389214046822743,0.06107859531772575
B→A,истина,2.8883076923076922,0.9441538461538461,0.05584615384615388
B→A,истина,2.8987725752508364,0.9493862876254182,0.05061371237458179
B→A,истина,2.90923745819398,0.9546187290969901,0.04538127090300992
B→A,истина,2.919702341137124,0.959851170568562,0.04014882943143805
B→A,истина,2.9301672240802676,0.9650836120401338,0.03491638795986618
B→A,истина,2.9406321070234114,0.9703160535117057,0.02968394648829431
B→A,истина,2.951096989966555,0.9755484949832776,0.02445150501672244
B→A,истина,2.9615618729096993,0.9807809364548497,0.01921906354515035
B→A,истина,2.972026755852843,0.9860133779264215,0.01398662207357848
B→A,истина,2.9824916387959868,0.9912458193979934,0.008754180602006612
B→A,истина,2.9929565217391305,0.9964782608695653,0.0035217391304347423
B→A,истина,3.0034214046822743,1.0,0.0
B→A,истина,3.013886287625418,1.0,0.0
B→A,истина,3.024351170568562,1.0,0.0
B→A,истина,3.034816053511706,1.0,0.0
B→A,истина,3.0452809364548497,1.0,0.0
B→A,истина,3.0557458193979934,1.0,0.0
B→A,истина,3.066210702341137,1.0,0.0
B→A,истина,3.076675585284281,1.0,0.0
B→A,истина,3.087140468227425,1.0,0.0
B→A,истина,3.097605351170569,1.0,0.0
B→A,истина,3.1080702341137125,1.0,0.0
B→A,истина,3.1185351170568563,1.0,0.0
B→A,истина,3.129,1.0,0.0
B→A,наивная MLE,0.0,0.0,1.0
B→A,наивная MLE,0.010464882943143813,0.0,1.0
B→A,наивная MLE,0.020929765886287626,0.0,1.0
B→A,наивная MLE,0.03139464882943144,0.0,1.0
B→A,наивная MLE,0.04185953177257525,0.0,1.0
B→A,наивная MLE,0.05232441471571907,0.0,1.0
B→A,наивная MLE,0.06278929765886287,0.0,1.0
B→A,наивная MLE,0.0732541806020067,0.0,1.0
B→A,наивная MLE,0.0837190635451505,0.0,1.0
B→A,наивная MLE,0.09418394648829431,0.0,1.0
B→A,наивная MLE,0.10464882943143813,0.0,1.0
B→A,наивная MLE,0.11511371237458194,0.0,1.0
B→A,наивная MLE,0.12557859531772575,0.0,1.0
B→A,наивная MLE,0.13604347826086957,0.0,1.0
B→A,наивная MLE,0.1465083612040134,0.0,1.0
B→A,наивная MLE,0.1569732441471572,0.0,1.0
B→A,наивная MLE,0.167438127090301,0.0,1.0
B→A,наивная MLE,0.17790301003344483,0.0,1.0
B→A,наивная MLE,0.18836789297658862,0.0,1.0
B→A,наивная MLE,0.19883277591973245,0.0,1.0
B→A,наивная MLE,0.20929765886287627,0.0,1.0
B→A,наивная MLE,0.21976254180602006,0.0,1.0
B→A,наивная MLE,0.23022742474916388,0.0,1.0
B→A,наивная MLE,0.2406923076923077,0.0,1.0
B→A,наивная MLE,0.2511571906354515,0.0,1.0
B→A,наивная MLE,0.26162207357859535,0.0,1.0
B→A,наивная MLE,0.27208695652173914,0.0,1.0
B→A,наивная MLE,0.28255183946488294,0.0,1.0
B→A,наивная MLE,0.2930167224080268,0.0,1.0
B→A,наивная MLE,0.3034816053511706,0.0,1.0
B→A,наивная MLE,0.3139464882943144,0.0,1.0
B→A,наивная MLE,0.3244113712374582,0.0,1.0
B→A,наивная MLE,0.334876254180602,0.0,1.0
B→A,наивная MLE,0.3453411371237458,0.0,1.0
B→A,наивная MLE,0.35580602006688966,0.0,1.0
B→A,наивная MLE,0.36627090301003346,0.0,1.0
B→A,наивная MLE,0.37673578595317725,0.0,1.0
B→A,наивная MLE,0.3872006688963211,0.0,1.0
B→A,наивная MLE,0.3976655518394649,0.0,1.0
B→A,наивная MLE,0.4081304347826087,0.0,1.0
B→A,наивная MLE,0.41859531772575254,0.0,1.0
B→A,наивная MLE,0.42906020066889633,0.0,1.0
B→A,наивная MLE,0.4395250836120401,0.0,1.0
B→A,наивная MLE,0.449989966555184,0.0,1.0
B→A,наивная MLE,0.46045484949832777,0.0,1.0
B→A,наивная MLE,0.47091973244147156,0.0,1.0
B→A,наивная MLE,0.4813846153846154,0.0,1.0
B→A,наивная MLE,0.4918494983277592,0.0,1.0
B→A,наивная MLE,0.502314381270903,0.0,1.0
B→A,наивная MLE,0.5127792642140468,0.0,1.0
B→A,наивная MLE,0.5232441471571907,0.0,1.0
B→A,наивная MLE,0.5337090301003344,0.0,1.0
B→A,наивная MLE,0.5441739130434783,0.0,1.0
B→A,наивная MLE,0.5546387959866221,0.0,1.0
B→A,наивная MLE,0.5651036789297659,0.0,1.0
B→A,наивная MLE,0.5755685618729097,0.0,1.0
B→A,наивная MLE,0.5860334448160536,0.0,1.0
B→A,наивная MLE,0.5964983277591973,0.0,1.0
B→A,наивная MLE,0.6069632107023412,0.0,1.0
B→A,наивная MLE,0.617428093645485,0.0,1.0
B→A,наивная MLE,0.6278929765886287,0.0,1.0
B→A,наивная MLE,0.6383578595317726,0.0,1.0
B→A,наивная MLE,0.6488227424749164,0.0,1.0
B→A,наивная MLE,0.6592876254180602,0.0,1.0
B→A,наивная MLE,0.669752508361204,0.0,1.0
B→A,наивная MLE,0.6802173913043479,0.0,1.0
B→A,наивная MLE,0.6906822742474916,0.0,1.0
B→A,наивная MLE,0.7011471571906355,0.0,1.0
B→A,наивная MLE,0.7116120401337793,0.0,1.0
B→A,наивная MLE,0.7220769230769231,0.0,1.0
B→A,наивная MLE,0.7325418060200669,0.0,1.0
B→A,наивная MLE,0.7430066889632108,0.0,1.0
B→A,наивная MLE,0.7534715719063545,0.0,1.0
B→A,наивная MLE,0.7639364548494983,0.0,1.0
B→A,наивная MLE,0.7744013377926422,0.0,1.0
B→A,наивная MLE,0.7848662207357859,0.0,1.0
B→A,наивная MLE,0.7953311036789298,0.0,1.0
B→A,наивная MLE,0.8057959866220736,0.0,1.0
B→A,наивная MLE,0.8162608695652174,0.0,1.0
B→A,наивная MLE,0.8267257525083612,0.0,1.0
B→A,наивная MLE,0.8371906354515051,0.0,1.0
B→A,наивная MLE,0.8476555183946488,0.0,1.0
B→A,наивная MLE,0.8581204013377927,0.0,1.0
B→A,наивная MLE,0.8685852842809365,0.0,1.0
B→A,наивная MLE,0.8790501672240802,0.0,1.0
B→A,наивная MLE,0.8895150501672241,0.0,1.0
B→A,наивная MLE,0.899979933110368,0.0,1.0
B→A,наивная MLE,0.9104448160535117,0.0,1.0
B→A,наивная MLE,0.9209096989966555,0.0,1.0
B→A,наивная MLE,0.9313745819397994,0.0,1.0
B→A,наивная MLE,0.9418394648829431,0.0,1.0
B→A,наивная MLE,0.952304347826087,0.0,1.0
B→A,наивная MLE,0.9627692307692308,0.0,1.0
B→A,наивная MLE,0.9732341137123746,0.0,1.0
B→A,наивная MLE,0.9836989966555184,0.0,1.0
B→A,наивная MLE,0.9941638795986623,0.0,1.0
B→A,наивная MLE,1.004628762541806,0.0021329430996961216,0.9978670569003039
B→A,наивная MLE,1.01509364548495,0.007372700878830604,0.9926272991211694
B→A,наивная MLE,1.0255585284280937,0.012612458657964976,0.987387541342035
B→A,наивная MLE,1.0360234113712374,0.017852216437099347,0.9821477835629007
B→A,наивная MLE,1.0464882943143814,0.023091974216233827,0.9769080257837661
B→A,наивная MLE,1.0569531772575251,0.0283317319953682,0.9716682680046318
B→A,наивная MLE,1.0674180602006689,0.03357148977450257,0.9664285102254975
B→A,наивная MLE,1.0778829431438128,0.03881124755363705,0.9611887524463629
B→A,наивная MLE,1.0883478260869566,0.044051005332771426,0.9559489946672286
B→A,наивная MLE,1.0988127090301003,0.0492907631119058,0.9507092368880942
B→A,наивная MLE,1.1092775919732443,0.054530520891040275,0.9454694791089597
B→A,наивная MLE,1.119742474916388,0.05977027867017465,0.9402297213298254
B→A,наивная MLE,1.1302073578595317,0.06501003644930901,0.934989963550691
B→A,наивная MLE,1.1406722408026757,0.0702497942284435,0.9297502057715565
B→A,наивная MLE,1.1511371237458194,0.07548955200757787,0.9245104479924221
B→A,наивная MLE,1.1616020066889632,0.08072930978671225,0.9192706902132878
B→A,наивная MLE,1.1720668896321071,0.08596906756584673,0.9140309324341532
B→A,наивная MLE,1.1825317725752509,0.09120882534498109,0.9087911746550189
B→A,наивная MLE,1.1929966555183946,0.09644858312411547,0.9035514168758845
B→A,наивная MLE,1.2034615384615386,0.10168834090324995,0.89831165909675
B→A,наивная MLE,1.2139264214046823,0.10692809868238431,0.8930719013176157
B→A,наивная MLE,1.224391304347826,0.1121678564615187,0.8878321435384813
B→A,наивная MLE,1.23485618729097,0.11740761424065317,0.8825923857593468
B→A,наивная MLE,1.2453210702341138,0.12264737201978755,0.8773526279802124
B→A,наивная MLE,1.2557859531772575,0.12788712979892192,0.8721128702010781
B→A,наивная MLE,1.2662508361204015,0.1331268875780564,0.8668731124219435
B→A,наивная MLE,1.2767157190635452,0.13836664535719076,0.8616333546428092
B→A,наивная MLE,1.287180602006689,0.14360640313632514,0.8563935968636749
B→A,наивная MLE,1.297645484949833,0.14884616091545963,0.8511538390845403
B→A,наивная MLE,1.3081103678929766,0.15408591869459398,0.845914081305406
B→A,наивная MLE,1.3185752508361204,0.15932567647372836,0.8406743235262717
B→A,наивная MLE,1.3290401337792643,0.16456543425286285,0.8354345657471371
B→A,наивная MLE,1.339505016722408,0.16980519203199723,0.8301948079680028
B→A,наивная MLE,1.3499698996655518,0.17504494981113158,0.8249550501888684
B→A,наивная MLE,1.3604347826086958,0.18028470759026607,0.819715292409734
B→A,наивная MLE,1.3708996655518395,0.18552446536940045,0.8144755346305995
B→A,наивная MLE,1.3813645484949832,0.1907642231485348,0.8092357768514652
B→A,наивная MLE,1.3918294314381272,0.1960039809276693,0.8039960190723308
B→A,наивная MLE,1.402294314381271,0.20124373870680368,0.7987562612931963
B→A,наивная MLE,1.4127591973244147,0.20648349648593803,0.793516503514062
B→A,наивная MLE,1.4232240802675586,0.21172325426507252,0.7882767457349275
B→A,наивная MLE,1.4336889632107024,0.2169630120442069,0.7830369879557931
B→A,наивная MLE,1.4441538461538461,0.22220276982334125,0.7777972301766587
B→A,наивная MLE,1.45461872909699,0.22744252760247574,0.7725574723975243
B→A,наивная MLE,1.4650836120401338,0.23268228538161012,0.7673177146183898
B→A,наивная MLE,1.4755484949832776,0.2379220431607445,0.7620779568392555
B→A,наивная MLE,1.4860133779264215,0.24316180093987896,0.7568381990601211
B→A,наивная MLE,1.4964782608695653,0.24840155871901334,0.7515984412809866
B→A,наивная MLE,1.506943143812709,0.2536413164981477,0.7463586835018523
B→A,наивная MLE,1.517408026755853,0.2588810742772822,0.7411189257227178
B→A,наивная MLE,1.5278729096989967,0.26412083205641657,0.7358791679435834
B→A,наивная MLE,1.5383377926421404,0.26936058983555095,0.7306394101644491
B→A,наивная MLE,1.5488026755852844,0.27460034761468544,0.7253996523853146
B→A,наивная MLE,1.5592675585284281,0.2798401053938198,0.7201598946061802
B→A,наивная MLE,1.5697324414715719,0.28507986317295414,0.7149201368270459
B→A,наивная MLE,1.5801973244147158,0.29031962095208863,0.7096803790479114
B→A,наивная MLE,1.5906622073578596,0.295559378731223,0.704440621268777
B→A,наивная MLE,1.6011270903010033,0.3007991365103574,0.6992008634896426
B→A,наивная MLE,1.6115919732441473,0.3060388942894919,0.6939611057105082
B→A,наивная MLE,1.622056856187291,0.31127865206862626,0.6887213479313737
B→A,наивная MLE,1.6325217391304347,0.3165184098477606,0.6834815901522394
B→A,наивная MLE,1.6429866220735787,0.3217581676268951,0.678241832373105
B→A,наивная MLE,1.6534515050167224,0.32699792540602945,0.6730020745939705
B→A,наивная MLE,1.6639163879598662,0.33223768318516383,0.6677623168148361
B→A,наивная MLE,1.6743812709030101,0.3374774409642983,0.6625225590357017
B→A,наивная MLE,1.6848461538461539,0.3427171987434327,0.6572828012565672
B→A,наивная MLE,1.6953110367892976,0.3479569565225671,0.6520430434774329
B→A,наивная MLE,1.7057759197324416,0.3531967143017015,0.6468032856982985
B→A,наивная MLE,1.7162408026755853,0.3584364720808359,0.641563527919164
B→A,наивная MLE,1.726705685618729,0.3636762298599703,0.6363237701400297
B→A,наивная MLE,1.737170568561873,0.36891598763910477,0.6310840123608952
B→A,наивная MLE,1.7476354515050168,0.37415574541823915,0.6258442545817609
B→A,наивная MLE,1.7581003344481605,0.37939550319737353,0.6206044968026265
B→A,наивная MLE,1.7685652173913045,0.38463526097650796,0.615364739023492
B→A,наивная MLE,1.7790301003344482,0.38987501875564234,0.6101249812443577
B→A,наивная MLE,1.789494983277592,0.3951147765347767,0.6048852234652233
B→A,наивная MLE,1.799959866220736,0.4003545343139112,0.5996454656860888
B→A,наивная MLE,1.8104247491638796,0.4055942920930456,0.5944057079069545
B→A,наивная MLE,1.8208896321070234,0.41083404987218,0.58916595012782
B→A,наивная MLE,1.8313545150501673,0.41607380765131446,0.5839261923486856
B→A,наивная MLE,1.841819397993311,0.4213135654304488,0.5786864345695513
B→A,наивная MLE,1.8522842809364548,0.42655332320958317,0.5734466767904168
B→A,наивная MLE,1.8627491638795988,0.43179308098871766,0.5682069190112824
B→A,наивная MLE,1.8732140468227425,0.43703283876785204,0.562967161232148
B→A,наивная MLE,1.8836789297658862,0.4422725965469864,0.5577274034530135
B→A,наивная MLE,1.8941438127090302,0.4475123543261209,0.5524876456738791
B→A,наивная MLE,1.904608695652174,0.45275211210525523,0.5472478878947448
B→A,наивная MLE,1.9150735785953177,0.4579918698843896,0.5420081301156103
B→A,наивная MLE,1.9255384615384616,0.4632316276635241,0.5367683723364759
B→A,наивная MLE,1.9360033444816054,0.4684713854426585,0.5315286145573415
B→A,наивная MLE,1.9464682274247491,0.47371114322179286,0.5262888567782071
B→A,наивная MLE,1.956933110367893,0.47895090100092735,0.5210490989990726
B→A,наивная MLE,1.9673979933110368,0.48419065878006173,0.5158093412199383
B→A,наивная MLE,1.9778628762541806,0.48943041655919606,0.5105695834408039
B→A,наивная MLE,1.9883277591973245,0.49467017433833055,0.5053298256616694
B→A,наивная MLE,1.9987926421404683,0.49990993211746493,0.5000900678825351
B→A,наивная MLE,2.009257525083612,0.5051496898965993,0.49485031010340075
B→A,наивная MLE,2.0197224080267557,0.5103894476757337,0.4896105523242663
B→A,наивная MLE,2.0301872909699,0.5156292054548682,0.48437079454513177
B→A,наивная MLE,2.0406521739130437,0.5208689632340027,0.47913103676599733
B→A,наивная MLE,2.0511170568561874,0.526108721013137,0.473891278986863
B→A,наивная MLE,2.061581939799331,0.5313484787922714,0.46865152120772857
B→A,наивная MLE,2.072046822742475,0.5365882365714058,0.46341176342859425
B→A,наивная MLE,2.0825117056856186,0.5418279943505401,0.4581720056494599
B→A,наивная MLE,2.092976588628763,0.5470677521296747,0.45293224787032527
B→A,наивная MLE,2.1034414715719065,0.5523075099088091,0.44769249009119094
B→A,наивная MLE,2.1139063545150503,0.5575472676879435,0.4424527323120565
B→A,наивная MLE,2.124371237458194,0.5627870254670778,0.4372129745329222
B→A,наивная MLE,2.1348361204013377,0.5680267832462123,0.43197321675378775
B→A,наивная MLE,2.1453010033444815,0.5732665410253466,0.4267334589746534
B→A,наивная MLE,2.1557658862876257,0.5785062988044811,0.4214937011955189
B→A,наивная MLE,2.1662307692307694,0.5837460565836156,0.41625394341638444
B→A,наивная MLE,2.176695652173913,0.5889858143627499,0.4110141856372501
B→A,наивная MLE,2.187160535117057,0.5942255721418843,0.4057744278581157
B→A,наивная MLE,2.1976254180602006,0.5994653299210186,0.40053467007898136
B→A,наивная MLE,2.2080903010033444,0.6047050877001531,0.3952949122998469
B→A,наивная MLE,2.2185551839464885,0.6099448454792876,0.3900551545207124
B→A,наивная MLE,2.2290200668896323,0.615184603258422,0.38481539674157805
B→A,наивная MLE,2.239484949832776,0.6204243610375564,0.3795756389624436
B→A,наивная MLE,2.2499498327759198,0.6256641188166907,0.3743358811833093
B→A,наивная MLE,2.2604147157190635,0.6309038765958251,0.36909612340417486
B→A,наивная MLE,2.2708795986622072,0.6361436343749595,0.36385636562504053
B→A,наивная MLE,2.2813444816053514,0.641383392154094,0.358616607845906
B→A,наивная MLE,2.291809364548495,0.6466231499332284,0.35337685006677155
B→A,наивная MLE,2.302274247491639,0.6518629077123628,0.34813709228763723
B→A,наивная MLE,2.3127391304347826,0.6571026654914972,0.3428973345085028
B→A,наивная MLE,2.3232040133779264,0.6623424232706315,0.33765757672936847
B→A,наивная MLE,2.33366889632107,0.667582181049766,0.33241781895023403
B→A,наивная MLE,2.3441337792642143,0.6728219388289005,0.3271780611710995
B→A,наивная MLE,2.354598662207358,0.6780616966080348,0.32193830339196516
B→A,наивная MLE,2.3650635451505018,0.6833014543871693,0.31669854561283073
B→A,наивная MLE,2.3755284280936455,0.6885412121663036,0.3114587878336964
B→A,наивная MLE,2.3859933110367892,0.693780969945438,0.30621903005456197
B→A,наивная MLE,2.396458193979933,0.6990207277245724,0.30097927227542765
B→A,наивная MLE,2.406923076923077,0.704260485503707,0.295739514496293
B→A,наивная MLE,2.417387959866221,0.7095002432828413,0.29049975671715866
B→A,наивная MLE,2.4278528428093646,0.7147400010619757,0.28525999893802434
B→A,наивная MLE,2.4383177257525084,0.7199797588411101,0.2800202411588899
B→A,наивная MLE,2.448782608695652,0.7252195166202444,0.2747804833797556
B→A,наивная MLE,2.459247491638796,0.7304592743993789,0.26954072560062114
B→A,наивная MLE,2.46971237458194,0.7356990321785134,0.2643009678214866
B→A,наивная MLE,2.480177257525084,0.7409387899576478,0.25906121004235216
B→A,наивная MLE,2.4906421404682275,0.7461785477367822,0.25382145226321784
B→A,наивная MLE,2.5011070234113713,0.7514183055159165,0.24858169448408352
B→A,наивная MLE,2.511571906354515,0.7566580632950509,0.24334193670494908
B→A,наивная MLE,2.5220367892976587,0.7618978210741852,0.23810217892581476
B→A,наивная MLE,2.532501672240803,0.7671375788533199,0.2328624211466801
B→A,наивная MLE,2.5429665551839467,0.7723773366324542,0.22762266336754577
B→A,наивная MLE,2.5534314381270904,0.7776170944115885,0.22238290558841145
B→A,наивная MLE,2.563896321070234,0.782856852190723,0.21714314780927702
B→A,наивная MLE,2.574361204013378,0.7880966099698573,0.2119033900301427
B→A,наивная MLE,2.5848260869565216,0.7933363677489917,0.20666363225100826
B→A,наивная MLE,2.595290969899666,0.7985761255281263,0.2014238744718737
B→A,наивная MLE,2.6057558528428095,0.8038158833072607,0.19618411669273927
B→A,наивная MLE,2.6162207357859533,0.809055641086395,0.19094435891360495
B→A,наивная MLE,2.626685618729097,0.8142953988655294,0.18570460113447063
B→A,наивная MLE,2.6371505016722407,0.8195351566446638,0.1804648433553362
B→A,наивная MLE,2.6476153846153845,0.8247749144237981,0.17522508557620187
B→A,наивная MLE,2.6580802675585287,0.8300146722029328,0.1699853277970672
B→A,наивная MLE,2.6685451505016724,0.8352544299820671,0.16474557001793289
B→A,наивная MLE,2.679010033444816,0.8404941877612015,0.15950581223879845
B→A,наивная MLE,2.68947491638796,0.8457339455403359,0.15426605445966413
B→A,наивная MLE,2.6999397993311036,0.8509737033194702,0.1490262966805298
B→A,наивная MLE,2.710404682274248,0.8562134610986049,0.14378653890139514
B→A,наивная MLE,2.7208695652173915,0.8614532188777392,0.13854678112226082
B→A,наивная MLE,2.7313344481605353,0.8666929766568736,0.13330702334312639
B→A,наивная MLE,2.741799331103679,0.8719327344360079,0.12806726556399206
B→A,наивная MLE,2.7522642140468228,0.8771724922151424,0.12282750778485763
B→A,наивная MLE,2.7627290969899665,0.8824122499942767,0.1175877500057233
B→A,наивная MLE,2.7731939799331107,0.8876520077734112,0.11234799222658876
B→A,наивная MLE,2.7836588628762544,0.8928917655525457,0.10710823444745432
B→A,наивная MLE,2.794123745819398,0.89813152333168,0.10186847666832
B→A,наивная MLE,2.804588628762542,0.9033712811108144,0.09662871888918556
B→A,наивная MLE,2.8150535117056856,0.9086110388899488,0.09138896111005124
B→A,наивная MLE,2.8255183946488294,0.9138507966690831,0.08614920333091691
B→A,наивная MLE,2.8359832775919736,0.9190905544482177,0.08090944555178226
B→A,наивная MLE,2.8464481605351173,0.9243303122273521,0.07566968777264793
B→A,наивная MLE,2.856913043478261,0.9295700700064865,0.0704299299935135
B→A,наивная MLE,2.8673779264214048,0.9348098277856208,0.06519017221437917
B→A,наивная MLE,2.8778428093645485,0.9400495855647553,0.05995041443524474
B→A,наивная MLE,2.8883076923076922,0.9452893433438896,0.05471065665611041
B→A,наивная MLE,2.8987725752508364,0.9505291011230241,0.049470898876975866
B→A,наивная MLE,2.90923745819398,0.9557688589021586,0.04423114109784143
B→A,наивная MLE,2.919702341137124,0.9610086166812929,0.03899138331870711
B→A,наивная MLE,2.9301672240802676,0.9662483744604273,0.03375162553957267
B→A,наивная MLE,2.9406321070234114,0.9714881322395617,0.028511867760438347
B→A,наивная MLE,2.951096989966555,0.9767278900186961,0.023272109981303912
B→A,наивная MLE,2.9615618729096993,0.9819676477978306,0.018032352202169366
B→A,наивная MLE,2.972026755852843,0.987207405576965,0.012792594423035042
B→A,наивная MLE,2.9824916387959868,0.9924471633560994,0.007552836643900607
B→A,наивная MLE,2.9929565217391305,0.9976869211352337,0.0023130788647662825
B→A,наивная MLE,3.0034214046822743,1.0,0.0
B→A,наивная MLE,3.013886287625418,1.0,0.0
B→A,наивная MLE,3.024351170568562,1.0,0.0
B→A,наивная MLE,3.034816053511706,1.0,0.0
B→A,наивная MLE,3.0452809364548497,1.0,0.0
B→A,наивная MLE,3.0557458193979934,1.0,0.0
B→A,наивная MLE,3.066210702341137,1.0,0.0
B→A,наивная MLE,3.076675585284281,1.0,0.0
B→A,наивная MLE,3.087140468227425,1.0,0.0
B→A,наивная MLE,3.097605351170569,1.0,0.0
B→A,наивная MLE,3.1080702341137125,1.0,0.0
B→A,наивная MLE,3.1185351170568563,1.0,0.0
B→A,наивная MLE,3.129,1.0,0.0
B→A,с учётом цензуры,0.0,0.0,1.0
B→A,с учётом цензуры,0.010464882943143813,0.0,1.0
B→A,с учётом цензуры,0.020929765886287626,0.0,1.0
B→A,с учётом цензуры,0.03139464882943144,0.0,1.0
B→A,с учётом цензуры,0.04185953177257525,0.0,1.0
B→A,с учётом цензуры,0.05232441471571907,0.0,1.0
B→A,с учётом цензуры,0.06278929765886287,0.0,1.0
B→A,с учётом цензуры,0.0732541806020067,0.0,1.0
B→A,с учётом цензуры,0.0837190635451505,0.0,1.0
B→A,с учётом цензуры,0.09418394648829431,0.0,1.0
B→A,с учётом цензуры,0.10464882943143813,0.0,1.0
B→A,с учётом цензуры,0.11511371237458194,0.0,1.0
B→A,с учётом цензуры,0.12557859531772575,0.0,1.0
B→A,с учётом цензуры,0.13604347826086957,0.0,1.0
B→A,с учётом цензуры,0.1465083612040134,0.0,1.0
B→A,с учётом цензуры,0.1569732441471572,0.0,1.0
B→A,с учётом цензуры,0.167438127090301,0.0,1.0
B→A,с учётом цензуры,0.17790301003344483,0.0,1.0
B→A,с учётом цензуры,0.18836789297658862,0.0,1.0
B→A,с учётом цензуры,0.19883277591973245,0.0,1.0
B→A,с учётом цензуры,0.20929765886287627,0.0,1.0
B→A,с учётом цензуры,0.21976254180602006,0.0,1.0
B→A,с учётом цензуры,0.23022742474916388,0.0,1.0
B→A,с учётом цензуры,0.2406923076923077,0.0,1.0
B→A,с учётом цензуры,0.2511571906354515,0.0,1.0
B→A,с учётом цензуры,0.26162207357859535,0.0,1.0
B→A,с учётом цензуры,0.27208695652173914,0.0,1.0
B→A,с учётом цензуры,0.28255183946488294,0.0,1.0
B→A,с учётом цензуры,0.2930167224080268,0.0,1.0
B→A,с учётом цензуры,0.3034816053511706,0.0,1.0
B→A,с учётом цензуры,0.3139464882943144,0.0,1.0
B→A,с учётом цензуры,0.3244113712374582,0.0,1.0
B→A,с учётом цензуры,0.334876254180602,0.0,1.0
B→A,с учётом цензуры,0.3453411371237458,0.0,1.0
B→A,с учётом цензуры,0.35580602006688966,0.0,1.0
B→A,с учётом цензуры,0.36627090301003346,0.0,1.0
B→A,с учётом цензуры,0.37673578595317725,0.0,1.0
B→A,с учётом цензуры,0.3872006688963211,0.0,1.0
B→A,с учётом цензуры,0.3976655518394649,0.0,1.0
B→A,с учётом цензуры,0.4081304347826087,0.0,1.0
B→A,с учётом цензуры,0.41859531772575254,0.0,1.0
B→A,с учётом цензуры,0.42906020066889633,0.0,1.0
B→A,с учётом цензуры,0.4395250836120401,0.0,1.0
B→A,с учётом цензуры,0.449989966555184,0.0,1.0
B→A,с учётом цензуры,0.46045484949832777,0.0,1.0
B→A,с учётом цензуры,0.47091973244147156,0.0,1.0
B→A,с учётом цензуры,0.4813846153846154,0.0,1.0
B→A,с учётом цензуры,0.4918494983277592,0.0,1.0
B→A,с учётом цензуры,0.502314381270903,0.0,1.0
B→A,с учётом цензуры,0.5127792642140468,0.0,1.0
B→A,с учётом цензуры,0.5232441471571907,0.0,1.0
B→A,с учётом цензуры,0.5337090301003344,0.0,1.0
B→A,с учётом цензуры,0.5441739130434783,0.0,1.0
B→A,с учётом цензуры,0.5546387959866221,0.0,1.0
B→A,с учётом цензуры,0.5651036789297659,0.0,1.0
B→A,с учётом цензуры,0.5755685618729097,0.0,1.0
B→A,с учётом цензуры,0.5860334448160536,0.0,1.0
B→A,с учётом цензуры,0.5964983277591973,0.0,1.0
B→A,с учётом цензуры,0.6069632107023412,0.0,1.0
B→A,с учётом цензуры,0.617428093645485,0.0,1.0
B→A,с учётом цензуры,0.6278929765886287,0.0,1.0
B→A,с учётом цензуры,0.6383578595317726,0.0,1.0
B→A,с учётом цензуры,0.6488227424749164,0.0,1.0
B→A,с учётом цензуры,0.6592876254180602,0.0,1.0
B→A,с учётом цензуры,0.669752508361204,0.0,1.0
B→A,с учётом цензуры,0.6802173913043479,0.0,1.0
B→A,с учётом цензуры,0.6906822742474916,0.0,1.0
B→A,с учётом цензуры,0.7011471571906355,0.0,1.0
B→A,с учётом цензуры,0.7116120401337793,0.0,1.0
B→A,с учётом цензуры,0.7220769230769231,0.0,1.0
B→A,с учётом цензуры,0.7325418060200669,0.0,1.0
B→A,с учётом цензуры,0.7430066889632108,0.0,1.0
B→A,с учётом цензуры,0.7534715719063545,0.0,1.0
B→A,с учётом цензуры,0.7639364548494983,0.0,1.0
B→A,с учётом цензуры,0.7744013377926422,0.0,1.0
B→A,с учётом цензуры,0.7848662207357859,0.0,1.0
B→A,с учётом цензуры,0.7953311036789298,0.0,1.0
B→A,с учётом цензуры,0.8057959866220736,0.0,1.0
B→A,с учётом цензуры,0.8162608695652174,0.0,1.0
B→A,с учётом цензуры,0.8267257525083612,0.0,1.0
B→A,с учётом цензуры,0.8371906354515051,0.0,1.0
B→A,с учётом цензуры,0.8476555183946488,0.0,1.0
B→A,с учётом цензуры,0.8581204013377927,0.0,1.0
B→A,с учётом цензуры,0.8685852842809365,0.0,1.0
B→A,с учётом цензуры,0.8790501672240802,0.0,1.0
B→A,с учётом цензуры,0.8895150501672241,0.0,1.0
B→A,с учётом цензуры,0.899979933110368,0.0,1.0
B→A,с учётом цензуры,0.9104448160535117,0.0,1.0
B→A,с учётом цензуры,0.9209096989966555,0.0,1.0
B→A,с учётом цензуры,0.9313745819397994,0.0,1.0
B→A,с учётом цензуры,0.9418394648829431,0.0,1.0
B→A,с учётом цензуры,0.952304347826087,0.0,1.0
B→A,с учётом цензуры,0.9627692307692308,0.0,1.0
B→A,с учётом цензуры,0.9732341137123746,0.0,1.0
B→A,с учётом цензуры,0.9836989966555184,0.0,1.0
B→A,с учётом цензуры,0.9941638795986623,0.0,1.0
B→A,с учётом цензуры,1.004628762541806,0.002132942966054917,0.9978670570339451
B→A,с учётом цензуры,1.01509364548495,0.0073727004168883115,0.9926272995831117
B→A,с учётом цензуры,1.0255585284280937,0.012612457867721595,0.9873875421322784
B→A,с учётом цензуры,1.0360234113712374,0.017852215318554878,0.9821477846814451
B→A,с учётом цензуры,1.0464882943143814,0.02309197276938827,0.9769080272306118
B→A,с учётом цензуры,1.0569531772575251,0.028331730220221552,0.9716682697797785
B→A,с учётом цензуры,1.0674180602006689,0.033571487671054834,0.9664285123289451
B→A,с учётом цензуры,1.0778829431438128,0.03881124512188823,0.9611887548781117
B→A,с учётом цензуры,1.0883478260869566,0.044051002572721515,0.9559489974272785
B→A,с учётом цензуры,1.0988127090301003,0.04929076002355479,0.9507092399764452
B→A,с учётом цензуры,1.1092775919732443,0.05453051747438819,0.9454694825256118
B→A,с учётом цензуры,1.119742474916388,0.059770274925221474,0.9402297250747785
B→A,с учётом цензуры,1.1302073578595317,0.06501003237605475,0.9349899676239453
B→A,с учётом цензуры,1.1406722408026757,0.07024978982688815,0.9297502101731119
B→A,с учётом цензуры,1.1511371237458194,0.07548954727772143,0.9245104527222786
B→A,с учётом цензуры,1.1616020066889632,0.08072930472855472,0.9192706952714453
B→A,с учётом цензуры,1.1720668896321071,0.08596906217938811,0.9140309378206118
B→A,с учётом цензуры,1.1825317725752509,0.09120881963022139,0.9087911803697786
B→A,с учётом цензуры,1.1929966555183946,0.09644857708105467,0.9035514229189453
B→A,с учётом цензуры,1.2034615384615386,0.10168833453188807,0.8983116654681119
B→A,с учётом цензуры,1.2139264214046823,0.10692809198272135,0.8930719080172786
B→A,с учётом цензуры,1.224391304347826,0.11216784943355464,0.8878321505664454
B→A,с учётом цензуры,1.23485618729097,0.11740760688438803,0.882592393115612
B→A,с учётом цензуры,1.2453210702341138,0.1226473643352213,0.8773526356647787
B→A,с учётом цензуры,1.2557859531772575,0.1278871217860546,0.8721128782139453
B→A,с учётом цензуры,1.2662508361204015,0.13312687923688798,0.866873120763112
B→A,с учётом цензуры,1.2767157190635452,0.13836663668772128,0.8616333633122787
B→A,с учётом цензуры,1.287180602006689,0.14360639413855456,0.8563936058614454
B→A,с учётом цензуры,1.297645484949833,0.14884615158938794,0.851153848410612
B→A,с учётом цензуры,1.3081103678929766,0.15408590904022124,0.8459140909597788
B→A,с учётом цензуры,1.3185752508361204,0.1593256664910545,0.8406743335089455
B→A,с учётом цензуры,1.3290401337792643,0.16456542394188792,0.8354345760581121
B→A,с учётом цензуры,1.339505016722408,0.1698051813927212,0.8301948186072788
B→A,с учётом цензуры,1.3499698996655518,0.17504493884355446,0.8249550611564456
B→A,с учётом цензуры,1.3604347826086958,0.18028469629438787,0.8197153037056122
B→A,с учётом цензуры,1.3708996655518395,0.18552445374522114,0.8144755462547788
B→A,с учётом цензуры,1.3813645484949832,0.19076421119605444,0.8092357888039455
B→A,с учётом цензуры,1.3918294314381272,0.19600396864688782,0.8039960313531122
B→A,с учётом цензуры,1.402294314381271,0.20124372609772112,0.7987562739022789
B→A,с учётом цензуры,1.4127591973244147,0.2064834835485544,0.7935165164514456
B→A,с учётом цензуры,1.4232240802675586,0.21172324099938777,0.7882767590006122
B→A,с учётом цензуры,1.4336889632107024,0.21696299845022107,0.783037001549779
B→A,с учётом цензуры,1.4441538461538461,0.22220275590105434,0.7777972440989457
B→A,с учётом цензуры,1.45461872909699,0.22744251335188775,0.7725574866481122
B→A,с учётом цензуры,1.4650836120401338,0.23268227080272103,0.767317729197279
B→A,с учётом цензуры,1.4755484949832776,0.2379220282535543,0.7620779717464456
B→A,с учётом цензуры,1.4860133779264215,0.2431617857043877,0.7568382142956123
B→A,с учётом цензуры,1.4964782608695653,0.24840154315522098,0.751598456844779
B→A,с учётом цензуры,1.506943143812709,0.2536413006060543,0.7463586993939457
B→A,с учётом цензуры,1.517408026755853,0.25888105805688766,0.7411189419431123
B→A,с учётом цензуры,1.5278729096989967,0.26412081550772093,0.7358791844922791
B→A,с учётом цензуры,1.5383377926421404,0.26936057295855426,0.7306394270414458
B→A,с учётом цензуры,1.5488026755852844,0.27460033040938764,0.7253996695906124
B→A,с учётом цензуры,1.5592675585284281,0.2798400878602209,0.720159912139779
B→A,с учётом цензуры,1.5697324414715719,0.2850798453110542,0.7149201546889459
B→A,с учётом цензуры,1.5801973244147158,0.29031960276188756,0.7096803972381125
B→A,с учётом цензуры,1.5906622073578596,0.2955593602127209,0.7044406397872791
B→A,с учётом цензуры,1.6011270903010033,0.30079911766355416,0.6992008823364458
B→A,с учётом цензуры,1.6115919732441473,0.30603887511438754,0.6939611248856125
B→A,с учётом цензуры,1.622056856187291,0.3112786325652208,0.6887213674347792
B→A,с учётом цензуры,1.6325217391304347,0.3165183900160541,0.6834816099839459
B→A,с учётом цензуры,1.6429866220735787,0.3217581474668875,0.6782418525331124
B→A,с учётом цензуры,1.6534515050167224,0.3269979049177208,0.6730020950822793
B→A,с учётом цензуры,1.6639163879598662,0.33223766236855407,0.6677623376314459
B→A,с учётом цензуры,1.6743812709030101,0.33747741981938745,0.6625225801806125
B→A,с учётом цензуры,1.6848461538461539,0.3427171772702207,0.6572828227297793
B→A,с учётом цензуры,1.6953110367892976,0.34795693472105405,0.652043065278946
B→A,с учётом цензуры,1.7057759197324416,0.3531966921718874,0.6468033078281126
B→A,с учётом цензуры,1.7162408026755853,0.3584364496227207,0.6415635503772793
B→A,с учётом цензуры,1.726705685618729,0.36367620707355397,0.636323792926446
B→A,с учётом цензуры,1.737170568561873,0.3689159645243874,0.6310840354756126
B→A,с учётом цензуры,1.7476354515050168,0.3741557219752207,0.6258442780247793
B→A,с учётом цензуры,1.7581003344481605,0.37939547942605395,0.6206045205739461
B→A,с учётом цензуры,1.7685652173913045,0.38463523687688733,0.6153647631231127
B→A,с учётом цензуры,1.7790301003344482,0.3898749943277206,0.6101250056722793
B→A,с учётом цензуры,1.789494983277592,0.39511475177855393,0.6048852482214461
B→A,с учётом цензуры,1.799959866220736,0.4003545092293873,0.5996454907706127
B→A,с учётом цензуры,1.8104247491638796,0.4055942666802206,0.5944057333197794
B→A,с учётом цензуры,1.8208896321070234,0.41083402413105385,0.5891659758689461
B→A,с учётом цензуры,1.8313545150501673,0.41607378158188724,0.5839262184181128
B→A,с учётом цензуры,1.841819397993311,0.42131353903272056,0.5786864609672795
B→A,с учётом цензуры,1.8522842809364548,0.42655329648355383,0.5734467035164461
B→A,с учётом цензуры,1.8627491638795988,0.4317930539343872,0.5682069460656127
B→A,с учётом цензуры,1.8732140468227425,0.4370328113852205,0.5629671886147796
B→A,с учётом цензуры,1.8836789297658862,0.44227256883605376,0.5577274311639462
B→A,с учётом цензуры,1.8941438127090302,0.4475123262868872,0.5524876737131128
B→A,с учётом цензуры,1.904608695652174,0.45275208373772047,0.5472479162622795
B→A,с учётом цензуры,1.9150735785953177,0.45799184118855374,0.5420081588114463
B→A,с учётом цензуры,1.9255384615384616,0.4632315986393871,0.5367684013606129
B→A,с учётом цензуры,1.9360033444816054,0.4684713560902204,0.5315286439097796
B→A,с учётом цензуры,1.9464682274247491,0.4737111135410537,0.5262888864589463
B→A,с учётом цензуры,1.956933110367893,0.4789508709918871,0.521049129008113
B→A,с учётом цензуры,1.9673979933110368,0.48419062844272037,0.5158093715572796
B→A,с учётом цензуры,1.9778628762541806,0.48943038589355364,0.5105696141064464
B→A,с учётом цензуры,1.9883277591973245,0.4946701433443871,0.5053298566556129
B→A,с учётом цензуры,1.9987926421404683,0.49990990079522035,0.5000900992047796
B→A,с учётом цензуры,2.009257525083612,0.5051496582460536,0.4948503417539464
B→A,с учётом цензуры,2.0197224080267557,0.5103894156968869,0.4896105843031131
B→A,с учётом цензуры,2.0301872909699,0.5156291731477204,0.4843708268522796
B→A,с учётом цензуры,2.0406521739130437,0.5208689305985537,0.47913106940144634
B→A,с учётом цензуры,2.0511170568561874,0.5261086880493869,0.47389131195061307
B→A,с учётом цензуры,2.061581939799331,0.5313484455002203,0.4686515544997797
B→A,с учётом цензуры,2.072046822742475,0.5365882029510536,0.4634117970489464
B→A,с учётом цензуры,2.0825117056856186,0.5418279604018869,0.45817203959811315
B→A,с учётом цензуры,2.092976588628763,0.5470677178527203,0.45293228214727965
B→A,с учётом цензуры,2.1034414715719065,0.5523074753035536,0.4476925246964464
B→A,с учётом цензуры,2.1139063545150503,0.5575472327543869,0.4424527672456131
B→A,с учётом цензуры,2.124371237458194,0.5627869902052202,0.43721300979477984
B→A,с учётом цензуры,2.1348361204013377,0.5680267476560534,0.43197325234394657
B→A,с учётом цензуры,2.1453010033444815,0.5732665051068867,0.4267334948931133
B→A,с учётом цензуры,2.1557658862876257,0.5785062625577202,0.4214937374422798
B→A,с учётом цензуры,2.1662307692307694,0.5837460200085536,0.4162539799914464
B→A,с учётом цензуры,2.176695652173913,0.5889857774593869,0.41101422254061315
B→A,с учётом цензуры,2.187160535117057,0.5942255349102201,0.4057744650897799
B→A,с учётом цензуры,2.1976254180602006,0.5994652923610534,0.4005347076389466
B→A,с учётом цензуры,2.2080903010033444,0.6047050498118867,0.39529495018811334
B→A,с учётом цензуры,2.2185551839464885,0.6099448072627202,0.39005519273727984
B→A,с учётом цензуры,2.2290200668896323,0.6151845647135534,0.38481543528644657
B→A,с учётом цензуры,2.239484949832776,0.6204243221643867,0.3795756778356133
B→A,с учётом цензуры,2.2499498327759198,0.62566407961522,0.37433592038478003
B→A,с учётом цензуры,2.2604147157190635,0.6309038370660534,0.36909616293394665
B→A,с учётом цензуры,2.2708795986622072,0.6361435945168866,0.3638564054831134
B→A,с учётом цензуры,2.2813444816053514,0.6413833519677201,0.3586166480322799
B→A,с учётом цензуры,2.291809364548495,0.6466231094185534,0.3533768905814466
B→A,с учётом цензуры,2.302274247491639,0.6518628668693867,0.34813713313061334
B→A,с учётом цензуры,2.3127391304347826,0.6571026243202199,0.34289737567978007
B→A,с учётом цензуры,2.3232040133779264,0.6623423817710532,0.3376576182289468
B→A,с учётом цензуры,2.33366889632107,0.6675821392218865,0.3324178607781135
B→A,с учётом цензуры,2.3441337792642143,0.67282189667272,0.32717810332728003
B→A,с учётом цензуры,2.354598662207358,0.6780616541235532,0.32193834587644676
B→A,с учётом цензуры,2.3650635451505018,0.6833014115743866,0.3166985884256134
B→A,с учётом цензуры,2.3755284280936455,0.6885411690252199,0.3114588309747801
B→A,с учётом цензуры,2.3859933110367892,0.6937809264760532,0.30621907352394684
B→A,с учётом цензуры,2.396458193979933,0.6990206839268864,0.30097931607311357
B→A,с учётом цензуры,2.406923076923077,0.7042604413777199,0.2957395586222801
B→A,с учётом цензуры,2.417387959866221,0.7095001988285532,0.2904998011714468
B→A,с учётом цензуры,2.4278528428093646,0.7147399562793865,0.28526004372061353
B→A,с учётом цензуры,2.4383177257525084,0.7199797137302197,0.28002028626978026
B→A,с учётом цензуры,2.448782608695652,0.725219471181053,0.274780528818947
B→A,с учётом цензуры,2.459247491638796,0.7304592286318864,0.2695407713681136
B→A,с учётом цензуры,2.46971237458194,0.7356989860827199,0.2643010139172801
B→A,с учётом цензуры,2.480177257525084,0.7409387435335532,0.25906125646644684
B→A,с учётом цензуры,2.4906421404682275,0.7461785009843864,0.25382149901561357
B→A,с учётом цензуры,2.5011070234113713,0.7514182584352197,0.2485817415647803
B→A,с учётом цензуры,2.511571906354515,0.756658015886053,0.24334198411394703
B→A,с учётом цензуры,2.5220367892976587,0.7618977733368862,0.23810222666311376
B→A,с учётом цензуры,2.532501672240803,0.7671375307877197,0.23286246921228027
B→A,с учётом цензуры,2.5429665551839467,0.772377288238553,0.227622711761447
B→A,с учётом цензуры,2.5534314381270904,0.7776170456893863,0.22238295431061372
B→A,с учётом цензуры,2.563896321070234,0.7828568031402197,0.21714319685978034
B→A,с учётом цензуры,2.574361204013378,0.7880965605910529,0.21190343940894707
B→A,с учётом цензуры,2.5848260869565216,0.7933363180418862,0.2066636819581138
B→A,с учётом цензуры,2.595290969899666,0.7985760754927197,0.2014239245072803
B→A,с учётом цензуры,2.6057558528428095,0.803815832943553,0.19618416705644703
B→A,с учётом цензуры,2.6162207357859533,0.8090555903943862,0.19094440960561376
B→A,с учётом цензуры,2.626685618729097,0.8142953478452195,0.1857046521547805
B→A,с учётом цензуры,2.6371505016722407,0.8195351052960528,0.18046489470394722
B→A,с учётом цензуры,2.6476153846153845,0.824774862746886,0.17522513725311395
B→A,с учётом цензуры,2.6580802675585287,0.8300146201977197,0.16998537980228035
B→A,с учётом цензуры,2.6685451505016724,0.8352543776485529,0.16474562235144707
B→A,с учётом цензуры,2.679010033444816,0.8404941350993862,0.1595058649006138
B→A,с учётом цензуры,2.68947491638796,0.8457338925502195,0.15426610744978053
B→A,с учётом цензуры,2.6999397993311036,0.8509736500010527,0.14902634999894726
B→A,с учётом цензуры,2.710404682274248,0.8562134074518862,0.14378659254811377
B→A,с учётом цензуры,2.7208695652173915,0.8614531649027195,0.1385468350972805
B→A,с учётом цензуры,2.7313344481605353,0.8666929223535528,0.13330707764644723
B→A,с учётом цензуры,2.741799331103679,0.871932679804386,0.12806732019561395
B→A,с учётом цензуры,2.7522642140468228,0.8771724372552193,0.12282756274478068
B→A,с учётом цензуры,2.7627290969899665,0.8824121947060527,0.1175878052939473
B→A,с учётом цензуры,2.7731939799331107,0.8876519521568862,0.11234804784311381
B→A,с учётом цензуры,2.7836588628762544,0.8928917096077195,0.10710829039228054
B→A,с учётом цензуры,2.794123745819398,0.8981314670585527,0.10186853294144727
B→A,с учётом цензуры,2.804588628762542,0.903371224509386,0.096628775490614
B→A,с учётом цензуры,2.8150535117056856,0.9086109819602193,0.09138901803978072
B→A,с учётом цензуры,2.8255183946488294,0.9138507394110525,0.08614926058894745
B→A,с учётом цензуры,2.8359832775919736,0.919090496861886,0.08090950313811396
B→A,с учётом цензуры,2.8464481605351173,0.9243302543127193,0.07566974568728069
B→A,с учётом цензуры,2.856913043478261,0.9295700117635526,0.07042998823644742
B→A,с учётом цензуры,2.8673779264214048,0.934809769214386,0.06519023078561403
B→A,с учётом цензуры,2.8778428093645485,0.9400495266652192,0.05995047333478076
B→A,с учётом цензуры,2.8883076923076922,0.9452892841160525,0.05471071588394749
B→A,с учётом цензуры,2.8987725752508364,0.950529041566886,0.049470958433114
B→A,с учётом цензуры,2.90923745819398,0.9557687990177193,0.04423120098228073
B→A,с учётом цензуры,2.919702341137124,0.9610085564685525,0.038991443531447456
B→A,с учётом цензуры,2.9301672240802676,0.9662483139193858,0.033751686080614185
B→A,с учётом цензуры,2.9406321070234114,0.9714880713702191,0.028511928629780914
B→A,с учётом цензуры,2.951096989966555,0.9767278288210524,0.023272171178947643
B→A,с учётом цензуры,2.9615618729096993,0.981967586271886,0.01803241372811404
B→A,с учётом цензуры,2.972026755852843,0.9872073437227192,0.012792656277280767
B→A,с учётом цензуры,2.9824916387959868,0.9924471011735525,0.007552898826447496
B→A,с учётом цензуры,2.9929565217391305,0.9976868586243858,0.002313141375614225
B→A,с учётом цензуры,3.0034214046822743,1.0,0.0
B→A,с учётом цензуры,3.013886287625418,1.0,0.0
B→A,с учётом цензуры,3.024351170568562,1.0,0.0
B→A,с учётом цензуры,3.034816053511706,1.0,0.0
B→A,с учётом цензуры,3.0452809364548497,1.0,0.0
B→A,с учётом цензуры,3.0557458193979934,1.0,0.0
B→A,с учётом цензуры,3.066210702341137,1.0,0.0
B→A,с учётом цензуры,3.076675585284281,1.0,0.0
B→A,с учётом цензуры,3.087140468227425,1.0,0.0
B→A,с учётом цензуры,3.097605351170569,1.0,0.0
B→A,с учётом цензуры,3.1080702341137125,1.0,0.0
B→A,с учётом цензуры,3.1185351170568563,1.0,0.0
B→A,с учётом цензуры,3.129,1.0,0.0
B→C,истина,0.0,0.0,1.0
B→C,истина,0.03503996717199922,0.00026863218894158936,0.9997313678110584
B→C,истина,0.07007993434399844,0.0010579726303411156,0.9989420273696589
B→C,истина,0.10511990151599765,0.0023438325909175,0.9976561674090825
B→C,истина,0.14015986868799687,0.004102862740131669,0.9958971372598683
B→C,истина,0.1751998358599961,0.0063125272831686995,0.9936874727168313
B→C,истина,0.2102398030319953,0.008951078840923093,0.991048921159077
B→C,истина,0.24527977020399452,0.011997534056281735,0.9880024659437182
B→C,истина,0.28031973737599375,0.01543164990655702,0.984568350093443
B→C,истина,0.31535970454799295,0.019233900702465948,0.980766099297534
B→C,истина,0.3503996717199922,0.023385455754579294,0.9766145442454207
B→C,истина,0.3854396388919914,0.027868157688680867,0.9721318423113191
B→C,истина,0.4204796060639906,0.032664501391976825,0.9673354986080231
B→C,истина,0.45551957323598985,0.03775761357258418,0.9622423864274158
B→C,истина,0.49055954040798905,0.043131232915201954,0.9568687670847981
B→C,истина,0.5255995075799883,0.048769690816331646,0.9512303091836684
B→C,истина,0.5606394747519875,0.05465789268286292,0.9453421073171371
B→C,истина,0.5956794419239867,0.060781299778280236,0.9392187002217197
B→C,истина,0.6307194090959859,0.06712591160117147,0.9328740883988286
B→C,истина,0.6657593762679852,0.07367824878113627,0.9263217512188637
B→C,истина,0.7007993434399844,0.0804253364775946,0.9195746635224054
B→C,истина,0.7358393106119836,0.08735468826739229,0.9126453117326077
B→C,истина,0.7708792777839828,0.09445429050748036,0.9055457094925197
B→C,истина,0.805919244955982,0.10171258715932079,0.8982874128406793
B→C,истина,0.8409592121279812,0.10911846506203303,0.890881534937967
B→C,истина,0.8759991792999805,0.11666123964164918,0.8833387603583508
B→C,истина,0.9110391464719797,0.12433064104419017,0.8756693589558098
B→C,истина,0.9460791136439789,0.13211680068061066,0.8678831993193894
B→C,истина,0.9811190808159781,0.14001023817198482,0.8599897618280152
B→C,истина,1.0161590479879774,0.14800184868362437,0.8519981513163757
B→C,истина,1.0511990151599766,0.15608289063712785,0.8439171093628721
B→C,истина,1.0862389823319758,0.16424497378966163,0.8357550262103384
B→C,истина,1.121278949503975,0.17248004767006417,0.8275199523299358
B→C,истина,1.1563189166759742,0.18078039036165336,0.8192196096383466
B→C,истина,1.1913588838479734,0.18913859762188825,0.8108614023781118
B→C,истина,1.2263988510199726,0.19754757232931325,0.8024524276706868
B→C,истина,1.2614388181919718,0.20600051424846913,0.7939994857515309
B→C,истина,1.296478785363971,0.21449091010371538,0.7855090898962847
B→C,истина,1.3315187525359704,0.22301252395315477,0.7769874760468453
B→C,истина,1.3665587197079696,0.2315593878540917,0.7684406121459083
B→C,истина,1.4015986868799688,0.24012579281169838,0.7598742071883016
B→C,истина,1.436638654051968,0.2487062800027808,0.7512937199972192
B→C,истина,1.4716786212239672,0.25729563226677193,0.7427043677332281
B→C,истина,1.5067185883959664,0.26588886585628635,0.7341111341437137
B→C,истина,1.5417585555679656,0.27448122243978995,0.7255187775602101
B→C,истина,1.5767985227399648,0.2830681613491373,0.7169318386508627
B→C,истина,1.611838489911964,0.2916453520649339,0.7083546479350661
B→C,истина,1.6468784570839632,0.3002086669328752,0.6997913330671248
B→C,истина,1.6819184242559624,0.30875417410439937,0.6912458258956007
B→C,истина,1.7169583914279618,0.31727813069518085,0.6827218693048192
B→C,истина,1.751998358599961,0.3257769761551676,0.6742230238448323
B→C,истина,1.7870383257719602,0.33424732584404065,0.6657526741559594
B→C,истина,1.8220782929439594,0.3426859648061446,0.6573140351938553
B→C,истина,1.8571182601159586,0.3510898417391022,0.6489101582608978
B→C,истина,1.8921582272879578,0.35945606315048834,0.6405439368495116
B→C,истина,1.927198194459957,0.3677818876970939,0.632218112302906
B→C,истина,1.9622381616319562,0.3760647207014649,0.6239352792985351
B→C,истина,1.9972781288039554,0.3843021088405436,0.6156978911594564
B→C,истина,2.032318095975955,0.39249173500139456,0.6075082649986054
B→C,истина,2.067358063147954,0.4006314132991246,0.5993685867008753
B→C,истина,2.102398030319953,0.4087190842522538,0.5912809157477462
B→C,истина,2.1374379974919524,0.41675281011092025,0.5832471898890798
B→C,истина,2.1724779646639516,0.42473077033343504,0.5752692296665649
B→C,истина,2.207517931835951,0.4326512572068253,0.5673487427931747
B→C,истина,2.24255789900795,0.4405126716071297,0.5594873283928703
B→C,истина,2.277597866179949,0.4483135188953258,0.5516864811046742
B→C,истина,2.3126378333519484,0.45605240494488697,0.543947595055113
B→C,истина,2.3476778005239476,0.4637280322970796,0.5362719677029204
B→C,истина,2.382717767695947,0.471339196440217,0.5286608035597831
B→C,истина,2.417757734867946,0.4788847822091977,0.5211152177908023
B→C,истина,2.452797702039945,0.48636376030175543,0.5136362396982446
B→C,истина,2.4878376692119444,0.4937751839079535,0.5062248160920465
B→C,истина,2.5228776363839436,0.5011181854495467,0.49888181455045333
B→C,истина,2.5579176035559428,0.5083919734259391,0.4916080265740609
B→C,истина,2.592957570727942,0.5155958293635502,0.4844041706364498
B→C,истина,2.6279975378999416,0.5227291048654971,0.47727089513450294
B→C,истина,2.663037505071941,0.5297912187585847,0.4702087812414153
B→C,истина,2.69807747224394,0.5367816543346893,0.4632183456653107
B→C,истина,2.733117439415939,0.5436999566836864,0.4563000433163136
B→C,истина,2.7681574065879384,0.5505457301151788,0.4494542698848212
B→C,истина,2.8031973737599376,0.5573186356663362,0.4426813643336638
B→C,истина,2.838237340931937,0.5640183886932497,0.4359816113067503
B→C,истина,2.873277308103936,0.5706447565432725,0.4293552434567275
B→C,истина,2.908317275275935,0.5771975563058879,0.42280244369411213
B→C,истина,2.9433572424479344,0.583676652639723,0.416323347360277
B→C,истина,2.9783972096199336,0.590081955673391,0.40991804432660905
B→C,истина,3.013437176791933,0.5964134189779065,0.40358658102209355
B→C,истина,3.048477143963932,0.6026710376084932,0.3973289623915069
B→C,истина,3.083517111135931,0.6088548462136569,0.39114515378634307
B→C,истина,3.1185570783079304,0.6149649172094651,0.38503508279053494
B→C,истина,3.1535970454799296,0.6210013590170245,0.37899864098297553
B→C,истина,3.188637012651929,0.6269643143612178,0.37303568563878226
B→C,истина,3.223676979823928,0.6328539586288067,0.3671460413711933
B→C,истина,3.258716946995927,0.6386704982840652,0.3613295017159348
B→C,истина,3.2937569141679264,0.6444141693401679,0.355585830659832
B→C,истина,3.3287968813399256,0.6500852358845967,0.34991476411540334
B→C,истина,3.3638368485119248,0.6556839886568891,0.34431601134311085
B→C,истина,3.3988768156839244,0.6612107436770998,0.3387892563229002
B→C,истина,3.4339167828559236,0.6666658409233852,0.3333341590766148
B→C,истина,3.468956750027923,0.672049643057182,0.32795035694281804
B→C,истина,3.503996717199922,0.6773625341944787,0.3226374658055213
B→C,истина,3.539036684371921,0.6826049187217392,0.31739508127826077
B→C,истина,3.5740766515439204,0.6877772201550632,0.3122227798449369
B→C,истина,3.6091166187159196,0.6928798800412264,0.3071201199587737
B→C,истина,3.644156585887919,0.6979133568992686,0.30208664310073136
B→C,истина,3.679196553059918,0.7028781252013453,0.2971218747986547
B→C,истина,3.714236520231917,0.7077746743915945,0.2922253256084055
B→C,истина,3.7492764874039164,0.7126035079418058,0.28739649205819423
B→C,истина,3.7843164545759156,0.7173651424427152,0.28263485755728474
B→C,истина,3.819356421747915,0.722060106729785,0.27793989327021495
B→C,истина,3.854396388919914,0.7266889410423585,0.27331105895764146
B→C,истина,3.889436356091913,0.7312521962151176,0.2687478037848824
B→C,истина,3.9244763232639124,0.7357504329007971,0.26424956709920294
B→C,истина,3.9595162904359116,0.740184220823144,0.25981577917685605
B→C,истина,3.9945562576079108,0.7445541380591407,0.2554458619408592
B→C,истина,4.02959622477991,0.7488607703495391,0.2511392296504609
B→C,истина,4.06463619195191,0.7531047104367764,0.24689528956322362
B→C,истина,4.099676159123908,0.7572865574293831,0.2427134425706169
B→C,истина,4.134716126295908,0.7614069161920083,0.2385930838079917
B→C,истина,4.169756093467907,0.7654663967602159,0.23453360323978412
B→C,истина,4.204796060639906,0.7694656137792404,0.23053438622075956
B→C,истина,4.239836027811905,0.7734051859659,0.2265948140341
B→C,истина,4.274875994983905,0.7772857355929015,0.22271426440709852
B→C,истина,4.309915962155904,0.7811078879947889,0.2188921120052111
B→C,истина,4.344955929327903,0.7848722710948106,0.2151277289051894
B→C,истина,4.379995896499902,0.7885795149520022,0.21142048504799782
B→C,истина,4.415035863671902,0.7922302513278058,0.20776974867219422
B→C,истина,4.4500758308439,0.7958251132715614,0.20417488672843864
B→C,истина,4.4851157980159,0.7993647347242344,0.20063526527576556
B→C,истина,4.5201557651879,0.8028497501397543,0.19715024986024562
B→C,истина,4.555195732359898,0.8062807941233638,0.1937192058766361
B→C,истина,4.590235699531898,0.8096585010863968,0.1903414989136032
B→C,истина,4.625275666703897,0.8129835049169151,0.1870164950830849
B→C,истина,4.660315633875896,0.8162564386656601,0.18374356133433994
B→C,истина,4.695355601047895,0.8194779342467843,0.18052206575321575
B→C,истина,4.730395568219895,0.82264862215285,0.1773513778471501
B→C,истина,4.765435535391894,0.8257691311835935,0.1742308688164065
B→C,истина,4.800475502563893,0.8288400881879747,0.17115991181202522
B→C,истина,4.835515469735892,0.8318621178190382,0.16813788218096182
B→C,истина,4.870555436907892,0.8348358423011364,0.16516415769886358
B→C,истина,4.90559540407989,0.8377618812090719,0.16223811879092812
B→C,истина,4.94063537125189,0.8406408512587338,0.15935914874126617
B→C,истина,4.975675338423889,0.8434733661088144,0.15652663389118562
B→C,истина,5.010715305595888,0.8462600361732063,0.15373996382679364
B→C,истина,5.045755272767887,0.8490014684436932,0.15099853155630683
B→C,истина,5.080795239939887,0.8516982663225574,0.14830173367744254
B→C,истина,5.1158352071118856,0.8543510294647426,0.1456489705352574
B→C,истина,5.150875174283885,0.8569603536292187,0.14303964637078131
B→C,истина,5.185915141455884,0.8595268305392072,0.14047316946079283
B→C,истина,5.220955108627884,0.86205104775094,0.13794895224906006
B→C,истина,5.255995075799883,0.8645335885306283,0.1354664114693717
B→C,истина,5.291035042971882,0.8669750317393359,0.13302496826066412
B→C,истина,5.326075010143882,0.8693759517254551,0.13062404827454493
B→C,истина,5.36111497731588,0.8717369182244961,0.128263081775504
B→C,истина,5.39615494448788,0.8740584962659108,0.1259415037340892
B→C,истина,5.431194911659879,0.8763412460866776,0.12365875391332233
B→C,истина,5.466234878831878,0.8785857230513863,0.12141427694861368
B→C,истина,5.501274846003877,0.880792477578567,0.11920752242143291
B→C,истина,5.536314813175877,0.8829620550730204,0.11703794492697957
B→C,истина,5.571354780347876,0.8850949958639082,0.11490500413609187
B→C,истина,5.606394747519875,0.8871918351483761,0.11280816485162387
B→C,истина,5.641434714691874,0.8892531029404861,0.11074689705951386
B→C,истина,5.676474681863874,0.8912793240252427,0.1087206759747573
B→C,истина,5.711514649035872,0.893271017917505,0.106728982082495
B→C,истина,5.746554616207872,0.8952286988255846,0.10477130117441533
B→C,истина,5.781594583379871,0.8971528756193338,0.10284712438066627
B→C,истина,5.81663455055187,0.8990440518025355,0.10095594819746442
B→C,истина,5.851674517723869,0.9009027254894164,0.0990972745105836
B→C,истина,5.886714484895869,0.9027293893851024,0.09727061061489763
B→C,истина,5.9217544520678675,0.9045245307698523,0.09547546923014767
B→C,истина,5.956794419239867,0.9062886314869025,0.09371136851309747
B→C,истина,5.991834386411867,0.9080221679337643,0.0919778320662357
B→C,истина,6.026874353583866,0.9097256110568226,0.09027438894317745
B→C,истина,6.061914320755865,0.9113994263490868,0.0886005736509132
B→C,истина,6.096954287927864,0.9130440738509518,0.08695592614904829
B→C,истина,6.131994255099864,0.9146600081538305,0.08533999184616943
B→C,истина,6.167034222271862,0.9162476784065271,0.08375232159347291
B→C,истина,6.202074189443862,0.9178075283242183,0.08219247167578171
B→C,истина,6.237114156615861,0.9193399961999239,0.08066000380007614
B→C,истина,6.27215412378786,0.9208455149183431,0.07915448508165694
B→C,истина,6.307194090959859,0.9223245119719425,0.07767548802805749
B→C,истина,6.342234058131859,0.9237774094791853,0.07622259052081469
B→C,истина,6.377274025303858,0.9252046242047921,0.07479537579520791
B→C,истина,6.412313992475857,0.926606567581932,0.07339343241806791
B→C,истина,6.447353959647856,0.927983645736243,0.07201635426375697
B→C,истина,6.482393926819856,0.9293362595115848,0.07066374048841523
B→C,истина,6.517433893991854,0.9306648044974326,0.06933519550256736
B→C,истина,6.552473861163854,0.9319696710578219,0.06803032894217806
B→C,истина,6.587513828335853,0.9332512443617568,0.06674875563824319
B→C,истина,6.622553795507852,0.9345099044150008,0.06549009558499923
B→C,истина,6.657593762679851,0.9357460260931685,0.06425397390683155
B→C,истина,6.692633729851851,0.9369599791760423,0.06304002082395768
B→C,истина,6.7276736970238495,0.9381521283830392,0.06184787161696087
B→C,истина,6.762713664195849,0.9393228334097555,0.06067716659024447
B→C,истина,6.797753631367849,0.9404724489655238,0.05952755103447614
B→C,истина,6.832793598539848,0.9416013248119115,0.05839867518808847
B→C,истина,6.867833565711847,0.9427098058021015,0.05729019419789854
B→C,истина,6.902873532883846,0.9437982319210909,0.0562017680789091
B→C,истина,6.937913500055846,0.9448669383266515,0.05513306167334847
B→C,истина,6.972953467227844,0.9459162553909927,0.05408374460900733
B→C,истина,7.007993434399844,0.9469465087430744,0.0530534912569256
B→C,истина,7.043033401571843,0.9479580193115176,0.05204198068848239
B→C,истина,7.078073368743842,0.9489511033680619,0.0510488966319381
B→C,истина,7.113113335915841,0.9499260725715215,0.05007392742847853
B→C,истина,7.148153303087841,0.9508832340121949,0.04911676598780508
B→C,истина,7.18319327025984,0.9518228902566825,0.048177109743317424
B→C,истина,7.218233237431839,0.9527453393930704,0.04725466060692965
B→C,истина,7.253273204603838,0.9536508750764384,0.04634912492356161
B→C,истина,7.288313171775838,0.954539786574656,0.045460213425344016
B→C,истина,7.323353138947836,0.9554123588144248,0.04458764118557524
B→C,истина,7.358393106119836,0.956268872427535,0.043731127572465035
B→C,истина,7.393433073291835,0.9571096037972996,0.04289039620270043
B→C,истина,7.428473040463834,0.9579348251051341,0.04206517489486591
B→C,истина,7.463513007635833,0.9587448043772503,0.04125519562274972
B→C,истина,7.498552974807833,0.9595398055314337,0.04046019446856636
B→C,истина,7.533592941979832,0.9603200884238758,0.03967991157612412
B→C,истина,7.568632909151831,0.9610859088960354,0.03891409110396462
B→C,истина,7.603672876323831,0.9618375188214986,0.03816248117850145
B→C,истина,7.63871284349583,0.9625751661528177,0.03742483384718232
B→C,истина,7.673752810667829,0.9632990949683014,0.03670090503169867
B→C,истина,7.708792777839828,0.9640095455187342,0.03599045448126581
B→C,истина,7.743832745011828,0.9647067542740051,0.03529324572599495
B→C,истина,7.778872712183826,0.9653909539696219,0.03460904603037812
B→C,истина,7.813912679355826,0.9660623736530948,0.03393762634690522
B→C,истина,7.848952646527825,0.9667212387301676,0.033278761269832376
B→C,истина,7.883992613699824,0.9673677710108812,0.032632228989118724
B→C,истина,7.919032580871823,0.9680021887554506,0.03199781124454931
B→C,истина,7.954072548043823,0.9686247067199408,0.03137529328005917
B→C,истина,7.9891125152158216,0.9692355362017255,0.03076446379827446
B→C,истина,8.024152482387821,0.9698348850847154,0.030165114915284594
B→C,истина,8.05919244955982,0.9704229578843407,0.029577042115659223
B→C,истина,8.094232416731819,0.9709999557922776,0.02900004420772237
B→C,истина,8.12927238390382,0.9715660767209036,0.028433923279096468
B→C,истина,8.164312351075818,0.9721215153474727,0.027878484652527305
B→C,истина,8.199352318247817,0.9726664631579994,0.02733353684200055
B→C,истина,8.234392285419817,0.97320110849084,0.026798891509160063
B→C,истина,8.269432252591816,0.9737256365799623,0.026274363420037767
B→C,истина,8.304472219763815,0.9742402295978969,0.02575977040210312
B→C,истина,8.339512186935814,0.9747450666983587,0.025254933301641337
B→C,истина,8.374552154107814,0.9752403240585323,0.024759675941467617
B→C,истина,8.409592121279813,0.9757261749210152,0.024273825078984738
B→C,истина,8.444632088451812,0.9762027896354094,0.02379721036459058
B→C,истина,8.47967205562381,0.9766703356995582,0.023329664300441862
B→C,истина,8.51471202279581,0.97712897780042,0.022871022199579996
B→C,истина,8.54975198996781,0.9775788778545762,0.02242112214542384
B→C,истина,8.584791957139808,0.9780201950483652,0.021979804951634742
B→C,истина,8.619831924311807,0.9784530858776421,0.021546914122357912
B→C,истина,8.654871891483808,0.9788777041871558,0.021122295812844236
B→C,истина,8.689911858655806,0.9792942012095436,0.020705798790456413
B→C,истина,8.724951825827805,0.979702725603938,0.020297274396061993
B→C,истина,8.759991792999804,0.9801034234941829,0.019896576505817106
B→C,истина,8.795031760171804,0.9804964385066572,0.019503561493342782
B→C,истина,8.830071727343803,0.9808819118077037,0.019118088192296302
B→C,истина,8.865111694515802,0.9812599821406603,0.018740017859339642
B→C,истина,8.9001516616878,0.9816307858624936,0.01836921413750634
B→C,истина,8.935191628859801,0.9819944569800316,0.018005543019968415
B→C,истина,8.9702315960318,0.9823511271857958,0.017648872814204263
B→C,истина,9.005271563203799,0.9827009258934318,0.017299074106568217
B→C,истина,9.0403115303758,0.9830439802727374,0.016956019727262548
B→C,истина,9.075351497547798,0.9833804152842879,0.016619584715712173
B→C,истина,9.110391464719797,0.9837103537136581,0.01628964628634185
B→C,истина,9.145431431891796,0.9840339162052438,0.015966083794756225
B→C,истина,9.180471399063796,0.9843512212956781,0.015648778704321898
B→C,истина,9.215511366235795,0.9846623854468486,0.015337614553151399
B→C,истина,9.250551333407794,0.9849675230785121,0.01503247692148788
B→C,истина,9.285591300579792,0.98526674660051,0.014733253399490082
B→C,истина,9.320631267751793,0.9855601664445839,0.014439833555416075
B→C,истина,9.355671234923792,0.9858478910957952,0.014152108904204862
B→C,истина,9.39071120209579,0.9861300271235458,0.013869972876454185
B→C,истина,9.425751169267789,0.9864066792122069,0.013593320787793106
B→C,истина,9.46079113643979,0.9866779501913523,0.013322049808647674
B→C,истина,9.495831103611788,0.9869439410656021,0.013056058934397891
B→C,истина,9.530871070783787,0.9872047510440762,0.012795248955923797
B→C,истина,9.565911037955786,0.9874604775694611,0.012539522430538939
B→C,истина,9.600951005127786,0.9877112163466911,0.012288783653308849
B→C,истина,9.635990972299785,0.9879570613712477,0.012042938628752256
B→C,истина,9.671030939471784,0.9881981049570773,0.011801895042922683
B→C,истина,9.706070906643783,0.9884344377641321,0.011565562235867945
B→C,истина,9.741110873815783,0.988666148825535,0.011333851174464966
B→C,истина,9.776150840987782,0.9888933255743727,0.011106674425627346
B→C,истина,9.81119080815978,0.9891160538701173,0.010883946129882728
B→C,истина,9.846230775331781,0.9893344180246825,0.010665581975317476
B→C,истина,9.88127074250378,0.9895485008281144,0.010451499171885597
B→C,истина,9.916310709675779,0.9897583835739211,0.010241616426078907
B→C,истина,9.951350676847778,0.9899641460840443,0.010035853915955715
B→C,истина,9.986390644019778,0.9901658667334753,0.009834133266524686
B→C,истина,10.021430611191777,0.9903636224745189,0.009636377525481092
B→C,истина,10.056470578363776,0.990557488860708,0.009442511139291935
B→C,истина,10.091510545535774,0.9907475400703729,0.009252459929627128
B→C,истина,10.126550512707775,0.9909338489298667,0.00906615107013327
B→C,истина,10.161590479879774,0.9911164869364532,0.008883513063546887
B→C,истина,10.196630447051772,0.9912955242808563,0.008704475719143717
B→C,истина,10.231670414223771,0.9914710298694791,0.008528970130520862
B→C,истина,10.266710381395772,0.9916430713462916,0.008356928653708356
B→C,истина,10.30175034856777,0.9918117151143931,0.008188284885606892
B→C,истина,10.33679031573977,0.9919770263572519,0.00802297364274809
B→C,истина,10.371830282911768,0.9921390690596258,0.00786093094037423
B→C,истина,10.406870250083768,0.9922979060281663,0.007702093971833732
B→C,истина,10.441910217255767,0.9924535989117108,0.007546401088289155
B→C,истина,10.476950184427766,0.9926062082212659,0.0073937917787341035
B→C,наивная MLE,0.0,0.0,1.0
B→C,наивная MLE,0.03503996717199922,0.0002835071521945587,0.9997164928478054
B→C,наивная MLE,0.07007993434399844,0.0011121094302582464,0.9988878905697417
B→C,наивная MLE,0.10511990151599765,0.002457812583927,0.997542187416073
B→C,наивная MLE,0.14015986868799687,0.004294748178173529,0.9957052518218265
B→C,наивная MLE,0.1751998358599961,0.006598357529495052,0.993401642470505
B→C,наивная MLE,0.2102398030319953,0.009345164513244823,0.9906548354867551
B→C,наивная MLE,0.24527977020399452,0.012512662093842324,0.9874873379061577
B→C,наивная MLE,0.28031973737599375,0.016079240025315106,0.9839207599746849
B→C,наивная MLE,0.31535970454799295,0.020024131726786635,0.9799758682732134
B→C,наивная MLE,0.3503996717199922,0.02432737159779136,0.9756726284022086
B→C,наивная MLE,0.3854396388919914,0.02896975868874005,0.9710302413112599
B→C,наивная MLE,0.4204796060639906,0.033932824587896156,0.9660671754121039
B→C,наивная MLE,0.45551957323598985,0.03919880430649043,0.9608011956935095
B→C,наивная MLE,0.49055954040798905,0.04475060942019312,0.9552493905798068
B→C,наивная MLE,0.5255995075799883,0.050571802990075874,0.9494281970099241
B→C,наивная MLE,0.5606394747519875,0.056646575942081785,0.9433534240579182
B→C,наивная MLE,0.5956794419239867,0.06295972468017301,0.937040275319827
B→C,наивная MLE,0.6307194090959859,0.06949662977003869,0.9305033702299613
B→C,наивная MLE,0.6657593762679852,0.07624323557123196,0.9237567644287681
B→C,наивная MLE,0.7007993434399844,0.08318603072364902,0.916813969276351
B→C,наивная MLE,0.7358393106119836,0.09031202941397075,0.9096879705860292
B→C,наивная MLE,0.7708792777839828,0.0976087533618629,0.9023912466381371
B→C,наивная MLE,0.805919244955982,0.10506421447615667,0.8949357855238433
B→C,наивная MLE,0.8409592121279812,0.11266689813904548,0.8873331018609545
B→C,наивная MLE,0.8759991792999805,0.12040574708230646,0.8795942529176936
B→C,наивная MLE,0.9110391464719797,0.1282701458241894,0.8717298541758106
B→C,наивная MLE,0.9460791136439789,0.13624990563928255,0.8637500943607175
B→C,наивная MLE,0.9811190808159781,0.14433525003659542,0.8556647499634046
B→C,наивная MLE,1.0161590479879774,0.15251680072348958,0.8474831992765104
B→C,наивная MLE,1.0511990151599766,0.16078556403505465,0.8392144359649454
B→C,наивная MLE,1.0862389823319758,0.16913291781016887,0.8308670821898312
B→C,наивная MLE,1.121278949503975,0.17755059869687706,0.8224494013031229
B→C,наивная MLE,1.1563189166759742,0.18603068987090152,0.8139693101290985
B→C,наивная MLE,1.1913588838479734,0.19456560915213375,0.8054343908478663
B→C,наивная MLE,1.2263988510199726,0.2031480975048496,0.7968519024951504
B→C,наивная MLE,1.2614388181919718,0.21177120790818138,0.7882287920918186
B→C,наивная MLE,1.296478785363971,0.22042829458408883,0.7795717054159111
B→C,наивная MLE,1.3315187525359704,0.22911300257069617,0.7708869974293038
B→C,наивная MLE,1.3665587197079696,0.23781925762944198,0.762180742370558
B→C,наивная MLE,1.4015986868799688,0.2465412564749996,0.7534587435250004
B→C,наивная MLE,1.436638654051968,0.25527345731740936,0.7447265426825906
B→C,наивная MLE,1.4716786212239672,0.2640105707063006,0.7359894292936995
B→C,наивная MLE,1.5067185883959664,0.2727475506674851,0.727252449332515
B→C,наивная MLE,1.5417585555679656,0.2814795861225873,0.7185204138774127
B→C,наивная MLE,1.5767985227399648,0.2902020925827275,0.7097979074172724
B→C,наивная MLE,1.611838489911964,0.2989107041076043,0.7010892958923958
B→C,наивная MLE,1.6468784570839632,0.3076012655216378,0.6923987344783622
B→C,наивная MLE,1.6819184242559624,0.31626982487913397,0.683730175120866
B→C,наивная MLE,1.7169583914279618,0.32491262617069866,0.6750873738293013
B→C,наивная MLE,1.751998358599961,0.33352610226340673,0.6664738977365933
B→C,наивная MLE,1.7870383257719602,0.34210686806748103,0.657893131932519
B→C,наивная MLE,1.8220782929439594,0.35065171392247246,0.6493482860775275
B→C,наивная MLE,1.8571182601159586,0.35915759919616785,0.6408424008038321
B→C,наивная MLE,1.8921582272879578,0.36762164608967046,0.6323783539103296
B→C,наивная MLE,1.927198194459957,0.3760411336423095,0.6239588663576905
B→C,наивная MLE,1.9622381616319562,0.38441349193023505,0.6155865080697649
B→C,наивная MLE,1.9972781288039554,0.39273629645275293,0.607263703547247
B→C,наивная MLE,2.032318095975955,0.4010072627006386,0.5989927372993614
B→C,наивная MLE,2.067358063147954,0.40922424090084913,0.5907757590991509
B→C,наивная MLE,2.102398030319953,0.41738521093222763,0.5826147890677724
B→C,наивная MLE,2.1374379974919524,0.42548827740695727,0.5745117225930427
B→C,наивная MLE,2.1724779646639516,0.43353166491268946,0.5664683350873105
B→C,наивная MLE,2.207517931835951,0.4415137134104187,0.5584862865895813
B→C,наивная MLE,2.24255789900795,0.4494328737833359,0.550567126216664
B→C,наивная MLE,2.277597866179949,0.4572877035320268,0.5427122964679731
B→C,наивная MLE,2.3126378333519484,0.4650768626115325,0.5349231373884675
B→C,наивная MLE,2.3476778005239476,0.4727991094059148,0.5272008905940853
B→C,наивная MLE,2.382717767695947,0.4804532968361142,0.5195467031638858
B→C,наивная MLE,2.417757734867946,0.4880383685969946,0.5119616314030053
B→C,наивная MLE,2.452797702039945,0.495553355519616,0.504446644480384
B→C,наивная MLE,2.4878376692119444,0.5029973720548755,0.4970026279451245
B→C,наивная MLE,2.5228776363839436,0.5103696128747844,0.48963038712521556
B→C,наивная MLE,2.5579176035559428,0.5176693495877558,0.4823306504122442
B→C,наивная MLE,2.592957570727942,0.5248959275643852,0.4751040724356148
B→C,наивная MLE,2.6279975378999416,0.5320487628703148,0.4679512371296852
B→C,наивная MLE,2.663037505071941,0.5391273393028713,0.46087266069712873
B→C,наивная MLE,2.69807747224394,0.5461312055282654,0.45386879447173456
B→C,наивная MLE,2.733117439415939,0.5530599723162418,0.4469400276837582
B→C,наивная MLE,2.7681574065879384,0.5599133098691489,0.4400866901308511
B→C,наивная MLE,2.8031973737599376,0.5666909452425051,0.4333090547574949
B→C,наивная MLE,2.838237340931937,0.5733926598542108,0.42660734014578916
B→C,наивная MLE,2.873277308103936,0.5800182870796496,0.41998171292035036
B→C,наивная MLE,2.908317275275935,0.5865677099299919,0.41343229007000815
B→C,наивная MLE,2.9433572424479344,0.593040858811116,0.406959141188884
B→C,наивная MLE,2.9783972096199336,0.5994377093606122,0.40056229063938775
B→C,наивная MLE,3.013437176791933,0.6057582803604316,0.3942417196395685
B→C,наивная MLE,3.048477143963932,0.6120026317228007,0.3879973682771993
B→C,наивная MLE,3.083517111135931,0.6181708625471063,0.38182913745289376
B→C,наивная MLE,3.1185570783079304,0.6242631092455115,0.3757368907544884
B→C,наивная MLE,3.1535970454799296,0.6302795437351316,0.3697204562648683
B→C,наивная MLE,3.188637012651929,0.636220371694672,0.36377962830532795
B→C,наивная MLE,3.223676979823928,0.6420858308834962,0.3579141691165038
B→C,наивная MLE,3.258716946995927,0.6478761895211238,0.35212381047887625
B→C,наивная MLE,3.2937569141679264,0.653591744725261,0.346408255274739
B→C,наивная MLE,3.3287968813399256,0.6592328210064775,0.3407671789935225
B→C,наивная MLE,3.3638368485119248,0.6647997688177514,0.3352002311822487
B→C,наивная MLE,3.3988768156839244,0.6702929631570996,0.32970703684290037
B→C,наивная MLE,3.4339167828559236,0.6757128022216162,0.3242871977783838
B→C,наивная MLE,3.468956750027923,0.6810597061112569,0.3189402938887431
B→C,наивная MLE,3.503996717199922,0.6863341155807711,0.31366588441922894
B→C,наивная MLE,3.539036684371921,0.6915364908382371,0.3084635091617629
B→C,наивная MLE,3.5740766515439204,0.6966673103886866,0.30333268961131343
B→C,наивная MLE,3.6091166187159196,0.7017270699213638,0.2982729300786362
B→C,наивная MLE,3.644156585887919,0.7067162812392003,0.29328371876079967
B→C,наивная MLE,3.679196553059918,0.7116354712291381,0.28836452877086194
B→C,наивная MLE,3.714236520231917,0.7164851808719579,0.2835148191280421
B→C,наивная MLE,3.7492764874039164,0.7212659642903381,0.27873403570966193
B→C,наивная MLE,3.7843164545759156,0.725978387833873,0.2740216121661269
B→C,наивная MLE,3.819356421747915,0.7306230291998537,0.2693769708001464
B→C,наивная MLE,3.854396388919914,0.7352004765886211,0.26479952341137897
B→C,наивная MLE,3.889436356091913,0.7397113278923557,0.2602886721076443
B→C,наивная MLE,3.9244763232639124,0.7441561899161979,0.2558438100838021
B→C,наивная MLE,3.9595162904359116,0.7485356776306183,0.25146432236938165
B→C,наивная MLE,3.9945562576079108,0.7528504134540086,0.24714958654599137
B→C,наивная MLE,4.02959622477991,0.7571010265644724,0.24289897343552763
B→C,наивная MLE,4.06463619195191,0.7612881522398509,0.2387118477601491
B→C,наивная MLE,4.099676159123908,0.765412431225019,0.23458756877498105
B→C,наивная MLE,4.134716126295908,0.7694745091255532,0.23052549087444682
B→C,наивная MLE,4.169756093467907,0.7734750358268603,0.2265249641731397
B→C,наивная MLE,4.204796060639906,0.7774146649379194,0.2225853350620805
B→C,наивная MLE,4.239836027811905,0.781294053258792,0.21870594674120797
B→C,наивная MLE,4.274875994983905,0.7851138602710908,0.21488613972890927
B→C,наивная MLE,4.309915962155904,0.7888747476506228,0.21112525234937715
B→C,наивная MLE,4.344955929327903,0.7925773788014469,0.20742262119855315
B→C,наивная MLE,4.379995896499902,0.7962224184106019,0.20377758158939807
B→C,наивная MLE,4.415035863671902,0.7998105320227971,0.20018946797720294
B→C,наивная MLE,4.4500758308439,0.8033423856343669,0.1966576143656331
B→C,наивная MLE,4.4851157980159,0.8068186453058246,0.1931813546941754
B→C,наивная MLE,4.5201557651879,0.8102399767923572,0.18976002320764285
B→C,наивная MLE,4.555195732359898,0.8136070451916393,0.18639295480836068
B→C,наивная MLE,4.590235699531898,0.8169205146083517,0.18307948539164828
B→C,наивная MLE,4.625275666703897,0.8201810478348133,0.17981895216518679
B→C,наивная MLE,4.660315633875896,0.8233893060471552,0.1766106939528448
B→C,наивная MLE,4.695355601047895,0.8265459485164852,0.17345405148351475
B→C,наивная MLE,4.730395568219895,0.8296516323345012,0.17034836766549877
B→C,наивная MLE,4.765435535391894,0.8327070121530352,0.16729298784696475
B→C,наивная MLE,4.800475502563893,0.8357127399370285,0.16428726006297142
B→C,наивная MLE,4.835515469735892,0.8386694647304429,0.1613305352695571
B→C,наивная MLE,4.870555436907892,0.8415778324346446,0.1584221675653555
B→C,наивная MLE,4.90559540407989,0.8444384855987973,0.15556151440120272
B→C,наивная MLE,4.94063537125189,0.8472520632218277,0.15274793677817233
B→C,наивная MLE,4.975675338423889,0.8500192005655299,0.1499807994344701
B→C,наивная MLE,5.010715305595888,0.8527405289783982,0.14725947102160175
B→C,наивная MLE,5.045755272767887,0.8554166757297884,0.1445833242702116
B→C,наивная MLE,5.080795239939887,0.8580482638540141,0.14195173614598589
B→C,наивная MLE,5.1158352071118856,0.860635912004009,0.13936408799599093
B→C,наивная MLE,5.150875174283885,0.8631802343141877,0.13681976568581233
B→C,наивная MLE,5.185915141455884,0.8656818402721552,0.1343181597278448
B→C,наивная MLE,5.220955108627884,0.8681413345989236,0.1318586654010764
B→C,наивная MLE,5.255995075799883,0.87055931713731,0.12944068286268998
B→C,наивная MLE,5.291035042971882,0.8729363827481946,0.12706361725180537
B→C,наивная MLE,5.326075010143882,0.8752731212143321,0.12472687878566788
B→C,наивная MLE,5.36111497731588,0.8775701171514187,0.1224298828485812
B→C,наивная MLE,5.39615494448788,0.8798279499261297,0.12017205007387029
B→C,наивная MLE,5.431194911659879,0.8820471935808429,0.11795280641915706
B→C,наивная MLE,5.466234878831878,0.8842284167647877,0.11577158323521226
B→C,наивная MLE,5.501274846003877,0.8863721826713504,0.11362781732864957
B→C,наивная MLE,5.536314813175877,0.8884790489812932,0.11152095101870689
B→C,наивная MLE,5.571354780347876,0.8905495678116367,0.10945043218836324
B→C,наивная MLE,5.606394747519875,0.8925842856699766,0.10741571433002339
B→C,наивная MLE,5.641434714691874,0.8945837434140027,0.10541625658599725
B→C,наивная MLE,5.676474681863874,0.8965484762160068,0.1034515237839932
B→C,наивная MLE,5.711514649035872,0.8984790135321613,0.10152098646783866
B→C,наивная MLE,5.746554616207872,0.9003758790763697,0.09962412092363031
B→C,наивная MLE,5.781594583379871,0.9022395907984877,0.09776040920151235
B→C,наивная MLE,5.81663455055187,0.9040706608667248,0.09592933913327518
B→C,наивная MLE,5.851674517723869,0.9058695956540441,0.09413040434595593
B→C,наивная MLE,5.886714484895869,0.907636895728379,0.09236310427162098
B→C,наивная MLE,5.9217544520678675,0.9093730558464983,0.09062694415350174
B→C,наивная MLE,5.956794419239867,0.9110785649513514,0.08892143504864856
B→C,наивная MLE,5.991834386411867,0.9127539061727353,0.08724609382726467
B→C,наивная MLE,6.026874353583866,0.9143995568311283,0.08560044316887168
B→C,наивная MLE,6.061914320755865,0.9160159884445407,0.08398401155545934
B→C,наивная MLE,6.096954287927864,0.9176036667382399,0.08239633326176007
B→C,наивная MLE,6.131994255099864,0.9191630516572119,0.08083694834278812
B→C,наивная MLE,6.167034222271862,0.9206945973812213,0.07930540261877868
B→C,наивная MLE,6.202074189443862,0.9221987523423474,0.07780124765765259
B→C,наивная MLE,6.237114156615861,0.9236759592448667,0.07632404075513333
B→C,наивная MLE,6.27215412378786,0.925126655087363,0.07487334491263699
B→C,наивная MLE,6.307194090959859,0.9265512711869529,0.07344872881304712
B→C,наивная MLE,6.342234058131859,0.9279502332055105,0.07204976679448953
B→C,наивная MLE,6.377274025303858,0.9293239611777875,0.07067603882221246
B→C,наивная MLE,6.412313992475857,0.9306728695413241,0.06932713045867592
B→C,наивная MLE,6.447353959647856,0.931997367168051,0.06800263283194893
B→C,наивная MLE,6.482393926819856,0.9332978573974876,0.06670214260251243
B→C,наивная MLE,6.517433893991854,0.934574738071443,0.06542526192855702
B→C,наивная MLE,6.552473861163854,0.9358284015701316,0.06417159842986846
B→C,наивная MLE,6.587513828335853,0.9370592348496182,0.06294076515038187
B→C,наивная MLE,6.622553795507852,0.9382676194805095,0.061732380519490475
B→C,наивная MLE,6.657593762679851,0.9394539316878134,0.06054606831218654
B→C,наивная MLE,6.692633729851851,0.94061854239189,0.05938145760810993
B→C,наивная MLE,6.7276736970238495,0.941761817250421,0.058238182749579
B→C,наивная MLE,6.762713664195849,0.9428841167013273,0.057115883298672655
B→C,наивная MLE,6.797753631367849,0.9439857960065672,0.05601420399343279
B→C,наивная MLE,6.832793598539848,0.9450672052967506,0.05493279470324946
B→C,наивная MLE,6.867833565711847,0.9461286896165056,0.05387131038349434
B→C,наивная MLE,6.902873532883846,0.9471705889705399,0.05282941102946018
B→C,наивная MLE,6.937913500055846,0.9481932383703362,0.05180676162966383
B→C,наивная MLE,6.972953467227844,0.9491969678814307,0.050803032118569326
B→C,наивная MLE,7.007993434399844,0.9501821026712174,0.04981789732878264
B→C,наивная MLE,7.043033401571843,0.9511489630572303,0.048851036942769724
B→C,наивная MLE,7.078073368743842,0.9520978645558543,0.04790213544414563
B→C,наивная MLE,7.113113335915841,0.9530291179314173,0.0469708820685827
B→C,наивная MLE,7.148153303087841,0.9539430292456191,0.046056970754380894
B→C,наивная MLE,7.18319327025984,0.9548398999072554,0.04516010009274463
B→C,наивная MLE,7.218233237431839,0.9557200267221941,0.04427997327780589
B→C,наивная MLE,7.253273204603838,0.9565837019435665,0.04341629805643358
B→C,наивная MLE,7.288313171775838,0.9574312133221335,0.04256878667786641
B→C,наивная MLE,7.323353138947836,0.9582628441567949,0.04173715584320512
B→C,наивная MLE,7.358393106119836,0.9590788733452017,0.04092112665479832
B→C,наивная MLE,7.393433073291835,0.9598795754344449,0.040120424565555056
B→C,наивная MLE,7.428473040463834,0.9606652206717851,0.03933477932821496
B→C,наивная MLE,7.463513007635833,0.9614360750553941,0.038563924944605955
B→C,наивная MLE,7.498552974807833,0.9621924003850819,0.0378075996149181
B→C,наивная MLE,7.533592941979832,0.9629344543129791,0.03706554568702091
B→C,наивная MLE,7.568632909151831,0.9636624903941508,0.03633750960584929
B→C,наивная MLE,7.603672876323831,0.9643767581371164,0.03562324186288353
B→C,наивная MLE,7.63871284349583,0.9650775030542534,0.03492249694574659
B→C,наивная MLE,7.673752810667829,0.9657649667120595,0.03423503328794048
B→C,наивная MLE,7.708792777839828,0.9664393867812566,0.03356061321874342
B→C,наивная MLE,7.743832745011828,0.9671009970867122,0.0328990029132878
B→C,наивная MLE,7.778872712183826,0.9677500276571621,0.032249972342837926
B→C,наивная MLE,7.813912679355826,0.9683867047747146,0.031613295225285484
B→C,наивная MLE,7.848952646527825,0.9690112510241198,0.030988748975880193
B→C,наивная MLE,7.883992613699824,0.9696238853417886,0.03037611465821144
B→C,наивная MLE,7.919032580871823,0.9702248230645432,0.02977517693545679
B→C,наивная MLE,7.954072548043823,0.9708142759780892,0.029185724021910803
B→C,наивная MLE,7.9891125152158216,0.9713924523651908,0.028607547634809258
B→C,наивная MLE,8.024152482387821,0.97195955705354,0.028040442946460006
B→C,наивная MLE,8.05919244955982,0.9725157914633062,0.027484208536693762
B→C,наивная MLE,8.094232416731819,0.9730613536543543,0.0269386463456457
B→C,наивная MLE,8.12927238390382,0.9735964383731219,0.026403561626878055
B→C,наивная MLE,8.164312351075818,0.9741212370991452,0.02587876290085478
B→C,наивная MLE,8.199352318247817,0.9746359380912237,0.025364061908776214
B→C,наивная MLE,8.234392285419817,0.9751407264332164,0.024859273566783604
B→C,наивная MLE,8.269432252591816,0.9756357840794594,0.024364215920540572
B→C,наивная MLE,8.304472219763815,0.9761212898998001,0.02387871010019997
B→C,наивная MLE,8.339512186935814,0.9765974197242382,0.023402580275761847
B→C,наивная MLE,8.374552154107814,0.9770643463871698,0.022935653612830245
B→C,наивная MLE,8.409592121279813,0.9775222397712263,0.022477760228773673
B→C,наивная MLE,8.444632088451812,0.977971266850705,0.02202873314929494
B→C,наивная MLE,8.47967205562381,0.9784115917345845,0.021588408265415478
B→C,наивная MLE,8.51471202279581,0.9788433757091216,0.02115662429087837
B→C,наивная MLE,8.54975198996781,0.979266777280026,0.020733222719974072
B→C,наивная MLE,8.584791957139808,0.9796819522142076,0.020318047785792385
B→C,наивная MLE,8.619831924311807,0.9800890535810957,0.019910946418904295
B→C,наивная MLE,8.654871891483808,0.9804882317935243,0.019511768206475717
B→C,наивная MLE,8.689911858655806,0.9808796346481836,0.019120365351816375
B→C,наивная MLE,8.724951825827805,0.9812634073656348,0.01873659263436524
B→C,наивная MLE,8.759991792999804,0.981639692629885,0.018360307370114907
B→C,наивная MLE,8.795031760171804,0.9820086306275244,0.017991369372475568
B→C,наивная MLE,8.830071727343803,0.9823703590864193,0.017629640913580612
B→C,наивная MLE,8.865111694515802,0.9827250133139662,0.017274986686033764
B→C,наивная MLE,8.9001516616878,0.9830727262349009,0.016927273765099095
B→C,наивная MLE,8.935191628859801,0.9834136284286665,0.016586371571333445
B→C,наивная MLE,8.9702315960318,0.9837478481663379,0.016252151833662083
B→C,наивная MLE,9.005271563203799,0.9840755114471035,0.015924488552896552
B→C,наивная MLE,9.0403115303758,0.9843967420343053,0.015603257965694775
B→C,наивная MLE,9.075351497547798,0.9847116614910373,0.015288338508962758
B→C,наивная MLE,9.110391464719797,0.9850203892153034,0.014979610784696517
B→C,наивная MLE,9.145431431891796,0.9853230424747362,0.014676957525263759
B→C,наивная MLE,9.180471399063796,0.9856197364408765,0.014380263559123418
B→C,наивная MLE,9.215511366235795,0.9859105842230177,0.014089415776982321
B→C,наивная MLE,9.250551333407794,0.9861956969016137,0.013804303098386341
B→C,наивная MLE,9.285591300579792,0.9864751835612546,0.013524816438745377
B→C,наивная MLE,9.320631267751793,0.9867491513232107,0.01325084867678924
B→C,наивная MLE,9.355671234923792,0.9870177053775471,0.012982294622452935
B→C,наивная MLE,9.39071120209579,0.9872809490148111,0.012719050985188848
B→C,наивная MLE,9.425751169267789,0.9875389836572965,0.012461016342703518
B→C,наивная MLE,9.46079113643979,0.9877919088898836,0.012208091110116438
B→C,наивная MLE,9.495831103611788,0.9880398224904614,0.011960177509538582
B→C,наивная MLE,9.530871070783787,0.9882828204599327,0.01171717954006736
B→C,наивная MLE,9.565911037955786,0.9885209970518043,0.011479002948195751
B→C,наивная MLE,9.600951005127786,0.9887544448013676,0.011245555198632323
B→C,наивная MLE,9.635990972299785,0.9889832545544706,0.011016745445529386
B→C,наивная MLE,9.671030939471784,0.989207515495884,0.010792484504115908
B→C,наивная MLE,9.706070906643783,0.9894273151772678,0.010572684822732267
B→C,наивная MLE,9.741110873815783,0.9896427395447365,0.01035726045526348
B→C,наивная MLE,9.776150840987782,0.9898538729660324,0.010146127033967533
B→C,наивная MLE,9.81119080815978,0.9900607982573044,0.009939201742695573
B→C,наивная MLE,9.846230775331781,0.9902635967094996,0.009736403290500437
B→C,наивная MLE,9.88127074250378,0.99046234811437,0.009537651885630027
B→C,наивная MLE,9.916310709675779,0.9906571307900981,0.009342869209901935
B→C,наивная MLE,9.951350676847778,0.9908480216065441,0.00915197839345596
B→C,наивная MLE,9.986390644019778,0.9910350960101195,0.00896490398988047
B→C,наивная MLE,10.021430611191777,0.9912184280482905,0.008781571951709529
B→C,наивная MLE,10.056470578363776,0.9913980903937136,0.00860190960628637
B→C,наивная MLE,10.091510545535774,0.9915741543680099,0.008425845631990149
B→C,наивная MLE,10.126550512707775,0.9917466899651781,0.008253310034821838
B→C,наивная MLE,10.161590479879774,0.9919157658746545,0.008084234125345579
B→C,наивная MLE,10.196630447051772,0.9920814495040183,0.007918550495981686
B→C,наивная MLE,10.231670414223771,0.9922438070013525,0.00775619299864749
B→C,наивная MLE,10.266710381395772,0.9924029032772578,0.0075970967227422396
B→C,наивная MLE,10.30175034856777,0.9925588020265279,0.007441197973472124
B→C,наивная MLE,10.33679031573977,0.9927115657494885,0.007288434250511559
B→C,наивная MLE,10.371830282911768,0.9928612557730029,0.007138744226997065
B→C,наивная MLE,10.406870250083768,0.9930079322711505,0.0069920677288495695
B→C,наивная MLE,10.441910217255767,0.9931516542855784,0.006848345714421566
B→C,наивная MLE,10.476950184427766,0.9932924797455349,0.006707520254465108
B→C,с учётом цензуры,0.0,0.0,1.0
B→C,с учётом цензуры,0.03503996717199922,0.0002770941531061197,0.9997229058468938
B→C,с учётом цензуры,0.07007993434399844,0.0010849835488017834,0.9989150164511982
B→C,с учётом цензуры,0.10511990151599765,0.0023956158316498313,0.9976043841683502
B→C,с учётом цензуры,0.14015986868799687,0.004183640780336394,0.9958163592196636
B→C,с учётом цензуры,0.1751998358599961,0.006425187063459456,0.9935748129365406
B→C,с учётом цензуры,0.2102398030319953,0.009097534226149484,0.9909024657738505
B→C,с учётом цензуры,0.24527977020399452,0.012178956734455166,0.9878210432655449
B→C,с учётом цензуры,0.28031973737599375,0.01564862992510714,0.9843513700748928
B→C,с учётом цензуры,0.31535970454799295,0.019486564515981027,0.9805134354840189
B→C,с учётом цензуры,0.3503996717199922,0.02367355645542153,0.9763264435445784
B→C,с учётом цензуры,0.3854396388919914,0.028191145939500714,0.9718088540604993
B→C,с учётом цензуры,0.4204796060639906,0.03302158237446719,0.9669784176255328
B→C,с учётом цензуры,0.45551957323598985,0.038147793454727026,0.9618522065452729
B→C,с учётом цензуры,0.49055954040798905,0.043553357247558204,0.9564466427524418
B→C,с учётом цензуры,0.5255995075799883,0.04922247657608367,0.9507775234239163
B→C,с учётом цензуры,0.5606394747519875,0.055139955227339686,0.9448600447726603
B→C,с учётом цензуры,0.5956794419239867,0.06129117565722939,0.9387088243427706
B→C,с учётом цензуры,0.6307194090959859,0.06766207795703505,0.932337922042965
B→C,с учётом цензуры,0.6657593762679852,0.07423913990772761,0.9257608600922724
B→C,с учётом цензуры,0.7007993434399844,0.08100935799033132,0.9189906420096687
B→C,с учётом цензуры,0.7358393106119836,0.08796022925003852,0.9120397707499615
B→C,с учётом цензуры,0.7708792777839828,0.09507973393286039,0.9049202660671396
B→C,с учётом цензуры,0.805919244955982,0.1023563188290445,0.8976436811709555
B→C,с учётом цензуры,0.8409592121279812,0.10977888126899786,0.8902211187310022
B→C,с учётом цензуры,0.8759991792999805,0.11733675372619226,0.8826632462738078
B→C,с учётом цензуры,0.9110391464719797,0.1250196889882644,0.8749803110117356
B→C,с учётом цензуры,0.9460791136439789,0.13281784586279208,0.8671821541372079
B→C,с учётом цензуры,0.9811190808159781,0.1407217753884156,0.8592782246115844
B→C,с учётом цензуры,1.0161590479879774,0.14872240752533145,0.8512775924746685
B→C,с учётом цензуры,1.0511990151599766,0.15681103830193147,0.8431889616980686
B→C,с учётом цензуры,1.0862389823319758,0.16497931739661387,0.8350206826033861
B→C,с учётом цензуры,1.121278949503975,0.17321923613567283,0.8267807638643272
B→C,с учётом цензуры,1.1563189166759742,0.181523115889762,0.818476884110238
B→C,с учётом цензуры,1.1913588838479734,0.18988359685277018,0.8101164031472299
B→C,с учётом цензуры,1.2263988510199726,0.19829362718810944,0.8017063728118905
B→C,с учётом цензуры,1.2614388181919718,0.20674645252841828,0.7932535474715817
B→C,с учётом цензуры,1.296478785363971,0.21523560581556203,0.784764394184438
B→C,с учётом цензуры,1.3315187525359704,0.2237548974685872,0.7762451025314128
B→C,с учётом цензуры,1.3665587197079696,0.23229840586797232,0.7677015941320277
B→C,с учётом цензуры,1.4015986868799688,0.24086046814514186,0.7591395318548582
B→C,с учётом цензуры,1.436638654051968,0.24943567126675414,0.7505643287332459
B→C,с учётом цензуры,1.4716786212239672,0.2580188434037883,0.7419811565962118
B→C,с учётом цензуры,1.5067185883959664,0.2666050455759097,0.7333949544240903
B→C,с учётом цензуры,1.5417585555679656,0.2751895635620139,0.7248104364379861
B→C,с учётом цензуры,1.5767985227399648,0.2837679000682438,0.7162320999317562
B→C,с учётом цензуры,1.611838489911964,0.2923357671451262,0.7076642328548738
B→C,с учётом цензуры,1.6468784570839632,0.30088907884581767,0.6991109211541824
B→C,с учётом цензуры,1.6819184242559624,0.3094239441177534,0.6905760558822466
B→C,с учётом цензуры,1.7169583914279618,0.3179366599202944,0.6820633400797056
B→C,с учётом цензуры,1.751998358599961,0.3264237045612336,0.6735762954387664
B→C,с учётом цензуры,1.7870383257719602,0.334881731245292,0.6651182687547079
B→C,с учётом цензуры,1.8220782929439594,0.34330756182797173,0.6566924381720283
B→C,с учётом цензуры,1.8571182601159586,0.35169818076836823,0.6483018192316318
B→C,с учётом цензуры,1.8921582272879578,0.3600507292747701,0.6399492707252299
B→C,с учётом цензуры,1.927198194459957,0.3683624996370742,0.6316375003629258
B→C,с учётом цензуры,1.9622381616319562,0.3766309297402522,0.6233690702597479
B→C,с учётом цензуры,1.9972781288039554,0.38485359775329664,0.6151464022467034
B→C,с учётом цензуры,2.032318095975955,0.39302821698824336,0.6069717830117567
B→C,с учётом цензуры,2.067358063147954,0.40115263092406744,0.5988473690759326
B→C,с учётом цензуры,2.102398030319953,0.4092248083903881,0.5907751916096119
B→C,с учётом цензуры,2.1374379974919524,0.41724283890610403,0.582757161093896
B→C,с учётом цензуры,2.1724779646639516,0.4252049281682176,0.5747950718317825
B→C,с учётом цензуры,2.207517931835951,0.4331093936862659,0.5668906063137341
B→C,с учётом цензуры,2.24255789900795,0.4409546605579172,0.5590453394420828
B→C,с учётом цензуры,2.277597866179949,0.4487392573814217,0.5512607426185783
B→C,с учётом цензуры,2.3126378333519484,0.45646181230075267,0.5435381876992473
B→C,с учётом цензуры,2.3476778005239476,0.4641210491793873,0.5358789508206128
B→C,с учётом цензуры,2.382717767695947,0.4717157838988135,0.5282842161011865
B→C,с учётом цензуры,2.417757734867946,0.4792449207779563,0.5207550792220437
B→C,с учётом цензуры,2.452797702039945,0.4867074491098417,0.5132925508901582
B→C,с учётом цензуры,2.4878376692119444,0.49410243981192564,0.5058975601880744
B→C,с учётом цензуры,2.5228776363839436,0.5014290421866174,0.49857095781338256
B→C,с учётом цензуры,2.5579176035559428,0.5086864807886418,0.49131351921135824
B→C,с учётом цензуры,2.592957570727942,0.5158740523959744,0.4841259476040256
B→C,с учётом цензуры,2.6279975378999416,0.5229911230811901,0.4770088769188099
B→C,с учётом цензуры,2.663037505071941,0.5300371253801549,0.4699628746198451
B→C,с учётом цензуры,2.69807747224394,0.5370115555550856,0.4629884444449144
B→C,с учётом цензуры,2.733117439415939,0.5439139709490877,0.45608602905091233
B→C,с учётом цензуры,2.7681574065879384,0.5507439874293677,0.4492560125706323
B→C,с учётом цензуры,2.8031973737599376,0.5575012769164097,0.4424987230835903
B→C,с учётом цензуры,2.838237340931937,0.5641855649964631,0.4358144350035369
B→C,с учётом цензуры,2.873277308103936,0.5707966286147961,0.4292033713852039
B→C,с учётом цензуры,2.908317275275935,0.5773342938472222,0.42266570615277776
B→C,с учётом цензуры,2.9433572424479344,0.5837984337474925,0.4162015662525075
B→C,с учётом цензуры,2.9783972096199336,0.5901889662682138,0.4098110337317862
B→C,с учётом цензуры,3.013437176791933,0.5965058522530233,0.40349414774697673
B→C,с учётом цензуры,3.048477143963932,0.6027490934978157,0.39725090650218436
B→C,с учётом цензуры,3.083517111135931,0.6089187308788846,0.39108126912111535
B→C,с учётом цензуры,3.1185570783079304,0.6150148425459114,0.3849851574540886
B→C,с учётом цензуры,3.1535970454799296,0.6210375421777741,0.378962457822226
B→C,с учётом цензуры,3.188637012651929,0.626986977299236,0.37301302270076403
B→C,с учётом цензуры,3.223676979823928,0.6328633276566129,0.36713667234338715
B→C,с учётом цензуры,3.258716946995927,0.6386668036505773,0.36133319634942274
B→C,с учётом цензуры,3.2937569141679264,0.6443976448243152,0.35560235517568484
B→C,с учётом цензуры,3.3287968813399256,0.6500561184053137,0.3499438815946862
B→C,с учётом цензуры,3.3638368485119248,0.6556425178990716,0.3443574821009284
B→C,с учётом цензуры,3.3988768156839244,0.661157161733136,0.338842838266864
B→C,с учётом цензуры,3.4339167828559236,0.6666003919498515,0.3333996080501484
B→C,с учётом цензуры,3.468956750027923,0.6719725729463076,0.32802742705369237
B→C,с учётом цензуры,3.503996717199922,0.6772740902599779,0.3227259097400222
B→C,с учётом цензуры,3.539036684371921,0.6825053493986168,0.3174946506013832
B→C,с учётом цензуры,3.5740766515439204,0.6876667747129979,0.3123332252870022
B→C,с учётом цензуры,3.6091166187159196,0.6927588083111509,0.30724119168884917
B→C,с учётом цензуры,3.644156585887919,0.6977819090127488,0.3022180909872512
B→C,с учётом цензуры,3.679196553059918,0.7027365513423931,0.29726344865760695
B→C,с учётом цензуры,3.714236520231917,0.7076232245605298,0.2923767754394701
B→C,с учётом цензуры,3.7492764874039164,0.7124424317308018,0.28755756826919815
B→C,с учётом цензуры,3.7843164545759156,0.7171946888226608,0.28280531117733915
B→C,с учётом цензуры,3.819356421747915,0.7218805238481144,0.2781194761518856
B→C,с учётом цензуры,3.854396388919914,0.726500476031482,0.27349952396851795
B→C,с учётом цензуры,3.889436356091913,0.7310550950111252,0.26894490498887474
B→C,с учётом цензуры,3.9244763232639124,0.7355449400720837,0.2644550599279163
B→C,с учётом цензуры,3.9595162904359116,0.7399705794086302,0.26002942059136974
B→C,с учётом цензуры,3.9945562576079108,0.7443325894157615,0.2556674105842385
B→C,с учётом цензуры,4.02959622477991,0.7486315540086836,0.2513684459913163
B→C,с учётом цензуры,4.06463619195191,0.7528680639693667,0.2471319360306333
B→C,с учётом цензуры,4.099676159123908,0.7570427163192883,0.24295728368071162
B→C,с учётом цензуры,4.134716126295908,0.7611561137174927,0.23884388628250733
B→C,с учётом цензуры,4.169756093467907,0.7652088638831354,0.23479113611686467
B→C,с учётом цензуры,4.204796060639906,0.7692015790417013,0.23079842095829867
B→C,с учётом цензуры,4.239836027811905,0.7731348753941029,0.22686512460589714
B→C,с учётом цензуры,4.274875994983905,0.7770093726079016,0.22299062739209843
B→C,с учётом цензуры,4.309915962155904,0.7808256933299099,0.2191743066700901
B→C,с учётом цензуры,4.344955929327903,0.7845844627194537,0.21541553728054633
B→C,с учётом цензуры,4.379995896499902,0.7882863080016047,0.21171369199839532
B→C,с учётом цензуры,4.415035863671902,0.7919318580397043,0.20806814196029572
B→C,с учётом цензуры,4.4500758308439,0.7955217429265237,0.20447825707347636
B→C,с учётом цензуры,4.4851157980159,0.7990565935934306,0.20094340640656938
B→C,с учётом цензуры,4.5201557651879,0.8025370414369452,0.19746295856305482
B→C,с учётом цензуры,4.555195732359898,0.8059637179620887,0.19403628203791137
B→C,с учётом цензуры,4.590235699531898,0.809337254441951,0.1906627455580489
B→C,с учётом цензуры,4.625275666703897,0.8126582815929124,0.18734171840708752
B→C,с учётом цензуры,4.660315633875896,0.8159274292649826,0.18407257073501734
B→C,с учётом цензуры,4.695355601047895,0.8191453261467274,0.18085467385327256
B→C,с учётом цензуры,4.730395568219895,0.8223125994842749,0.17768740051572507
B→C,с учётом цензуры,4.765435535391894,0.8254298748139095,0.17457012518609047
B→C,с учётом цензуры,4.800475502563893,0.828497775707772,0.17150222429222792
B→C,с учётом цензуры,4.835515469735892,0.8315169235322055,0.16848307646779442
B→C,с учётом цензуры,4.870555436907892,0.8344879372182985,0.16551206278170152
B→C,с учётом цензуры,4.90559540407989,0.8374114330441861,0.16258856695581395
B→C,с учётом цензуры,4.94063537125189,0.8402880244286948,0.15971197557130523
B→C,с учётом цензуры,4.975675338423889,0.8431183217359165,0.1568816782640835
B→C,с учётом цензуры,5.010715305595888,0.845902932090321,0.154097067909679
B→C,с учётом цензуры,5.045755272767887,0.8486424592020222,0.15135754079797784
B→C,с учётом цензуры,5.080795239939887,0.8513375032018273,0.14866249679817264
B→C,с учётом цензуры,5.1158352071118856,0.8539886604857132,0.14601133951428685
B→C,с учётом цензуры,5.150875174283885,0.8565965235683763,0.14340347643162366
B→C,с учётом цензуры,5.185915141455884,0.8591616809455274,0.14083831905447267
B→C,с учётом цензуры,5.220955108627884,0.8616847169645977,0.13831528303540228
B→C,с учётом цензуры,5.255995075799883,0.8641662117035487,0.13583378829645137
B→C,с учётом цензуры,5.291035042971882,0.8666067408574726,0.13339325914252745
B→C,с учётом цензуры,5.326075010143882,0.8690068756326964,0.13099312436730357
B→C,с учётом цензуры,5.36111497731588,0.871367182648095,0.12863281735190502
B→C,с учётом цензуры,5.39615494448788,0.8736882238433441,0.12631177615665584
B→C,с учётом цензуры,5.431194911659879,0.8759705563938407,0.12402944360615932
B→C,с учётом цензуры,5.466234878831878,0.8782147326320326,0.12178526736796735
B→C,с учётом цензуры,5.501274846003877,0.8804212999749098,0.1195787000250902
B→C,с учётом цензуры,5.536314813175877,0.8825908008574097,0.11740919914259025
B→C,с учётом цензуры,5.571354780347876,0.8847237726715066,0.1152762273284934
B→C,с учётом цензуры,5.606394747519875,0.8868207477107555,0.11317925228924458
B→C,с учётом цензуры,5.641434714691874,0.8888822531200711,0.11111774687992892
B→C,с учётом цензуры,5.676474681863874,0.8909088108505336,0.10909118914946633
B→C,с учётом цензуры,5.711514649035872,0.8929009376190105,0.10709906238098954
B→C,с учётом цензуры,5.746554616207872,0.8948591448723979,0.10514085512760205
B→C,с учётом цензуры,5.781594583379871,0.8967839387562946,0.10321606124370539
B→C,с учётом цензуры,5.81663455055187,0.8986758200879146,0.10132417991208546
B→C,с учётом цензуры,5.851674517723869,0.9005352843330665,0.09946471566693352
B→C,с учётом цензуры,5.886714484895869,0.9023628215870235,0.09763717841297652
B→C,с учётом цензуры,5.9217544520678675,0.9041589165591166,0.09584108344088337
B→C,с учётом цензуры,5.956794419239867,0.9059240485608899,0.0940759514391101
B→C,с учётом цензуры,5.991834386411867,0.9076586914976617,0.09234130850233835
B→C,с учётом цензуры,6.026874353583866,0.9093633138633409,0.09063668613665912
B→C,с учётом цензуры,6.061914320755865,0.9110383787383534,0.08896162126164658
B→C,с учётом цензуры,6.096954287927864,0.9126843437905352,0.08731565620946483
B→C,с учётом цензуры,6.131994255099864,0.9143016612788605,0.08569833872113956
B→C,с учётом цензуры,6.167034222271862,0.9158907780598696,0.08410922194013037
B→C,с учётом цензуры,6.202074189443862,0.9174521355966746,0.08254786440332541
B→C,с учётом цензуры,6.237114156615861,0.918986169970414,0.08101383002958595
B→C,с учётом цензуры,6.27215412378786,0.9204933118940459,0.07950668810595406
B→C,с учётом цензуры,6.307194090959859,0.9219739867283605,0.07802601327163954
B→C,с учётом цензуры,6.342234058131859,0.9234286145001035,0.07657138549989646
B→C,с учётом цензуры,6.377274025303858,0.9248576099221076,0.07514239007789233
B→C,с учётом цензуры,6.412313992475857,0.9262613824153244,0.07373861758467556
B→C,с учётом цензуры,6.447353959647856,0.9276403361326625,0.07235966386733748
B→C,с учётом цензуры,6.482393926819856,0.9289948699845361,0.07100513001546395
B→C,с учётом цензуры,6.517433893991854,0.9303253776660307,0.0696746223339693
B→C,с учётом цензуры,6.552473861163854,0.9316322476856005,0.06836775231439955
B→C,с учётом цензуры,6.587513828335853,0.9329158633952095,0.06708413660479046
B→C,с учётом цензуры,6.622553795507852,0.9341766030218377,0.0658233969781623
B→C,с учётом цензуры,6.657593762679851,0.9354148397002701,0.06458516029972998
B→C,с учётом цензуры,6.692633729851851,0.9366309415070949,0.0633690584929051
B→C,с учётом цензуры,6.7276736970238495,0.9378252714958376,0.06217472850416239
B→C,с учётом цензуры,6.762713664195849,0.9389981877331591,0.06100181226684083
B→C,с учётом цензуры,6.797753631367849,0.9401500433360519,0.0598499566639481
B→C,с учётом цензуры,6.832793598539848,0.9412811865099673,0.05871881349003277
B→C,с учётом цензуры,6.867833565711847,0.9423919605878128,0.05760803941218717
B→C,с учётом цензуры,6.902873532883846,0.9434827040697584,0.056517295930241615
B→C,с учётом цензуры,6.937913500055846,0.9445537506637929,0.05544624933620707
B→C,с учётом цензуры,6.972953467227844,0.9456054293269766,0.054394570673023404
B→C,с учётом цензуры,7.007993434399844,0.9466380643073349,0.053361935692665154
B→C,с учётом цензуры,7.043033401571843,0.9476519751863417,0.0523480248136583
B→C,с учётом цензуры,7.078073368743842,0.9486474769219451,0.05135252307805488
B→C,с учётом цензуры,7.113113335915841,0.9496248798920842,0.050375120107915734
B→C,с учётом цензуры,7.148153303087841,0.9505844899386553,0.04941551006134471
B→C,с учётом цензуры,7.18319327025984,0.9515266084118802,0.048473391588119835
B→C,с учётом цензуры,7.218233237431839,0.9524515322150385,0.0475484677849615
B→C,с учётом цензуры,7.253273204603838,0.9533595538495201,0.046640446150479915
B→C,с учётом цензуры,7.288313171775838,0.9542509614601613,0.04574903853983874
B→C,с учётом цензуры,7.323353138947836,0.9551260388808268,0.044873961119173196
B→C,с учётом цензуры,7.358393106119836,0.9559850656802035,0.04401493431979652
B→C,с учётом цензуры,7.393433073291835,0.9568283172077693,0.04317168279223072
B→C,с учётом цензуры,7.428473040463834,0.957656064639908,0.042343935360091955
B→C,с учётом цензуры,7.463513007635833,0.9584685750261368,0.041531424973863175
B→C,с учётом цензуры,7.498552974807833,0.9592661113354173,0.040733888664582704
B→C,с учётом цензуры,7.533592941979832,0.9600489325025219,0.03995106749747817
B→C,с учётом цензуры,7.568632909151831,0.9608172934744285,0.03918270652557156
B→C,с учётом цензуры,7.603672876323831,0.9615714452567174,0.038428554743282536
B→C,с учётом цензуры,7.63871284349583,0.9623116349599456,0.037688365040054336
B→C,с учётом цензуры,7.673752810667829,0.9630381058459746,0.036961894154025385
B→C,с учётом цензуры,7.708792777839828,0.9637510973742303,0.03624890262576972
B→C,с учётом цензуры,7.743832745011828,0.9644508452478727,0.035549154752127304
B→C,с учётом цензуры,7.778872712183826,0.9651375814598551,0.03486241854014494
B→C,с учётом цензуры,7.813912679355826,0.9658115343388534,0.0341884656611466
B→C,с учётом цензуры,7.848952646527825,0.9664729285950475,0.03352707140495252
B→C,с учётом цензуры,7.883992613699824,0.9671219853657365,0.03287801463426359
B→C,с учётом цензуры,7.919032580871823,0.9677589222607713,0.032241077739228685
B→C,с учётом цензуры,7.954072548043823,0.9683839534077904,0.03161604659220959
B→C,с учётом цензуры,7.9891125152158216,0.96899728949724,0.031002710502760062
B→C,с учётом цензуры,8.024152482387821,0.9695991378271687,0.030400862172831278
B→C,с учётом цензуры,8.05919244955982,0.9701897023477811,0.02981029765221884
B→C,с учётом цензуры,8.094232416731819,0.9707691837057371,0.029230816294262905
B→C,с учётом цензуры,8.12927238390382,0.9713377792881864,0.02866222071181362
B→C,с учётом цензуры,8.164312351075818,0.9718956832665262,0.028104316733473807
B→C,с учётом цензуры,8.199352318247817,0.9724430866398719,0.02755691336012815
B→C,с учётом цензуры,8.234392285419817,0.9729801772782297,0.027019822721770313
B→C,с учётом цензуры,8.269432252591816,0.9735071399653636,0.026492860034636388
B→C,с учётом цензуры,8.304472219763815,0.9740241564413461,0.02597584355865386
B→C,с учётом цензуры,8.339512186935814,0.9745314054447858,0.02546859455521419
B→C,с учётом цензуры,8.374552154107814,0.9750290627547235,0.02497093724527653
B→C,с учётом цензуры,8.409592121279813,0.9755173012321898,0.024482698767810226
B→C,с учётом цензуры,8.444632088451812,0.9759962908614183,0.02400370913858176
B→C,с учётом цензуры,8.47967205562381,0.9764661987907064,0.02353380120929361
B→C,с учётом цензуры,8.51471202279581,0.9769271893729207,0.023072810627079287
B→C,с учётом цензуры,8.54975198996781,0.9773794242056388,0.02262057579436111
B→C,с учётом цензуры,8.584791957139808,0.9778230621709257,0.022176937829074306
B→C,с учётом цензуры,8.619831924311807,0.9782582594747372,0.021741740525262808
B→C,с учётом цензуры,8.654871891483808,0.9786851696859499,0.021314830314050147
B→C,с учётом цензуры,8.689911858655806,0.9791039437750108,0.020896056224989294
B→C,с учётом цензуры,8.724951825827805,0.9795147301522054,0.02048526984779468
B→C,с учётом цензуры,8.759991792999804,0.9799176747055409,0.02008232529445903
B→C,с учётом цензуры,8.795031760171804,0.980312920838242,0.019687079161758
B→C,с учётом цензуры,8.830071727343803,0.9807006095058554,0.01929939049414468
B→C,с учётом цензуры,8.865111694515802,0.9810808792529644,0.018919120747035563
B→C,с учётом цензуры,8.9001516616878,0.9814538662495098,0.018546133750490145
B→C,с учётом цензуры,8.935191628859801,0.981819704326715,0.0181802956732851
B→C,с учётом цензуры,8.9702315960318,0.9821785250126156,0.017821474987384397
B→C,с учётом цензуры,9.005271563203799,0.9825304575671941,0.017469542432805844
B→C,с учётом цензуры,9.0403115303758,0.982875629017115,0.017124370982884985
B→C,с учётом цензуры,9.075351497547798,0.9832141641900635,0.016785835809936523
B→C,с учётом цензуры,9.110391464719797,0.9835461857486868,0.016453814251313207
B→C,с учётом цензуры,9.145431431891796,0.9838718142241376,0.016128185775862357
B→C,с учётом цензуры,9.180471399063796,0.9841911680492204,0.01580883195077964
B→C,с учётом цензуры,9.215511366235795,0.9845043635911405,0.015495636408859544
B→C,с учётом цензуры,9.250551333407794,0.9848115151838585,0.015188484816141578
B→C,с учётом цензуры,9.285591300579792,0.9851127351600479,0.01488726483995203
B→C,с учётом цензуры,9.320631267751793,0.9854081338826606,0.014591866117339477
B→C,с учётом цензуры,9.355671234923792,0.9856978197760967,0.014302180223903312
B→C,с учётом цензуры,9.39071120209579,0.9859818993569863,0.014018100643013705
B→C,с учётом цензуры,9.425751169267789,0.9862604772645784,0.013739522735421594
B→C,с учётом цензуры,9.46079113643979,0.986533656290743,0.01346634370925705
B→C,с учётом цензуры,9.495831103611788,0.9868015374095856,0.013198462590414302
B→C,с учётом цензуры,9.530871070783787,0.9870642198066789,0.012935780193321134
B→C,с учётом цензуры,9.565911037955786,0.9873218009079086,0.012678199092091419
B→C,с учётом цензуры,9.600951005127786,0.9875743764079423,0.012425623592057724
B→C,с учётом цензуры,9.635990972299785,0.9878220402983173,0.012177959701682629
B→C,с учётом цензуры,9.671030939471784,0.9880648848951544,0.011935115104845627
B→C,с учётом цензуры,9.706070906643783,0.9883030008664961,0.011696999133503888
B→C,с учётом цензуры,9.741110873815783,0.9885364772592761,0.011463522740723884
B→C,с учётом цензуры,9.776150840987782,0.9887654015259185,0.011234598474081495
B→C,с учётом цензуры,9.81119080815978,0.9889898595505721,0.011010140449427892
B→C,с учётом цензуры,9.846230775331781,0.9892099356749816,0.01079006432501836
B→C,с учётом цензуры,9.88127074250378,0.9894257127239985,0.010574287276001524
B→C,с учётом цензуры,9.916310709675779,0.9896372720307344,0.010362727969265642
B→C,с учётом цензуры,9.951350676847778,0.9898446934613605,0.010155306538639448
B→C,с учётом цензуры,9.986390644019778,0.9900480554395555,0.009951944560444482
B→C,с учётом цензуры,10.021430611191777,0.9902474349706044,0.009752565029395557
B→C,с учётом цензуры,10.056470578363776,0.9904429076651533,0.009557092334846739
B→C,с учётом цензуры,10.091510545535774,0.9906345477626207,0.009365452237379324
B→C,с учётом цензуры,10.126550512707775,0.9908224281542711,0.009177571845728911
B→C,с учётом цензуры,10.161590479879774,0.9910066204059518,0.008993379594048246
B→C,с учётом цензуры,10.196630447051772,0.9911871947804974,0.008812805219502527
B→C,с учётом цензуры,10.231670414223771,0.9913642202598059,0.008635779740194149
B→C,с учётом цензуры,10.266710381395772,0.9915377645665867,0.00846223543341329
B→C,с учётом цензуры,10.30175034856777,0.9917078941857886,0.008292105814211383
B→C,с учётом цензуры,10.33679031573977,0.9918746743857063,0.008125325614293726
B→C,с учётом цензуры,10.371830282911768,0.9920381692387717,0.007961830761228226
B→C,с учётом цензуры,10.406870250083768,0.9921984416420332,0.007801558357966839
B→C,с учётом цензуры,10.441910217255767,0.992355553337324,0.007644446662676073
B→C,с учётом цензуры,10.476950184427766,0.9925095649311264,0.007490435068873593
B→D,истина,0.0,0.0,1.0
B→D,истина,0.10030997953779248,0.00100414879932241,0.9989958512006776
B→D,истина,0.20061995907558497,0.002837555137521782,0.9971624448624782
B→D,истина,0.30092993861337747,0.005206729398547711,0.9947932706014523
B→D,истина,0.40123991815116994,0.008005014208648442,0.9919949857913516
B→D,истина,0.5015498976889624,0.011169517815002257,0.9888304821849977
B→D,истина,0.6018598772267549,0.014656854724805504,0.9853431452751945
B→D,истина,0.7021698567645474,0.018434408218636622,0.9815655917813634
B→D,истина,0.8024798363023399,0.02247626787894692,0.977523732121053
B→D,истина,0.9027898158401324,0.02676104287899646,0.9732389571210035
B→D,истина,1.0030997953779248,0.03127056477383994,0.9687294352261601
B→D,истина,1.1034097749157172,0.03598906227104243,0.9640109377289575
B→D,истина,1.2037197544535099,0.040902607743874976,0.959097392256125
B→D,истина,1.3040297339913023,0.04599873026453657,0.9540012697354634
B→D,истина,1.4043397135290947,0.05126613583649431,0.9487338641635057
B→D,истина,1.5046496930668873,0.056694499457596206,0.9433055005424038
B→D,истина,1.6049596726046798,0.062274306940200655,0.9377256930597994
B→D,истина,1.7052696521424722,0.06799673217681597,0.932003267823184
B→D,истина,1.8055796316802648,0.07385354026800936,0.9261464597319906
B→D,истина,1.9058896112180572,0.0798370099151521,0.9201629900848479
B→D,истина,2.0061995907558496,0.0859398704254739,0.9140601295745261
B→D,истина,2.106509570293642,0.09215524997848852,0.9078447500215114
B→D,истина,2.2068195498314345,0.09847663269486263,0.9015233673051374
B→D,истина,2.3071295293692273,0.1048978226731305,0.8951021773268695
B→D,истина,2.4074395089070197,0.11141291360493052,0.8885870863950694
B→D,истина,2.507749488444812,0.11801626290242288,0.8819837370975772
B→D,истина,2.6080594679826046,0.12470246950942764,0.8752975304905724
B→D,истина,2.708369447520397,0.13146635474547375,0.8685336452545263
B→D,истина,2.8086794270581894,0.1383029456663065,0.8616970543336935
B→D,истина,2.9089894065959823,0.1452074605271999,0.8547925394728001
B→D,истина,3.0092993861337747,0.15217529601491672,0.8478247039850833
B→D,истина,3.109609365671567,0.15920201597624092,0.8407979840237592
B→D,истина,3.2099193452093595,0.16628334141993364,0.8337166585800664
B→D,истина,3.310229324747152,0.17341514160784816,0.8265848583921518
B→D,истина,3.4105393042849443,0.1805934260820871,0.8194065739179129
B→D,истина,3.5108492838227368,0.18781433750021986,0.8121856624997801
B→D,истина,3.6111592633605296,0.1950741451709997,0.8049258548290004
B→D,истина,3.711469242898322,0.20236923919971503,0.7976307608002849
B→D,истина,3.8117792224361144,0.20969612516605204,0.7903038748339479
B→D,истина,3.912089201973907,0.21705141926870436,0.7829485807312957
B→D,истина,4.012399181511699,0.22443184388042337,0.7755681561195766
B→D,истина,4.112709161049492,0.2318342234651028,0.7681657765348971
B→D,истина,4.213019140587284,0.23925548081512987,0.7607445191848701
B→D,истина,4.3133291201250765,0.24669263357283375,0.7533073664271663
B→D,истина,4.413639099662869,0.2541427910046108,0.7458572089953892
B→D,истина,4.513949079200662,0.26160315100034215,0.7383968489996579
B→D,истина,4.614259058738455,0.26907099727416517,0.7309290027258348
B→D,истина,4.714569038276247,0.27654369674562124,0.7234563032543788
B→D,истина,4.8148790178140395,0.28401869708273997,0.71598130291726
B→D,истина,4.915188997351832,0.2914935243908181,0.7085064756091819
B→D,истина,5.015498976889624,0.2989657810325479,0.7010342189674521
B→D,истина,5.115808956427417,0.30643314356680224,0.6935668564331978
B→D,истина,5.216118935965209,0.3138933607948174,0.6861066392051826
B→D,истина,5.316428915503002,0.3213442519037723,0.6786557480962276
B→D,истина,5.416738895040794,0.328783704698857,0.671216295301143
B→D,истина,5.517048874578586,0.3362096739158911,0.6637903260841089
B→D,истина,5.617358854116379,0.34362017960739744,0.6563798203926027
B→D,истина,5.717668833654171,0.35101330559578553,0.6489866944042145
B→D,истина,5.8179788131919645,0.35838719798796126,0.6416128020120389
B→D,истина,5.918288792729757,0.36574006374625956,0.6342599362537404
B→D,истина,6.018598772267549,0.3730701693111219,0.6269298306888781
B→D,истина,6.118908751805342,0.38037583927139623,0.6196241607286037
B→D,истина,6.219218731343134,0.3876554550785514,0.6123445449214486
B→D,истина,6.319528710880927,0.3949074538014615,0.6050925461985385
B→D,истина,6.419838690418719,0.4021303269187464,0.5978696730812536
B→D,истина,6.520148669956511,0.40932261914594226,0.5906773808540577
B→D,истина,6.620458649494304,0.41648292729504377,0.5835170727049562
B→D,истина,6.720768629032096,0.42360989916419167,0.5763901008358083
B→D,истина,6.821078608569889,0.4307022324554908,0.5692977675445092
B→D,истина,6.921388588107681,0.437758673719136,0.562241326280864
B→D,истина,7.0216985676454735,0.44477801732219135,0.5552219826778086
B→D,истина,7.122008547183267,0.451759104440527,0.548240895559473
B→D,истина,7.222318526721059,0.4587008220725517,0.5412991779274483
B→D,истина,7.322628506258852,0.46560210207351094,0.5343978979264891
B→D,истина,7.422938485796644,0.4724619202092276,0.5275380797907724
B→D,истина,7.5232484653344365,0.4792792952282724,0.5207207047717276
B→D,истина,7.623558444872229,0.48605328795163727,0.5139467120483627
B→D,истина,7.723868424410021,0.4927830003790754,0.5072169996209246
B→D,истина,7.824178403947814,0.4994675748113441,0.5005324251886559
B→D,истина,7.924488383485606,0.5061061929876567,0.49389380701234326
B→D,истина,8.024798363023399,0.5126980752377149,0.48730192476228507
B→D,истина,8.125108342561191,0.5192424796477477,0.48075752035225233
B→D,истина,8.225418322098983,0.5257387012400352,0.47426129875996487
B→D,истина,8.325728301636776,0.5321860711654444,0.46781392883455564
B→D,истина,8.426038281174568,0.5385839559085441,0.4614160440914558
B→D,истина,8.52634826071236,0.5449317565049088,0.45506824349509123
B→D,истина,8.626658240250153,0.5512289077702504,0.4487710922297496
B→D,истина,8.726968219787945,0.5574748775410582,0.4425251224589418
B→D,истина,8.827278199325738,0.5636691659264458,0.4363308340735542
B→D,истина,8.92758817886353,0.5698113045709381,0.43018869542906196
B→D,истина,9.027898158401324,0.5759008559279521,0.4240991440720478
B→D,истина,9.128208137939117,0.5819374125437483,0.4180625874562517
B→D,истина,9.22851811747691,0.5879205963516457,0.41207940364835427
B→D,истина,9.328828097014702,0.593850057976318,0.40614994202368204
B→D,истина,9.429138076552494,0.5997254760479966,0.4002745239520034
B→D,истина,9.529448056090287,0.6055465565264277,0.39445344347357225
B→D,истина,9.629758035628079,0.6113130320344395,0.3886869679655604
B→D,истина,9.730068015165871,0.6170246612009878,0.3829753387990122
B→D,истина,9.830377994703664,0.6226812280135617,0.37731877198643826
B→D,истина,9.930687974241456,0.6282825411798383,0.3717174588201617
B→D,истина,10.030997953779249,0.6338284334984832,0.36617156650151683
B→D,истина,10.131307933317041,0.6393187612390047,0.36068123876099534
B→D,истина,10.231617912854833,0.644753403530571,0.355246596469429
B→D,истина,10.331927892392626,0.6501322617597138,0.3498677382402862
B→D,истина,10.432237871930418,0.6554552589768367,0.34454474102316335
B→D,истина,10.53254785146821,0.6607223393114617,0.33927766068853826
B→D,истина,10.632857831006003,0.6659334673961455,0.3340665326038546
B→D,истина,10.733167810543796,0.6710886277989987,0.32891137220100125
B→D,истина,10.833477790081588,0.6761878244647554,0.3238121755352446
B→D,истина,10.93378776961938,0.6812310801643264,0.3187689198356735
B→D,истина,11.034097749157173,0.6862184359527882,0.3137815640472118
B→D,истина,11.134407728694965,0.6911499506357497,0.3088500493642503
B→D,истина,11.234717708232758,0.696025700244048,0.30397429975595197
B→D,истина,11.33502768777055,0.700845777516722,0.29915422248327805
B→D,истина,11.435337667308342,0.7056102913922122,0.2943897086077878
B→D,истина,11.535647646846135,0.7103193665077421,0.289680633492258
B→D,истина,11.635957626383929,0.7149731427068301,0.2850268572931699
B→D,истина,11.736267605921721,0.7195717745548857,0.2804282254451142
B→D,истина,11.836577585459514,0.7241154308628419,0.2758845691371581
B→D,истина,11.936887564997306,0.7286042942187763,0.27139570578122374
B→D,истина,12.037197544535099,0.7330385605274736,0.2669614394725263
B→D,истина,12.137507524072891,0.7374184385578822,0.26258156144211775
B→D,истина,12.237817503610684,0.7417441494984144,0.2582558505015856
B→D,истина,12.338127483148476,0.7460159265200432,0.2539840734799567
B→D,истина,12.438437462686268,0.7502340143471478,0.24976598565285227
B→D,истина,12.53874744222406,0.754398668836052,0.245601331163948
B→D,истина,12.639057421761853,0.7585101565612132,0.24148984343878674
B→D,истина,12.739367401299646,0.7625687544090025,0.23743124559099754
B→D,истина,12.839677380837438,0.7665747491790271,0.23342525082097285
B→D,истина,12.93998736037523,0.7705284371929441,0.2294715628070559
B→D,истина,13.040297339913023,0.774430123910705,0.22556987608929496
B→D,истина,13.140607319450815,0.778280123554183,0.2217198764458171
B→D,истина,13.240917298988608,0.7820787587381208,0.21792124126187917
B→D,истина,13.3412272785264,0.7858263601083473,0.21417363989165278
B→D,истина,13.441537258064193,0.7895232659871998,0.21047673401280015
B→D,истина,13.541847237601985,0.7931698220260978,0.20683017797390224
B→D,истина,13.642157217139777,0.7967663808652039,0.20323361913479612
B→D,истина,13.74246719667757,0.8003133018001146,0.1996866981998854
B→D,истина,13.842777176215362,0.8038109504555158,0.19618904954448418
B→D,истина,13.943087155753155,0.8072596984657432,0.19274030153425678
B→D,истина,14.043397135290947,0.8106599231621807,0.1893400768378193
B→D,истина,14.143707114828741,0.8140120072674348,0.1859879927325651
B→D,истина,14.244017094366534,0.8173163385962178,0.18268366140378225
B→D,истина,14.344327073904326,0.8205733097628725,0.17942669023712748
B→D,истина,14.444637053442118,0.8237833178954751,0.1762166821045249
B→D,истина,14.54494703297991,0.8269467643564419,0.17305323564355815
B→D,истина,14.645257012517703,0.8300640544695763,0.1699359455304237
B→D,истина,14.745566992055496,0.8331355972534844,0.16686440274651557
B→D,истина,14.845876971593288,0.8361618051612877,0.16383819483871231
B→D,истина,14.94618695113108,0.8391430938265634,0.1608569061734366
B→D,истина,15.046496930668873,0.8420798818154407,0.15792011818455928
B→D,истина,15.146806910206665,0.8449725903847787,0.15502740961522132
B→D,истина,15.247116889744458,0.8478216432463558,0.1521783567536442
B→D,истина,15.34742686928225,0.8506274663369947,0.14937253366300532
B→D,истина,15.447736848820043,0.8533904875945505,0.14660951240544953
B→D,истина,15.548046828357835,0.8561111367396869,0.14388886326031314
B→D,истина,15.648356807895627,0.8587898450633654,0.14121015493663455
B→D,истина,15.74866678743342,0.8614270452199735,0.1385729547800265
B→D,истина,15.848976766971212,0.8640231710260136,0.13597682897398639
B→D,истина,15.949286746509005,0.8665786572642806,0.13342134273571934
B→D,истина,16.049596726046797,0.8690939394934482,0.13090606050655182
B→D,истина,16.14990670558459,0.8715694538629892,0.12843054613701083
B→D,истина,16.250216685122382,0.874005636933354,0.12599436306664596
B→D,истина,16.350526664660176,0.8764029255013288,0.1235970744986712
B→D,истина,16.450836644197967,0.8787617564304967,0.12123824356950332
B→D,истина,16.55114662373576,0.881082566486727,0.118917433513273
B→D,истина,16.65145660327355,0.8833657921786113,0.11663420782138864
B→D,истина,16.751766582811346,0.8856118696027748,0.1143881303972252
B→D,истина,16.852076562349136,0.8878212342939795,0.1121787657060205
B→D,истина,16.95238654188693,0.8899943210799484,0.11000567892005161
B→D,истина,17.05269652142472,0.8921315639408287,0.10786843605917133
B→D,истина,17.153006500962515,0.8942333958732203,0.1057666041267797
B→D,истина,17.253316480500306,0.8963002487586914,0.10369975124130858
B→D,истина,17.3536264600381,0.8983325532367052,0.10166744676329471
B→D,истина,17.45393643957589,0.9003307385818811,0.09966926141811895
B→D,истина,17.554246419113685,0.9022952325855143,0.09770476741448571
B→D,истина,17.654556398651476,0.9042264614412783,0.09577353855872169
B→D,истина,17.75486637818927,0.906124849635035,0.09387515036496492
B→D,истина,17.85517635772706,0.9079908198386756,0.09200918016132446
B→D,истина,17.955486337264855,0.9098247928079188,0.09017520719208118
B→D,истина,18.05579631680265,0.9116271872839933,0.08837281271600675
B→D,истина,18.15610629634044,0.9133984198991256,0.08660158010087436
B→D,истина,18.256416275878234,0.9151389050857661,0.08486109491423394
B→D,истина,18.356726255416024,0.9168490549894733,0.08315094501052671
B→D,истина,18.45703623495382,0.91852927938539,0.08147072061461005
B→D,истина,18.55734621449161,0.9201799855982334,0.07982001440176657
B→D,истина,18.657656194029403,0.9218015784257322,0.07819842157426782
B→D,истина,18.757966173567194,0.9233944600654352,0.07660553993456479
B→D,истина,18.85827615310499,0.9249590300448249,0.07504096995517504
B→D,истина,18.95858613264278,0.9264956851546622,0.07350431484533777
B→D,истина,19.058896112180573,0.9280048193854955,0.07199518061450444
B→D,истина,19.159206091718364,0.9294868238672641,0.07051317613273592
B→D,истина,19.259516071256158,0.9309420868119274,0.0690579131880727
B→D,истина,19.35982605079395,0.9323709934590528,0.06762900654094717
B→D,истина,19.460136030331743,0.9337739260242965,0.06622607397570345
B→D,истина,19.560446009869533,0.9351512636507071,0.0648487363492929
B→D,истина,19.660755989407328,0.9365033823627912,0.06349661763720882
B→D,истина,19.76106596894512,0.9378306550232727,0.062169344976727374
B→D,истина,19.861375948482912,0.939133451292483,0.06086654870751694
B→D,истина,19.961685928020703,0.9404121375903186,0.05958786240968144
B→D,истина,20.061995907558497,0.9416670770607019,0.0583329229392981
B→D,истина,20.162305887096288,0.9428986295384859,0.05710137046151407
B→D,истина,20.262615866634082,0.944107151518739,0.05589284848126098
B→D,истина,20.362925846171873,0.94529299612835,0.05470700387164993
B→D,истина,20.463235825709667,0.9464565130998955,0.05354348690010451
B→D,истина,20.56354580524746,0.9475980487477066,0.05240195125229345
B→D,истина,20.66385578478525,0.9487179459460815,0.05128205405391848
B→D,истина,20.764165764323046,0.9498165441095838,0.050183455890416215
B→D,истина,20.864475743860837,0.9508941791753687,0.04910582082463132
B→D,истина,20.96478572339863,0.9519511835874851,0.048048816412514864
B→D,истина,21.06509570293642,0.9529878862830955,0.0470121137169045
B→D,истина,21.165405682474216,0.9540046126805598,0.0459953873194402
B→D,истина,21.265715662012006,0.955001684669331,0.04499831533066896
B→D,истина,21.3660256415498,0.9559794206016092,0.04402057939839076
B→D,истина,21.46633562108759,0.9569381352857017,0.04306186471429828
B→D,истина,21.566645600625385,0.9578781399810392,0.04212186001896078
B→D,истина,21.666955580163176,0.9587997423947971,0.04120025760520287
B→D,истина,21.76726555970097,0.9597032466800735,0.04029675331992654
B→D,истина,21.86757553923876,0.9605889534355735,0.03941104656442656
B→D,истина,21.967885518776555,0.9614571597067546,0.03854284029324537
B→D,истина,22.068195498314346,0.9623081589883844,0.037691841011615615
B→D,истина,22.16850547785214,0.9631422412284644,0.036857758771535666
B→D,истина,22.26881545738993,0.9639596928334758,0.03604030716652415
B→D,истина,22.369125436927725,0.964760796674903,0.03523920332509706
B→D,истина,22.469435416465515,0.9655458320969879,0.03445416790301211
B→D,истина,22.56974539600331,0.9663150749256774,0.033684925074322664
B→D,истина,22.6700553755411,0.9670687974787163,0.03293120252128363
B→D,истина,22.770365355078894,0.9678072685768501,0.032192731423149955
B→D,истина,22.870675334616685,0.9685307535560902,0.03146924644390976
B→D,истина,22.97098531415448,0.9692395142810102,0.030760485718989792
B→D,истина,23.07129529369227,0.969933809159026,0.03006619084097394
B→D,истина,23.171605273230064,0.9706138931556281,0.029386106844371925
B→D,истина,23.271915252767858,0.9712800178105239,0.028719982189476096
B→D,истина,23.37222523230565,0.9719324312546576,0.028067568745342466
B→D,истина,23.472535211843443,0.9725713782280675,0.027428621771932463
B→D,истина,23.572845191381234,0.9731971000985499,0.026802899901450152
B→D,истина,23.673155170919028,0.973809834881091,0.026190165118909054
B→D,истина,23.77346515045682,0.9744098172580371,0.02559018274196293
B→D,истина,23.873775129994613,0.9749972785999674,0.02500272140003257
B→D,истина,23.974085109532403,0.9755724469872386,0.024427553012761494
B→D,истина,24.074395089070197,0.9761355472321689,0.023864452767831165
B→D,истина,24.174705068607988,0.9766868009018325,0.023313199098167578
B→D,истина,24.275015048145782,0.9772264263414321,0.0227735736585679
B→D,истина,24.375325027683573,0.9777546386982224,0.02224536130177759
B→D,истина,24.475635007221367,0.9782716499459541,0.021728350054045928
B→D,истина,24.575944986759158,0.9787776689098117,0.021222331090188354
B→D,истина,24.676254966296952,0.9792729012918177,0.020727098708182304
B→D,истина,24.776564945834743,0.9797575496966763,0.02024245030332376
B→D,истина,24.876874925372537,0.98023181365803,0.019768186341969984
B→D,истина,24.977184904910327,0.980695889665106,0.01930411033489395
B→D,истина,25.07749488444812,0.9811499711897252,0.018850028810274755
B→D,истина,25.177804863985912,0.9815942487136513,0.018405751286348696
B→D,истина,25.278114843523706,0.9820289097562566,0.017971090243743392
B→D,истина,25.378424823061497,0.9824541389024813,0.017545861097518607
B→D,истина,25.47873480259929,0.9828701178310647,0.017129882168935295
B→D,истина,25.579044782137082,0.9832770253430252,0.01672297465697476
B→D,истина,25.679354761674876,0.9836750373903714,0.016324962609628516
B→D,истина,25.77966474121267,0.9840643271050205,0.015935672894979522
B→D,истина,25.87997472075046,0.9844450648279055,0.0155549351720945
B→D,истина,25.980284700288255,0.9848174181382537,0.01518258186174622
B→D,истина,26.080594679826046,0.9851815518830151,0.014818448116984894
B→D,истина,26.18090465936384,0.9855376282064237,0.014462371793576364
B→D,истина,26.28121463890163,0.9858858065796751,0.01411419342032499
B→D,истина,26.381524618439425,0.9862262438307022,0.013773756169297756
B→D,истина,26.481834597977215,0.9865590941740331,0.013440905825966876
B→D,истина,26.58214457751501,0.986884509240714,0.013115490759285997
B→D,истина,26.6824545570528,0.9872026381082838,0.012797361891716196
B→D,истина,26.782764536590594,0.9875136273307836,0.012486372669216341
B→D,истина,26.883074516128385,0.9878176209687873,0.012182379031212626
B→D,истина,26.98338449566618,0.988114760619439,0.011885239380560941
B→D,истина,27.08369447520397,0.988405185446484,0.011594814553515968
B→D,истина,27.184004454741764,0.98868903221028,0.011310967789719918
B→D,истина,27.284314434279555,0.9889664352977764,0.011033564702223652
B→D,истина,27.38462441381735,0.9892375267524478,0.010762473247552187
B→D,истина,27.48493439335514,0.9895024363041732,0.010497563695826733
B→D,истина,27.585244372892934,0.9897612913990459,0.010238708600954119
B→D,истина,27.685554352430724,0.9900142172291051,0.009985782770894932
B→D,истина,27.78586433196852,0.9902613367619792,0.009738663238020718
B→D,истина,27.88617431150631,0.9905027707704297,0.009497229229570314
B→D,истина,27.986484291044103,0.9907386378617848,0.00926136213821513
B→D,истина,28.086794270581894,0.9909690545072574,0.00903094549274269
B→D,истина,28.18710425011969,0.9911941350711326,0.008805864928867351
B→D,истина,28.287414229657482,0.9914139918398231,0.00858600816017689
B→D,истина,28.387724209195273,0.9916287350507769,0.008371264949223092
B→D,истина,28.488034188733067,0.9918384729212357,0.008161527078764278
B→D,истина,28.588344168270858,0.9920433116768326,0.007956688323167411
B→D,истина,28.688654147808652,0.9922433555800233,0.007756644419976669
B→D,истина,28.788964127346443,0.9924387069583441,0.00756129304165589
B→D,истина,28.889274106884237,0.9926294662324892,0.007370533767510887
B→D,истина,28.989584086422028,0.9928157319442017,0.007184268055798294
B→D,истина,29.08989406595982,0.9929976007839733,0.007002399216026692
B→D,истина,29.190204045497612,0.9931751676185443,0.0068248323814557345
B→D,истина,29.290514025035407,0.9933485255182014,0.006651474481798562
B→D,истина,29.390824004573197,0.9935177657838673,0.006482234216132685
B→D,истина,29.49113398411099,0.993682977973976,0.006317022026024014
B→D,истина,29.591443963648782,0.9938442499311313,0.006155750068868725
B→D,истина,29.691753943186576,0.994001667808543,0.0059983321914569955
B→D,истина,29.792063922724367,0.9941553160962371,0.005844683903762935
B→D,истина,29.89237390226216,0.9943052776470358,0.005694722352964173
B→D,истина,29.99268388179995,0.9944516337023052,0.005548366297694842
B→D,наивная MLE,0.0,0.0,1.0
B→D,наивная MLE,0.10030997953779248,0.0017409492393273115,0.9982590507606727
B→D,наивная MLE,0.20061995907558497,0.004598759079564657,0.9954012409204354
B→D,наивная MLE,0.30092993861337747,0.008109746107885105,0.9918902538921149
B→D,наивная MLE,0.40123991815116994,0.012119171003063959,0.9878808289969361
B→D,наивная MLE,0.5015498976889624,0.016538978834704142,0.9834610211652959
B→D,наивная MLE,0.6018598772267549,0.021309928539582287,0.9786900714604178
B→D,наивная MLE,0.7021698567645474,0.026388363327415388,0.9736116366725847
B→D,наивная MLE,0.8024798363023399,0.031740187164732016,0.968259812835268
B→D,наивная MLE,0.9027898158401324,0.03733767385916829,0.9626623261408317
B→D,наивная MLE,1.0030997953779248,0.04315759814116159,0.9568424018588384
B→D,наивная MLE,1.1034097749157172,0.04918005911509838,0.9508199408849016
B→D,наивная MLE,1.2037197544535099,0.055387697974478116,0.9446123020255219
B→D,наивная MLE,1.3040297339913023,0.06176515503568152,0.9382348449643185
B→D,наивная MLE,1.4043397135290947,0.0682986795655428,0.9317013204344572
B→D,наивная MLE,1.5046496930668873,0.07497584124714031,0.9250241587528597
B→D,наивная MLE,1.6049596726046798,0.08178531159613746,0.9182146884038626
B→D,наивная MLE,1.7052696521424722,0.0887166949216528,0.9112833050783472
B→D,наивная MLE,1.8055796316802648,0.09576039525111753,0.9042396047488824
B→D,наивная MLE,1.9058896112180572,0.1029075099220638,0.8970924900779362
B→D,наивная MLE,2.0061995907558496,0.11014974331812272,0.8898502566818773
B→D,наивная MLE,2.106509570293642,0.11747933607344649,0.8825206639265535
B→D,наивная MLE,2.2068195498314345,0.12488900632936945,0.8751109936706306
B→D,наивная MLE,2.3071295293692273,0.13237190050475145,0.8676280994952486
B→D,наивная MLE,2.4074395089070197,0.13992155166473966,0.8600784483352604
B→D,наивная MLE,2.507749488444812,0.1475318440230112,0.8524681559769888
B→D,наивная MLE,2.6080594679826046,0.15519698244300956,0.8448030175569905
B→D,наивная MLE,2.708369447520397,0.1629114660496091,0.837088533950391
B→D,наивная MLE,2.8086794270581894,0.17067006524803063,0.8293299347519694
B→D,наивная MLE,2.9089894065959823,0.17846780158823444,0.8215321984117655
B→D,наивная MLE,3.0092993861337747,0.18629993002205114,0.8137000699779489
B→D,наивная MLE,3.109609365671567,0.1941619231852274,0.8058380768147726
B→D,наивная MLE,3.2099193452093595,0.20204945740330815,0.7979505425966918
B→D,наивная MLE,3.310229324747152,0.2099584001731955,0.7900415998268046
B→D,наивная MLE,3.4105393042849443,0.21788479891451307,0.7821152010854869
B→D,наивная MLE,3.5108492838227368,0.22582487081895417,0.7741751291810458
B→D,наивная MLE,3.6111592633605296,0.23377499365339557,0.7662250063466045
B→D,наивная MLE,3.711469242898322,0.241731697395088,0.758268302604912
B→D,наивная MLE,3.8117792224361144,0.2496916565957321,0.7503083434042679
B→D,наивная MLE,3.912089201973907,0.2576516833865202,0.7423483166134798
B→D,наивная MLE,4.012399181511699,0.2656087210489127,0.7343912789510874
B→D,наивная MLE,4.112709161049492,0.27355983808649975,0.7264401619135002
B→D,наивная MLE,4.213019140587284,0.2815022227421776,0.7184977772578224
B→D,наивная MLE,4.3133291201250765,0.2894331779123464,0.7105668220876535
B→D,наивная MLE,4.413639099662869,0.2973501164161672,0.7026498835838327
B→D,наивная MLE,4.513949079200662,0.30525055658328965,0.6947494434167103
B→D,наивная MLE,4.614259058738455,0.31313211812805,0.68686788187195
B→D,наивная MLE,4.714569038276247,0.3209925182820653,0.6790074817179347
B→D,наивная MLE,4.8148790178140395,0.3288295681605225,0.6711704318394776
B→D,наивная MLE,4.915188997351832,0.336641169340369,0.663358830659631
B→D,наивная MLE,5.015498976889624,0.3444253106311299,0.6555746893688701
B→D,наивная MLE,5.115808956427417,0.3521800650212528,0.6478199349787471
B→D,наивная MLE,5.216118935965209,0.3599035867847886,0.6400964132152114
B→D,наивная MLE,5.316428915503002,0.3675941087348619,0.6324058912651381
B→D,наивная MLE,5.416738895040794,0.37524993961184566,0.6247500603881543
B→D,наивная MLE,5.517048874578586,0.38286946159541735,0.6171305384045827
B→D,наивная MLE,5.617358854116379,0.39045112793079256,0.6095488720692074
B→D,наивная MLE,5.717668833654171,0.3979934606604232,0.6020065393395768
B→D,наивная MLE,5.8179788131919645,0.4054950484533074,0.5945049515466926
B→D,наивная MLE,5.918288792729757,0.4129545445248387,0.5870454554751613
B→D,наивная MLE,6.018598772267549,0.4203706646407951,0.5796293353592049
B→D,наивная MLE,6.118908751805342,0.4277421851996862,0.5722578148003138
B→D,наивная MLE,6.219218731343134,0.43506794138820715,0.5649320586117929
B→D,наивная MLE,6.319528710880927,0.44234682540503856,0.5576531745949614
B→D,наивная MLE,6.419838690418719,0.4495777847486573,0.5504222152513427
B→D,наивная MLE,6.520148669956511,0.45675982056521314,0.5432401794347869
B→D,наивная MLE,6.620458649494304,0.4638919860528684,0.5361080139471316
B→D,наивная MLE,6.720768629032096,0.47097338491931073,0.5290266150806893
B→D,наивная MLE,6.821078608569889,0.4780031698894296,0.5219968301105704
B→D,наивная MLE,6.921388588107681,0.4849805412603957,0.5150194587396043
B→D,наивная MLE,7.0216985676454735,0.491904745501613,0.508095254498387
B→D,наивная MLE,7.122008547183267,0.4987750738972164,0.5012249261027836
B→D,наивная MLE,7.222318526721059,0.5055908612289732,0.4944091387710268
B→D,наивная MLE,7.322628506258852,0.5123514844976156,0.48764851550238436
B→D,наивная MLE,7.422938485796644,0.5190563616807851,0.480943638319215
B→D,наивная MLE,7.5232484653344365,0.5257049505259024,0.4742950494740977
B→D,наивная MLE,7.623558444872229,0.5322967473764102,0.46770325262358975
B→D,наивная MLE,7.723868424410021,0.5388312860299438,0.46116871397005615
B→D,наивная MLE,7.824178403947814,0.54530813662709,0.45469186337290995
B→D,наивная MLE,7.924488383485606,0.5517269045694935,0.44827309543050653
B→D,наивная MLE,8.024798363023399,0.5580872294661512,0.44191277053384875
B→D,наивная MLE,8.125108342561191,0.5643887841068176,0.43561121589318247
B→D,наивная MLE,8.225418322098983,0.5706312734615134,0.42936872653848657
B→D,наивная MLE,8.325728301636776,0.5768144337052011,0.42318556629479886
B→D,наивная MLE,8.426038281174568,0.5829380312667445,0.4170619687332555
B→D,наивная MLE,8.52634826071236,0.5890018619013309,0.4109981380986692
B→D,наивная MLE,8.626658240250153,0.5950057497855823,0.40499425021441765
B→D,наивная MLE,8.726968219787945,0.6009495466346302,0.39905045336536976
B→D,наивная MLE,8.827278199325738,0.6068331308404695,0.3931668691595304
B→D,наивная MLE,8.92758817886353,0.612656406630949,0.38734359336905094
B→D,наивная MLE,9.027898158401324,0.6184193032487918,0.3815806967512082
B→D,наивная MLE,9.128208137939117,0.6241217741500691,0.37587822584993097
B→D,наивная MLE,9.22851811747691,0.6297637962215885,0.37023620377841143
B→D,наивная MLE,9.328828097014702,0.6353453690166786,0.36465463098332135
B→D,наивная MLE,9.429138076552494,0.6408665140088827,0.3591334859911172
B→D,наивная MLE,9.529448056090287,0.6463272738630994,0.3536727261369006
B→D,наивная MLE,9.629758035628079,0.6517277117237249,0.3482722882762751
B→D,наивная MLE,9.730068015165871,0.6570679105193803,0.3429320894806197
B→D,наивная MLE,9.830377994703664,0.6623479722838186,0.33765202771618147
B→D,наивная MLE,9.930687974241456,0.6675680174926295,0.33243198250737055
B→D,наивная MLE,10.030997953779249,0.6727281844153745,0.3272718155846255
B→D,наивная MLE,10.131307933317041,0.6778286284827986,0.32217137151720143
B→D,наивная MLE,10.231617912854833,0.682869521668783,0.317130478331217
B→D,наивная MLE,10.331927892392626,0.6878510518867129,0.31214894811328714
B→D,наивная MLE,10.432237871930418,0.6927734223999464,0.30722657760005356
B→D,наивная MLE,10.53254785146821,0.697636851246088,0.30236314875391207
B→D,наивная MLE,10.632857831006003,0.70244157067477,0.29755842932522997
B→D,наивная MLE,10.733167810543796,0.7071878265986684,0.2928121734013316
B→D,наивная MLE,10.833477790081588,0.7118758780574759,0.28812412194252407
B→D,наивная MLE,10.93378776961938,0.7165059966945732,0.28349400330542684
B→D,наивная MLE,11.034097749157173,0.7210784662461438,0.27892153375385614
B→D,наивная MLE,11.134407728694965,0.7255935820424844,0.27440641795751564
B→D,наивная MLE,11.234717708232758,0.7300516505212717,0.2699483494787282
B→D,наивная MLE,11.33502768777055,0.7344529887525538,0.2655470112474462
B→D,наивная MLE,11.435337667308342,0.7387979239752362,0.2612020760247637
B→D,наивная MLE,11.535647646846135,0.7430867931448465,0.2569132068551535
B→D,наивная MLE,11.635957626383929,0.7473199424923578,0.2526800575076423
B→D,наивная MLE,11.736267605921721,0.7514977270938632,0.2485022729061368
B→D,наивная MLE,11.836577585459514,0.7556205104508967,0.2443794895491033
B→D,наивная MLE,11.936887564997306,0.7596886640811977,0.2403113359188023
B→D,наивная MLE,12.037197544535099,0.7637025671197261,0.23629743288027394
B→D,наивная MLE,12.137507524072891,0.7676626059297331,0.23233739407026685
B→D,наивная MLE,12.237817503610684,0.7715691737237032,0.2284308262762968
B→D,наивная MLE,12.338127483148476,0.7754226701939798,0.22457732980602016
B→D,наивная MLE,12.438437462686268,0.7792235011528974,0.2207764988471026
B→D,наивная MLE,12.53874744222406,0.7829720781822402,0.2170279218177598
B→D,наивная MLE,12.639057421761853,0.7866688182918563,0.21333118170814372
B→D,наивная MLE,12.739367401299646,0.7903141435872544,0.2096858564127456
B→D,наивная MLE,12.839677380837438,0.7939084809460178,0.20609151905398213
B→D,наивная MLE,12.93998736037523,0.797452261702869,0.20254773829713102
B→D,наивная MLE,13.040297339913023,0.8009459213432233,0.19905407865677674
B→D,наивная MLE,13.140607319450815,0.8043898992050745,0.19561010079492544
B→D,наивная MLE,13.240917298988608,0.8077846381890532,0.19221536181094673
B→D,наивная MLE,13.3412272785264,0.8111305844765044,0.1888694155234955
B→D,наивная MLE,13.441537258064193,0.814428187255434,0.18557181274456605
B→D,наивная MLE,13.541847237601985,0.8176778984541723,0.1823221015458277
B→D,наивная MLE,13.642157217139777,0.8208801724826112,0.17911982751738872
B→D,наивная MLE,13.74246719667757,0.8240354659808662,0.17596453401913378
B→D,наивная MLE,13.842777176215362,0.8271442375752218,0.17285576242477824
B→D,наивная MLE,13.943087155753155,0.8302069476412217,0.16979305235877834
B→D,наивная MLE,14.043397135290947,0.8332240580737623,0.1667759419262377
B→D,наивная MLE,14.143707114828741,0.8361960320640548,0.1638039679359452
B→D,наивная MLE,14.244017094366534,0.8391233338833194,0.16087666611668064
B→D,наивная MLE,14.344327073904326,0.8420064286730812,0.15799357132691885
B→D,наивная MLE,14.444637053442118,0.8448457822419351,0.15515421775806487
B→D,наивная MLE,14.54494703297991,0.8476418608686518,0.15235813913134819
B→D,наивная MLE,14.645257012517703,0.8503951311114958,0.14960486888850424
B→D,наивная MLE,14.745566992055496,0.8531060596236326,0.14689394037636733
B→D,наивная MLE,14.845876971593288,0.8557751129745002,0.1442248870254998
B→D,наивная MLE,14.94618695113108,0.8584027574770212,0.14159724252297878
B→D,наивная MLE,15.046496930668873,0.8609894590205387,0.1390105409794613
B→D,наивная MLE,15.146806910206665,0.8635356829093543,0.13646431709064571
B→D,наивная MLE,15.247116889744458,0.866041893706753,0.13395810629324698
B→D,наивная MLE,15.34742686928225,0.8685085550843996,0.13149144491560044
B→D,наивная MLE,15.447736848820043,0.8709361296769912,0.1290638703230088
B→D,наивная MLE,15.548046828357835,0.8733250789420566,0.1266749210579434
B→D,наивная MLE,15.648356807895627,0.8756758630247897,0.12432413697521026
B→D,наивная MLE,15.74866678743342,0.8779889406278089,0.1220110593721911
B→D,наивная MLE,15.848976766971212,0.8802647688857351,0.11973523111426485
B→D,наивная MLE,15.949286746509005,0.8825038032444829,0.11749619675551712
B→D,наивная MLE,16.049596726046797,0.884706497345159,0.11529350265484095
B→D,наивная MLE,16.14990670558459,0.8868733029124679,0.11312669708753205
B→D,наивная MLE,16.250216685122382,0.8890046696475205,0.1109953303524795
B→D,наивная MLE,16.350526664660176,0.8911010451249479,0.10889895487505208
B→D,наивная MLE,16.450836644197967,0.8931628746942211,0.10683712530577893
B→D,наивная MLE,16.55114662373576,0.8951906013850803,0.10480939861491968
B→D,наивная MLE,16.65145660327355,0.8971846658169781,0.10281533418302194
B→D,наивная MLE,16.751766582811346,0.8991455061124418,0.10085449388755817
B→D,наивная MLE,16.852076562349136,0.9010735578142643,0.09892644218573564
B→D,наивная MLE,16.95238654188693,0.9029692538064304,0.09703074619356954
B→D,наивная MLE,17.05269652142472,0.9048330242386896,0.09516697576131038
B→D,наивная MLE,17.153006500962515,0.9066652964546875,0.09333470354531245
B→D,наивная MLE,17.253316480500306,0.9084664949235681,0.09153350507643189
B→D,наивная MLE,17.3536264600381,0.9102370411749618,0.08976295882503817
B→D,наивная MLE,17.45393643957589,0.9119773537372752,0.08802264626272478
B→D,наивная MLE,17.554246419113685,0.913687848079199,0.08631215192080094
B→D,наивная MLE,17.654556398651476,0.9153689365543534,0.08463106344564662
B→D,наивная MLE,17.75486637818927,0.9170210283489904,0.08297897165100968
B→D,наивная MLE,17.85517635772706,0.9186445294326739,0.0813554705673261
B→D,наивная MLE,17.955486337264855,0.9202398425118616,0.07976015748813835
B→D,наивная MLE,18.05579631680265,0.9218073669863095,0.07819263301369046
B→D,наивная MLE,18.15610629634044,0.923347498908227,0.07665250109177298
B→D,наивная MLE,18.256416275878234,0.9248606309441082,0.07513936905589176
B→D,наивная MLE,18.356726255416024,0.9263471523391653,0.07365284766083471
B→D,наивная MLE,18.45703623495382,0.9278074488842957,0.07219255111570429
B→D,наивная MLE,18.55734621449161,0.9292419028855107,0.07075809711448929
B→D,наивная MLE,18.657656194029403,0.9306508931357587,0.06934910686424132
B→D,наивная MLE,18.757966173567194,0.932034794889074,0.06796520511092598
B→D,наивная MLE,18.85827615310499,0.9333939798369871,0.06660602016301283
B→D,наивная MLE,18.95858613264278,0.9347288160871294,0.06527118391287062
B→D,наивная MLE,19.058896112180573,0.9360396681439692,0.06396033185603074
B→D,наивная MLE,19.159206091718364,0.9373268968916182,0.06267310310838181
B→D,наивная MLE,19.259516071256158,0.9385908595786434,0.0614091404213566
B→D,наивная MLE,19.35982605079395,0.9398319098048281,0.06016809019517192
B→D,наивная MLE,19.460136030331743,0.94105039750982,0.05894960249017995
B→D,наивная MLE,19.560446009869533,0.94224666896361,0.05775333103639005
B→D,наивная MLE,19.660755989407328,0.9434210667587836,0.056578933241216475
B→D,наивная MLE,19.76106596894512,0.9445739298044908,0.05542607019550914
B→D,наивная MLE,19.861375948482912,0.9457055933220789,0.05429440667792105
B→D,наивная MLE,19.961685928020703,0.9468163888423333,0.05318361115766664
B→D,наивная MLE,20.061995907558497,0.9479066442042772,0.05209335579572278
B→D,наивная MLE,20.162305887096288,0.9489766835554753,0.05102331644452478
B→D,наивная MLE,20.262615866634082,0.9500268273537934,0.04997317264620663
B→D,наивная MLE,20.362925846171873,0.9510573923705639,0.04894260762943616
B→D,наивная MLE,20.463235825709667,0.9520686916951082,0.0479313083048918
B→D,наивная MLE,20.56354580524746,0.9530610347405704,0.04693896525942963
B→D,наивная MLE,20.66385578478525,0.9540347272510137,0.04596527274898632
B→D,наивная MLE,20.764165764323046,0.954990071309737,0.04500992869026301
B→D,наивная MLE,20.864475743860837,0.9559273653487648,0.044072634651235267
B→D,наивная MLE,20.96478572339863,0.9568469041594687,0.04315309584053134
B→D,наивная MLE,21.06509570293642,0.9577489789042778,0.042251021095722194
B→D,наивная MLE,21.165405682474216,0.9586338771294362,0.04136612287056385
B→D,наивная MLE,21.265715662012006,0.9595018827787667,0.04049811722123333
B→D,наивная MLE,21.3660256415498,0.960353276208403,0.03964672379159693
B→D,наивная MLE,21.46633562108759,0.9611883342024495,0.038811665797550444
B→D,наивная MLE,21.566645600625385,0.9620073299895316,0.03799267001046834
B→D,наивная MLE,21.666955580163176,0.9628105332602005,0.03718946673979952
B→D,наивная MLE,21.76726555970097,0.9635982101851551,0.036401789814844834
B→D,наивная MLE,21.86757553923876,0.9643706234342473,0.035629376565752664
B→D,наивная MLE,21.967885518776555,0.9651280321962342,0.034871967803765745
B→D,наивная MLE,22.068195498314346,0.965870692199246,0.034129307800753954
B→D,наивная MLE,22.16850547785214,0.9665988557319354,0.03340114426806463
B→D,наивная MLE,22.26881545738993,0.9673127716652767,0.032687228334723276
B→D,наивная MLE,22.369125436927725,0.9680126854749848,0.031987314525015284
B→D,наивная MLE,22.469435416465515,0.9686988392645209,0.03130116073547908
B→D,наивная MLE,22.56974539600331,0.9693714717886598,0.0306285282113402
B→D,наивная MLE,22.6700553755411,0.9700308184775843,0.029969181522415636
B→D,наивная MLE,22.770365355078894,0.9706771114614844,0.02932288853851556
B→D,наивная MLE,22.870675334616685,0.971310579595629,0.02868942040437095
B→D,наивная MLE,22.97098531415448,0.9719314484858874,0.02806855151411261
B→D,наивная MLE,23.07129529369227,0.9725399405146716,0.027460059485328408
B→D,наивная MLE,23.171605273230064,0.9731362748672765,0.026863725132723473
B→D,наивная MLE,23.271915252767858,0.9737206675585919,0.026279332441408104
B→D,наивная MLE,23.37222523230565,0.974293331460163,0.0257066685398371
B→D,наивная MLE,23.472535211843443,0.9748544763275762,0.025145523672423887
B→D,наивная MLE,23.572845191381234,0.975404308828148,0.024595691171852046
B→D,наивная MLE,23.673155170919028,0.975943032568894,0.024056967431105934
B→D,наивная MLE,23.77346515045682,0.9764708481247579,0.023529151875242092
B→D,наивная MLE,23.873775129994613,0.9769879530670783,0.023012046932921734
B→D,наивная MLE,23.974085109532403,0.9774945419922753,0.022505458007724768
B→D,наивная MLE,24.074395089070197,0.9779908065507354,0.022009193449264566
B→D,наивная MLE,24.174705068607988,0.9784769354758772,0.02152306452412276
B→D,наивная MLE,24.275015048145782,0.9789531146133781,0.021046885386621958
B→D,наивная MLE,24.375325027683573,0.9794195269505452,0.020580473049454727
B→D,наивная MLE,24.475635007221367,0.9798763526458144,0.020123647354185554
B→D,наивная MLE,24.575944986759158,0.9803237690583569,0.019676230941643103
B→D,наивная MLE,24.676254966296952,0.9807619507777817,0.01923804922221827
B→D,наивная MLE,24.776564945834743,0.9811910696539156,0.018808930346084447
B→D,наивная MLE,24.876874925372537,0.9816112948266454,0.018388705173354558
B→D,наивная MLE,24.977184904910327,0.98202279275581,0.017977207244190056
B→D,наивная MLE,25.07749488444812,0.9824257272511244,0.01757427274887557
B→D,наивная MLE,25.177804863985912,0.9828202595021265,0.01717974049787348
B→D,наивная MLE,25.278114843523706,0.9832065481081289,0.016793451891871133
B→D,наивная MLE,25.378424823061497,0.9835847491081658,0.016415250891834113
B→D,наивная MLE,25.47873480259929,0.9839550160109228,0.016044983989077218
B→D,наивная MLE,25.579044782137082,0.9843174998246342,0.015682500175365738
B→D,наивная MLE,25.679354761674876,0.9846723490869418,0.015327650913058159
B→D,наивная MLE,25.77966474121267,0.9850197098946986,0.014980290105301462
B→D,наивная MLE,25.87997472075046,0.9853597259337102,0.014640274066289776
B→D,наивная MLE,25.980284700288255,0.9856925385084037,0.01430746149159639
B→D,наивная MLE,26.080594679826046,0.9860182865714103,0.01398171342858965
B→D,наивная MLE,26.18090465936384,0.9863371067530587,0.0136628932469413
B→D,наивная MLE,26.28121463890163,0.9866491333907625,0.01335086660923747
B→D,наивная MLE,26.381524618439425,0.9869544985582999,0.013045501441700136
B→D,наивная MLE,26.481834597977215,0.9872533320949718,0.012746667905028198
B→D,наивная MLE,26.58214457751501,0.9875457616346341,0.012454238365365824
B→D,наивная MLE,26.6824545570528,0.987831912634594,0.012168087365406031
B→D,наивная MLE,26.782764536590594,0.9881119084043634,0.01188809159563667
B→D,наивная MLE,26.883074516128385,0.9883858701342636,0.011614129865736357
B→D,наивная MLE,26.98338449566618,0.9886539169238735,0.011346083076126452
B→D,наивная MLE,27.08369447520397,0.9889161658103136,0.011083834189686345
B→D,наивная MLE,27.184004454741764,0.9891727317963624,0.010827268203637518
B→D,наивная MLE,27.284314434279555,0.9894237278783973,0.010576272121602719
B→D,наивная MLE,27.38462441381735,0.9896692650741543,0.010330734925845688
B→D,наивная MLE,27.48493439335514,0.9899094524503033,0.010090547549696738
B→D,наивная MLE,27.585244372892934,0.9901443971498307,0.009855602850169311
B→D,наивная MLE,27.685554352430724,0.9903742044192277,0.009625795580772282
B→D,наивная MLE,27.78586433196852,0.9905989776354776,0.009401022364522471
B→D,наивная MLE,27.88617431150631,0.9908188183328381,0.009181181667161881
B→D,наивная MLE,27.986484291044103,0.9910338262294166,0.008966173770583416
B→D,наивная MLE,28.086794270581894,0.991244099253531,0.00875590074646907
B→D,наивная MLE,28.18710425011969,0.9914497335698558,0.008550266430144225
B→D,наивная MLE,28.287414229657482,0.9916508236053487,0.008349176394651239
B→D,наивная MLE,28.387724209195273,0.9918474620749543,0.0081525379250457
B→D,наивная MLE,28.488034188733067,0.9920397400070821,0.007960259992917976
B→D,наивная MLE,28.588344168270858,0.9922277467688567,0.007772253231143251
B→D,наивная MLE,28.688654147808652,0.9924115700911379,0.007588429908862071
B→D,наивная MLE,28.788964127346443,0.9925912960933058,0.007408703906694187
B→D,наивная MLE,28.889274106884237,0.9927670093078124,0.007232990692187583
B→D,наивная MLE,28.989584086422028,0.9929387927044953,0.0070612072955047855
B→D,наивная MLE,29.08989406595982,0.9931067277146518,0.006893272285348239
B→D,наивная MLE,29.190204045497612,0.9932708942548736,0.0067291057451264145
B→D,наивная MLE,29.290514025035407,0.993431370750638,0.006568629249361999
B→D,наивная MLE,29.390824004573197,0.9935882341596562,0.006411765840343718
B→D,наивная MLE,29.49113398411099,0.9937415599949774,0.006258440005022653
B→D,наивная MLE,29.591443963648782,0.9938914223478457,0.006108577652154334
B→D,наивная MLE,29.691753943186576,0.9940378939103127,0.005962106089687291
B→D,наивная MLE,29.792063922724367,0.9941810459976012,0.005818954002398892
B→D,наивная MLE,29.89237390226216,0.994320948570221,0.0056790514297789686
B→D,наивная MLE,29.99268388179995,0.9944576702558382,0.00554232974416182
B→D,с учётом цензуры,0.0,0.0,1.0
B→D,с учётом цензуры,0.10030997953779248,0.0014548159505786687,0.9985451840494214
B→D,с учётом цензуры,0.20061995907558497,0.0039043384067476337,0.9960956615932524
B→D,с учётом цензуры,0.30092993861337747,0.006950105225948439,0.9930498947740516
B→D,с учётом цензуры,0.40123991815116994,0.010456553919720467,0.9895434460802796
B→D,с учётом цензуры,0.5015498976889624,0.014345974476092597,0.9856540255239074
B→D,с учётом цензуры,0.6018598772267549,0.01856583146343936,0.9814341685365606
B→D,с учётом цензуры,0.7021698567645474,0.023077267463531486,0.9769227325364686
B→D,с учётом цензуры,0.8024798363023399,0.027849843347307637,0.9721501566526923
B→D,с учётом цензуры,0.9027898158401324,0.03285874179095662,0.9671412582090434
B→D,с учётом цензуры,1.0030997953779248,0.038083124624261604,0.9619168753757384
B→D,с учётом цензуры,1.1034097749157172,0.04350509628254468,0.9564949037174553
B→D,с учётом цензуры,1.2037197544535099,0.04910901326690378,0.9508909867330962
B→D,с учётом цензуры,1.3040297339913023,0.05488100408464759,0.9451189959153524
B→D,с учётом цензуры,1.4043397135290947,0.06080862382357432,0.9391913761764257
B→D,с учётом цензуры,1.5046496930668873,0.06688059843203217,0.9331194015679678
B→D,с учётом цензуры,1.6049596726046798,0.07308663082723395,0.926913369172766
B→D,с учётом цензуры,1.7052696521424722,0.07941725085196596,0.9205827491480341
B→D,с учётом цензуры,1.8055796316802648,0.08586369709724499,0.914136302902755
B→D,с учётом цензуры,1.9058896112180572,0.09241782237757724,0.9075821776224228
B→D,с учётом цензуры,2.0061995907558496,0.09907201708979313,0.9009279829102068
B→D,с учётом цензуры,2.106509570293642,0.10581914631559343,0.8941808536844066
B→D,с учётом цензуры,2.2068195498314345,0.11265249764023291,0.8873475023597671
B→D,с учётом цензуры,2.3071295293692273,0.11956573743554656,0.8804342625644535
B→D,с учётом цензуры,2.4074395089070197,0.12655287390699654,0.8734471260930035
B→D,с учётом цензуры,2.507749488444812,0.13360822560320829,0.8663917743967917
B→D,с учётом цензуры,2.6080594679826046,0.14072639437933357,0.8592736056206665
B→D,с учётом цензуры,2.708369447520397,0.14790224202370247,0.8520977579762975
B→D,с учётом цензуры,2.8086794270581894,0.1551308699217757,0.8448691300782243
B→D,с учётом цензуры,2.9089894065959823,0.16240760125700285,0.8375923987429972
B→D,с учётом цензуры,3.0092993861337747,0.1697279653451005,0.8302720346548995
B→D,с учётом цензуры,3.109609365671567,0.17708768377377518,0.8229123162262248
B→D,с учётом цензуры,3.2099193452093595,0.18448265807931227,0.8155173419206877
B→D,с учётом цензуры,3.310229324747152,0.19190895873855923,0.8080910412614407
B→D,с учётом цензуры,3.4105393042849443,0.19936281529250316,0.8006371847074969
B→D,с учётом цензуры,3.5108492838227368,0.2068406074479838,0.7931593925520162
B→D,с учётом цензуры,3.6111592633605296,0.21433885702869723,0.7856611429713027
B→D,с учётом цензуры,3.711469242898322,0.2218542206667372,0.7781457793332628
B→D,с учётом цензуры,3.8117792224361144,0.22938348314243,0.77061651685757
B→D,с учётом цензуры,3.912089201973907,0.23692355129385145,0.7630764487061485
B→D,с учётом цензуры,4.012399181511699,0.24447144842874508,0.7555285515712549
B→D,с учётом цензуры,4.112709161049492,0.25202430918101426,0.7479756908189857
B→D,с учётом цензуры,4.213019140587284,0.2595793747618964,0.7404206252381036
B→D,с учётом цензуры,4.3133291201250765,0.2671339885626132,0.7328660114373867
B→D,с учётом цензуры,4.413639099662869,0.2746855920709496,0.7253144079290504
B→D,с учётом цензуры,4.513949079200662,0.28223172106902283,0.717768278930977
B→D,с учётом цензуры,4.614259058738455,0.2897700020836125,0.7102299979163875
B→D,с учётом цензуры,4.714569038276247,0.29729814906392804,0.702701850936072
B→D,с учётом цензуры,4.8148790178140395,0.30481396026471985,0.6951860397352801
B→D,с учётом цензуры,4.915188997351832,0.3123153153152383,0.6876846846847617
B→D,с учётом цензуры,5.015498976889624,0.31980017245680264,0.6801998275431974
B→D,с учётом цензуры,5.115808956427417,0.3272665659336942,0.6727334340663058
B→D,с учётом цензуры,5.216118935965209,0.33471260352379134,0.6652873964762086
B→D,с учётом цензуры,5.316428915503002,0.3421364641968504,0.6578635358031496
B→D,с учётом цензуры,5.416738895040794,0.34953639588963087,0.6504636041103692
B→D,с учётом цензуры,5.517048874578586,0.35691071338821256,0.6430892866117874
B→D,с учётом цензуры,5.617358854116379,0.3642577963088436,0.6357422036911564
B→D,с учётом цензуры,5.717668833654171,0.37157608716955304,0.628423912830447
B→D,с учётом цензуры,5.8179788131919645,0.3788640895455348,0.6211359104544651
B→D,с учётом цензуры,5.918288792729757,0.386120366302005,0.6138796336979949
B→D,с учётом цензуры,6.018598772267549,0.39334353789884713,0.606656462101153
B→D,с учётом цензуры,6.118908751805342,0.40053228076190417,0.5994677192380958
B→D,с учётом цензуры,6.219218731343134,0.4076853257162646,0.5923146742837354
B→D,с учётом цензуры,6.319528710880927,0.41480145647731925,0.5851985435226807
B→D,с учётом цензуры,6.419838690418719,0.4218795081957557,0.5781204918042443
B→D,с учётом цензуры,6.520148669956511,0.4289183660530046,0.5710816339469954
B→D,с учётом цензуры,6.620458649494304,0.4359169639039593,0.5640830360960407
B→D,с учётом цензуры,6.720768629032096,0.4428742829640744,0.5571257170359256
B→D,с учётом цензуры,6.821078608569889,0.44978935053819646,0.5502106494618035
B→D,с учётом цензуры,6.921388588107681,0.4566612387887079,0.5433387612112921
B→D,с учётом цензуры,7.0216985676454735,0.46348906354077046,0.5365109364592295
B→D,с учётом цензуры,7.122008547183267,0.4702719831226342,0.5297280168773658
B→D,с учётом цензуры,7.222318526721059,0.47700919723915336,0.5229908027608466
B→D,с учётом цензуры,7.322628506258852,0.48369994587679077,0.5163000541232092
B→D,с учётом цензуры,7.422938485796644,0.49034350823853967,0.5096564917614603
B→D,с учётом цензуры,7.5232484653344365,0.496939201707307,0.503060798292693
B→D,с учётом цензуры,7.623558444872229,0.5034863808364222,0.49651361916357784
B→D,с учётом цензуры,7.723868424410021,0.509984436366033,0.49001556363396703
B→D,с учётом цензуры,7.824178403947814,0.5164327942642473,0.4835672057357528
B→D,с учётом цензуры,7.924488383485606,0.5228309147919605,0.4771690852080394
B→D,с учётом цензуры,8.024798363023399,0.5291782915903913,0.47082170840960863
B→D,с учётом цензуры,8.125108342561191,0.535474450790413,0.46452554920958705
B→D,с учётом цензуры,8.225418322098983,0.5417189501428374,0.4582810498571625
B→D,с учётом цензуры,8.325728301636776,0.5479113781688676,0.4520886218311324
B→D,с учётом цензуры,8.426038281174568,0.554051353329982,0.445948646670018
B→D,с учётом цензуры,8.52634826071236,0.5601385232165759,0.4398614767834242
B→D,с учётом цензуры,8.626658240250153,0.5661725637547159,0.433827436245284
B→D,с учётом цензуры,8.726968219787945,0.5721531784304197,0.42784682156958026
B→D,с учётом цензуры,8.827278199325738,0.5780800975308971,0.42191990246910294
B→D,с учётом цензуры,8.92758817886353,0.5839530774022377,0.4160469225977623
B→D,с учётом цензуры,9.027898158401324,0.5897718997230506,0.4102281002769495
B→D,с учётом цензуры,9.128208137939117,0.5955363707935979,0.4044636292064021
B→D,с учётом цензуры,9.22851811747691,0.6012463208399914,0.39875367916000864
B→D,с учётом цензуры,9.328828097014702,0.6069016033330408,0.39309839666695917
B→D,с учётом цензуры,9.429138076552494,0.612502094321373,0.38749790567862696
B→D,с учётом цензуры,9.529448056090287,0.618047691778456,0.381952308221544
B→D,с учётом цензуры,9.629758035628079,0.6235383149631859,0.37646168503681404
B→D,с учётом цензуры,9.730068015165871,0.6289739037937105,0.3710260962062894
B→D,с учётом цензуры,9.830377994703664,0.6343544182341805,0.3656455817658195
B→D,с учётом цензуры,9.930687974241456,0.6396798376941335,0.36032016230586655
B→D,с учётом цензуры,10.030997953779249,0.6449501604402348,0.35504983955976516
B→D,с учётом цензуры,10.131307933317041,0.650165403020105,0.349834596979895
B→D,с учётом цензуры,10.231617912854833,0.6553255996979808,0.34467440030201923
B→D,с учётом цензуры,10.331927892392626,0.6604308019019687,0.3395691980980314
B→D,с учётом цензуры,10.432237871930418,0.6654810776826554,0.33451892231734465
B→D,с учётом цензуры,10.53254785146821,0.670476511182854,0.329523488817146
B→D,с учётом цензуры,10.632857831006003,0.6754172021182705,0.32458279788172945
B→D,с учётом цензуры,10.733167810543796,0.6803032652688867,0.3196967347311133
B→D,с учётом цензуры,10.833477790081588,0.6851348299808571,0.31486517001914294
B→D,с учётом цензуры,10.93378776961938,0.6899120396787337,0.3100879603212663
B→D,с учётом цензуры,11.034097749157173,0.6946350513878292,0.30536494861217084
B→D,с учётом цензуры,11.134407728694965,0.6993040352665428,0.30069596473345717
B→D,с учётом цензуры,11.234717708232758,0.7039191741484752,0.29608082585152484
B→D,с учётом цензуры,11.33502768777055,0.7084806630941625,0.2915193369058375
B→D,с учётом цензуры,11.435337667308342,0.7129887089522711,0.287011291047729
B→D,с учётом цензуры,11.535647646846135,0.717443529930089,0.28255647006991097
B→D,с учётом цензуры,11.635957626383929,0.7218453551731658,0.27815464482683416
B→D,с учётом цензуры,11.736267605921721,0.7261944243539453,0.27380557564605473
B→D,с учётом цензуры,11.836577585459514,0.7304909872692484,0.2695090127307516
B→D,с учётом цензуры,11.936887564997306,0.7347353034464624,0.26526469655353757
B→D,с учётом цензуры,12.037197544535099,0.7389276417582951,0.2610723582417049
B→D,с учётом цензуры,12.137507524072891,0.7430682800459587,0.25693171995404135
B→D,с учётом цензуры,12.237817503610684,0.7471575047506488,0.2528424952493512
B→D,с учётом цензуры,12.338127483148476,0.7511956105531882,0.2488043894468118
B→D,с учётом цензуры,12.438437462686268,0.7551829000217047,0.24481709997829526
B→D,с учётом цензуры,12.53874744222406,0.7591196832672178,0.24088031673278215
B→D,с учётом цензуры,12.639057421761853,0.7630062776070106,0.23699372239298944
B→D,с учётом цензуры,12.739367401299646,0.7668430072356627,0.23315699276433735
B→D,с учётом цензуры,12.839677380837438,0.770630202903626,0.229369797096374
B→D,с учётом цензуры,12.93998736037523,0.7743682016032234,0.22563179839677658
B→D,с учётом цензуры,13.040297339913023,0.7780573462619551,0.22194265373804484
B→D,с учётом цензуры,13.140607319450815,0.7816979854429966,0.2183020145570034
B→D,с учётом цензуры,13.240917298988608,0.7852904730527754,0.21470952694722456
B→D,с учётом цензуры,13.3412272785264,0.7888351680555152,0.21116483194448482
B→D,с учётом цензуры,13.441537258064193,0.7923324341946364,0.20766756580536364
B→D,с учётом цензуры,13.541847237601985,0.7957826397209048,0.20421736027909523
B→D,с учётом цензуры,13.642157217139777,0.7991861571272201,0.20081384287277998
B→D,с учётом цензуры,13.74246719667757,0.8025433628899385,0.19745663711006142
B→D,с учётом цензуры,13.842777176215362,0.8058546372166253,0.19414536278337471
B→D,с учётом цензуры,13.943087155753155,0.8091203638001302,0.19087963619986978
B→D,с учётом цензуры,14.043397135290947,0.8123409295788879,0.18765907042111205
B→D,с учётом цензуры,14.143707114828741,0.8155167245033383,0.1844832754966617
B→D,с учётом цензуры,14.244017094366534,0.8186481413083668,0.18135185869163323
B→D,с учётом цензуры,14.344327073904326,0.8217355752916675,0.17826442470833248
B→D,с учётом цензуры,14.444637053442118,0.8247794240979278,0.17522057590207213
B→D,с учётом цензуры,14.54494703297991,0.8277800875087401,0.1722199124912599
B→D,с учётом цензуры,14.645257012517703,0.8307379672381418,0.16926203276185828
B→D,с учётом цензуры,14.745566992055496,0.8336534667336903,0.16634653326630966
B→D,с учётом цензуры,14.845876971593288,0.8365269909829784,0.16347300901702158
B→D,с учётом цензуры,14.94618695113108,0.8393589463254952,0.16064105367450476
B→D,с учётом цензуры,15.046496930668873,0.8421497402697424,0.15785025973025754
B→D,с учётом цензуры,15.146806910206665,0.8448997813155131,0.15510021868448684
B→D,с учётом цензуры,15.247116889744458,0.8476094787812427,0.15239052121875735
B→D,с учётом цензуры,15.34742686928225,0.8502792426363429,0.14972075736365706
B→D,с учётом цензуры,15.447736848820043,0.8529094833384305,0.14709051666156953
B→D,с учётом цензуры,15.548046828357835,0.8555006116753607,0.14449938832463932
B→D,с учётом цензуры,15.648356807895627,0.8580530386119818,0.14194696138801827
B→D,с учётом цензуры,15.74866678743342,0.8605671751415221,0.13943282485847786
B→D,с учётом цензуры,15.848976766971212,0.8630434321415263,0.13695656785847363
B→D,с учётом цензуры,15.949286746509005,0.8654822202342545,0.1345177797657455
B→D,с учётом цензуры,16.049596726046797,0.8678839496514633,0.13211605034853666
B→D,с учётом цензуры,16.14990670558459,0.8702490301034853,0.1297509698965147
B→D,с учётом цензуры,16.250216685122382,0.8725778706525243,0.12742212934747568
B→D,с учётом цензуры,16.350526664660176,0.8748708795900879,0.12512912040991211
B→D,с учётом цензуры,16.450836644197967,0.8771284643184752,0.12287153568152477
B→D,с учётом цензуры,16.55114662373576,0.8793510312362434,0.12064896876375664
B→D,с учётом цензуры,16.65145660327355,0.8815389856275714,0.11846101437242865
B→D,с учётом цензуры,16.751766582811346,0.8836927315554479,0.11630726844455208
B→D,с учётом цензуры,16.852076562349136,0.8858126717586036,0.1141873282413964
B→D,с учётом цензуры,16.95238654188693,0.8878992075521144,0.11210079244788564
B→D,с учётом цензуры,17.05269652142472,0.8899527387315997,0.1100472612684003
B→D,с учётом цензуры,17.153006500962515,0.8919736634809436,0.1080263365190564
B→D,с учётом цензуры,17.253316480500306,0.8939623782834644,0.10603762171653566
B→D,с учётом цензуры,17.3536264600381,0.8959192778364615,0.10408072216353843
B→D,с учётом цензуры,17.45393643957589,0.8978447549690691,0.10215524503093092
B→D,с учётом цензуры,17.554246419113685,0.8997392005633442,0.1002607994366558
B→D,с учётом цензуры,17.654556398651476,0.9016030034785225,0.09839699652147753
B→D,с учётом цензуры,17.75486637818927,0.9034365504783719,0.09656344952162811
B→D,с учётом цензуры,17.85517635772706,0.905240226161576,0.09475977383842409
B→D,с учётом цензуры,17.955486337264855,0.9070144128950813,0.09298558710491867
B→D,с учётом цензуры,18.05579631680265,0.9087594907503431,0.09124050924965688
B→D,с учётом цензуры,18.15610629634044,0.9104758374424023,0.0895241625575977
B→D,с учётом цензуры,18.256416275878234,0.9121638282717326,0.08783617172826738
B→D,с учётом цензуры,18.356726255416024,0.9138238360687917,0.08617616393120835
B→D,с учётом цензуры,18.45703623495382,0.9154562311412161,0.08454376885878394
B→D,с учётом цензуры,18.55734621449161,0.9170613812235967,0.08293861877640328
B→D,с учётом цензуры,18.657656194029403,0.9186396514297756,0.08136034857022445
B→D,с учётом цензуры,18.757966173567194,0.9201914042076023,0.07980859579239769
B→D,с учётом цензуры,18.85827615310499,0.9217169992960937,0.07828300070390622
B→D,с учётом цензуры,18.95858613264278,0.9232167936849359,0.07678320631506408
B→D,с учётом цензуры,19.058896112180573,0.9246911415762727,0.07530885842372727
B→D,с учётом цензуры,19.159206091718364,0.9261403943487247,0.07385960565127526
B→D,с учётом цензуры,19.259516071256158,0.927564900523582,0.07243509947641799
B→D,с учётом цензуры,19.35982605079395,0.9289650057331164,0.07103499426688364
B→D,с учётом цензуры,19.460136030331743,0.9303410526909592,0.06965894730904072
B→D,с учётом цензуры,19.560446009869533,0.9316933811644922,0.06830661883550779
B→D,с учётом цензуры,19.660755989407328,0.9330223279491976,0.06697767205080235
B→D,с учётом цензуры,19.76106596894512,0.9343282268449177,0.06567177315508228
B→D,с учётом цензуры,19.861375948482912,0.9356114086339726,0.06438859136602736
B→D,с учётом цензуры,19.961685928020703,0.9368722010610862,0.06312779893891386
B→D,с учётом цензуры,20.061995907558497,0.9381109288150712,0.0618890711849288
B→D,с учётом цензуры,20.162305887096288,0.9393279135122264,0.06067208648777352
B→D,с учётом цензуры,20.262615866634082,0.9405234736813972,0.05947652631860275
B→D,с учётом цензуры,20.362925846171873,0.9416979247506527,0.05830207524934726
B→D,с учётом цензуры,20.463235825709667,0.9428515790355362,0.05714842096446377
B→D,с учётом цензуры,20.56354580524746,0.9439847457288407,0.056015254271159325
B→D,с учётом цензуры,20.66385578478525,0.9450977308918671,0.05490226910813288
B→D,с учётом цензуры,20.764165764323046,0.9461908374471225,0.053809162552877515
B→D,с учётом цензуры,20.864475743860837,0.9472643651724127,0.05273563482758725
B→D,с учётом цензуры,20.96478572339863,0.9483186106962915,0.05168138930370847
B→D,с учётом цензуры,21.06509570293642,0.9493538674948213,0.050646132505178694
B→D,с учётом цензуры,21.165405682474216,0.9503704258896079,0.04962957411039212
B→D,с учётом цензуры,21.265715662012006,0.9513685730470681,0.048631426952931836
B→D,с учётом цензуры,21.3660256415498,0.9523485929788925,0.04765140702110747
B→D,с учётом цензуры,21.46633562108759,0.9533107665436631,0.04668923345633693
B→D,с учётом цензуры,21.566645600625385,0.9542553714495913,0.04574462855040868
B→D,с учётом цензуры,21.666955580163176,0.9551826822583377,0.04481731774166236
B→D,с учётом цензуры,21.76726555970097,0.9560929703898774,0.043907029610122605
B→D,с учётом цензуры,21.86757553923876,0.9569865041283776,0.04301349587162239
B→D,с учётом цензуры,21.967885518776555,0.9578635486290502,0.04213645137094974
B→D,с учётом цензуры,22.068195498314346,0.9587243659259481,0.041275634074051916
B→D,с учётом цензуры,22.16850547785214,0.9595692149406698,0.040430785059330135
B→D,с учётом цензуры,22.26881545738993,0.960398351491942,0.03960164850805799
B→D,с учётом цензуры,22.369125436927725,0.9612120283060459,0.038787971693954114
B→D,с учётом цензуры,22.469435416465515,0.9620104950280582,0.037989504971941736
B→D,с учётом цензуры,22.56974539600331,0.9627939982338756,0.03720600176612442
B→D,с учётом цензуры,22.6700553755411,0.9635627814429912,0.03643721855700877
B→D,с учётом цензуры,22.770365355078894,0.9643170851319975,0.035682914868002465
B→D,с учётом цензуры,22.870675334616685,0.9650571467487827,0.0349428532512173
B→D,с учётом цензуры,22.97098531415448,0.9657832007273961,0.034216799272603876
B→D,с учётом цензуры,23.07129529369227,0.9664954785035533,0.03350452149644666
B→D,с учётом цензуры,23.171605273230064,0.9671942085307551,0.032805791469244894
B→D,с учётом цензуры,23.271915252767858,0.9678796162969935,0.032120383703006496
B→D,с учётом цензуры,23.37222523230565,0.9685519243420201,0.03144807565797987
B→D,с учётом цензуры,23.472535211843443,0.9692113522751513,0.030788647724848715
B→D,с учётом цензуры,23.572845191381234,0.9698581167935856,0.030141883206414477
B→D,с учётом цензуры,23.673155170919028,0.9704924317012104,0.02950756829878966
B→D,с учётом цензуры,23.77346515045682,0.9711145079278739,0.02888549207212614
B→D,с учётом цензуры,23.873775129994613,0.9717245535491,0.02827544645089995
B→D,с учётом цензуры,23.974085109532403,0.9723227738062241,0.027677226193775935
B→D,с учётом цензуры,24.074395089070197,0.9729093711269272,0.027090628873072838
B→D,с учётом цензуры,24.174705068607988,0.9734845451461495,0.02651545485385059
B→D,с учётом цензуры,24.275015048145782,0.9740484927273602,0.02595150727263985
B→D,с учётом цензуры,24.375325027683573,0.9746014079841658,0.02539859201583416
B→D,с учётом цензуры,24.475635007221367,0.9751434823022361,0.02485651769776388
B→D,с учётом цензуры,24.575944986759158,0.9756749043615285,0.024325095638471503
B→D,с учётом цензуры,24.676254966296952,0.976195860158794,0.023804139841205944
B→D,с учётом цензуры,24.776564945834743,0.9767065330303452,0.023293466969654855
B→D,с учётом цензуры,24.876874925372537,0.9772071036750682,0.022792896324931738
B→D,с учётом цензуры,24.977184904910327,0.9776977501776647,0.022302249822335342
B→D,с учётом цензуры,25.07749488444812,0.9781786480321022,0.02182135196789778
B→D,с учётом цензуры,25.177804863985912,0.9786499701652622,0.02135002983473776
B→D,с учётом цензуры,25.278114843523706,0.9791118869607657,0.020888113039234327
B→D,с учётом цензуры,25.378424823061497,0.9795645662829632,0.020435433717036773
B→D,с учётом цензуры,25.47873480259929,0.9800081735010749,0.0199918264989251
B→D,с учётом цензуры,25.579044782137082,0.9804428715134639,0.01955712848653607
B→D,с учётом цензуры,25.679354761674876,0.9808688207720317,0.019131179227968198
B→D,с учётом цензуры,25.77966474121267,0.9812861793067201,0.01871382069327986
B→D,с учётом цензуры,25.87997472075046,0.9816951027501067,0.01830489724989328
B→D,с учётом цензуры,25.980284700288255,0.9820957443620825,0.017904255637917497
B→D,с учётом цензуры,26.080594679826046,0.9824882550545975,0.017511744945402582
B→D,с учётом цензуры,26.18090465936384,0.9828727834164628,0.01712721658353723
B→D,с учётом цензуры,26.28121463890163,0.9832494757381988,0.01675052426180125
B→D,с учётом цензуры,26.381524618439425,0.9836184760369155,0.016381523963084437
B→D,с учётом цензуры,26.481834597977215,0.9839799260812173,0.016020073918782695
B→D,с учётом цензуры,26.58214457751501,0.9843339654161181,0.015666034583881935
B→D,с учётом цензуры,26.6824545570528,0.98468073138796,0.015319268612040032
B→D,с учётом цензуры,26.782764536590594,0.9850203591693232,0.014979640830676813
B→D,с учётом цензуры,26.883074516128385,0.9853529817839184,0.014647018216081662
B→D,с учётом цензуры,26.98338449566618,0.9856787301314522,0.014321269868547766
B→D,с учётом цензуры,27.08369447520397,0.9859977330124577,0.014002266987542282
B→D,с учётом цензуры,27.184004454741764,0.9863101171530791,0.013689882846920815
B→D,с учётом цензуры,27.284314434279555,0.9866160072298055,0.013383992770194532
B→D,с учётом цензуры,27.38462441381735,0.986915525894142,0.01308447410585801
B→D,с учётом цензуры,27.48493439335514,0.9872087937972144,0.012791206202785635
B→D,с учётом цензуры,27.585244372892934,0.9874959296142963,0.01250407038570365
B→D,с учётом цензуры,27.685554352430724,0.9877770500692544,0.012222949930745545
B→D,с учётом цензуры,27.78586433196852,0.988052269958903,0.011947730041097003
B→D,с учётом цензуры,27.88617431150631,0.9883217021772622,0.01167829782273782
B→D,с учётом цензуры,27.986484291044103,0.9885854577397136,0.011414542260286372
B→D,с учётом цензуры,28.086794270581894,0.9888436458070466,0.011156354192953338
B→D,с учётом цензуры,28.18710425011969,0.9890963737093899,0.01090362629061012
B→D,с учётом цензуры,28.287414229657482,0.989343746970022,0.010656253029977966
B→D,с учётом цензуры,28.387724209195273,0.9895858693290573,0.010414130670942691
B→D,с учётом цензуры,28.488034188733067,0.9898228427669994,0.010177157233000587
B→D,с учётом цензуры,28.588344168270858,0.9900547675281598,0.00994523247184019
B→D,с учётом цензуры,28.688654147808652,0.9902817421439354,0.009718257856064571
B→D,с учётом цензуры,28.788964127346443,0.9905038634559411,0.009496136544058866
B→D,с учётом цензуры,28.889274106884237,0.9907212266389931,0.009278773361006925
B→D,с учётом цензуры,28.989584086422028,0.9909339252239384,0.009066074776061566
B→D,с учётом цензуры,29.08989406595982,0.991142051120328,0.008857948879671925
B→D,с учётом цензуры,29.190204045497612,0.9913456946389282,0.008654305361071854
B→D,с учётом цензуры,29.290514025035407,0.9915449445140674,0.008455055485932565
B→D,с учётом цензуры,29.390824004573197,0.9917398879258169,0.008260112074183045
B→D,с учётом цензуры,29.49113398411099,0.9919306105219988,0.008069389478001196
B→D,с учётом цензуры,29.591443963648782,0.9921171964400213,0.00788280355997869
B→D,с учётом цензуры,29.691753943186576,0.9922997283285377,0.007700271671462228
B→D,с учётом цензуры,29.792063922724367,0.9924782873689261,0.007521712631073938
B→D,с учётом цензуры,29.89237390226216,0.9926529532965869,0.007347046703413119
B→D,с учётом цензуры,29.99268388179995,0.9928238044220582,0.007176195577941824
C→B,истина,0.0,0.0,1.0
C→B,истина,0.05077503236363813,0.016782587430412915,0.9832174125695871
C→B,истина,0.10155006472727626,0.033283519619966374,0.9667164803800337
C→B,истина,0.1523250970909144,0.04950752347236533,0.9504924765276347
C→B,истина,0.20310012945455252,0.06545924656164005,0.93454075343836
C→B,истина,0.25387516181819064,0.08114325846350329,0.9188567415364968
C→B,истина,0.3046501941818288,0.09656405206436387,0.9034359479356361
C→B,истина,0.35542522654546693,0.11172604484837165,0.8882739551516283
C→B,истина,0.40620025890910505,0.12663358016286252,0.8733664198371375
C→B,истина,0.45697529127274317,0.14129092846256597,0.858709071537434
C→B,истина,0.5077503236363813,0.15570228853293167,0.8442977114670683
C→B,истина,0.5585253560000194,0.16987178869292524,0.8301282113070747
C→B,истина,0.6093003883636576,0.18380348797763854,0.8161965120223614
C→B,истина,0.6600754207272957,0.19750137730105186,0.8024986226989481
C→B,истина,0.7108504530909339,0.21096938059928289,0.7890306194007171
C→B,истина,0.761625485454572,0.2242113559546483,0.7757886440453517
C→B,истина,0.8124005178182101,0.23723109670086087,0.762768903299139
C→B,истина,0.8631755501818482,0.2500323325096789,0.7499676674903211
C→B,истина,0.9139505825454863,0.26261873045931794,0.737381269540682
C→B,истина,0.9647256149091245,0.2749938960849334,0.7250061039150666
C→B,истина,1.0155006472727626,0.287161374411471,0.712838625588529
C→B,истина,1.0662756796364008,0.2991246509691859,0.700875349030814
C→B,истина,1.1170507120000388,0.31088715279211665,0.6891128472078834
C→B,истина,1.167825744363677,0.3224522493998037,0.6775477506001962
C→B,истина,1.2186007767273153,0.33382325376253125,0.6661767462374688
C→B,истина,1.2693758090909533,0.3450034232503695,0.6549965767496305
C→B,истина,1.3201508414545915,0.35599596056629135,0.6440040394337087
C→B,истина,1.3709258738182295,0.36680401466362655,0.6331959853363734
C→B,истина,1.4217009061818677,0.3774306816481207,0.6225693183518792
C→B,истина,1.4724759385455057,0.3878790056648538,0.6121209943351463
C→B,истина,1.523250970909144,0.3981519797702746,0.6018480202297254
C→B,истина,1.574026003272782,0.4082525467896009,0.5917474532103991
C→B,истина,1.6248010356364202,0.4181836001598286,0.5818163998401714
C→B,истина,1.6755760680000584,0.4279479847585944,0.5720520152414056
C→B,истина,1.7263511003636964,0.4375484977191272,0.5624515022808728
C→B,истина,1.7771261327273347,0.446987889231523,0.553012110768477
C→B,истина,1.8279011650909727,0.45626886333057204,0.543731136669428
C→B,истина,1.878676197454611,0.46539407867036464,0.5346059213296354
C→B,истина,1.929451229818249,0.4743661492858956,0.5256338507141044
C→B,истина,1.9802262621818871,0.48318764534188974,0.5168123546581103
C→B,истина,2.031001294545525,0.49186109386905696,0.508138906130943
C→B,истина,2.0817763269091634,0.5003889794879939,0.49961102051200607
C→B,истина,2.1325513592728016,0.5087737451209344,0.4912262548790655
C→B,истина,2.18332639163644,0.5170177926915567,0.48298220730844327
C→B,истина,2.2341014240000776,0.5251234838130445,0.47487651618695553
C→B,истина,2.284876456363716,0.533093140464602,0.46690685953539807
C→B,истина,2.335651488727354,0.5409290456566143,0.45907095434338574
C→B,истина,2.3864265210909923,0.5486334440846452,0.45136655591535474
C→B,истина,2.4372015534546305,0.556208542772459,0.44379145722754093
C→B,истина,2.4879765858182683,0.5636565117042506,0.4363434882957494
C→B,истина,2.5387516181819065,0.5709794844462655,0.4290205155537346
C→B,истина,2.5895266505455448,0.5781795587579868,0.42182044124201323
C→B,истина,2.640301682909183,0.5852587971930663,0.4147412028069338
C→B,истина,2.6910767152728208,0.5922192276901681,0.4077807723098319
C→B,истина,2.741851747636459,0.5990628441538992,0.4009371558461008
C→B,истина,2.7926267800000972,0.6057916070259874,0.3942083929740125
C→B,истина,2.8434018123637355,0.6124074438468764,0.3875925561531236
C→B,истина,2.8941768447273737,0.6189122498078935,0.3810877501921065
C→B,истина,2.9449518770910115,0.6253078882941518,0.3746921117058482
C→B,истина,2.9957269094546497,0.6315961914183412,0.3684038085816587
C→B,истина,3.046501941818288,0.63777896054556,0.36222103945443995
C→B,истина,3.097276974181926,0.6438579668093393,0.35614203319066073
C→B,истина,3.148052006545564,0.6498349516190065,0.35016504838099355
C→B,истина,3.198827038909202,0.6557116271585353,0.3442883728414647
C→B,истина,3.2496020712728404,0.6614896768770218,0.3385103231229782
C→B,истина,3.3003771036364786,0.6671707559709306,0.3328292440290695
C→B,истина,3.351152136000117,0.6727564918582467,0.32724350814175335
C→B,истина,3.4019271683637546,0.6782484846446706,0.3217515153553294
C→B,истина,3.452702200727393,0.6836483075819892,0.3163516924180107
C→B,истина,3.503477233091031,0.6889575075187536,0.3110424924812464
C→B,истина,3.5542522654546693,0.6941776053433937,0.3058223946566063
C→B,истина,3.605027297818307,0.6993100964198964,0.3006899035801036
C→B,истина,3.6558023301819453,0.704356451016172,0.2956435489838281
C→B,истина,3.7065773625455836,0.7093181147252305,0.2906818852747694
C→B,истина,3.757352394909222,0.7141965088792916,0.2858034911207083
C→B,истина,3.80812742727286,0.7189930309569421,0.28100696904305783
C→B,истина,3.858902459636498,0.7237090549834626,0.27629094501653734
C→B,истина,3.909677492000136,0.7283459319244341,0.2716540680755659
C→B,истина,3.9604525243637743,0.7329049900727396,0.2670950099272604
C→B,истина,4.0112275567274125,0.7373875354290709,0.2626124645709291
C→B,истина,4.06200258909105,0.7417948520760487,0.2582051479239513
C→B,истина,4.112777621454689,0.7461282025460652,0.25387179745393484
C→B,истина,4.163552653818327,0.7503888281829518,0.24961117181704817
C→B,истина,4.2143276861819645,0.7545779494975793,0.24542205050242075
C→B,истина,4.265102718545603,0.7586967665174874,0.24130323348251262
C→B,истина,4.315877750909241,0.762746459130649,0.23725354086935102
C→B,истина,4.36665278327288,0.7667281874234639,0.23327181257653604
C→B,истина,4.417427815636517,0.7706430920130805,0.2293569079869195
C→B,истина,4.468202848000155,0.7744922943741401,0.22550770562585987
C→B,истина,4.518977880363794,0.778276897160038,0.22172310283996202
C→B,истина,4.569752912727432,0.7819979845187921,0.21800201548120793
C→B,истина,4.62052794509107,0.7856566224036117,0.21434337759638827
C→B,истина,4.671302977454708,0.7892538588782531,0.21074614112174694
C→B,истина,4.722078009818346,0.792790724417251,0.2072092755827491
C→B,истина,4.772853042181985,0.796268232201111,0.20373176779888905
C→B,истина,4.823628074545622,0.7996873784065484,0.20031262159345162
C→B,истина,4.874403106909261,0.8030491424918558,0.19695085750814426
C→B,истина,4.925178139272899,0.8063544874774808,0.1936455125225191
C→B,истина,4.975953171636537,0.8096043602218972,0.1903956397781028
C→B,истина,5.026728204000175,0.8127996916928426,0.18720030830715736
C→B,истина,5.077503236363813,0.8159413972340077,0.18405860276599226
C→B,истина,5.128278268727451,0.8190303768272476,0.1809696231727524
C→B,истина,5.1790533010910895,0.8220675153503932,0.17793248464960676
C→B,истина,5.229828333454727,0.8250536828307359,0.17494631716926415
C→B,истина,5.280603365818366,0.8279897346942579,0.17201026530574218
C→B,истина,5.331378398182004,0.8308765120106799,0.16912348798932006
C→B,истина,5.3821534305456415,0.833714841734397,0.16628515826560294
C→B,истина,5.43292846290928,0.8365055369413696,0.16349446305863038
C→B,истина,5.483703495272918,0.8392493970620395,0.1607506029379605
C→B,истина,5.534478527636557,0.8419472081103374,0.15805279188966256
C→B,истина,5.5852535600001945,0.8445997429088465,0.15540025709115346
C→B,истина,5.636028592363832,0.8472077613101874,0.15279223868981257
C→B,истина,5.686803624727471,0.8497720104146878,0.15022798958531225
C→B,истина,5.737578657091109,0.8522932247843984,0.1477067752156016
C→B,истина,5.788353689454747,0.8547721266535186,0.14522787334648138
C→B,истина,5.839128721818385,0.8572094261352888,0.14279057386471114
C→B,истина,5.889903754182023,0.8596058214254122,0.14039417857458783
C→B,истина,5.940678786545662,0.8619619990020613,0.13803800099793878
C→B,истина,5.991453818909299,0.8642786338225286,0.13572136617747146
C→B,истина,6.042228851272937,0.866556389516577,0.133443610483423
C→B,истина,6.093003883636576,0.868795918576545,0.13120408142345494
C→B,истина,6.143778916000214,0.8709978625442613,0.12900213745573877
C→B,истина,6.194553948363852,0.8731628521948223,0.12683714780517769
C→B,истина,6.24532898072749,0.8752915077172869,0.12470849228271311
C→B,истина,6.296104013091128,0.8773844388923364,0.12261556110766354
C→B,истина,6.3468790454547666,0.879442245266955,0.12055775473304502
C→B,истина,6.397654077818404,0.8814655163261766,0.1185344836738234
C→B,истина,6.448429110182043,0.8834548316619514,0.11654516833804858
C→B,истина,6.499204142545681,0.8854107611391768,0.11458923886082312
C→B,истина,6.549979174909319,0.8873338650589431,0.11266613494105691
C→B,истина,6.600754207272957,0.8892246943190381,0.1107753056809619
C→B,истина,6.651529239636595,0.8910837905717596,0.10891620942824043
C→B,истина,6.702304272000234,0.8929116863790783,0.1070883136209218
C→B,истина,6.7530793043638715,0.8947089053651968,0.10529109463480323
C→B,истина,6.803854336727509,0.8964759623665493,0.10352403763345079
C→B,истина,6.854629369091148,0.8982133635792819,0.10178663642071803
C→B,истина,6.905404401454786,0.8999216067042604,0.10007839329573966
C→B,истина,6.956179433818424,0.9016011810896414,0.09839881891035865
C→B,истина,7.006954466182062,0.9032525678710538,0.09674743212894621
C→B,истина,7.0577294985457,0.9048762401094257,0.09512375989057426
C→B,истина,7.108504530909339,0.906472662926499,0.09352733707350107
C→B,истина,7.159279563272976,0.9080422936380687,0.09195770636193132
C→B,истина,7.210054595636614,0.9095855818849881,0.090414418115012
C→B,истина,7.260829628000253,0.9111029697619731,0.08889703023802688
C→B,истина,7.311604660363891,0.9125948919442468,0.08740510805575316
C→B,истина,7.362379692727529,0.9140617758120573,0.08593822418794278
C→B,истина,7.413154725091167,0.9155040415731058,0.08449595842689418
C→B,истина,7.463929757454805,0.9169221023829217,0.08307789761707832
C→B,истина,7.514704789818444,0.9183163644632152,0.0816836355367848
C→B,истина,7.565479822182081,0.9196872272182453,0.08031277278175475
C→B,истина,7.61625485454572,0.921035083349234,0.07896491665076605
C→B,истина,7.667029886909358,0.9223603189668608,0.07763968103313929
C→B,истина,7.717804919272996,0.9236633137018687,0.07633668629813127
C→B,истина,7.768579951636634,0.9249444408138151,0.07505555918618487
C→B,истина,7.819354984000272,0.9262040672979958,0.07379593270200421
C→B,истина,7.870130016363911,0.9274425539905761,0.07255744600942395
C→B,истина,7.9209050487275485,0.9286602556719566,0.07133974432804331
C→B,истина,7.971680081091186,0.9298575211684054,0.07014247883159463
C→B,истина,8.022455113454825,0.9310346934519825,0.0689653065480175
C→B,истина,8.073230145818464,0.9321921097387899,0.06780789026121016
C→B,истина,8.1240051781821,0.9333301015855704,0.06666989841442957
C→B,истина,8.17478021054574,0.9344489949846874,0.06555100501531265
C→B,истина,8.225555242909378,0.9355491104575083,0.06445088954249172
C→B,истина,8.276330275273015,0.936630763146223,0.063369236853777
C→B,истина,8.327105307636653,0.9376942629041201,0.06230573709587994
C→B,истина,8.377880340000292,0.938739914384348,0.061260085615652
C→B,истина,8.428655372363929,0.9397680171271873,0.060231982872812756
C→B,истина,8.479430404727568,0.9407788656458573,0.059221134354142634
C→B,истина,8.530205437091206,0.941772749510884,0.058227250489116
C→B,истина,8.580980469454845,0.9427499534330501,0.05725004656694984
C→B,истина,8.631755501818482,0.9437107573449552,0.05628924265504481
C→B,истина,8.68253053418212,0.9446554364812052,0.055344563518794784
C→B,истина,8.73330556654576,0.9455842614572575,0.05441573854274256
C→B,истина,8.784080598909396,0.9464974983469414,0.05350250165305853
C→B,истина,8.834855631273035,0.9473954087586798,0.052604591241320255
C→B,истина,8.885630663636674,0.9482782499104283,0.05172175008957166
C→B,истина,8.93640569600031,0.9491462747033605,0.050853725296639465
C→B,истина,8.987180728363949,0.9499997317943136,0.050000268205686406
C→B,истина,9.037955760727588,0.9508388656670196,0.04916113433298037
C→B,истина,9.088730793091225,0.9516639167021411,0.048336083297858864
C→B,истина,9.139505825454863,0.9524751212461312,0.04752487875386882
C→B,истина,9.190280857818502,0.9532727116789378,0.04672728832106223
C→B,истина,9.24105589018214,0.9540569164805721,0.045943083519427885
C→B,истина,9.291830922545778,0.9548279602965597,0.04517203970344036
C→B,истина,9.342605954909416,0.9555860640022927,0.04441393599770728
C→B,истина,9.393380987273055,0.956331444766303,0.04366855523369698
C→B,истина,9.444156019636692,0.9570643161124723,0.04293568388752766
C→B,истина,9.49493105200033,0.9577848879811993,0.04221511201880065
C→B,истина,9.54570608436397,0.9584933667895396,0.04150663321046045
C→B,истина,9.596481116727606,0.9591899554903361,0.04081004450966382
C→B,истина,9.647256149091245,0.9598748536303586,0.04012514636964134
C→B,истина,9.698031181454883,0.9605482574074653,0.039451742592534714
C→B,истина,9.748806213818522,0.9612103597268067,0.03878964027319335
C→B,истина,9.799581246182159,0.9618613502560858,0.03813864974391424
C→B,истина,9.850356278545798,0.9625014154798909,0.037498584520109096
C→B,истина,9.901131310909436,0.9631307387531164,0.03686926124688363
C→B,истина,9.951906343273073,0.9637495003534869,0.036250499646513085
C→B,истина,10.002681375636712,0.9643578775332007,0.03564212246679932
C→B,истина,10.05345640800035,0.9649560445697052,0.03504395543029477
C→B,истина,10.104231440363987,0.9655441728156217,0.03445582718437836
C→B,истина,10.155006472727626,0.9661224307478307,0.03387756925216933
C→B,истина,10.205781505091265,0.966690984015735,0.033309015984264924
C→B,истина,10.256556537454902,0.967249995488712,0.032750004511288
C→B,истина,10.30733156981854,0.9677996253027691,0.03220037469723089
C→B,истина,10.358106602182179,0.9683400309064174,0.03165996909358255
C→B,истина,10.408881634545818,0.9688713671057747,0.031128632894225322
C→B,истина,10.459656666909455,0.9693937861089112,0.030606213891088765
C→B,истина,10.510431699273093,0.9699074375694523,0.030092562430547642
C→B,истина,10.561206731636732,0.9704124686294482,0.029587531370551815
C→B,истина,10.611981764000369,0.9709090239615246,0.029090976038475453
C→B,истина,10.662756796364008,0.9713972458103263,0.028602754189673684
C→B,истина,10.713531828727646,0.9718772740332652,0.02812272596673487
C→B,истина,10.764306861091283,0.9723492461405834,0.02765075385941662
C→B,истина,10.815081893454922,0.9728132973347459,0.02718670266525413
C→B,истина,10.86585692581856,0.9732695605491701,0.026730439450829858
C→B,истина,10.916631958182197,0.973718166486307,0.026281833513692954
C→B,истина,10.967406990545836,0.9741592436550821,0.02584075634491784
C→B,истина,11.018182022909475,0.9745929184077088,0.025407081592291256
C→B,истина,11.068957055273113,0.975019314975883,0.02498068502411699
C→B,истина,11.11973208763675,0.9754385555063718,0.024561444493628144
C→B,истина,11.170507120000389,0.9758507600960034,0.024149239903996592
C→B,истина,11.221282152364028,0.9762560468260703,0.023743953173929747
C→B,истина,11.272057184727664,0.9766545317961554,0.023345468203844658
C→B,истина,11.322832217091303,0.9770463291573903,0.022953670842609707
C→B,истина,11.373607249454942,0.9774315511451553,0.022568448854844686
C→B,истина,11.424382281818579,0.9778103081112306,0.02218969188876946
C→B,истина,11.475157314182217,0.9781827085554078,0.021817291444592258
C→B,истина,11.525932346545856,0.9785488591565714,0.021451140843428584
C→B,истина,11.576707378909495,0.9789088648032583,0.021091135196741637
C→B,истина,11.627482411273132,0.9792628286237043,0.02073717137629567
C→B,истина,11.67825744363677,0.9796108520153864,0.020389147984613526
C→B,истина,11.729032476000409,0.9799530346740699,0.02004696532593012
C→B,истина,11.779807508364046,0.9802894746223667,0.019710525377633254
C→B,истина,11.830582540727685,0.9806202682378162,0.01937973176218375
C→B,истина,11.881357573091323,0.980945510280493,0.019054489719506948
C→B,истина,11.93213260545496,0.9812652939201526,0.018734706079847424
C→B,истина,11.982907637818599,0.9815797107629207,0.018420289237079293
C→B,истина,12.033682670182237,0.9818888508775355,0.01811114912246451
C→B,истина,12.084457702545874,0.9821928028211485,0.017807197178851517
C→B,истина,12.135232734909513,0.9824916536646932,0.017508346335306835
C→B,истина,12.186007767273152,0.9827854890178274,0.017214510982172596
C→B,истина,12.23678279963679,0.9830743930534576,0.01692560694654248
C→B,истина,12.287557832000427,0.9833584485318507,0.016641551468149322
C→B,истина,12.338332864364066,0.9836377368243426,0.016362263175657386
C→B,истина,12.389107896727705,0.9839123379366476,0.01608766206335249
C→B,истина,12.439882929091342,0.9841823305317766,0.01581766946822335
C→B,истина,12.49065796145498,0.9844477919525725,0.015552208047427516
C→B,истина,12.541432993818619,0.9847087982438644,0.015291201756135589
C→B,истина,12.592208026182256,0.9849654241742528,0.015034575825747172
C→B,истина,12.642983058545894,0.9852177432575276,0.014782256742472395
C→B,истина,12.693758090909533,0.9854658277737269,0.014534172226273038
C→B,истина,12.744533123273172,0.9857097487898431,0.014290251210156929
C→B,истина,12.795308155636809,0.9859495761801801,0.014050423819819904
C→B,истина,12.846083188000447,0.9861853786463706,0.013814621353629418
C→B,истина,12.896858220364086,0.9864172237370559,0.013582776262944081
C→B,истина,12.947633252727723,0.9866451778672365,0.013354822132763493
C→B,истина,12.998408285091362,0.9868693063372972,0.013130693662702775
C→B,истина,13.049183317455,0.9870896733517135,0.012910326648286494
C→B,истина,13.099958349818637,0.9873063420374436,0.012693657962556445
C→B,истина,13.150733382182276,0.9875193744620119,0.012480625537988083
C→B,истина,13.201508414545915,0.9877288316512894,0.01227116834871055
C→B,истина,13.252283446909551,0.987934773606975,0.012065226393024998
C→B,истина,13.30305847927319,0.9881372593237837,0.01186274067621633
C→B,истина,13.353833511636829,0.9883363468063466,0.01166365319365341
C→B,истина,13.404608544000467,0.9885320930858271,0.011467906914172906
C→B,истина,13.455383576364104,0.988724554236258,0.01127544576374197
C→B,истина,13.506158608727743,0.9889137853906049,0.011086214609395089
C→B,истина,13.556933641091382,0.9890998407565594,0.010900159243440594
C→B,истина,13.607708673455019,0.9892827736320678,0.010717226367932136
C→B,истина,13.658483705818657,0.9894626364205992,0.010537363579400787
C→B,истина,13.709258738182296,0.9896394806461566,0.010360519353843443
C→B,истина,13.760033770545933,0.989813356968037,0.010186643031963077
C→B,истина,13.810808802909571,0.9899843151953432,0.01001568480465675
C→B,истина,13.86158383527321,0.9901524043012528,0.009847595698747137
C→B,истина,13.912358867636849,0.9903176724370465,0.009682327562953553
C→B,истина,13.963133900000486,0.9904801669459016,0.009519833054098396
C→B,истина,14.013908932364124,0.9906399343764549,0.009360065623545053
C→B,истина,14.064683964727763,0.9907970204961365,0.009202979503863503
C→B,истина,14.1154589970914,0.9909514703042803,0.009048529695719622
C→B,истина,14.166234029455039,0.9911033280450154,0.008896671954984519
C→B,истина,14.217009061818677,0.9912526372199397,0.008747362780060287
C→B,истина,14.267784094182314,0.9913994406005816,0.008600559399418384
C→B,истина,14.318559126545953,0.9915437802406528,0.008456219759347185
C→B,истина,14.369334158909592,0.9916856974880949,0.008314302511905153
C→B,истина,14.420109191273228,0.9918252329969238,0.008174767003076209
C→B,истина,14.470884223636867,0.9919624267388761,0.008037573261123827
C→B,истина,14.521659256000506,0.9920973180148593,0.007902681985140665
C→B,истина,14.572434288364144,0.9922299454662097,0.007770054533790292
C→B,истина,14.623209320727781,0.9923603470857622,0.007639652914237885
C→B,истина,14.67398435309142,0.9924885602287333,0.007511439771266678
C→B,истина,14.724759385455059,0.9926146216234228,0.007385378376577113
C→B,истина,14.775534417818696,0.9927385673817345,0.0072614326182655255
C→B,истина,14.826309450182334,0.9928604330095205,0.007139566990479431
C→B,истина,14.877084482545973,0.9929802534167536,0.0070197465832464185
C→B,истина,14.92785951490961,0.9930980629275262,0.006901937072473748
C→B,истина,14.978634547273249,0.9932138952898842,0.006786104710115748
C→B,истина,15.029409579636887,0.9933277836854937,0.0066722163145062924
C→B,истина,15.080184612000526,0.9934397607391465,0.006560239260853462
C→B,истина,15.130959644364163,0.9935498585281063,0.006450141471893766
C→B,истина,15.181734676727801,0.9936581085912968,0.006341891408703175
C→B,наивная MLE,0.0,0.0,1.0
C→B,наивная MLE,0.05077503236363813,0.016918439241599397,0.9830815607584006
C→B,наивная MLE,0.10155006472727626,0.033550644896827096,0.9664493551031729
C→B,наивная MLE,0.1523250970909144,0.04990145959122305,0.950098540408777
C→B,наивная MLE,0.20310012945455252,0.06597564402066121,0.9340243559793387
C→B,наивная MLE,0.25387516181819064,0.08177787833747166,0.9182221216625284
C→B,наивная MLE,0.3046501941818288,0.09731276351311165,0.9026872364868883
C→B,наивная MLE,0.35542522654546693,0.1125848226777823,0.8874151773222176
C→B,наивная MLE,0.40620025890910505,0.1275985024373814,0.8724014975626186
C→B,наивная MLE,0.45697529127274317,0.1423581741681749,0.8576418258318251
C→B,наивная MLE,0.5077503236363813,0.15686813528956497,0.843131864710435
C→B,наивная MLE,0.5585253560000194,0.17113261051532486,0.8288673894846751
C→B,наивная MLE,0.6093003883636576,0.18515575308366447,0.8148442469163355
C→B,наивная MLE,0.6600754207272957,0.1989416459664853,0.8010583540335147
C→B,наивная MLE,0.7108504530909339,0.21249430305817696,0.787505696941823
C→B,наивная MLE,0.761625485454572,0.22581767034430061,0.7741823296556994
C→B,наивная MLE,0.8124005178182101,0.2389156270505004,0.7610843729494996
C→B,наивная MLE,0.8631755501818482,0.2517919867719773,0.7482080132280228
C→B,наивная MLE,0.9139505825454863,0.26445049858385333,0.7355495014161466
C→B,наивная MLE,0.9647256149091245,0.27689484813275117,0.7231051518672489
C→B,наивная MLE,1.0155006472727626,0.2891286587099047,0.7108713412900953
C→B,наивная MLE,1.0662756796364008,0.3011554923061155,0.6988445076938845
C→B,наивная MLE,1.1170507120000388,0.31297885064885983,0.6870211493511401
C→B,наивная MLE,1.167825744363677,0.32460217622185084,0.675397823778149
C→B,наивная MLE,1.2186007767273153,0.33602885326735,0.6639711467326499
C→B,наивная MLE,1.2693758090909533,0.3472622087715214,0.6527377912284785
C→B,наивная MLE,1.3201508414545915,0.35830551343311634,0.6416944865668838
C→B,наивная MLE,1.3709258738182295,0.36916198261576744,0.6308380173842326
C→B,наивная MLE,1.4217009061818677,0.3798347772841736,0.6201652227158264
C→B,наивная MLE,1.4724759385455057,0.3903270049244442,0.6096729950755558
C→B,наивная MLE,1.523250970909144,0.4006417204488739,0.5993582795511261
C→B,наивная MLE,1.574026003272782,0.41078192708540917,0.5892180729145908
C→B,наивная MLE,1.6248010356364202,0.420750577252067,0.579249422747933
C→B,наивная MLE,1.6755760680000584,0.43055057341655945,0.5694494265834406
C→B,наивная MLE,1.7263511003636964,0.4401847689413749,0.5598152310586251
C→B,наивная MLE,1.7771261327273347,0.4496559689145623,0.5503440310854377
C→B,наивная MLE,1.8279011650909727,0.45896693096645813,0.5410330690335419
C→B,наивная MLE,1.878676197454611,0.4681203660725981,0.5318796339274019
C→B,наивная MLE,1.929451229818249,0.47711893934304295,0.522881060656957
C→B,наивная MLE,1.9802262621818871,0.48596527079835083,0.5140347292016492
C→B,наивная MLE,2.031001294545525,0.4946619361324208,0.5053380638675792
C→B,наивная MLE,2.0817763269091634,0.503211467462432,0.49678853253756805
C→B,наивная MLE,2.1325513592728016,0.5116163540660922,0.4883836459339078
C→B,наивная MLE,2.18332639163644,0.5198790431064158,0.4801209568935842
C→B,наивная MLE,2.2341014240000776,0.5280019403442384,0.4719980596557616
C→B,наивная MLE,2.284876456363716,0.5359874108386773,0.46401258916132276
C→B,наивная MLE,2.335651488727354,0.5438377796357403,0.4561622203642597
C→B,наивная MLE,2.3864265210909923,0.5515553324452862,0.44844466755471385
C→B,наивная MLE,2.4372015534546305,0.5591423163065299,0.44085768369347017
C→B,наивная MLE,2.4879765858182683,0.56660094024229,0.43339905975771004
C→B,наивная MLE,2.5387516181819065,0.5739333759021672,0.42606662409783286
C→B,наивная MLE,2.5895266505455448,0.5811417581948397,0.41885824180516035
C→B,наивная MLE,2.640301682909183,0.5882281859096634,0.41177181409033653
C→B,наивная MLE,2.6910767152728208,0.5951947223277538,0.4048052776722461
C→B,наивная MLE,2.741851747636459,0.6020433958227306,0.3979566041772694
C→B,наивная MLE,2.7926267800000972,0.6087762004512969,0.39122379954870307
C→B,наивная MLE,2.8434018123637355,0.6153950965338293,0.38460490346617066
C→B,наивная MLE,2.8941768447273737,0.621902011225143,0.378097988774857
C→B,наивная MLE,2.9449518770910115,0.6282988390756012,0.3717011609243987
C→B,наивная MLE,2.9957269094546497,0.6345874425827327,0.3654125574172673
C→B,наивная MLE,3.046501941818288,0.6407696527335143,0.3592303472664858
C→B,наивная MLE,3.097276974181926,0.646847269537481,0.3531527304625191
C→B,наивная MLE,3.148052006545564,0.6528220625508159,0.34717793744918407
C→B,наивная MLE,3.198827038909202,0.6586957713915738,0.34130422860842624
C→B,наивная MLE,3.2496020712728404,0.6644701062461864,0.33552989375381365
C→B,наивная MLE,3.3003771036364786,0.6701467483674006,0.3298532516325994
C→B,наивная MLE,3.351152136000117,0.6757273505637907,0.32427264943620926
C→B,наивная MLE,3.4019271683637546,0.6812135376809897,0.3187864623190103
C→B,наивная MLE,3.452702200727393,0.6866069070747782,0.3133930929252218
C→B,наивная MLE,3.503477233091031,0.6919090290761705,0.3080909709238295
C→B,наивная MLE,3.5542522654546693,0.6971214474486307,0.30287855255136925
C→B,наивная MLE,3.605027297818307,0.7022456798375546,0.2977543201624454
C→B,наивная MLE,3.6558023301819453,0.7072832182121467,0.2927167817878533
C→B,наивная MLE,3.7065773625455836,0.712235529299821,0.287764470700179
C→B,наивная MLE,3.757352394909222,0.717104055013253,0.282895944986747
C→B,наивная MLE,3.80812742727286,0.721890212870206,0.2781097871297939
C→B,наивная MLE,3.858902459636498,0.7265953964062557,0.27340460359374436
C→B,наивная MLE,3.909677492000136,0.7312209755805299,0.26877902441947005
C→B,наивная MLE,3.9604525243637743,0.7357682971745871,0.2642317028254128
C→B,наивная MLE,4.0112275567274125,0.7402386851845433,0.2597613148154567
C→B,наивная MLE,4.06200258909105,0.7446334412065665,0.2553665587934335
C→B,наивная MLE,4.112777621454689,0.7489538448158496,0.2510461551841504
C→B,наивная MLE,4.163552653818327,0.7532011539391696,0.2467988460608303
C→B,наивная MLE,4.2143276861819645,0.7573766052211467,0.2426233947788533
C→B,наивная MLE,4.265102718545603,0.7614814143843034,0.23851858561569664
C→B,наивная MLE,4.315877750909241,0.7655167765830347,0.23448322341696526
C→B,наивная MLE,4.36665278327288,0.7694838667515891,0.23051613324841091
C→B,наивная MLE,4.417427815636517,0.7733838399461607,0.2266161600538393
C→B,наивная MLE,4.468202848000155,0.7772178316811962,0.22278216831880387
C→B,наивная MLE,4.518977880363794,0.7809869582600096,0.2190130417399904
C→B,наивная MLE,4.569752912727432,0.7846923170998055,0.2153076829001945
C→B,наивная MLE,4.62052794509107,0.788334987051202,0.21166501294879797
C→B,наивная MLE,4.671302977454708,0.7919160287123486,0.20808397128765144
C→B,наивная MLE,4.722078009818346,0.7954364847377294,0.2045635152622706
C→B,наивная MLE,4.772853042181985,0.7988973801417422,0.20110261985825784
C→B,наивная MLE,4.823628074545622,0.8022997225971406,0.19770027740285945
C→B,наивная MLE,4.874403106909261,0.8056445027284282,0.1943554972715718
C→B,наивная MLE,4.925178139272899,0.8089326944002881,0.1910673055997119
C→B,наивная MLE,4.975953171636537,0.8121652550011329,0.1878347449988671
C→B,наивная MLE,5.026728204000175,0.8153431257218575,0.18465687427814242
C→B,наивная MLE,5.077503236363813,0.818467231829876,0.181532768170124
C→B,наивная MLE,5.128278268727451,0.8215384829385215,0.17846151706147848
C→B,наивная MLE,5.1790533010910895,0.8245577732718898,0.17544222672811016
C→B,наивная MLE,5.229828333454727,0.8275259819252003,0.17247401807479973
C→B,наивная MLE,5.280603365818366,0.8304439731207534,0.16955602687924667
C→B,наивная MLE,5.331378398182004,0.8333125964595568,0.1666874035404432
C→B,наивная MLE,5.3821534305456415,0.8361326871686957,0.16386731283130426
C→B,наивная MLE,5.43292846290928,0.8389050663445163,0.16109493365548364
C→B,наивная MLE,5.483703495272918,0.8416305411916961,0.15836945880830386
C→B,наивная MLE,5.534478527636557,0.8443099052582694,0.15569009474173057
C→B,наивная MLE,5.5852535600001945,0.8469439386666762,0.15305606133332378
C→B,наивная MLE,5.636028592363832,0.8495334083409025,0.15046659165909745
C→B,наивная MLE,5.686803624727471,0.8520790682297776,0.14792093177022242
C→B,наивная MLE,5.737578657091109,0.8545816595264928,0.14541834047350716
C→B,наивная MLE,5.788353689454747,0.8570419108844081,0.14295808911559188
C→B,наивная MLE,5.839128721818385,0.8594605386292054,0.14053946137079462
C→B,наивная MLE,5.889903754182023,0.8618382469674543,0.13816175303254574
C→B,наивная MLE,5.940678786545662,0.8641757281916482,0.13582427180835174
C→B,наивная MLE,5.991453818909299,0.8664736628817723,0.1335263371182277
C→B,наивная MLE,6.042228851272937,0.8687327201034604,0.1312672798965396
C→B,наивная MLE,6.093003883636576,0.8709535576028,0.12904644239719995
C→B,наивная MLE,6.143778916000214,0.8731368219978416,0.1268631780021584
C→B,наивная MLE,6.194553948363852,0.8752831489668673,0.12471685103313267
C→B,наивная MLE,6.24532898072749,0.877393163433475,0.12260683656652503
C→B,наивная MLE,6.296104013091128,0.8794674797485305,0.12053252025146956
C→B,наивная MLE,6.3468790454547666,0.8815067018690418,0.1184932981309582
C→B,наивная MLE,6.397654077818404,0.8835114235340071,0.11648857646599288
C→B,наивная MLE,6.448429110182043,0.8854822284372874,0.11451777156271256
C→B,наивная MLE,6.499204142545681,0.8874196903975545,0.11258030960244547
C→B,наивная MLE,6.549979174909319,0.889324373525364,0.11067562647463604
C→B,наивная MLE,6.600754207272957,0.8911968323874011,0.10880316761259894
C→B,наивная MLE,6.651529239636595,0.8930376121679483,0.10696238783205166
C→B,наивная MLE,6.702304272000234,0.8948472488276213,0.10515275117237868
C→B,наивная MLE,6.7530793043638715,0.8966262692594182,0.1033737307405818
C→B,наивная MLE,6.803854336727509,0.8983751914421302,0.10162480855786979
C→B,наивная MLE,6.854629369091148,0.9000945245911557,0.09990547540884429
C→B,наивная MLE,6.905404401454786,0.9017847693067633,0.09821523069323668
C→B,наивная MLE,6.956179433818424,0.9034464177198466,0.09655358228015345
C→B,наивная MLE,7.006954466182062,0.9050799536352121,0.09492004636478794
C→B,наивная MLE,7.0577294985457,0.9066858526724445,0.09331414732755547
C→B,наивная MLE,7.108504530909339,0.9082645824043875,0.09173541759561255
C→B,наивная MLE,7.159279563272976,0.9098166024932816,0.09018339750671844
C→B,наивная MLE,7.210054595636614,0.9113423648246,0.08865763517540005
C→B,наивная MLE,7.260829628000253,0.9128423136386189,0.08715768636138115
C→B,наивная MLE,7.311604660363891,0.9143168856597623,0.08568311434023772
C→B,наивная MLE,7.362379692727529,0.9157665102237587,0.08423348977624139
C→B,наивная MLE,7.413154725091167,0.9171916094026458,0.08280839059735418
C→B,наивная MLE,7.463929757454805,0.9185925981276618,0.08140740187233823
C→B,наивная MLE,7.514704789818444,0.9199698843100554,0.0800301156899446
C→B,наивная MLE,7.565479822182081,0.9213238689598539,0.07867613104014612
C→B,наивная MLE,7.61625485454572,0.9226549463026207,0.07734505369737929
C→B,наивная MLE,7.667029886909358,0.9239635038942381,0.07603649610576192
C→B,наивная MLE,7.717804919272996,0.9252499227337475,0.07475007726625249
C→B,наивная MLE,7.768579951636634,0.9265145773742814,0.07348542262571853
C→B,наивная MLE,7.819354984000272,0.9277578360321179,0.07224216396788208
C→B,наивная MLE,7.870130016363911,0.9289800606938902,0.0710199393061098
C→B,наивная MLE,7.9209050487275485,0.9301816072219827,0.06981839277801728
C→B,наивная MLE,7.971680081091186,0.9313628254581438,0.06863717454185629
C→B,наивная MLE,8.022455113454825,0.9325240593253452,0.06747594067465483
C→B,наивная MLE,8.073230145818464,0.9336656469279191,0.06633435307208091
C→B,наивная MLE,8.1240051781821,0.9347879206499998,0.06521207935000012
C→B,наивная MLE,8.17478021054574,0.9358912072523012,0.06410879274769878
C→B,наивная MLE,8.225555242909378,0.9369758279672554,0.06302417203274453
C→B,наивная MLE,8.276330275273015,0.9380420985925435,0.06195790140745648
C→B,наивная MLE,8.327105307636653,0.9390903295830426,0.060909670416957405
C→B,наивная MLE,8.377880340000292,0.9401208261412177,0.05987917385878226
C→B,наивная MLE,8.428655372363929,0.9411338883059847,0.0588661116940153
C→B,наивная MLE,8.479430404727568,0.9421298110400691,0.05787018895993089
C→B,наивная MLE,8.530205437091206,0.9431088843158876,0.05689111568411241
C→B,наивная MLE,8.580980469454845,0.944071393199976,0.05592860680002394
C→B,наивная MLE,8.631755501818482,0.9450176179359896,0.054982382064010446
C→B,наивная MLE,8.68253053418212,0.9459478340262979,0.05405216597370208
C→B,наивная MLE,8.73330556654576,0.9468623123122009,0.05313768768779914
C→B,наивная MLE,8.784080598909396,0.9477613190527859,0.05223868094721406
C→B,наивная MLE,8.834855631273035,0.9486451160024527,0.05135488399754732
C→B,наивная MLE,8.885630663636674,0.9495139604871246,0.05048603951287542
C→B,наивная MLE,8.93640569600031,0.9503681054791722,0.04963189452082786
C→B,наивная MLE,8.987180728363949,0.9512077996710683,0.04879220032893176
C→B,наивная MLE,9.037955760727588,0.9520332875477973,0.04796671245220277
C→B,наивная MLE,9.088730793091225,0.9528448094580391,0.04715519054196092
C→B,наивная MLE,9.139505825454863,0.9536426016841493,0.0463573983158507
C→B,наивная MLE,9.190280857818502,0.9544268965109547,0.045573103489045357
C→B,наивная MLE,9.24105589018214,0.9551979222933852,0.04480207770661481
C→B,наивная MLE,9.291830922545778,0.9559559035229619,0.04404409647703807
C→B,наивная MLE,9.342605954909416,0.9567010608931599,0.04329893910684014
C→B,наивная MLE,9.393380987273055,0.9574336113636647,0.04256638863633535
C→B,наивная MLE,9.444156019636692,0.9581537682235428,0.041846231776457216
C→B,наивная MLE,9.49493105200033,0.9588617411533427,0.04113825884665733
C→B,наивная MLE,9.54570608436397,0.959557736286145,0.04044226371385496
C→B,наивная MLE,9.596481116727606,0.9602419562675806,0.039758043732419375
C→B,наивная MLE,9.647256149091245,0.9609146003148324,0.03908539968516758
C→B,наивная MLE,9.698031181454883,0.9615758642746396,0.03842413572536044
C→B,наивная MLE,9.748806213818522,0.9622259406803201,0.037774059319679955
C→B,наивная MLE,9.799581246182159,0.9628650188078286,0.0371349811921714
C→B,наивная MLE,9.850356278545798,0.9634932847308663,0.03650671526913371
C→B,наивная MLE,9.901131310909436,0.9641109213750575,0.03588907862494249
C→B,наивная MLE,9.951906343273073,0.9647181085712105,0.03528189142878943
C→B,наивная MLE,10.002681375636712,0.9653150231076773,0.03468497689232274
C→B,наивная MLE,10.05345640800035,0.9659018387818263,0.034098161218173696
C→B,наивная MLE,10.104231440363987,0.9664787264506463,0.03352127354935377
C→B,наивная MLE,10.155006472727626,0.967045854080492,0.03295414591950799
C→B,наивная MLE,10.205781505091265,0.96760338679599,0.03239661320400999
C→B,наивная MLE,10.256556537454902,0.9681514869281156,0.03184851307188437
C→B,наивная MLE,10.30733156981854,0.9686903140614576,0.03130968593854241
C→B,наивная MLE,10.358106602182179,0.9692200250806824,0.03077997491931761
C→B,наивная MLE,10.408881634545818,0.9697407742162129,0.030259225783787178
C→B,наивная MLE,10.459656666909455,0.9702527130891336,0.029747286910866345
C→B,наивная MLE,10.510431699273093,0.9707559907553376,0.02924400924466242
C→B,наивная MLE,10.561206731636732,0.9712507537489242,0.028749246251075822
C→B,наивная MLE,10.611981764000369,0.9717371461248647,0.02826285387513524
C→B,наивная MLE,10.662756796364008,0.9722153095009455,0.027784690499054555
C→B,наивная MLE,10.713531828727646,0.9726853830990003,0.027314616900999653
C→B,наивная MLE,10.764306861091283,0.9731475037854475,0.026852496214552532
C→B,наивная MLE,10.815081893454922,0.9736018061111387,0.026398193888861343
C→B,наивная MLE,10.86585692581856,0.9740484223505353,0.025951577649464676
C→B,наивная MLE,10.916631958182197,0.9744874825402214,0.025512517459778568
C→B,наивная MLE,10.967406990545836,0.9749191145167649,0.025080885483235053
C→B,наивная MLE,11.018182022909475,0.9753434439539386,0.024656556046061425
C→B,наивная MLE,11.068957055273113,0.975760594399311,0.024239405600689042
C→B,наивная MLE,11.11973208763675,0.9761706873102187,0.023829312689781317
C→B,наивная MLE,11.170507120000389,0.9765738420891298,0.023426157910870174
C→B,наивная MLE,11.221282152364028,0.976970176118409,0.023029823881591
C→B,наивная MLE,11.272057184727664,0.9773598047944945,0.022640195205505573
C→B,наивная MLE,11.322832217091303,0.9777428415614967,0.022257158438503274
C→B,наивная MLE,11.373607249454942,0.9781193979442292,0.0218806020557708
C→B,наивная MLE,11.424382281818579,0.9784895835806794,0.02151041641932063
C→B,наивная MLE,11.475157314182217,0.9788535062539312,0.02114649374606885
C→B,наивная MLE,11.525932346545856,0.9792112719235468,0.02078872807645312
C→B,наивная MLE,11.576707378909495,0.9795629847564185,0.020437015243581512
C→B,наивная MLE,11.627482411273132,0.9799087471570966,0.02009125284290335
C→B,наивная MLE,11.67825744363677,0.9802486597976069,0.019751340202393077
C→B,наивная MLE,11.729032476000409,0.9805828216467612,0.019417178353238727
C→B,наивная MLE,11.779807508364046,0.9809113299989738,0.019088670001026164
C→B,наивная MLE,11.830582540727685,0.9812342805025891,0.018765719497410856
C→B,наивная MLE,11.881357573091323,0.981551767187731,0.01844823281226901
C→B,наивная MLE,11.93213260545496,0.9818638824936803,0.01813611750631977
C→B,наивная MLE,11.982907637818599,0.9821707172957894,0.017829282704210588
C→B,наивная MLE,12.033682670182237,0.9824723609319419,0.0175276390680581
C→B,наивная MLE,12.084457702545874,0.9827689012285635,0.01723109877143647
C→B,наивная MLE,12.135232734909513,0.983060424526194,0.016939575473805923
C→B,наивная MLE,12.186007767273152,0.9833470157046261,0.016652984295373846
C→B,наивная MLE,12.23678279963679,0.9836287582076187,0.016371241792381253
C→B,наивная MLE,12.287557832000427,0.9839057340671926,0.016094265932807328
C→B,наивная MLE,12.338332864364066,0.984178023927515,0.01582197607248498
C→B,наивная MLE,12.389107896727705,0.9844457070683794,0.015554292931620603
C→B,наивная MLE,12.439882929091342,0.9847088614282891,0.015291138571710952
C→B,наивная MLE,12.49065796145498,0.9849675636271494,0.01503243637285058
C→B,наивная MLE,12.541432993818619,0.9852218889885767,0.014778111011423296
C→B,наивная MLE,12.592208026182256,0.9854719115618291,0.014528088438170918
C→B,наивная MLE,12.642983058545894,0.9857177041433669,0.014282295856633138
C→B,наивная MLE,12.693758090909533,0.9859593382980478,0.01404066170195214
C→B,наивная MLE,12.744533123273172,0.9861968843799642,0.013803115620035809
C→B,наивная MLE,12.795308155636809,0.9864304115529265,0.01356958844707347
C→B,наивная MLE,12.846083188000447,0.9866599878106018,0.013340012189398148
C→B,наивная MLE,12.896858220364086,0.9868856799963104,0.013114320003689617
C→B,наивная MLE,12.947633252727723,0.9871075538224877,0.012892446177512312
C→B,наивная MLE,12.998408285091362,0.9873256738898175,0.012674326110182477
C→B,наивная MLE,13.049183317455,0.9875401037060408,0.012459896293959136
C→B,наивная MLE,13.099958349818637,0.9877509057044468,0.012249094295553157
C→B,наивная MLE,13.150733382182276,0.9879581412620508,0.012041858737949216
C→B,наивная MLE,13.201508414545915,0.9881618707174648,0.011838129282535298
C→B,наивная MLE,13.252283446909551,0.9883621533884654,0.011637846611534533
C→B,наивная MLE,13.30305847927319,0.9885590475892657,0.011440952410734232
C→B,наивная MLE,13.353833511636829,0.9887526106474928,0.011247389352507192
C→B,наивная MLE,13.404608544000467,0.9889428989208798,0.011057101079120186
C→B,наивная MLE,13.455383576364104,0.9891299678136751,0.010870032186324876
C→B,наивная MLE,13.506158608727743,0.9893138717927737,0.010686128207226305
C→B,наивная MLE,13.556933641091382,0.9894946644035756,0.010505335596424404
C→B,наивная MLE,13.607708673455019,0.9896723982855763,0.010327601714423684
C→B,наивная MLE,13.658483705818657,0.9898471251876932,0.010152874812306768
C→B,наивная MLE,13.709258738182296,0.9900188959833328,0.00998110401666719
C→B,наивная MLE,13.760033770545933,0.9901877606852029,0.009812239314797128
C→B,наивная MLE,13.810808802909571,0.9903537684598743,0.0096462315401257
C→B,наивная MLE,13.86158383527321,0.9905169676420963,0.009483032357903681
C→B,наивная MLE,13.912358867636849,0.9906774057488696,0.009322594251130365
C→B,наивная MLE,13.963133900000486,0.9908351294932815,0.009164870506718537
C→B,наивная MLE,14.013908932364124,0.9909901847981065,0.009009815201893492
C→B,наивная MLE,14.064683964727763,0.9911426168091778,0.008857383190822217
C→B,наивная MLE,14.1154589970914,0.9912924699085313,0.008707530091468726
C→B,наивная MLE,14.166234029455039,0.9914397877273282,0.008560212272671813
C→B,наивная MLE,14.217009061818677,0.9915846131585586,0.00841538684144142
C→B,наивная MLE,14.267784094182314,0.9917269883695301,0.008273011630469944
C→B,наивная MLE,14.318559126545953,0.9918669548141452,0.008133045185854792
C→B,наивная MLE,14.369334158909592,0.9920045532449713,0.007995446755028723
C→B,наивная MLE,14.420109191273228,0.9921398237251057,0.007860176274894333
C→B,наивная MLE,14.470884223636867,0.9922728056398408,0.00772719436015927
C→B,наивная MLE,14.521659256000506,0.9924035377081312,0.007596462291868884
C→B,наивная MLE,14.572434288364144,0.9925320579938672,0.007467942006132798
C→B,наивная MLE,14.623209320727781,0.9926584039169577,0.007341596083042252
C→B,наивная MLE,14.67398435309142,0.992782612264225,0.007217387735774935
C→B,наивная MLE,14.724759385455059,0.9929047192001158,0.007095280799884161
C→B,наивная MLE,14.775534417818696,0.9930247602772307,0.00697523972276924
C→B,наивная MLE,14.826309450182334,0.993142770446676,0.006857229553323976
C→B,наивная MLE,14.877084482545973,0.9932587840682396,0.006741215931760363
C→B,наивная MLE,14.92785951490961,0.9933728349203956,0.006627165079604379
C→B,наивная MLE,14.978634547273249,0.993484956210139,0.006515043789861042
C→B,наивная MLE,15.029409579636887,0.9935951805826541,0.006404819417345917
C→B,наивная MLE,15.080184612000526,0.9937035401308199,0.006296459869180133
C→B,наивная MLE,15.130959644364163,0.9938100664045537,0.006189933595446244
C→B,наивная MLE,15.181734676727801,0.9939147904199979,0.006085209580002151
C→B,с учётом цензуры,0.0,0.0,1.0
C→B,с учётом цензуры,0.05077503236363813,0.016041937575460352,0.9839580624245396
C→B,с учётом цензуры,0.10155006472727626,0.03182653138974574,0.9681734686102542
C→B,с учётом цензуры,0.1523250970909144,0.04735790973540837,0.9526420902645917
C→B,с учётом цензуры,0.20310012945455252,0.06264013467918901,0.937359865320811
C→B,с учётом цензуры,0.25387516181819064,0.0776772031244074,0.9223227968755926
C→B,с учётом цензуры,0.3046501941818288,0.09247304785630964,0.9075269521436904
C→B,с учётом цензуры,0.35542522654546693,0.10703153857064654,0.8929684614293535
C→B,с учётом цензуры,0.40620025890910505,0.12135648288575106,0.8786435171142489
C→B,с учётом цензуры,0.45697529127274317,0.13545162733838081,0.8645483726616192
C→B,с учётом цензуры,0.5077503236363813,0.14932065836358435,0.8506793416364157
C→B,с учётом цензуры,0.5585253560000194,0.16296720325884942,0.8370327967411506
C→B,с учётом цензуры,0.6093003883636576,0.17639483113278398,0.823605168867216
C→B,с учётом цензуры,0.6600754207272957,0.18960705383857832,0.8103929461614217
C→B,с учётом цензуры,0.7108504530909339,0.20260732689249328,0.7973926731075067
C→B,с учётом цензуры,0.761625485454572,0.2153990503776133,0.7846009496223867
C→B,с учётом цензуры,0.8124005178182101,0.22798556983310253,0.7720144301668974
C→B,с учётом цензуры,0.8631755501818482,0.24037017712919456,0.7596298228708055
C→B,с учётом цензуры,0.9139505825454863,0.252556111328146,0.747443888671854
C→B,с учётом цензуры,0.9647256149091245,0.26454655953137923,0.7354534404686208
C→B,с учётом цензуры,1.0155006472727626,0.2763446577130344,0.7236553422869656
C→B,с учётом цензуры,1.0662756796364008,0.2879534915401503,0.7120465084598497
C→B,с учётом цензуры,1.1170507120000388,0.2993760971796877,0.7006239028203123
C→B,с учётом цензуры,1.167825744363677,0.31061546209260654,0.6893845379073934
C→B,с учётом цензуры,1.2186007767273153,0.32167452581520456,0.6783254741847955
C→B,с учётом цензуры,1.2693758090909533,0.33255618072792154,0.6674438192720784
C→B,с учётом цензуры,1.3201508414545915,0.3432632728118111,0.6567367271881889
C→B,с учётом цензуры,1.3709258738182295,0.35379860239287614,0.6462013976071238
C→B,с учётом цензуры,1.4217009061818677,0.3641649248744648,0.6358350751255352
C→B,с учётом цензуры,1.4724759385455057,0.3743649514579169,0.6256350485420832
C→B,с учётом цензуры,1.523250970909144,0.38440134985164903,0.6155986501483509
C→B,с учётом цензуры,1.574026003272782,0.39427674496886655,0.6057232550311334
C→B,с учётом цензуры,1.6248010356364202,0.4039937196140806,0.5960062803859194
C→B,с учётом цензуры,1.6755760680000584,0.4135548151586139,0.5864451848413861
C→B,с учётом цензуры,1.7263511003636964,0.4229625322052687,0.5770374677947313
C→B,с учётом цензуры,1.7771261327273347,0.4322193312423336,0.5677806687576664
C→B,с учётом цензуры,1.8279011650909727,0.4413276332870971,0.5586723667129029
C→B,с учётом цензуры,1.878676197454611,0.4502898205190402,0.5497101794809598
C→B,с учётом цензуры,1.929451229818249,0.45910823690286884,0.5408917630971312
C→B,с учётом цензуры,1.9802262621818871,0.46778518880155373,0.5322148111984463
C→B,с учётом цензуры,2.031001294545525,0.4763229455795347,0.5236770544204653
C→B,с учётом цензуры,2.0817763269091634,0.48472374019624864,0.5152762598037514
C→B,с учётом цензуры,2.1325513592728016,0.4929897697901372,0.5070102302098628
C→B,с учётом цензуры,2.18332639163644,0.5011231962532836,0.4988768037467164
C→B,с учётом цензуры,2.2341014240000776,0.5091261467968335,0.49087385320316645
C→B,с учётом цензуры,2.284876456363716,0.5170007145073445,0.48299928549265553
C→B,с учётом цензуры,2.335651488727354,0.5247489588942096,0.47525104110579036
C→B,с учётом цензуры,2.3864265210909923,0.5323729064283013,0.46762709357169874
C→B,с учётом цензуры,2.4372015534546305,0.5398745510719725,0.4601254489280276
C→B,с учётом цензуры,2.4879765858182683,0.5472558548005565,0.4527441451994435
C→B,с учётом цензуры,2.5387516181819065,0.5545187481155012,0.4454812518844989
C→B,с учётом цензуры,2.5895266505455448,0.5616651305492701,0.4383348694507298
C→B,с учётом цензуры,2.640301682909183,0.5686968711621464,0.4313031288378536
C→B,с учётом цензуры,2.6910767152728208,0.5756158090310639,0.4243841909689361
C→B,с учётом цензуры,2.741851747636459,0.5824237537305998,0.41757624626940015
C→B,с учётом цензуры,2.7926267800000972,0.5891224858062487,0.41087751419375135
C→B,с учётом цензуры,2.8434018123637355,0.5957137572401051,0.4042862427598949
C→B,с учётом цензуры,2.8941768447273737,0.6021992919090768,0.3978007080909232
C→B,с учётом цензуры,2.9449518770910115,0.6085807860357453,0.3914192139642547
C→B,с учётом цензуры,2.9957269094546497,0.6148599086319956,0.3851400913680044
C→B,с учётом цензуры,3.046501941818288,0.6210383019355282,0.3789616980644718
C→B,с учётом цензуры,3.097276974181926,0.6271175818393689,0.37288241816063106
C→B,с учётом цензуры,3.148052006545564,0.6330993383144885,0.3669006616855115
C→B,с учётом цензуры,3.198827038909202,0.6389851358256425,0.36101486417435746
C→B,с учётом цензуры,3.2496020712728404,0.6447765137405408,0.35522348625945915
C→B,с учётом цензуры,3.3003771036364786,0.6504749867324526,0.3495250132675474
C→B,с учётом цензуры,3.351152136000117,0.6560820451763525,0.3439179548236475
C→B,с учётом цензуры,3.4019271683637546,0.6615991555387135,0.33840084446128654
C→B,с учётом цензуры,3.452702200727393,0.6670277607610444,0.3329722392389555
C→B,с учётом цензуры,3.503477233091031,0.6723692806372771,0.3276307193627229
C→B,с учётом цензуры,3.5542522654546693,0.677625112185097,0.322374887814903
C→B,с учётом цензуры,3.605027297818307,0.6827966300113197,0.31720336998868026
C→B,с учётом цензуры,3.6558023301819453,0.6878851866714037,0.31211481332859625
C→B,с учётом цензуры,3.7065773625455836,0.6928921130231975,0.3071078869768024
C→B,с учётом цензуры,3.757352394909222,0.697818718575011,0.302181281424989
C→B,с учётом цензуры,3.80812742727286,0.7026662918281033,0.2973337081718967
C→B,с учётом цензуры,3.858902459636498,0.707436100613677,0.292563899386323
C→B,с учётом цензуры,3.909677492000136,0.7121293924244656,0.28787060757553434
C→B,с учётом цензуры,3.9604525243637743,0.7167473947410022,0.28325260525899776
C→B,с учётом цензуры,4.0112275567274125,0.7212913153526536,0.27870868464734644
C→B,с учётом цензуры,4.06200258909105,0.7257623426735049,0.274237657326495
C→B,с учётом цензуры,4.112777621454689,0.7301616460531771,0.2698383539468229
C→B,с учётом цензуры,4.163552653818327,0.734490376082657,0.265509623917343
C→B,с учётом цензуры,4.2143276861819645,0.738749664895223,0.2612503351047771
C→B,с учётом цензуры,4.265102718545603,0.7429406264625419,0.2570593735374581
C→B,с учётом цензуры,4.315877750909241,0.7470643568860167,0.25293564311398326
C→B,с учётом цензуры,4.36665278327288,0.7511219346834602,0.24887806531653978
C→B,с учётом цензуры,4.417427815636517,0.7551144210711696,0.2448855789288305
C→B,с учётом цензуры,4.468202848000155,0.7590428602414762,0.24095713975852381
C→B,с учётом цензуры,4.518977880363794,0.762908279635844,0.23709172036415604
C→B,с учётом цензуры,4.569752912727432,0.7667116902135842,0.23328830978641577
C→B,с учётом цензуры,4.62052794509107,0.7704540867162626,0.22954591328373739
C→B,с учётом цензуры,4.671302977454708,0.7741364479278623,0.22586355207213765
C→B,с учётом цензуры,4.722078009818346,0.7777597369307753,0.22224026306922473
C→B,с учётом цензуры,4.772853042181985,0.7813249013576857,0.21867509864231433
C→B,с учётом цензуры,4.823628074545622,0.7848328736394133,0.21516712636058669
C→B,с учётом цензуры,4.874403106909261,0.788284571248781,0.21171542875121893
C→B,с учётом цензуры,4.925178139272899,0.79168089694057,0.20831910305943005
C→B,с учётом цензуры,4.975953171636537,0.7950227389876252,0.2049772610123748
C→B,с учётом цензуры,5.026728204000175,0.7983109714131746,0.20168902858682541
C→B,с учётом цензуры,5.077503236363813,0.8015464542194196,0.19845354578058036
C→B,с учётом цензуры,5.128278268727451,0.8047300336124604,0.19526996638753955
C→B,с учётом цензуры,5.1790533010910895,0.8078625422236116,0.19213745777638835
C→B,с учётом цензуры,5.229828333454727,0.8109447993271681,0.18905520067283188
C→B,с учётом цензуры,5.280603365818366,0.8139776110546778,0.18602238894532216
C→B,с учётом цензуры,5.331378398182004,0.8169617706057767,0.18303822939422332
C→B,с учётом цензуры,5.3821534305456415,0.8198980584556416,0.18010194154435843
C→B,с учётом цензуры,5.43292846290928,0.8227872425591154,0.1772127574408846
C→B,с учётом цензуры,5.483703495272918,0.8256300785515572,0.17436992144844274
C→B,с учётом цензуры,5.534478527636557,0.8284273099464712,0.17157269005352885
C→B,с учётом цензуры,5.5852535600001945,0.8311796683299637,0.16882033167003635
C→B,с учётом цензуры,5.636028592363832,0.8338878735520828,0.16611212644791717
C→B,с учётом цензуры,5.686803624727471,0.8365526339150873,0.16344736608491267
C→B,с учётом цензуры,5.737578657091109,0.8391746463586949,0.1608253536413051
C→B,с учётом цензуры,5.788353689454747,0.8417545966423601,0.15824540335763992
C→B,с учётом цензуры,5.839128721818385,0.8442931595246269,0.15570684047537312
C→B,с учётом цензуры,5.889903754182023,0.846790998939605,0.15320900106039503
C→B,с учётом цензуры,5.940678786545662,0.8492487681706145,0.1507512318293855
C→B,с учётом цензуры,5.991453818909299,0.8516671100210452,0.1483328899789548
C→B,с учётом цензуры,6.042228851272937,0.8540466569824752,0.14595334301752477
C→B,с учётом цензуры,6.093003883636576,0.8563880314000921,0.14361196859990785
C→B,с учётом цензуры,6.143778916000214,0.8586918456354609,0.14130815436453917
C→B,с учётом цензуры,6.194553948363852,0.8609587022266803,0.1390412977733197
C→B,с учётом цензуры,6.24532898072749,0.8631891940459708,0.1368108059540291
C→B,с учётом цензуры,6.296104013091128,0.8653839044547338,0.13461609554526616
C→B,с учётом цензуры,6.3468790454547666,0.8675434074561232,0.1324565925438768
C→B,с учётом цензуры,6.397654077818404,0.8696682678451703,0.13033173215482977
C→B,с учётом цензуры,6.448429110182043,0.8717590413564997,0.12824095864350032
C→B,с учётом цензуры,6.499204142545681,0.8738162748096758,0.12618372519032414
C→B,с учётом цензуры,6.549979174909319,0.8758405062522181,0.1241594937477819
C→B,с учётом цензуры,6.600754207272957,0.8778322651003208,0.1221677348996792
C→B,с учётом цензуры,6.651529239636595,0.8797920722773168,0.1202079277226832
C→B,с учётом цензуры,6.702304272000234,0.8817204403499196,0.11827955965008044
C→B,с учётом цензуры,6.7530793043638715,0.8836178736622791,0.11638212633772094
C→B,с учётом цензуры,6.803854336727509,0.8854848684678881,0.11451513153211186
C→B,с учётом цензуры,6.854629369091148,0.8873219130593719,0.11267808694062807
C→B,с учётом цензуры,6.905404401454786,0.8891294878961957,0.11087051210380425
C→B,с учётом цензуры,6.956179433818424,0.8909080657303243,0.10909193426967569
C→B,с учётом цензуры,7.006954466182062,0.8926581117298646,0.1073418882701353
C→B,с учётом цензуры,7.0577294985457,0.8943800836007262,0.10561991639927377
C→B,с учётом цензуры,7.108504530909339,0.8960744317063287,0.10392556829367128
C→B,с учётом цензуры,7.159279563272976,0.89774159918539,0.10225840081460999
C→B,с учётом цензуры,7.210054595636614,0.8993820220678244,0.10061797793217558
C→B,с учётом цензуры,7.260829628000253,0.9009961293887814,0.09900387061121857
C→B,с учётом цензуры,7.311604660363891,0.9025843433008556,0.09741565669914447
C→B,с учётом цензуры,7.362379692727529,0.9041470791844957,0.0958529208155043
C→B,с учётом цензуры,7.413154725091167,0.9056847457566435,0.09431525424335646
C→B,с учётом цензуры,7.463929757454805,0.9071977451776292,0.09280225482237085
C→B,с учётом цензуры,7.514704789818444,0.9086864731563516,0.0913135268436484
C→B,с учётом цензуры,7.565479822182081,0.9101513190537726,0.08984868094622749
C→B,с учётом цензуры,7.61625485454572,0.9115926659847493,0.08840733401525064
C→B,с учётом цензуры,7.667029886909358,0.9130108909182348,0.08698910908176513
C→B,с учётом цензуры,7.717804919272996,0.9144063647758695,0.08559363522413053
C→B,с учётом цензуры,7.768579951636634,0.9157794525289917,0.0842205474710083
C→B,с учётом цензуры,7.819354984000272,0.9171305132940927,0.08286948670590731
C→B,с учётом цензуры,7.870130016363911,0.9184599004267393,0.08154009957326068
C→B,с учётом цензуры,7.9209050487275485,0.9197679616139904,0.0802320383860096
C→B,с учётом цензуры,7.971680081091186,0.9210550389653307,0.07894496103466932
C→B,с учётом цензуры,8.022455113454825,0.922321469102146,0.077678530897854
C→B,с учётом цензуры,8.073230145818464,0.9235675832457628,0.07643241675423713
C→B,с учётом цензуры,8.1240051781821,0.9247937073040758,0.07520629269592412
C→B,с учётом цензуры,8.17478021054574,0.9260001619567857,0.07399983804321429
C→B,с учётом цензуры,8.225555242909378,0.9271872627392691,0.07281273726073086
C→B,с учётом цензуры,8.276330275273015,0.9283553201251041,0.07164467987489587
C→B,с учётом цензуры,8.327105307636653,0.929504639607271,0.07049536039272893
C→B,с учётом цензуры,8.377880340000292,0.9306355217780509,0.06936447822194919
C→B,с учётом цензуры,8.428655372363929,0.9317482624076416,0.06825173759235831
C→B,с учётом цензуры,8.479430404727568,0.9328431525215151,0.067156847478485
C→B,с учётом цензуры,8.530205437091206,0.9339204784765296,0.06607952152347041
C→B,с учётом цензуры,8.580980469454845,0.9349805220358254,0.0650194779641746
C→B,с учётом цензуры,8.631755501818482,0.9360235604425157,0.0639764395574843
C→B,с учётом цензуры,8.68253053418212,0.9370498664921971,0.06295013350780292
C→B,с учётом цензуры,8.73330556654576,0.9380597086042961,0.06194029139570384
C→B,с учётом цензуры,8.784080598909396,0.9390533508922718,0.06094664910772815
C→B,с учётом цензуры,8.834855631273035,0.9400310532326915,0.059968946767308476
C→B,с учётом цензуры,8.885630663636674,0.9409930713331988,0.0590069286668012
C→B,с учётом цензуры,8.93640569600031,0.9419396567993912,0.05806034320060877
C→B,с учётом цензуры,8.987180728363949,0.9428710572006253,0.0571289427993748
C→B,с учётом цензуры,9.037955760727588,0.9437875161347649,0.05621248386523517
C→B,с учётом цензуры,9.088730793091225,0.9446892732918925,0.05531072670810751
C→B,с учётом цензуры,9.139505825454863,0.9455765645169973,0.05442343548300269
C→B,с учётом цензуры,9.190280857818502,0.9464496218716577,0.053550378128342256
C→B,с учётом цензуры,9.24105589018214,0.9473086736947349,0.05269132630526509
C→B,с учётом цензуры,9.291830922545778,0.9481539446620921,0.05184605533790782
C→B,с учётом цензуры,9.342605954909416,0.9489856558453568,0.05101434415464324
C→B,с учётом цензуры,9.393380987273055,0.9498040247697386,0.05019597523026139
C→B,с учётом цензуры,9.444156019636692,0.9506092654709217,0.04939073452907822
C→B,с учётом цензуры,9.49493105200033,0.9514015885510434,0.0485984114489566
C→B,с учётом цензуры,9.54570608436397,0.9521812012337741,0.0478187987662259
C→B,с учётом цензуры,9.596481116727606,0.9529483074185154,0.04705169258148461
C→B,с учётом цензуры,9.647256149091245,0.9537031077337274,0.04629689226627268
C→B,с учётом цензуры,9.698031181454883,0.9544457995894007,0.04555420041059931
C→B,с учётом цензуры,9.748806213818522,0.9551765772286875,0.04482342277131245
C→B,с учётом цензуры,9.799581246182159,0.9558956317787034,0.044104368221296604
C→B,с учётом цензуры,9.850356278545798,0.9566031513005145,0.043396848699485444
C→B,с учётом цензуры,9.901131310909436,0.9572993208383234,0.04270067916167659
C→B,с учётом цензуры,9.951906343273073,0.9579843224678648,0.042015677532135226
C→B,с учётом цензуры,10.002681375636712,0.958658335344026,0.04134166465597403
C→B,с учётом цензуры,10.05345640800035,0.9593215357477027,0.04067846425229727
C→B,с учётом цензуры,10.104231440363987,0.9599740971319036,0.040025902868096354
C→B,с учётом цензуры,10.155006472727626,0.9606161901671151,0.039383809832884906
C→B,с учётом цензуры,10.205781505091265,0.961247982785938,0.038752017214061955
C→B,с учётом цензуры,10.256556537454902,0.9618696402270092,0.03813035977299082
C→B,с учётом цензуры,10.30733156981854,0.9624813250782174,0.03751867492178265
C→B,с учётом цензуры,10.358106602182179,0.9630831973192265,0.036916802680773415
C→B,с учётом цензуры,10.408881634545818,0.9636754143633172,0.03632458563668286
C→B,с учётом цензуры,10.459656666909455,0.9642581310985553,0.035741868901444734
C→B,с учётом цензуры,10.510431699273093,0.9648314999283025,0.035168500071697466
C→B,с учётом цензуры,10.561206731636732,0.9653956708110752,0.03460432918892472
C→B,с учётом цензуры,10.611981764000369,0.9659507912997647,0.03404920870023531
C→B,с учётом цензуры,10.662756796364008,0.9664970065802276,0.033502993419772316
C→B,с учётом цензуры,10.713531828727646,0.9670344595092587,0.03296554049074126
C→B,с учётом цензуры,10.764306861091283,0.9675632906519525,0.0324367093480475
C→B,с учётом цензуры,10.815081893454922,0.9680836383184672,0.031916361681532765
C→B,с учётом цензуры,10.86585692581856,0.9685956386001981,0.0314043613998018
C→B,с учётом цензуры,10.916631958182197,0.969099425405371,0.03090057459462899
C→B,с учётом цензуры,10.967406990545836,0.9695951304940639,0.03040486950593609
C→B,с учётом цензуры,11.018182022909475,0.9700828835126681,0.02991711648733184
C→B,с учётом цензуры,11.068957055273113,0.9705628120277957,0.029437187972204282
C→B,с учётом цензуры,11.11973208763675,0.9710350415596429,0.028964958440357097
C→B,с учётом цензуры,11.170507120000389,0.971499695614819,0.02850030438518108
C→B,с учётом цензуры,11.221282152364028,0.9719568957186476,0.02804310428135238
C→B,с учётом цензуры,11.272057184727664,0.9724067614469512,0.02759323855304882
C→B,с учётом цензуры,11.322832217091303,0.972849410457324,0.02715058954267602
C→B,с учётом цензуры,11.373607249454942,0.9732849585199045,0.026715041480095462
C→B,с учётом цензуры,11.424382281818579,0.9737135195476541,0.026286480452345943
C→B,с учётом цензуры,11.475157314182217,0.9741352056261492,0.025864794373850846
C→B,с учётом цензуры,11.525932346545856,0.9745501270428966,0.02544987295710341
C→B,с учётом цензуры,11.576707378909495,0.9749583923161779,0.025041607683822152
C→B,с учётом цензуры,11.627482411273132,0.9753601082234309,0.02463989177656912
C→B,с учётом цензуры,11.67825744363677,0.9757553798291767,0.02424462017082329
C→B,с учётом цензуры,11.729032476000409,0.9761443105124978,0.023855689487502194
C→B,с учётом цензуры,11.779807508364046,0.9765270019940758,0.023472998005924124
C→B,с учётом цензуры,11.830582540727685,0.9769035543627959,0.02309644563720418
C→B,с учётом цензуры,11.881357573091323,0.9772740661019229,0.022725933898077134
C→B,с учётом цензуры,11.93213260545496,0.9776386341148599,0.022361365885140157
C→B,с учётом цензуры,11.982907637818599,0.9779973537504913,0.022002646249508706
C→B,с учётом цензуры,12.033682670182237,0.9783503188281208,0.021649681171879147
C→B,с учётом цензуры,12.084457702545874,0.9786976216620088,0.021302378337991246
C→B,с учётом цензуры,12.135232734909513,0.9790393530855157,0.02096064691448435
C→B,с учётом цензуры,12.186007767273152,0.9793756024748591,0.020624397525140923
C→B,с учётом цензуры,12.23678279963679,0.9797064577724889,0.02029354222751113
C→B,с учётом цензуры,12.287557832000427,0.9800320055100875,0.019967994489912433
C→B,с учётом цензуры,12.338332864364066,0.9803523308312019,0.019647669168798117
C→B,с учётом цензуры,12.389107896727705,0.980667517513511,0.01933248248648896
C→B,с учётом цензуры,12.439882929091342,0.9809776479907379,0.019022352009262028
C→B,с учётом цензуры,12.49065796145498,0.981282803374209,0.018717196625791008
C→B,с учётом цензуры,12.541432993818619,0.9815830634740675,0.01841693652593245
C→B,с учётом цензуры,12.592208026182256,0.9818785068201478,0.01812149317985223
C→B,с учётом цензуры,12.642983058545894,0.9821692106825131,0.017830789317486908
C→B,с учётом цензуры,12.693758090909533,0.9824552510916654,0.017544748908334594
C→B,с учётом цензуры,12.744533123273172,0.9827367028584301,0.01726329714156996
C→B,с учётом цензуры,12.795308155636809,0.9830136395935217,0.016986360406478284
C→B,с учётом цензуры,12.846083188000447,0.9832861337267967,0.016713866273203287
C→B,с учётом цензуры,12.896858220364086,0.983554256526196,0.016445743473803964
C→B,с учётом цензуры,12.947633252727723,0.9838180781163848,0.01618192188361518
C→B,с учётом цензуры,12.998408285091362,0.9840776674970928,0.015922332502907244
C→B,с учётом цензуры,13.049183317455,0.9843330925611601,0.015666907438839882
C→B,с учётом цензуры,13.099958349818637,0.9845844201122945,0.015415579887705493
C→B,с учётом цензуры,13.150733382182276,0.9848317158825426,0.015168284117457397
C→B,с учётом цензуры,13.201508414545915,0.9850750445494817,0.014924955450518296
C→B,с учётом цензуры,13.252283446909551,0.9853144697531354,0.014685530246864566
C→B,с учётом цензуры,13.30305847927319,0.9855500541126182,0.014449945887381827
C→B,с учётом цензуры,13.353833511636829,0.9857818592425124,0.014218140757487665
C→B,с учётом цензуры,13.404608544000467,0.986009945768983,0.013990054231016937
C→B,с учётом цензуры,13.455383576364104,0.9862343733456344,0.013765626654365667
C→B,с учётом цензуры,13.506158608727743,0.9864552006691107,0.013544799330889238
C→B,с учётом цензуры,13.556933641091382,0.9866724854944491,0.013327514505550973
C→B,с учётом цензуры,13.607708673455019,0.9868862846501831,0.01311371534981688
C→B,с учётом цензуры,13.658483705818657,0.9870966540532072,0.012903345946792759
C→B,с учётом цензуры,13.709258738182296,0.9873036487234003,0.012696351276599738
C→B,с учётом цензуры,13.760033770545933,0.9875073227980156,0.012492677201984418
C→B,с учётом цензуры,13.810808802909571,0.9877077295458402,0.012292270454159804
C→B,с учётом цензуры,13.86158383527321,0.9879049213811265,0.012095078618873496
C→B,с учётом цензуры,13.912358867636849,0.9880989498773007,0.01190105012269924
C→B,с учётом цензуры,13.963133900000486,0.9882898657804515,0.011710134219548472
C→B,с учётом цензуры,14.013908932364124,0.9884777190226018,0.01152228097739821
C→B,с учётом цензуры,14.064683964727763,0.9886625587347682,0.011337441265231873
C→B,с учётом цензуры,14.1154589970914,0.9888444332598104,0.011155566740189582
C→B,с учётом цензуры,14.166234029455039,0.9890233901650755,0.010976609834924577
C→B,с учётом цензуры,14.217009061818677,0.9891994762548375,0.010800523745162532
C→B,с учётом цензуры,14.267784094182314,0.9893727375825396,0.010627262417460365
C→B,с учётом цензуры,14.318559126545953,0.9895432194628385,0.010456780537161427
C→B,с учётом цензуры,14.369334158909592,0.989710966483456,0.010289033516543993
C→B,с учётом цензуры,14.420109191273228,0.9898760225168403,0.010123977483159774
C→B,с учётом цензуры,14.470884223636867,0.9900384307316404,0.009961569268359557
C→B,с учётом цензуры,14.521659256000506,0.9901982336039971,0.009801766396002907
C→B,с учётом цензуры,14.572434288364144,0.990355472928651,0.00964452707134898
C→B,с учётом цензуры,14.623209320727781,0.9905101898298744,0.009489810170125571
C→B,с учётом цензуры,14.67398435309142,0.9906624247722265,0.009337575227773445
C→B,с учётом цензуры,14.724759385455059,0.9908122175711367,0.009187782428863337
C→B,с учётом цензуры,14.775534417818696,0.9909596074033173,0.009040392596682607
C→B,с учётом цензуры,14.826309450182334,0.991104632817011,0.008895367182988969
C→B,с учётом цензуры,14.877084482545973,0.9912473317420714,0.00875266825792866
C→B,с учётом цензуры,14.92785951490961,0.9913877414998837,0.008612258500116253
C→B,с учётом цензуры,14.978634547273249,0.9915258988131264,0.008474101186873658
C→B,с учётом цензуры,15.029409579636887,0.9916618398153743,0.008338160184625696
C→B,с учётом цензуры,15.080184612000526,0.9917956000605502,0.00820439993944974
C→B,с учётом цензуры,15.130959644364163,0.991927214532223,0.008072785467776983
C→B,с учётом цензуры,15.181734676727801,0.9920567176527572,0.007943282347242819
C→D,истина,0.0,0.0,1.0
C→D,истина,0.15028463070945855,0.051014090498298734,0.9489859095017013
C→D,истина,0.3005692614189171,0.08713417298137918,0.9128658270186208
C→D,истина,0.4508538921283757,0.11847140898075266,0.8815285910192473
C→D,истина,0.6011385228378342,0.14677318593879676,0.8532268140612033
C→D,истина,0.7514231535472927,0.17283586168394938,0.8271641383160506
C→D,истина,0.9017077842567514,0.1971192621413786,0.8028807378586215
C→D,истина,1.0519924149662099,0.21992425268471485,0.7800757473152851
C→D,истина,1.2022770456756684,0.24146379365543727,0.7585362063445628
C→D,истина,1.352561676385127,0.261897030216579,0.7381029697834209
C→D,истина,1.5028463070945854,0.28134771401072345,0.7186522859892767
C→D,истина,1.653130937804044,0.2999150407983216,0.7000849592016783
C→D,истина,1.8034155685135027,0.31768044814185414,0.6823195518581459
C→D,истина,1.9537001992229612,0.33471209847425476,0.6652879015257452
C→D,истина,2.1039848299324198,0.3510679576500547,0.6489320423499453
C→D,истина,2.2542694606418783,0.36679798060217705,0.633202019397823
C→D,истина,2.404554091351337,0.3819457070350563,0.6180542929649436
C→D,истина,2.5548387220607953,0.3965494544309235,0.6034505455690765
C→D,истина,2.705123352770254,0.41064322845361223,0.5893567715463878
C→D,истина,2.8554079834797124,0.42425743020001105,0.575742569799989
C→D,истина,3.005692614189171,0.4374194143135042,0.5625805856864958
C→D,истина,3.1559772448986294,0.45015393556653693,0.5498460644334631
C→D,истина,3.306261875608088,0.462483510653225,0.537516489346775
C→D,истина,3.4565465063175465,0.4744287145662881,0.5255712854337119
C→D,истина,3.6068311370270054,0.48600842583324755,0.5139915741667525
C→D,истина,3.757115767736464,0.4972400312902182,0.5027599687097818
C→D,истина,3.9074003984459225,0.5081395984916635,0.4918604015083366
C→D,истина,4.0576850291553805,0.518722021975138,0.48127797802486205
C→D,истина,4.2079696598648395,0.52900114821177,0.47099885178823
C→D,истина,4.358254290574298,0.5389898830344664,0.46101011696553357
C→D,истина,4.5085389212837566,0.5487002845493637,0.4512997154506363
C→D,истина,4.658823551993215,0.5581436439340971,0.4418563560659029
C→D,истина,4.809108182702674,0.5673305560610685,0.4326694439389315
C→D,истина,4.959392813412133,0.5762709815207097,0.42372901847929034
C→D,истина,5.109677444121591,0.5849743013338353,0.4150256986661646
C→D,истина,5.25996207483105,0.5934493654152865,0.4065506345847135
C→D,истина,5.410246705540508,0.6017045356696186,0.39829546433038143
C→D,истина,5.560531336249967,0.6097477244534706,0.3902522755465294
C→D,истина,5.710815966959425,0.6175864290207681,0.3824135709792319
C→D,истина,5.861100597668884,0.6252277624702611,0.37477223752973887
C→D,истина,6.011385228378342,0.6326784816355568,0.36732151836444316
C→D,истина,6.161669859087801,0.6399450122923401,0.36005498770765987
C→D,истина,6.311954489797259,0.647033472003142,0.352966527996858
C→D,истина,6.462239120506718,0.6539496908747188,0.34605030912528123
C→D,истина,6.612523751216176,0.660699230465146,0.339300769534854
C→D,истина,6.762808381925635,0.6672874010457877,0.33271259895421235
C→D,истина,6.913093012635093,0.6737192773962937,0.3262807226037064
C→D,истина,7.063377643344552,0.6799997132878642,0.32000028671213576
C→D,истина,7.213662274054011,0.6861333547904879,0.31386664520951213
C→D,истина,7.363946904763469,0.6921246525231588,0.30787534747684114
C→D,истина,7.514231535472928,0.6979778729517461,0.302022127048254
C→D,истина,7.664516166182386,0.7036971088268389,0.2963028911731611
C→D,истина,7.814800796891845,0.7092862888432286,0.29071371115677136
C→D,истина,7.965085427601303,0.7147491865934389,0.2852508134065611
C→D,истина,8.115370058310761,0.7200894288796815,0.2799105711203184
C→D,истина,8.26565468902022,0.725310503441607,0.2746894965583931
C→D,истина,8.415939319729679,0.7304157661510912,0.26958423384890884
C→D,истина,8.566223950439138,0.7354084477199346,0.26459155228006537
C→D,истина,8.716508581148595,0.740291659961624,0.259708340038376
C→D,истина,8.866793211858054,0.7450684016441562,0.25493159835584384
C→D,истина,9.017077842567513,0.7497415639672484,0.2502584360327516
C→D,истина,9.167362473276972,0.7543139356940102,0.24568606430598983
C→D,истина,9.31764710398643,0.7587882079642719,0.24121179203572807
C→D,истина,9.467931734695888,0.7631669788142005,0.23683302118579952
C→D,истина,9.618216365405347,0.7674527574245503,0.23254724257544965
C→D,истина,9.768500996114806,0.7716479681178638,0.22835203188213618
C→D,истина,9.918785626824265,0.7757549541231095,0.2242450458768905
C→D,истина,10.069070257533722,0.7797759811246174,0.22022401887538257
C→D,истина,10.219354888243181,0.7837132406107054,0.21628675938929462
C→D,истина,10.36963951895264,0.7875688530360716,0.21243114696392837
C→D,истина,10.5199241496621,0.791344870810846,0.20865512918915397
C→D,истина,10.670208780371556,0.7950432811281195,0.20495671887188047
C→D,истина,10.820493411081015,0.7986660086408062,0.2013339913591939
C→D,истина,10.970778041790474,0.8022149179978163,0.19778508200218367
C→D,истина,11.121062672499933,0.8056918162487288,0.19430818375127118
C→D,истина,11.27134730320939,0.8090984551254274,0.19090154487457253
C→D,истина,11.42163193391885,0.812436533208516,0.18756346679148392
C→D,истина,11.571916564628308,0.8157076979857291,0.18429230201427096
C→D,истина,11.722201195337767,0.8189135478090134,0.18108645219098665
C→D,истина,11.872485826047225,0.8220556337564631,0.177944366243537
C→D,истина,12.022770456756684,0.825135461404833,0.174864538595167
C→D,истина,12.173055087466143,0.8281544925179485,0.17184550748205152
C→D,истина,12.323339718175601,0.8311141466559454,0.1688858533440546
C→D,истина,12.47362434888506,0.8340158027099294,0.16598419729007066
C→D,истина,12.623908979594518,0.8368608003663239,0.1631391996336761
C→D,истина,12.774193610303977,0.8396504415048847,0.16034955849511537
C→D,истина,12.924478241013436,0.8423859915340843,0.1576140084659157
C→D,истина,13.074762871722895,0.8450686806673298,0.1549313193326702
C→D,истина,13.225047502432352,0.8476997051432389,0.15230029485676108
C→D,истина,13.37533213314181,0.8502802283929964,0.1497197716070036
C→D,истина,13.52561676385127,0.8528113821576118,0.14718861784238818
C→D,истина,13.675901394560729,0.8552942675577223,0.14470573244227772
C→D,истина,13.826186025270186,0.8577299561184162,0.14227004388158376
C→D,истина,13.976470655979645,0.8601194907513993,0.1398805092486007
C→D,истина,14.126755286689104,0.8624638866966796,0.13753611330332033
C→D,истина,14.277039917398563,0.8647641324258181,0.13523586757418193
C→D,истина,14.427324548108022,0.8670211905086636,0.13297880949133642
C→D,истина,14.577609178817479,0.8692359984453815,0.1307640015546186
C→D,истина,14.727893809526938,0.8714094694654717,0.12859053053452826
C→D,истина,14.878178440236397,0.8735424932953801,0.12645750670461986
C→D,истина,15.028463070945856,0.8756359368962064,0.12436406310379354
C→D,истина,15.178747701655313,0.8776906451729332,0.1223093548270669
C→D,истина,15.329032332364772,0.8797074416565128,0.12029255834348718
C→D,истина,15.47931696307423,0.8816871291600807,0.11831287083991922
C→D,истина,15.62960159378369,0.8836304904104857,0.11636950958951427
C→D,истина,15.779886224493147,0.8855382886562687,0.11446171134373129
C→D,истина,15.930170855202606,0.8874112682531564,0.11258873174684363
C→D,истина,16.080455485912065,0.8892501552280786,0.11074984477192139
C→D,истина,16.230740116621522,0.8910556578226657,0.10894434217733429
C→D,истина,16.381024747330983,0.89282846701713,0.10717153298287002
C→D,истина,16.53130937804044,0.8945692570353889,0.10543074296461108
C→D,истина,16.681594008749897,0.8962786858322429,0.10372131416775708
C→D,истина,16.831878639459358,0.897957395563378,0.10204260443662205
C→D,истина,16.982163270168815,0.8996060130389243,0.1003939869610757
C→D,истина,17.132447900878276,0.9012251501612668,0.09877484983873323
C→D,истина,17.282732531587733,0.9028154043477644,0.09718459565223556
C→D,истина,17.43301716229719,0.9043773589390077,0.09562264106099226
C→D,истина,17.58330179300665,0.9059115835932078,0.0940884164067922
C→D,истина,17.73358642371611,0.9074186346672852,0.09258136533271477
C→D,истина,17.88387105442557,0.9088990555851972,0.09110094441480274
C→D,истина,18.034155685135026,0.910353377194016,0.08964662280598401
C→D,истина,18.184440315844483,0.9117821181082477,0.08821788189175231
C→D,истина,18.334724946553944,0.9131857850428573,0.08681421495714274
C→D,истина,18.4850095772634,0.9145648731354425,0.0854351268645575
C→D,истина,18.63529420797286,0.9159198662579817,0.08408013374201827
C→D,истина,18.78557883868232,0.917251237318557,0.08274876268144302
C→D,истина,18.935863469391776,0.9185594485534392,0.08144055144656083
C→D,истина,19.086148100101237,0.9198449518099026,0.0801550481900975
C→D,истина,19.236432730810694,0.9211081888201184,0.07889181117988166
C→D,истина,19.38671736152015,0.9223495914664656,0.0776504085335344
C→D,истина,19.537001992229612,0.9235695820385762,0.07643041796142383
C→D,истина,19.68728662293907,0.924768573482423,0.07523142651757694
C→D,истина,19.83757125364853,0.9259469696417439,0.07405303035825611
C→D,истина,19.987855884357987,0.9271051654920794,0.07289483450792061
C→D,истина,20.138140515067445,0.928243547367696,0.07175645263230401
C→D,истина,20.288425145776905,0.9293624931816484,0.07063750681835163
C→D,истина,20.438709776486363,0.9304623726392279,0.06953762736077203
C→D,истина,20.58899440719582,0.9315435474450334,0.06845645255496655
C→D,истина,20.73927903790528,0.9326063715038878,0.06739362849611222
C→D,истина,20.889563668614738,0.9336511911158184,0.06634880888418157
C→D,истина,21.0398482993242,0.9346783451653086,0.06532165483469143
C→D,истина,21.190132930033656,0.9356881653050169,0.06431183469498308
C→D,истина,21.340417560743113,0.936680976134158,0.06331902386584196
C→D,истина,21.490702191452574,0.9376570953717249,0.06234290462827511
C→D,истина,21.64098682216203,0.9386168340247304,0.06138316597526964
C→D,истина,21.79127145287149,0.9395604965516355,0.060439503448364414
C→D,истина,21.94155608358095,0.9404883810211273,0.05951161897887271
C→D,истина,22.091840714290406,0.9414007792663996,0.0585992207336003
C→D,истина,22.242125344999867,0.9422979770350903,0.057702022964909644
C→D,истина,22.392409975709324,0.9431802541350134,0.05681974586498657
C→D,истина,22.54269460641878,0.944047884575829,0.055952115424170994
C→D,истина,22.69297923712824,0.9449011367067804,0.05509886329321954
C→D,истина,22.8432638678377,0.9457402733506283,0.05425972664937169
C→D,истина,22.99354849854716,0.946565551933903,0.05343444806609696
C→D,истина,23.143833129256617,0.9473772246135952,0.05262277538640476
C→D,истина,23.294117759966074,0.9481755384003969,0.051824461599603126
C→D,истина,23.444402390675535,0.9489607352786034,0.05103926472139665
C→D,истина,23.594687021384992,0.9497330523227816,0.05026694767721835
C→D,истина,23.74497165209445,0.9504927218113065,0.049507278188693445
C→D,истина,23.89525628280391,0.9512399713368626,0.0487600286631374
C→D,истина,24.045540913513367,0.9519750239140062,0.04802497608599381
C→D,истина,24.195825544222828,0.9526980980838788,0.04730190191612121
C→D,истина,24.346110174932285,0.9534094080161593,0.04659059198384079
C→D,истина,24.496394805641742,0.954109163608339,0.04589083639166102
C→D,истина,24.646679436351203,0.9547975705824027,0.04520242941759732
C→D,истина,24.79696406706066,0.9554748305789921,0.04452516942100796
C→D,истина,24.94724869777012,0.9561411412491294,0.04385885875087055
C→D,истина,25.097533328479578,0.9567966963435741,0.0432033036564259
C→D,истина,25.247817959189035,0.9574416857998818,0.04255831420011827
C→D,истина,25.398102589898496,0.958076295827236,0.041923704172763976
C→D,истина,25.548387220607953,0.9587007089891176,0.04129929101088238
C→D,истина,25.69867185131741,0.9593151042838743,0.040684895716125616
C→D,истина,25.84895648202687,0.9599196572232545,0.04008034277674551
C→D,истина,25.99924111273633,0.9605145399089616,0.039485460091038406
C→D,истина,26.14952574344579,0.9610999211072899,0.03890007889271012
C→D,истина,26.299810374155246,0.9616759663218937,0.03832403367810632
C→D,истина,26.450095004864703,0.9622428378647464,0.03775716213525357
C→D,истина,26.600379635574164,0.9628006949253397,0.03719930507466031
C→D,истина,26.75066426628362,0.9633496936381732,0.0366503063618268
C→D,истина,26.900948896993082,0.9638899871485841,0.03611001285141593
C→D,истина,27.05123352770254,0.964421725676962,0.035578274323037916
C→D,истина,27.201518158411996,0.9649450565813967,0.035054943418603275
C→D,истина,27.351802789121457,0.9654601244187996,0.03453987558120046
C→D,истина,27.502087419830914,0.9659670710045445,0.03403292899545553
C→D,истина,27.65237205054037,0.9664660354706675,0.0335339645293325
C→D,истина,27.802656681249832,0.9669571543226652,0.03304284567733485
C→D,истина,27.95294131195929,0.9674405614949305,0.032559438505069434
C→D,истина,28.10322594266875,0.9679163884048646,0.03208361159513541
C→D,истина,28.253510573378207,0.9683847640056978,0.03161523599430216
C→D,истина,28.403795204087665,0.9688458148380591,0.031154185161940916
C→D,истина,28.554079834797125,0.9692996650803236,0.030700334919676407
C→D,истина,28.704364465506583,0.9697464365977746,0.030253563402225372
C→D,истина,28.854649096216043,0.9701862489906098,0.02981375100939017
C→D,истина,29.0049337269255,0.9706192196408233,0.029380780359176635
C→D,истина,29.155218357634958,0.9710454637579939,0.02895453624200601
C→D,истина,29.30550298834442,0.971465094424008,0.02853490557599208
C→D,истина,29.455787619053876,0.9718782226367446,0.028121777363255357
C→D,истина,29.606072249763333,0.9722849573527533,0.027715042647246696
C→D,истина,29.756356880472794,0.9726854055289457,0.0273145944710543
C→D,истина,29.90664151118225,0.9730796721633319,0.026920327836668038
C→D,истина,30.05692614189171,0.9734678603348238,0.026532139665176185
C→D,истина,30.20721077260117,0.9738500712421294,0.02614992875787061
C→D,истина,30.357495403310626,0.9742264042417633,0.02577359575823665
C→D,истина,30.507780034020087,0.974596956885195,0.025403043114805027
C→D,истина,30.658064664729544,0.9749618249551564,0.025038175044843677
C→D,истина,30.808349295439,0.9753211025011321,0.02467889749886783
C→D,истина,30.95863392614846,0.9756748818740522,0.02432511812594781
C→D,истина,31.10891855685792,0.9760232537602059,0.023976746239794035
C→D,истина,31.25920318756738,0.9763663072144004,0.02363369278559952
C→D,истина,31.409487818276837,0.976704129692379,0.023295870307621057
C→D,истина,31.559772448986294,0.9770368070825197,0.022963192917480238
C→D,истина,31.710057079695755,0.9773644237368336,0.022635576263166375
C→D,истина,31.860341710405212,0.977687062501276,0.02231293749872394
C→D,истина,32.01062634111467,0.9780048047453929,0.021995195254607112
C→D,истина,32.16091097182413,0.9783177303913145,0.021682269608685485
C→D,истина,32.31119560253359,0.9786259179421157,0.021374082057884224
C→D,истина,32.461480233243044,0.9789294445095565,0.021070555490443493
C→D,истина,32.61176486395251,0.9792283858412183,0.020771614158781745
C→D,истина,32.762049494661966,0.9795228163470517,0.020477183652948237
C→D,истина,32.91233412537142,0.9798128091253498,0.02018719087465012
C→D,истина,33.06261875608088,0.9800984359881594,0.019901564011840574
C→D,истина,33.21290338679034,0.980379767486146,0.019620232513854006
C→D,истина,33.363188017499795,0.9806568729329247,0.019343127067075253
C→D,истина,33.51347264820926,0.98092982042887,0.019070179571130042
C→D,истина,33.663757278918716,0.9811986768844161,0.018801323115583968
C→D,истина,33.81404190962817,0.9814635080428621,0.01853649195713794
C→D,истина,33.96432654033763,0.9817243785026916,0.018275621497308388
C→D,истина,34.11461117104709,0.9819813517394196,0.01801864826058039
C→D,истина,34.26489580175655,0.9822344901269772,0.017765509873022795
C→D,истина,34.41518043246601,0.9824838549586457,0.017516145041354386
C→D,истина,34.565465063175466,0.9827295064675499,0.01727049353245013
C→D,истина,34.71574969388492,0.9829715038467223,0.017028496153277756
C→D,истина,34.86603432459438,0.9832099052687461,0.016790094731253955
C→D,истина,35.016318955303845,0.983444767904989,0.016555232095010957
C→D,истина,35.1666035860133,0.9836761479444365,0.016323852055563543
C→D,истина,35.31688821672276,0.9839041006121327,0.016095899387867277
C→D,истина,35.46717284743222,0.9841286801872409,0.01587131981275909
C→D,истина,35.617457478141674,0.9843499400207288,0.015650059979271175
C→D,истина,35.76774210885114,0.9845679325526904,0.01543206744730963
C→D,истина,35.918026739560595,0.9847827093293103,0.015217290670689648
C→D,истина,36.06831137027005,0.9849943210194811,0.01500567898051882
C→D,истина,36.21859600097951,0.9852028174310792,0.014797182568920854
C→D,истина,36.36888063168897,0.9854082475269081,0.014591752473091808
C→D,истина,36.51916526239843,0.9856106594403187,0.01438934055968133
C→D,истина,36.66944989310789,0.9858101004905083,0.014189899509491689
C→D,истина,36.819734523817345,0.986006617197513,0.01399338280248699
C→D,истина,36.9700191545268,0.9862002552968938,0.013799744703106236
C→D,истина,37.12030378523626,0.9863910597541272,0.013608940245872813
C→D,истина,37.27058841594572,0.9865790747787059,0.013420925221294134
C→D,истина,37.42087304665518,0.9867643438379552,0.013235656162044817
C→D,истина,37.57115767736464,0.986946909670573,0.013053090329427069
C→D,истина,37.721442308074096,0.9871268142998978,0.012873185700102164
C→D,истина,37.87172693878355,0.987304099046913,0.012695900953087017
C→D,истина,38.02201156949301,0.9874788045429901,0.012521195457009958
C→D,истина,38.172296200202474,0.9876509707423801,0.01234902925761997
C→D,истина,38.32258083091193,0.9878206369344561,0.012179363065543892
C→D,истина,38.47286546162139,0.987987841755714,0.012012158244286076
C→D,истина,38.623150092330846,0.9881526232015347,0.011847376798465264
C→D,истина,38.7734347230403,0.9883150186377166,0.011684981362283351
C→D,истина,38.92371935374977,0.9884750648117787,0.011524935188221279
C→D,истина,39.074003984459225,0.9886327978640432,0.0113672021359568
C→D,истина,39.22428861516868,0.9887882533385005,0.011211746661499496
C→D,истина,39.37457324587814,0.9889414661934617,0.01105853380653829
C→D,истина,39.524857876587596,0.989092470812003,0.010907529187997003
C→D,истина,39.67514250729706,0.9892413010122068,0.010758698987793192
C→D,истина,39.82542713800652,0.9893879900572038,0.010612009942796227
C→D,истина,39.975711768715975,0.9895325706650199,0.01046742933498012
C→D,истина,40.12599639942543,0.9896750750182329,0.010324924981767099
C→D,истина,40.27628103013489,0.9898155347734423,0.010184465226557695
C→D,истина,40.426565660844346,0.9899539810705564,0.01004601892944355
C→D,истина,40.57685029155381,0.990090444541901,0.00990955545809897
C→D,истина,40.72713492226327,0.9902249553211525,0.009775044678847503
C→D,истина,40.877419552972725,0.9903575430521003,0.009642456947899673
C→D,истина,41.02770418368218,0.9904882368972414,0.009511763102758615
C→D,истина,41.17798881439164,0.9906170655462103,0.009382934453789696
C→D,истина,41.328273445101104,0.9907440572240491,0.009255942775950907
C→D,истина,41.47855807581056,0.9908692396993193,0.0091307603006807
C→D,истина,41.62884270652002,0.9909926402920602,0.009007359707939745
C→D,истина,41.779127337229475,0.9911142858815963,0.008885714118403666
C→D,истина,41.92941196793893,0.9912342029141965,0.008765797085803497
C→D,истина,42.0796965986484,0.9913524174105892,0.008647582589410743
C→D,истина,42.229981229357854,0.9914689549733358,0.008531045026664186
C→D,истина,42.38026586006731,0.9915838407940646,0.008416159205935402
C→D,истина,42.53055049077677,0.9916970996605698,0.008302900339430172
C→D,истина,42.680835121486226,0.991808755963777,0.008191244036222995
C→D,истина,42.83111975219569,0.991918833704578,0.008081166295421988
C→D,истина,42.98140438290515,0.9920273565005385,0.00797264349946146
C→D,истина,43.131689013614604,0.9921343475924804,0.007865652407519555
C→D,истина,43.28197364432406,0.9922398298509415,0.007760170149058521
C→D,истина,43.43225827503352,0.9923438257825151,0.0076561742174849085
C→D,истина,43.58254290574298,0.9924463575360725,0.007553642463927492
C→D,истина,43.73282753645244,0.9925474469088696,0.007452553091130372
C→D,истина,43.8831121671619,0.992647115352541,0.007352884647458932
C→D,истина,44.033396797871355,0.9927453839789835,0.0072546160210164865
C→D,истина,44.18368142858081,0.9928422735661306,0.00715772643386932
C→D,истина,44.33396605929027,0.9929378045636221,0.007062195436377886
C→D,истина,44.48425068999973,0.9930319970983679,0.006968002901632145
C→D,истина,44.63453532070919,0.9931248709800111,0.006875129019988894
C→D,истина,44.78481995141865,0.993216445706291,0.006783554293709034
C→D,истина,44.935104582128105,0.9933067404683071,0.006693259531692855
C→D,наивная MLE,0.0,0.0,1.0
C→D,наивная MLE,0.15028463070945855,0.05317097008810908,0.9468290299118909
C→D,наивная MLE,0.3005692614189171,0.09251798392034198,0.9074820160796581
C→D,наивная MLE,0.4508538921283757,0.1270575450953827,0.8729424549046173
C→D,наивная MLE,0.6011385228378342,0.15844149088503948,0.8415585091149606
C→D,наивная MLE,0.7514231535472927,0.18744122839568467,0.8125587716043153
C→D,наивная MLE,0.9017077842567514,0.21451113159278506,0.785488868407215
C→D,наивная MLE,1.0519924149662099,0.23995373284066132,0.7600462671593387
C→D,наивная MLE,1.2022770456756684,0.26398656691695055,0.7360134330830495
C→D,наивная MLE,1.352561676385127,0.2867745487301421,0.7132254512698579
C→D,наивная MLE,1.5028463070945854,0.30844762123538705,0.691552378764613
C→D,наивная MLE,1.653130937804044,0.32911122112282354,0.6708887788771764
C→D,наивная MLE,1.8034155685135027,0.3488528928441369,0.6511471071558631
C→D,наивная MLE,1.9537001992229612,0.3677466820518003,0.6322533179481997
C→D,наивная MLE,2.1039848299324198,0.3858561735799162,0.6141438264200838
C→D,наивная MLE,2.2542694606418783,0.40323666283328585,0.5967633371667141
C→D,наивная MLE,2.404554091351337,0.41993675146705667,0.5800632485329433
C→D,наивная MLE,2.5548387220607953,0.4359995480326275,0.5640004519673725
C→D,наивная MLE,2.705123352770254,0.45146358996695846,0.5485364100330415
C→D,наивная MLE,2.8554079834797124,0.4663635642606425,0.5336364357393575
C→D,наивная MLE,3.005692614189171,0.48073087960562966,0.5192691203943703
C→D,наивная MLE,3.1559772448986294,0.4945941269377938,0.5054058730622062
C→D,наивная MLE,3.306261875608088,0.507979454730032,0.492020545269968
C→D,наивная MLE,3.4565465063175465,0.5209108782072372,0.47908912179276275
C→D,наивная MLE,3.6068311370270054,0.5334105366639057,0.4665894633360943
C→D,наивная MLE,3.757115767736464,0.5454989095331872,0.4545010904668128
C→D,наивная MLE,3.9074003984459225,0.5571949993140654,0.44280500068593465
C→D,наивная MLE,4.0576850291553805,0.5685164876054569,0.43148351239454313
C→D,наивная MLE,4.2079696598648395,0.5794798691191091,0.4205201308808909
C→D,наивная MLE,4.358254290574298,0.5901005675096098,0.40989943249039024
C→D,наивная MLE,4.5085389212837566,0.6003930360748128,0.39960696392518724
C→D,наивная MLE,4.658823551993215,0.6103708457772599,0.38962915422274014
C→D,наивная MLE,4.809108182702674,0.6200467625697534,0.3799532374302466
C→D,наивная MLE,4.959392813412133,0.6294328156423321,0.3705671843576679
C→D,наивная MLE,5.109677444121591,0.638540357918997,0.361459642081003
C→D,наивная MLE,5.25996207483105,0.6473801199025522,0.3526198800974479
C→D,наивная MLE,5.410246705540508,0.6559622577814745,0.3440377422185255
C→D,наивная MLE,5.560531336249967,0.6642963965637333,0.3357036034362667
C→D,наивная MLE,5.710815966959425,0.6723916688813212,0.32760833111867876
C→D,наивная MLE,5.861100597668884,0.6802567500101246,0.3197432499898753
C→D,наивная MLE,6.011385228378342,0.6878998895681554,0.31210011043184455
C→D,наивная MLE,6.161669859087801,0.6953289402876247,0.3046710597123753
C→D,наивная MLE,6.311954489797259,0.7025513842001336,0.2974486157998664
C→D,наивная MLE,6.462239120506718,0.7095743565272564,0.2904256434727436
C→D,наивная MLE,6.612523751216176,0.7164046675292954,0.28359533247070456
C→D,наивная MLE,6.762808381925635,0.7230488225316557,0.2769511774683443
C→D,наивная MLE,6.913093012635093,0.7295130403200293,0.2704869596799707
C→D,наивная MLE,7.063377643344552,0.7358032700715311,0.2641967299284688
C→D,наивная MLE,7.213662274054011,0.741925206968377,0.25807479303162295
C→D,наивная MLE,7.363946904763469,0.7478843066230697,0.2521156933769303
C→D,наивная MLE,7.514231535472928,0.7536857984288953,0.24631420157110476
C→D,наивная MLE,7.664516166182386,0.7593346979364245,0.24066530206357548
C→D,наивная MLE,7.814800796891845,0.7648358183453724,0.2351641816546276
C→D,наивная MLE,7.965085427601303,0.7701937811912966,0.22980621880870344
C→D,наивная MLE,8.115370058310761,0.7754130262980246,0.22458697370197542
C→D,наивная MLE,8.26565468902022,0.7804978210591751,0.21950217894082485
C→D,наивная MLE,8.415939319729679,0.7854522691055539,0.21454773089444615
C→D,наивная MLE,8.566223950439138,0.7902803184094089,0.2097196815905911
C→D,наивная MLE,8.716508581148595,0.7949857688714299,0.2050142311285701
C→D,наивная MLE,8.866793211858054,0.7995722794318626,0.20042772056813743
C→D,наивная MLE,9.017077842567513,0.804043374743121,0.1959566252568789
C→D,наивная MLE,9.167362473276972,0.8084024514377376,0.19159754856226244
C→D,наивная MLE,9.31764710398643,0.8126527840223347,0.18734721597766532
C→D,наивная MLE,9.467931734695888,0.8167975304255022,0.18320246957449787
C→D,наивная MLE,9.618216365405347,0.8208397372249462,0.1791602627750538
C→D,наивная MLE,9.768500996114806,0.8247823445770398,0.1752176554229602
C→D,наивная MLE,9.918785626824265,0.8286281908698852,0.17137180913011482
C→D,наивная MLE,10.069070257533722,0.832380017119196,0.167619982880804
C→D,наивная MLE,10.219354888243181,0.836040471124677,0.16395952887532297
C→D,наивная MLE,10.36963951895264,0.839612111403114,0.16038788859688602
C→D,наивная MLE,10.5199241496621,0.843097410913062,0.156902589086938
C→D,наивная MLE,10.670208780371556,0.8464987605848233,0.15350123941517665
C→D,наивная MLE,10.820493411081015,0.8498184726683206,0.15018152733167942
C→D,наивная MLE,10.970778041790474,0.853058783910487,0.14694121608951305
C→D,наивная MLE,11.121062672499933,0.856221858572902,0.14377814142709805
C→D,наивная MLE,11.27134730320939,0.8593097912995857,0.1406902087004142
C→D,наивная MLE,11.42163193391885,0.8623246098441266,0.13767539015587335
C→D,наивная MLE,11.571916564628308,0.8652682776646361,0.13473172233536385
C→D,наивная MLE,11.722201195337767,0.8681426963944128,0.1318573036055872
C→D,наивная MLE,11.872485826047225,0.8709497081956259,0.12905029180437416
C→D,наивная MLE,12.022770456756684,0.8736910980028163,0.12630890199718367
C→D,наивная MLE,12.173055087466143,0.8763685956625357,0.1236314043374643
C→D,наивная MLE,12.323339718175601,0.8789838779750068,0.1210161220249932
C→D,наивная MLE,12.47362434888506,0.8815385706432927,0.11846142935670735
C→D,наивная MLE,12.623908979594518,0.8840342501350882,0.1159657498649118
C→D,наивная MLE,12.774193610303977,0.886472445461911,0.11352755453808909
C→D,наивная MLE,12.924478241013436,0.888854639880154,0.11114536011984597
C→D,наивная MLE,13.074762871722895,0.8911822725181757,0.10881772748182428
C→D,наивная MLE,13.225047502432352,0.893456739933331,0.10654326006666905
C→D,наивная MLE,13.37533213314181,0.8956793976026057,0.10432060239739427
C→D,наивная MLE,13.52561676385127,0.8978515613502841,0.1021484386497159
C→D,наивная MLE,13.675901394560729,0.8999745087158676,0.10002549128413245
C→D,наивная MLE,13.826186025270186,0.9020494802652674,0.09795051973473251
C→D,наивная MLE,13.976470655979645,0.9040776808481111,0.09592231915188883
C→D,наивная MLE,14.126755286689104,0.9060602808038305,0.09393971919616952
C→D,наивная MLE,14.277039917398563,0.9079984171190454,0.09200158288095459
C→D,наивная MLE,14.427324548108022,0.9098931945386072,0.09010680546139278
C→D,наивная MLE,14.577609178817479,0.9117456866325295,0.08825431336747042
C→D,наивная MLE,14.727893809526938,0.9135569368209083,0.08644306317909171
C→D,наивная MLE,14.878178440236397,0.9153279593588106,0.08467204064118933
C→D,наивная MLE,15.028463070945856,0.9170597402830061,0.08294025971699391
C→D,наивная MLE,15.178747701655313,0.9187532383223028,0.0812467616776972
C→D,наивная MLE,15.329032332364772,0.9204093857731621,0.07959061422683783
C→D,наивная MLE,15.47931696307423,0.9220290893421673,0.07797091065783264
C→D,наивная MLE,15.62960159378369,0.9236132309568412,0.07638676904315883
C→D,наивная MLE,15.779886224493147,0.9251626685462262,0.07483733145377376
C→D,наивная MLE,15.930170855202606,0.9266782367925669,0.07332176320743312
C→D,наивная MLE,16.080455485912065,0.9281607478553613,0.07183925214463872
C→D,наивная MLE,16.230740116621522,0.9296109920689872,0.07038900793101273
C→D,наивная MLE,16.381024747330983,0.9310297386150428,0.06897026138495724
C→D,наивная MLE,16.53130937804044,0.932417736170484,0.0675822638295161
C→D,наивная MLE,16.681594008749897,0.9337757135325894,0.06622428646741067
C→D,наивная MLE,16.831878639459358,0.935104380221727,0.06489561977827298
C→D,наивная MLE,16.982163270168815,0.9364044270628529,0.06359557293714718
C→D,наивная MLE,17.132447900878276,0.9376765267466223,0.06232347325337767
C→D,наивная MLE,17.282732531587733,0.9389213343709568,0.06107866562904315
C→D,наивная MLE,17.43301716229719,0.9401394879638615,0.059860512036138486
C→D,наивная MLE,17.58330179300665,0.9413316089882567,0.05866839101174329
C→D,наивная MLE,17.73358642371611,0.9424983028295473,0.05750169717045278
C→D,наивная MLE,17.88387105442557,0.9436401592666194,0.056359840733380615
C→D,наивная MLE,18.034155685135026,0.9447577529269241,0.055242247073075915
C→D,наивная MLE,18.184440315844483,0.9458516437262733,0.05414835627372667
C→D,наивная MLE,18.334724946553944,0.9469223772939482,0.053077622706051715
C→D,наивная MLE,18.4850095772634,0.9479704853836909,0.052029514616309155
C→D,наивная MLE,18.63529420797286,0.9489964862711229,0.05100351372887711
C→D,наивная MLE,18.78557883868232,0.9500008851381149,0.0499991148618851
C→D,наивная MLE,18.935863469391776,0.9509841744446004,0.049015825555399635
C→D,наивная MLE,19.086148100101237,0.9519468342883122,0.04805316571168782
C→D,наивная MLE,19.236432730810694,0.9528893327528948,0.04711066724710522
C→D,наивная MLE,19.38671736152015,0.9538121262448269,0.04618787375517309
C→D,наивная MLE,19.537001992229612,0.9547156598195704,0.045284340180429566
C→D,наивная MLE,19.68728662293907,0.9556003674973431,0.04439963250265686
C→D,наивная MLE,19.83757125364853,0.9564666725688962,0.04353332743110384
C→D,наивная MLE,19.987855884357987,0.9573149878916605,0.042685012108339554
C→D,наивная MLE,20.138140515067445,0.9581457161766117,0.04185428382338834
C→D,наивная MLE,20.288425145776905,0.9589592502661878,0.041040749733812255
C→D,наивная MLE,20.438709776486363,0.9597559734035799,0.04024402659642009
C→D,наивная MLE,20.58899440719582,0.9605362594937044,0.03946374050629562
C→D,наивная MLE,20.73927903790528,0.9613004733561493,0.038699526643850665
C→D,наивная MLE,20.889563668614738,0.9620489709703798,0.03795102902962019
C→D,наивная MLE,21.0398482993242,0.962782099713472,0.03721790028652803
C→D,наивная MLE,21.190132930033656,0.9635001985906365,0.03649980140936346
C→D,наивная MLE,21.340417560743113,0.9642035984587817,0.035796401541218326
C→D,наивная MLE,21.490702191452574,0.9648926222433545,0.035107377756645484
C→D,наивная MLE,21.64098682216203,0.9655675851486926,0.034432414851307436
C→D,наивная MLE,21.79127145287149,0.9662287948621057,0.03377120513789434
C→D,наивная MLE,21.94155608358095,0.9668765517519011,0.03312344824809887
C→D,наивная MLE,22.091840714290406,0.9675111490595572,0.032488850940442855
C→D,наивная MLE,22.242125344999867,0.9681328730862399,0.03186712691376011
C→D,наивная MLE,22.392409975709324,0.9687420033738542,0.031257996626145784
C→D,наивная MLE,22.54269460641878,0.9693388128808093,0.030661187119190726
C→D,наивная MLE,22.69297923712824,0.9699235681526737,0.030076431847326352
C→D,наивная MLE,22.8432638678377,0.9704965294878887,0.0295034705121113
C→D,наивная MLE,22.99354849854716,0.9710579510987017,0.028942048901298218
C→D,наивная MLE,23.143833129256617,0.971608081267475,0.02839191873252499
C→D,наивная MLE,23.294117759966074,0.9721471624985202,0.02785283750147978
C→D,наивная MLE,23.444402390675535,0.9726754316656038,0.027324568334396174
C→D,наивная MLE,23.594687021384992,0.9731931201552617,0.026806879844738337
C→D,наивная MLE,23.74497165209445,0.9737004540060573,0.026299545993942693
C→D,наивная MLE,23.89525628280391,0.9741976540439133,0.02580234595608661
C→D,наивная MLE,24.045540913513367,0.9746849360136405,0.025315063986359545
C→D,наивная MLE,24.195825544222828,0.9751625107067836,0.024837489293216435
C→D,наивная MLE,24.346110174932285,0.9756305840859021,0.024369415914097935
C→D,наивная MLE,24.496394805641742,0.9760893574053948,0.023910642594605166
C→D,наивная MLE,24.646679436351203,0.976539027328978,0.02346097267102194
C→D,наивная MLE,24.79696406706066,0.9769797860439199,0.023020213956080133
C→D,наивная MLE,24.94724869777012,0.9774118213721321,0.022588178627867935
C→D,наивная MLE,25.097533328479578,0.9778353168782156,0.02216468312178447
C→D,наивная MLE,25.247817959189035,0.9782504519745528,0.021749548025447124
C→D,наивная MLE,25.398102589898496,0.9786574020235386,0.02134259797646141
C→D,наивная MLE,25.548387220607953,0.9790563384370334,0.020943661562966582
C→D,наивная MLE,25.69867185131741,0.9794474287731275,0.02055257122687251
C→D,наивная MLE,25.84895648202687,0.9798308368302933,0.020169163169706794
C→D,наивная MLE,25.99924111273633,0.9802067227390062,0.01979327726099379
C→D,наивная MLE,26.14952574344579,0.9805752430509106,0.01942475694908939
C→D,наивная MLE,26.299810374155246,0.9809365508256014,0.01906344917439859
C→D,наивная MLE,26.450095004864703,0.981290795715095,0.018709204284904933
C→D,наивная MLE,26.600379635574164,0.9816381240460568,0.018361875953943247
C→D,наивная MLE,26.75066426628362,0.9819786788998502,0.018021321100149805
C→D,наивная MLE,26.900948896993082,0.9823126001904744,0.017687399809525575
C→D,наивная MLE,27.05123352770254,0.9826400247404491,0.017359975259550957
C→D,наивная MLE,27.201518158411996,0.9829610863547081,0.017038913645291896
C→D,наивная MLE,27.351802789121457,0.9832759158925602,0.01672408410743972
C→D,наивная MLE,27.502087419830914,0.9835846413377715,0.016415358662228544
C→D,наивная MLE,27.65237205054037,0.983887387866824,0.016112612133175996
C→D,наивная MLE,27.802656681249832,0.9841842779154051,0.015815722084594884
C→D,наивная MLE,27.95294131195929,0.9844754312431749,0.015524568756825022
C→D,наивная MLE,28.10322594266875,0.9847609649968639,0.015239035003136047
C→D,наивная MLE,28.253510573378207,0.9850409937717464,0.014959006228253604
C→D,наивная MLE,28.403795204087665,0.9853156296715372,0.014684370328462861
C→D,наивная MLE,28.554079834797125,0.9855849823667553,0.014415017633244714
C→D,наивная MLE,28.704364465506583,0.9858491591515984,0.014150840848401527
C→D,наивная MLE,28.854649096216043,0.9861082649993697,0.013891735000630396
C→D,наивная MLE,29.0049337269255,0.9863624026164964,0.013637597383503522
C→D,наивная MLE,29.155218357634958,0.9866116724951837,0.013388327504816359
C→D,наивная MLE,29.30550298834442,0.9868561729647346,0.01314382703526541
C→D,наивная MLE,29.455787619053876,0.9870960002415812,0.012903999758418869
C→D,наивная MLE,29.606072249763333,0.9873312484780559,0.012668751521944181
C→D,наивная MLE,29.756356880472794,0.9875620098099419,0.012437990190058078
C→D,наивная MLE,29.90664151118225,0.9877883744028347,0.012211625597165278
C→D,наивная MLE,30.05692614189171,0.9880104304973466,0.011989569502653345
C→D,наивная MLE,30.20721077260117,0.9882282644531879,0.011771735546812144
C→D,наивная MLE,30.357495403310626,0.9884419607921529,0.011558039207847178
C→D,наивная MLE,30.507780034020087,0.9886516022400429,0.011348397759957081
C→D,наивная MLE,30.658064664729544,0.9888572697675534,0.01114273023244659
C→D,наивная MLE,30.808349295439,0.9890590426301532,0.010940957369846776
C→D,наивная MLE,30.95863392614846,0.9892569984069844,0.010743001593015574
C→D,наивная MLE,31.10891855685792,0.9894512130388077,0.010548786961192361
C→D,наивная MLE,31.25920318756738,0.9896417608650193,0.010358239134980733
C→D,наивная MLE,31.409487818276837,0.989828714659765,0.010171285340235005
C→D,наивная MLE,31.559772448986294,0.9900121456671739,0.009987854332826172
C→D,наивная MLE,31.710057079695755,0.9901921236357359,0.00980787636426411
C→D,наивная MLE,31.860341710405212,0.9903687168518469,0.009631283148153143
C→D,наивная MLE,32.01062634111467,0.9905419921725408,0.009458007827459203
C→D,наивная MLE,32.16091097182413,0.990712015057433,0.009287984942567025
C→D,наивная MLE,32.31119560253359,0.9908788495998934,0.009121150400106658
C→D,наивная MLE,32.461480233243044,0.9910425585574708,0.008957441442529194
C→D,наивная MLE,32.61176486395251,0.991203203381588,0.008796796618412078
C→D,наивная MLE,32.762049494661966,0.991360844246525,0.008639155753474966
C→D,наивная MLE,32.91233412537142,0.9915155400777123,0.008484459922287708
C→D,наивная MLE,33.06261875608088,0.9916673485793476,0.008332651420652452
C→D,наивная MLE,33.21290338679034,0.9918163262613575,0.008183673738642516
C→D,наивная MLE,33.363188017499795,0.9919625284657191,0.008037471534280931
C→D,наивная MLE,33.51347264820926,0.9921060093921577,0.007893990607842377
C→D,наивная MLE,33.663757278918716,0.9922468221232377,0.0077531778767623485
C→D,наивная MLE,33.81404190962817,0.992385018648862,0.007614981351138069
C→D,наивная MLE,33.96432654033763,0.992520649890194,0.00747935010980605
C→D,наивная MLE,34.11461117104709,0.9926537657230184,0.007346234276981546
C→D,наивная MLE,34.26489580175655,0.9927844150005544,0.007215584999445682
C→D,наивная MLE,34.41518043246601,0.9929126455757337,0.007087354424266281
C→D,наивная MLE,34.565465063175466,0.993038504322961,0.0069614956770389326
C→D,наивная MLE,34.71574969388492,0.9931620371593648,0.006837962840635223
C→D,наивная MLE,34.86603432459438,0.9932832890655547,0.006716710934445238
C→D,наивная MLE,35.016318955303845,0.993402304105898,0.006597695894101975
C→D,наивная MLE,35.1666035860133,0.9935191254483243,0.00648087455167563
C→D,наивная MLE,35.31688821672276,0.9936337953836741,0.006366204616325902
C→D,наивная MLE,35.46717284743222,0.993746355344599,0.006253644655400976
C→D,наивная MLE,35.617457478141674,0.993856845924028,0.006143154075972014
C→D,наивная MLE,35.76774210885114,0.9939653068932076,0.006034693106792341
C→D,наивная MLE,35.918026739560595,0.9940717772193292,0.005928222780670819
C→D,наивная MLE,36.06831137027005,0.9941762950827508,0.005823704917249134
C→D,наивная MLE,36.21859600097951,0.994278897893827,0.005721102106173006
C→D,наивная MLE,36.36888063168897,0.9943796223093523,0.005620377690647704
C→D,наивная MLE,36.51916526239843,0.9944785042486316,0.005521495751368372
C→D,наивная MLE,36.66944989310789,0.9945755789091841,0.005424421090815921
C→D,наивная MLE,36.819734523817345,0.9946708807820904,0.005329119217909612
C→D,наивная MLE,36.9700191545268,0.9947644436669923,0.005235556333007625
C→D,наивная MLE,37.12030378523626,0.9948563006867529,0.005143699313247096
C→D,наивная MLE,37.27058841594572,0.9949464843017847,0.00505351569821536
C→D,наивная MLE,37.42087304665518,0.9950350263240556,0.004964973675944392
C→D,наивная MLE,37.57115767736464,0.9951219579307794,0.004878042069220643
C→D,наивная MLE,37.721442308074096,0.9952073096777975,0.004792690322202535
C→D,наивная MLE,37.87172693878355,0.9952911115126616,0.0047088884873383655
C→D,наивная MLE,38.02201156949301,0.9953733927874228,0.004626607212577213
C→D,наивная MLE,38.172296200202474,0.995454182271134,0.004545817728865946
C→D,наивная MLE,38.32258083091193,0.9955335081620745,0.004466491837925414
C→D,наивная MLE,38.47286546162139,0.9956113980997009,0.0043886019002991
C→D,наивная MLE,38.623150092330846,0.9956878791763322,0.004312120823667814
C→D,наивная MLE,38.7734347230403,0.9957629779485759,0.004237022051424023
C→D,наивная MLE,38.92371935374977,0.9958367204485004,0.004163279551499691
C→D,наивная MLE,39.074003984459225,0.9959091321945585,0.00409086780544153
C→D,наивная MLE,39.22428861516868,0.9959802382022721,0.004019761797727891
C→D,наивная MLE,39.37457324587814,0.9960500629946785,0.00394993700532152
C→D,наивная MLE,39.524857876587596,0.9961186306125474,0.0038813693874526108
C→D,наивная MLE,39.67514250729706,0.9961859646243733,0.0038140353756267844
C→D,наивная MLE,39.82542713800652,0.9962520881361474,0.003747911863852623
C→D,наивная MLE,39.975711768715975,0.9963170238009164,0.0036829761990836494
C→D,наивная MLE,40.12599639942543,0.9963807938281303,0.0036192061718697435
C→D,наивная MLE,40.27628103013489,0.996443419992787,0.003556580007213036
C→D,наивная MLE,40.426565660844346,0.9965049236443764,0.0034950763556235846
C→D,наивная MLE,40.57685029155381,0.99656532571563,0.0034346742843700774
C→D,наивная MLE,40.72713492226327,0.9966246467310789,0.003375353268921144
C→D,наивная MLE,40.877419552972725,0.9966829068154273,0.0033170931845727153
C→D,наивная MLE,41.02770418368218,0.9967401257017428,0.0032598742982572365
C→D,наивная MLE,41.17798881439164,0.9967963227394695,0.0032036772605304473
C→D,наивная MLE,41.328273445101104,0.9968515169022684,0.003148483097731674
C→D,наивная MLE,41.47855807581056,0.9969057267956865,0.003094273204313583
C→D,наивная MLE,41.62884270652002,0.9969589706646624,0.0030410293353375357
C→D,наивная MLE,41.779127337229475,0.9970112664008692,0.0029887335991307285
C→D,наивная MLE,41.92941196793893,0.9970626315498986,0.002937368450101382
C→D,наивная MLE,42.0796965986484,0.9971130833182916,0.002886916681708388
C→D,наивная MLE,42.229981229357854,0.9971626385804181,0.0028373614195818806
C→D,наивная MLE,42.38026586006731,0.9972113138852088,0.002788686114791237
C→D,наивная MLE,42.53055049077677,0.9972591254627428,0.0027408745372572356
C→D,наивная MLE,42.680835121486226,0.997306089230695,0.0026939107693049916
C→D,наивная MLE,42.83111975219569,0.9973522208006455,0.0026477791993545613
C→D,наивная MLE,42.98140438290515,0.997397535484254,0.0026024645157460185
C→D,наивная MLE,43.131689013614604,0.9974420482993039,0.0025579517006960074
C→D,наивная MLE,43.28197364432406,0.9974857739756172,0.0025142260243827775
C→D,наивная MLE,43.43225827503352,0.9975287269608432,0.002471273039156801
C→D,наивная MLE,43.58254290574298,0.9975709214261258,0.002429078573874154
C→D,наивная MLE,43.73282753645244,0.9976123712716501,0.0023876287283498884
C→D,наивная MLE,43.8831121671619,0.9976530901320713,0.0023469098679286837
C→D,наивная MLE,44.033396797871355,0.9976930913818298,0.0023069086181701885
C→D,наивная MLE,44.18368142858081,0.9977323881403536,0.0022676118596464566
C→D,наивная MLE,44.33396605929027,0.997770993277151,0.002229006722848942
C→D,наивная MLE,44.48425068999973,0.9978089194167973,0.0021910805832026847
C→D,наивная MLE,44.63453532070919,0.9978461789438148,0.002153821056185219
C→D,наивная MLE,44.78481995141865,0.9978827840074521,0.0021172159925479032
C→D,наивная MLE,44.935104582128105,0.9979187465263626,0.0020812534736374204
C→D,с учётом цензуры,0.0,0.0,1.0
C→D,с учётом цензуры,0.15028463070945855,0.05207956458287195,0.947920435417128
C→D,с учётом цензуры,0.3005692614189171,0.08823591052229882,0.9117640894777012
C→D,с учётом цензуры,0.4508538921283757,0.11941305253148012,0.8805869474685198
C→D,с учётом цензуры,0.6011385228378342,0.14746420926205955,0.8525357907379405
C→D,с учётом цензуры,0.7514231535472927,0.17322772160657268,0.8267722783934274
C→D,с учётом цензуры,0.9017077842567514,0.19718483211360455,0.8028151678863954
C→D,с учётом цензуры,1.0519924149662099,0.2196488313747607,0.7803511686252393
C→D,с учётом цензуры,1.2022770456756684,0.24084047108708842,0.7591595289129115
C→D,с учётом цензуры,1.352561676385127,0.2609240354671026,0.7390759645328974
C→D,с учётом цензуры,1.5028463070945854,0.28002678212557736,0.7199732178744227
C→D,с учётом цензуры,1.653130937804044,0.29825035187800397,0.701749648121996
C→D,с учётом цензуры,1.8034155685135027,0.3156779094162797,0.6843220905837203
C→D,с учётом цензуры,1.9537001992229612,0.3323788427517779,0.6676211572482221
C→D,с учётом цензуры,2.1039848299324198,0.3484119839591386,0.6515880160408614
C→D,с учётом цензуры,2.2542694606418783,0.36382789144805167,0.6361721085519484
C→D,с учётом цензуры,2.404554091351337,0.37867051314831657,0.6213294868516834
C→D,с учётом цензуры,2.5548387220607953,0.39297842777631925,0.6070215722236807
C→D,с учётом цензуры,2.705123352770254,0.406785790438301,0.593214209561699
C→D,с учётом цензуры,2.8554079834797124,0.4201230659949453,0.5798769340050547
C→D,с учётом цензуры,3.005692614189171,0.433017606832773,0.566982393167227
C→D,с учётом цензуры,3.1559772448986294,0.4454941144337795,0.5545058855662205
C→D,с учётом цензуры,3.306261875608088,0.45757501272019285,0.5424249872798071
C→D,с учётом цензуры,3.4565465063175465,0.4692807534210285,0.5307192465789715
C→D,с учётом цензуры,3.6068311370270054,0.48063006836159416,0.5193699316384058
C→D,с учётом цензуры,3.757115767736464,0.49164017981062436,0.5083598201893756
C→D,с учётом цензуры,3.9074003984459225,0.5023269773205273,0.49767302267947267
C→D,с учётом цензуры,4.0576850291553805,0.5127051675318974,0.48729483246810257
C→D,с учётом цензуры,4.2079696598648395,0.5227884019637445,0.4772115980362554
C→D,с учётом цензуры,4.358254290574298,0.5325893867271414,0.46741061327285865
C→D,с учётом цензуры,4.5085389212837566,0.5421199772802099,0.45788002271979017
C→D,с учётом цензуры,4.658823551993215,0.5513912607154614,0.4486087392845386
C→D,с учётом цензуры,4.809108182702674,0.5604136275862444,0.4395863724137557
C→D,с учётом цензуры,4.959392813412133,0.5691968349014559,0.4308031650985441
C→D,с учётом цензуры,5.109677444121591,0.5777500616206881,0.42224993837931196
C→D,с учётом цензуры,5.25996207483105,0.5860819577464667,0.4139180422535334
C→D,с учётом цензуры,5.410246705540508,0.594200687922078,0.40579931207792197
C→D,с учётом цензуры,5.560531336249967,0.6021139702920535,0.39788602970794645
C→D,с учётом цензуры,5.710815966959425,0.6098291112597076,0.3901708887402923
C→D,с учётом цензуры,5.861100597668884,0.617353036676128,0.38264696332387205
C→D,с учётом цензуры,6.011385228378342,0.6246923199129935,0.3753076800870065
C→D,с учётом цензуры,6.161669859087801,0.6318532072039715,0.3681467927960284
C→D,с учётом цензуры,6.311954489797259,0.6388416405833613,0.36115835941663865
C→D,с учётом цензуры,6.462239120506718,0.645663278703934,0.35433672129606597
C→D,с учётом цензуры,6.612523751216176,0.6523235157767968,0.3476764842232032
C→D,с учётом цензуры,6.762808381925635,0.6588274988432128,0.34117250115678716
C→D,с учётом цензуры,6.913093012635093,0.6651801435605156,0.33481985643948436
C→D,с учётом цензуры,7.063377643344552,0.6713861486606949,0.32861385133930515
C→D,с учётом цензуры,7.213662274054011,0.6774500092201579,0.3225499907798422
C→D,с учётом цензуры,7.363946904763469,0.6833760288620274,0.3166239711379726
C→D,с учётом цензуры,7.514231535472928,0.689168330997625,0.310831669002375
C→D,с учётом цензуры,7.664516166182386,0.6948308692011314,0.30516913079886865
C→D,с учётом цензуры,7.814800796891845,0.7003674368004891,0.299632563199511
C→D,с учётом цензуры,7.965085427601303,0.7057816757581448,0.2942183242418553
C→D,с учётом цензуры,8.115370058310761,0.7110770849070059,0.28892291509299406
C→D,с учётом цензуры,8.26565468902022,0.7162570275998248,0.28374297240017526
C→D,с учётом цензуры,8.415939319729679,0.7213247388239605,0.27867526117603947
C→D,с учётом цензуры,8.566223950439138,0.7262833318279931,0.2737166681720069
C→D,с учётом цензуры,8.716508581148595,0.7311358043018437,0.2688641956981564
C→D,с учётом цензуры,8.866793211858054,0.7358850441478191,0.2641149558521809
C→D,с учётом цензуры,9.017077842567513,0.7405338348762609,0.2594661651237391
C→D,с учётом цензуры,9.167362473276972,0.7450848606561666,0.2549151393438334
C→D,с учётом цензуры,9.31764710398643,0.749540711048221,0.25045928895177905
C→D,с учётом цензуры,9.467931734695888,0.753903885445072,0.24609611455492797
C→D,с учётом цензуры,9.618216365405347,0.7581767972413624,0.24182320275863753
C→D,с учётом цензуры,9.768500996114806,0.7623617777539655,0.23763822224603454
C→D,с учётом цензуры,9.918785626824265,0.766461079911021,0.23353892008897906
C→D,с учётом цензуры,10.069070257533722,0.7704768817267154,0.2295231182732846
C→D,с учётом цензуры,10.219354888243181,0.7744112895772659,0.22558871042273415
C→D,с учётом цензуры,10.36963951895264,0.7782663412922306,0.22173365870776934
C→D,с учётом цензуры,10.5199241496621,0.7820440090740761,0.21795599092592383
C→D,с учётом цензуры,10.670208780371556,0.7857462022578405,0.2142537977421595
C→D,с учётом цензуры,10.820493411081015,0.7893747699217624,0.21062523007823766
C→D,с учётом цензуры,10.970778041790474,0.7929315033588579,0.2070684966411421
C→D,с учётом цензуры,11.121062672499933,0.7964181384186304,0.20358186158136954
C→D,с учётом цензуры,11.27134730320939,0.7998363577273692,0.20016364227263087
C→D,с учётом цензуры,11.42163193391885,0.8031877927948375,0.19681220720516246
C→D,с учётом цензуры,11.571916564628308,0.80647402601455,0.19352597398545004
C→D,с учётом цензуры,11.722201195337767,0.8096965925642908,0.19030340743570917
C→D,с учётом цензуры,11.872485826047225,0.8128569822130314,0.1871430177869686
C→D,с учётом цензуры,12.022770456756684,0.8159566410399469,0.18404335896005308
C→D,с учётом цензуры,12.173055087466143,0.8189969730708183,0.1810030269291817
C→D,с учётом цензуры,12.323339718175601,0.8219793418367258,0.1780206581632742
C→D,с учётом цензуры,12.47362434888506,0.8249050718595896,0.17509492814041042
C→D,с учётом цензуры,12.623908979594518,0.8277754500687966,0.17222454993120337
C→D,с учётом цензуры,12.774193610303977,0.8305917271528567,0.16940827284714333
C→D,с учётом цензуры,12.924478241013436,0.8333551188497602,0.16664488115023982
C→D,с учётом цензуры,13.074762871722895,0.8360668071794657,0.16393319282053434
C→D,с учётом цензуры,13.225047502432352,0.8387279416217105,0.1612720583782895
C→D,с учётом цензуры,13.37533213314181,0.8413396402421325,0.1586603597578675
C→D,с учётом цензуры,13.52561676385127,0.8439029907694906,0.1560970092305094
C→D,с учётом цензуры,13.675901394560729,0.8464190516265968,0.15358094837340316
C→D,с учётом цензуры,13.826186025270186,0.8488888529174021,0.15111114708259785
C→D,с учётом цензуры,13.976470655979645,0.8513133973725258,0.14868660262747418
C→D,с учётом цензуры,14.126755286689104,0.8536936612553754,0.14630633874462465
C→D,с учётом цензуры,14.277039917398563,0.8560305952308707,0.14396940476912928
C→D,с учётом цензуры,14.427324548108022,0.8583251251986647,0.14167487480133534
C→D,с учётом цензуры,14.577609178817479,0.8605781530926355,0.1394218469073645
C→D,с учётом цензуры,14.727893809526938,0.862790557648323,0.13720944235167692
C→D,с учётом цензуры,14.878178440236397,0.8649631951398811,0.135036804860119
C→D,с учётом цензуры,15.028463070945856,0.8670969000880234,0.1329030999119766
C→D,с учётом цензуры,15.178747701655313,0.8691924859403617,0.13080751405963825
C→D,с учётом цензуры,15.329032332364772,0.8712507457254457,0.12874925427455433
C→D,с учётом цензуры,15.47931696307423,0.8732724526817469,0.1267275473182531
C→D,с учётом цензуры,15.62960159378369,0.8752583608627575,0.12474163913724251
C→D,с учётом цензуры,15.779886224493147,0.8772092057193053,0.12279079428069478
C→D,с учётом цензуры,15.930170855202606,0.8791257046601325,0.12087429533986749
C→D,с учётом цензуры,16.080455485912065,0.881008557591724,0.11899144240827597
C→D,с учётом цензуры,16.230740116621522,0.8828584474383169,0.11714155256168317
C→D,с учётом цензуры,16.381024747330983,0.8846760406429777,0.11532395935702233
C→D,с учётом цензуры,16.53130937804044,0.8864619876505826,0.1135380123494174
C→D,с учётом цензуры,16.681594008749897,0.8882169233734927,0.11178307662650737
C→D,с учётом цензуры,16.831878639459358,0.8899414676406767,0.11005853235932322
C→D,с учётом цензуры,16.982163270168815,0.8916362256309938,0.10836377436900621
C→D,с учётом цензуры,17.132447900878276,0.893301788291311,0.106698211708689
C→D,с учётом цензуры,17.282732531587733,0.8949387327400995,0.1050612672599005
C→D,с учётом цензуры,17.43301716229719,0.8965476226571168,0.10345237734288318
C→D,с учётом цензуры,17.58330179300665,0.8981290086597563,0.10187099134024373
C→D,с учётом цензуры,17.73358642371611,0.8996834286666121,0.10031657133338785
C→D,с учётом цензуры,17.88387105442557,0.9012114082487861,0.09878859175121395
C→D,с учётом цензуры,18.034155685135026,0.9027134609694308,0.09728653903056912
C→D,с учётом цензуры,18.184440315844483,0.9041900887120079,0.09580991128799211
C→D,с учётом цензуры,18.334724946553944,0.9056417819977074,0.09435821800229258
C→D,с учётом цензуры,18.4850095772634,0.9070690202924633,0.0929309797075367
C→D,с учётом цензуры,18.63529420797286,0.9084722723039718,0.09152772769602825
C→D,с учётом цензуры,18.78557883868232,0.9098519962691044,0.0901480037308956
C→D,с учётом цензуры,18.935863469391776,0.911208640232088,0.08879135976791193
C→D,с учётом цензуры,19.086148100101237,0.9125426423138082,0.0874573576861918
C→D,с учётом цензуры,19.236432730810694,0.9138544309725735,0.08614556902742655
C→D,с учётом цензуры,19.38671736152015,0.9151444252566667,0.0848555747433333
C→D,с учётом цензуры,19.537001992229612,0.9164130350489916,0.08358696495100837
C→D,с учётом цензуры,19.68728662293907,0.9176606613041101,0.08233933869588993
C→D,с учётом цензуры,19.83757125364853,0.918887696277954,0.08111230372204606
C→D,с учётом цензуры,19.987855884357987,0.9200945237504802,0.07990547624951982
C→D,с учётом цензуры,20.138140515067445,0.9212815192415292,0.07871848075847075
C→D,с учётом цензуры,20.288425145776905,0.922449050220133,0.07755094977986697
C→D,с учётом цензуры,20.438709776486363,0.9235974763075089,0.0764025236924911
C→D,с учётом цензуры,20.58899440719582,0.9247271494739678,0.07527285052603212
C→D,с учётом цензуры,20.73927903790528,0.9258384142299522,0.07416158577004783
C→D,с учётом цензуры,20.889563668614738,0.9269316078114112,0.07306839218858888
C→D,с учётом цензуры,21.0398482993242,0.9280070603597149,0.0719929396402851
C→D,с учётом цензуры,21.190132930033656,0.9290650950962959,0.07093490490370416
C→D,с учётом цензуры,21.340417560743113,0.9301060284922021,0.06989397150779783
C→D,с учётом цензуры,21.490702191452574,0.9311301704327384,0.06886982956726159
C→D,с учётом цензуры,21.64098682216203,0.9321378243773617,0.06786217562263834
C→D,с учётом цензуры,21.79127145287149,0.9331292875149957,0.06687071248500429
C→D,с учётом цензуры,21.94155608358095,0.9341048509149176,0.06589514908508247
C→D,с учётом цензуры,22.091840714290406,0.935064799673366,0.06493520032663398
C→D,с учётом цензуры,22.242125344999867,0.9360094130560159,0.0639905869439841
C→D,с учётом цензуры,22.392409975709324,0.936938964636454,0.06306103536354599
C→D,с учётом цензуры,22.54269460641878,0.9378537224307911,0.06214627756920886
C→D,с учётом цензуры,22.69297923712824,0.9387539490285355,0.06124605097146447
C→D,с учётом цензуры,22.8432638678377,0.9396399017198506,0.06036009828014939
C→D,с учётом цензуры,22.99354849854716,0.9405118326193153,0.059488167380684735
C→D,с учётом цензуры,23.143833129256617,0.9413699887862981,0.05863001121370198
C→D,с учётом цензуры,23.294117759966074,0.942214612342056,0.0577853876579441
C→D,с учётом цензуры,23.444402390675535,0.9430459405836611,0.05695405941633892
C→D,с учётом цензуры,23.594687021384992,0.943864206094857,0.056135793905143054
C→D,с учётом цензуры,23.74497165209445,0.9446696368539407,0.055330363146059304
C→D,с учётом цензуры,23.89525628280391,0.9454624563387654,0.05453754366123465
C→D,с учётом цензуры,24.045540913513367,0.9462428836289517,0.05375711637104829
C→D,с учётом цензуры,24.195825544222828,0.9470111335053971,0.05298886649460283
C→D,с учётом цензуры,24.346110174932285,0.9477674165471643,0.05223258345283561
C→D,с учётом цензуры,24.496394805641742,0.948511939225831,0.05148806077416896
C→D,с учётом цензуры,24.646679436351203,0.949244903997378,0.050755096002621986
C→D,с учётом цензуры,24.79696406706066,0.9499665093916914,0.050033490608308695
C→D,с учётом цензуры,24.94724869777012,0.9506769500997495,0.04932304990025053
C→D,с учётом цензуры,25.097533328479578,0.9513764170585669,0.04862358294143312
C→D,с учётом цензуры,25.247817959189035,0.9520650975339597,0.04793490246604021
C→D,с учётом цензуры,25.398102589898496,0.9527431752012003,0.04725682479879961
C→D,с учётом цензуры,25.548387220607953,0.9534108302236209,0.04658916977637909
C→D,с учётом цензуры,25.69867185131741,0.9540682393292298,0.045931760670770205
C→D,с учётом цензуры,25.84895648202687,0.9547155758853965,0.0452844241146035
C→D,с учётом цензуры,25.99924111273633,0.9553530099716631,0.044646990028336976
C→D,с учётом цензуры,26.14952574344579,0.9559807084507358,0.0440192915492642
C→D,с учётом цензуры,26.299810374155246,0.9565988350377111,0.04340116496228889
C→D,с учётом цензуры,26.450095004864703,0.9572075503675848,0.04279244963241529
C→D,с учётом цензуры,26.600379635574164,0.9578070120610953,0.042192987938904636
C→D,с учётом цензуры,26.75066426628362,0.9583973747889489,0.04160262521105105
C→D,с учётом цензуры,26.900948896993082,0.9589787903344709,0.04102120966552917
C→D,с учётом цензуры,27.05123352770254,0.9595514076547289,0.04044859234527107
C→D,с учётом цензуры,27.201518158411996,0.9601153729401727,0.03988462705982736
C→D,с учётом цензуры,27.351802789121457,0.9606708296728277,0.03932917032717233
C→D,с учётом цензуры,27.502087419830914,0.961217918683088,0.038782081316911965
C→D,с учётом цензуры,27.65237205054037,0.9617567782051439,0.03824322179485611
C→D,с учётом цензуры,27.802656681249832,0.9622875439310832,0.037712456068916766
C→D,с учётом цензуры,27.95294131195929,0.9628103490637034,0.03718965093629659
C→D,с учётом цензуры,28.10322594266875,0.963325324368069,0.03667467563193109
C→D,с учётом цензуры,28.253510573378207,0.9638325982218484,0.036167401778151566
C→D,с учётом цензуры,28.403795204087665,0.9643322966644657,0.035667703335534234
C→D,с учётом цензуры,28.554079834797125,0.9648245434450955,0.03517545655490456
C→D,с учётом цензуры,28.704364465506583,0.9653094600695352,0.034690539930464795
C→D,с учётом цензуры,28.854649096216043,0.9657871658459851,0.03421283415401489
C→D,с учётом цензуры,29.0049337269255,0.9662577779297625,0.03374222207023747
C→D,с учётом цензуры,29.155218357634958,0.9667214113669814,0.033278588633018545
C→D,с учётом цензуры,29.30550298834442,0.9671781791372237,0.03282182086277625
C→D,с учётом цензуры,29.455787619053876,0.9676281921952288,0.032371807804771224
C→D,с учётом цензуры,29.606072249763333,0.9680715595116274,0.03192844048837263
C→D,с учётом цензуры,29.756356880472794,0.9685083881127453,0.03149161188725472
C→D,с учётом цензуры,29.90664151118225,0.9689387831195002,0.031061216880499735
C→D,с учётом цензуры,30.05692614189171,0.9693628477854166,0.030637152214583463
C→D,с учётом цензуры,30.20721077260117,0.9697806835337794,0.030219316466220572
C→D,с учётом цензуры,30.357495403310626,0.9701923899939524,0.029807610006047574
C→D,с учётом цензуры,30.507780034020087,0.9705980650368782,0.029401934963121816
C→D,с учётом цензуры,30.658064664729544,0.9709978048097845,0.02900219519021556
C→D,с учётом цензуры,30.808349295439,0.9713917037701151,0.028608296229884936
C→D,с учётом цензуры,30.95863392614846,0.9717798547187061,0.028220145281293903
C→D,с учётом цензуры,31.10891855685792,0.9721623488322256,0.027837651167774338
C→D,с учётом цензуры,31.25920318756738,0.9725392756948967,0.02746072430510332
C→D,с учётом цензуры,31.409487818276837,0.9729107233295201,0.027089276670479858
C→D,с учётом цензуры,31.559772448986294,0.9732767782278167,0.026723221772183378
C→D,с учётом цензуры,31.710057079695755,0.9736375253801031,0.026362474619896954
C→D,с учётом цензуры,31.860341710405212,0.9739930483043212,0.026006951695678793
C→D,с учётом цензуры,32.01062634111467,0.9743434290744342,0.025656570925565836
C→D,с учётом цензуры,32.16091097182413,0.9746887483482061,0.02531125165179388
C→D,с учётом цензуры,32.31119560253359,0.9750290853943809,0.024970914605619055
C→D,с учётом цензуры,32.461480233243044,0.9753645181192743,0.02463548188072576
C→D,с учётом цензуры,32.61176486395251,0.9756951230927929,0.024304876907207045
C→D,с учётом цензуры,32.762049494661966,0.9760209755738969,0.02397902442610309
C→D,с учётом цензуры,32.91233412537142,0.9763421495355157,0.023657850464484365
C→D,с учётом цензуры,33.06261875608088,0.9766587176889335,0.023341282311066518
C→D,с учётом цензуры,33.21290338679034,0.9769707515076562,0.023029248492343824
C→D,с учётом цензуры,33.363188017499795,0.9772783212507712,0.022721678749228827
C→D,с учётом цензуры,33.51347264820926,0.9775814959858138,0.022418504014186217
C→D,с учётом цензуры,33.663757278918716,0.9778803436111511,0.022119656388848934
C→D,с учётом цензуры,33.81404190962817,0.978174930877895,0.021825069122105002
C→D,с учётом цензуры,33.96432654033763,0.978465323411356,0.021534676588644053
C→D,с учётом цензуры,34.11461117104709,0.9787515857320472,0.02124841426795273
C→D,с учётом цензуры,34.26489580175655,0.979033781276252,0.020966218723748025
C→D,с учётом цензуры,34.41518043246601,0.9793119724161613,0.020688027583838704
C→D,с учётом цензуры,34.565465063175466,0.9795862204795955,0.02041377952040449
C→D,с учётом цензуры,34.71574969388492,0.9798565857693167,0.02014341423068329
C→D,с учётом цензуры,34.86603432459438,0.980123127581943,0.019876872418057072
C→D,с учётом цензуры,35.016318955303845,0.9803859042264729,0.01961409577352708
C→D,с учётом цензуры,35.1666035860133,0.9806449730424306,0.019355026957569372
C→D,с учётом цензуры,35.31688821672276,0.9809003904176382,0.019099609582361766
C→D,с учётом цензуры,35.46717284743222,0.9811522118056261,0.018847788194373983
C→D,с учётом цензуры,35.617457478141674,0.9814004917426876,0.018599508257312335
C→D,с учётом цензуры,35.76774210885114,0.981645283864589,0.018354716135410995
C→D,с учётом цензуры,35.918026739560595,0.981886640922938,0.018113359077061998
C→D,с учётом цензуры,36.06831137027005,0.9821246148012239,0.017875385198776086
C→D,с учётом цензуры,36.21859600097951,0.9823592565305329,0.017640743469467094
C→D,с учётом цензуры,36.36888063168897,0.9825906163049476,0.01740938369505246
C→D,с учётом цензуры,36.51916526239843,0.9828187434966371,0.017181256503362854
C→D,с учётом цензуры,36.66944989310789,0.9830436866706462,0.01695631332935373
C→D,с учётом цензуры,36.819734523817345,0.9832654935993878,0.016734506400612286
C→D,с учётом цензуры,36.9700191545268,0.9834842112768468,0.016515788723153194
C→D,с учётом цензуры,37.12030378523626,0.9836998859325035,0.016300114067496558
C→D,с учётом цензуры,37.27058841594572,0.9839125630449782,0.016087436955021822
C→D,с учётом цензуры,37.42087304665518,0.9841222873554082,0.01587771264459178
C→D,с учётом цензуры,37.57115767736464,0.9843291028805596,0.015670897119440357
C→D,с учётом цензуры,37.721442308074096,0.9845330529256815,0.015466947074318525
C→D,с учётом цензуры,37.87172693878355,0.9847341800971072,0.015265819902892797
C→D,с учётом цензуры,38.02201156949301,0.9849325263146095,0.015067473685390518
C→D,с учётом цензуры,38.172296200202474,0.9851281328235132,0.014871867176486784
C→D,с учётом цензуры,38.32258083091193,0.9853210402065724,0.014678959793427584
C→D,с учётом цензуры,38.47286546162139,0.985511288395616,0.014488711604384003
C→D,с учётом цензуры,38.623150092330846,0.9856989166829673,0.014301083317032708
C→D,с учётом цензуры,38.7734347230403,0.9858839637326424,0.014116036267357593
C→D,с учётом цензуры,38.92371935374977,0.9860664675913322,0.013933532408667747
C→D,с учётом цензуры,39.074003984459225,0.9862464656991725,0.01375353430082753
C→D,с учётом цензуры,39.22428861516868,0.9864239949003063,0.013576005099693651
C→D,с учётом цензуры,39.37457324587814,0.9865990914532449,0.013400908546755158
C→D,с учётом цензуры,39.524857876587596,0.986771791041028,0.013228208958972029
C→D,с учётом цензуры,39.67514250729706,0.9869421287811921,0.013057871218807882
C→D,с учётом цензуры,39.82542713800652,0.987110139235547,0.012889860764452988
C→D,с учётом цензуры,39.975711768715975,0.9872758564197668,0.01272414358023324
C→D,с учётом цензуры,40.12599639942543,0.9874393138127985,0.012560686187201549
C→D,с учётом цензуры,40.27628103013489,0.9876005443660927,0.012399455633907363
C→D,с учётом цензуры,40.426565660844346,0.9877595805126591,0.012240419487340934
C→D,с учётом цензуры,40.57685029155381,0.9879164541759515,0.01208354582404846
C→D,с учётом цензуры,40.72713492226327,0.9880711967785852,0.011928803221414722
C→D,с учётом цензуры,40.877419552972725,0.9882238392508906,0.01177616074910937
C→D,с учётом цензуры,41.02770418368218,0.9883744120393061,0.011625587960693901
C→D,с учётом цензуры,41.17798881439164,0.9885229451146144,0.011477054885385663
C→D,с учётом цензуры,41.328273445101104,0.9886694679800243,0.011330532019975732
C→D,с учётом цензуры,41.47855807581056,0.9888140096791025,0.01118599032089756
C→D,с учётом цензуры,41.62884270652002,0.9889565988035569,0.011043401196443113
C→D,с учётом цензуры,41.779127337229475,0.9890972635008763,0.010902736499123654
C→D,с учётом цензуры,41.92941196793893,0.9892360314818279,0.010763968518172044
C→D,с учётом цензуры,42.0796965986484,0.9893729300278162,0.010627069972183815
C→D,с учётом цензуры,42.229981229357854,0.989507985998106,0.010492014001894047
C→D,с учётом цензуры,42.38026586006731,0.9896412258369127,0.010358774163087274
C→D,с учётом цензуры,42.53055049077677,0.9897726755803621,0.010227324419637938
C→D,с учётом цензуры,42.680835121486226,0.9899023608633215,0.010097639136678443
C→D,с учётом цензуры,42.83111975219569,0.9900303069261076,0.009969693073892352
C→D,с учётом цензуры,42.98140438290515,0.9901565386210697,0.009843461378930345
C→D,с учётом цензуры,43.131689013614604,0.9902810804190538,0.009718919580946188
C→D,с учётом цензуры,43.28197364432406,0.9904039564157495,0.009596043584250499
C→D,с учётом цензуры,43.43225827503352,0.9905251903379201,0.009474809662079895
C→D,с учётом цензуры,43.58254290574298,0.9906448055495208,0.009355194450479188
C→D,с учётом цензуры,43.73282753645244,0.9907628250577055,0.009237174942294432
C→D,с учётом цензуры,43.8831121671619,0.9908792715187256,0.00912072848127448
C→D,с учётом цензуры,44.033396797871355,0.9909941672437209,0.009005832756279059
C→D,с учётом цензуры,44.18368142858081,0.9911075342044088,0.008892465795591175
C→D,с учётом цензуры,44.33396605929027,0.9912193940386683,0.008780605961331707
C→D,с учётом цензуры,44.48425068999973,0.9913297680560257,0.008670231943974316
C→D,с учётом цензуры,44.63453532070919,0.9914386772430414,0.0085613227569586
C→D,с учётом цензуры,44.78481995141865,0.9915461422686005,0.008453857731399558
C→D,с учётом цензуры,44.935104582128105,0.9916521834891086,0.008347816510891495
