model,duration_days
наивная MLE,5.2500435372947685
наивная MLE,0.8054422071124043
наивная MLE,5.752591207355021
наивная MLE,2.350716924289788
наивная MLE,8.543860998216946
наивная MLE,9.632653467089437
наивная MLE,0.888301247196859
наивная MLE,3.0057415396708564
наивная MLE,11.735863350743251
наивная MLE,4.867752138561891
наивная MLE,13.066102100674222
наивная MLE,7.343077252013384
наивная MLE,15.102841176717792
наивная MLE,1.6104953533295878
наивная MLE,5.652764954766294
наивная MLE,8.475039504916703
наивная MLE,0.2913880692714368
наивная MLE,0.6192678124942987
наивная MLE,12.817561782620004
наивная MLE,8.535157729410765
наивная MLE,15.469106103995678
наивная MLE,9.133261393542291
наивная MLE,6.4241825666613375
наивная MLE,15.372784083905538
наивная MLE,12.983384924830306
наивная MLE,2.175764800029597
наивная MLE,11.653332306779474
наивная MLE,16.108389503827908
наивная MLE,15.105192393665034
наивная MLE,12.488131319440233
наивная MLE,5.505103851754002
наивная MLE,9.02199340262057
наивная MLE,2.068194317050856
наивная MLE,8.044523354948748
наивная MLE,10.483740444414781
наивная MLE,4.3104312133474165
наивная MLE,7.048330585962009
наивная MLE,2.4104355793867303
наивная MLE,9.192183825154121
наивная MLE,3.365086937628329
наивная MLE,8.992776368232093
наивная MLE,7.086520029127325
наивная MLE,8.4082712217315
наивная MLE,6.697396094888947
наивная MLE,3.03477784909436
наивная MLE,10.198937668113096
наивная MLE,8.521934742348138
наивная MLE,3.7056603646921333
наивная MLE,3.262379032298432
наивная MLE,8.213282519344268
наивная MLE,0.6089207104830613
наивная MLE,4.238569247433113
наивная MLE,28.056412732539442
наивная MLE,2.0961904787648917
наивная MLE,16.15097036335687
наивная MLE,22.84280672865396
наивная MLE,4.886102110189095
наивная MLE,12.375404428366867
наивная MLE,25.217414122615544
наивная MLE,9.908597532284752
наивная MLE,7.902005241015586
наивная MLE,14.231973767900893
наивная MLE,2.8543739365977085
наивная MLE,2.1985464424338605
наивная MLE,6.408479309580121
наивная MLE,3.2928246877388805
наивная MLE,4.010323566613775
наивная MLE,8.06320070464014
наивная MLE,5.109861163266234
наивная MLE,4.605978542032282
наивная MLE,3.623396580505407
наивная MLE,2.7132582894621233
наивная MLE,6.11944873868319
наивная MLE,3.11451328646452
наивная MLE,3.4006436154334505
наивная MLE,4.534246416526772
наивная MLE,25.109971561261094
наивная MLE,0.03873076840339083
наивная MLE,6.22934893257558
наивная MLE,8.788641501097386
наивная MLE,1.039707417024211
наивная MLE,2.3836818028196824
наивная MLE,9.189081668119647
наивная MLE,1.9333159574509253
наивная MLE,9.973525183184325
наивная MLE,26.528786809140232
наивная MLE,0.8311414410901881
наивная MLE,9.89309356301554
наивная MLE,14.60077491791472
наивная MLE,14.819302838060754
наивная MLE,1.615655148625511
наивная MLE,3.574766477168606
наивная MLE,6.673517724663611
наивная MLE,2.5428750094685038
наивная MLE,10.679882289252372
наивная MLE,0.31454693191853456
наивная MLE,4.719751134133679
наивная MLE,11.26569530897825
наивная MLE,7.240053076008564
наивная MLE,0.8690589231736661
наивная MLE,5.732509085878542
наивная MLE,1.6986161682546979
наивная MLE,6.926671400467623
наивная MLE,18.629844670030817
наивная MLE,7.200404904959812
наивная MLE,21.006601339032713
наивная MLE,3.55426089613706
наивная MLE,0.0725972959487771
наивная MLE,6.6256198442599485
наивная MLE,2.613820547419452
наивная MLE,14.010048480536895
наивная MLE,21.807597194194464
наивная MLE,14.1848262946061
наивная MLE,1.8455300464401265
наивная MLE,7.964331911389639
наивная MLE,2.4579258901071985
наивная MLE,0.21318345566540403
наивная MLE,5.215850965090918
наивная MLE,1.6565545894685942
наивная MLE,17.593390142795826
наивная MLE,14.813579233025129
наивная MLE,9.051531759270778
наивная MLE,5.503612086678183
наивная MLE,9.283801216073378
наивная MLE,33.23263365500094
наивная MLE,5.741322263154852
наивная MLE,3.037283928388684
наивная MLE,4.222601191935902
наивная MLE,2.509312554480307
наивная MLE,6.400451638738392
наивная MLE,7.264257817242085
наивная MLE,10.880087691757979
наивная MLE,7.931901053985241
наивная MLE,5.156943714649516
наивная MLE,10.029781904858059
наивная MLE,7.538929375832899
наивная MLE,1.3493558596132944
наивная MLE,2.247224815311417
наивная MLE,14.516171225217345
наивная MLE,0.5743303999443261
наивная MLE,9.79210760526842
наивная MLE,1.8422411248774044
наивная MLE,2.9678254057075835
наивная MLE,6.703957510198173
наивная MLE,9.959151478471659
наивная MLE,1.982842587186232
наивная MLE,3.3307097398035785
наивная MLE,6.715748383240026
наивная MLE,2.959637649261718
наивная MLE,4.610316024688209
наивная MLE,3.753512429879301
наивная MLE,20.49348466713254
наивная MLE,8.131297037480454
наивная MLE,4.789886169369975
наивная MLE,4.920750684012743
наивная MLE,8.215113510795133
наивная MLE,1.1687319725140202
наивная MLE,13.100082719167144
наивная MLE,4.810121922225906
наивная MLE,9.84496843013735
наивная MLE,4.129229879285226
наивная MLE,4.129139558062446
наивная MLE,5.380599666845006
наивная MLE,7.7073373008012265
наивная MLE,2.884172124933575
наивная MLE,1.3111313898561439
наивная MLE,10.94125407058427
наивная MLE,5.304070962789504
наивная MLE,13.40448633425679
наивная MLE,4.568089119705456
наивная MLE,1.5892118284866035
наивная MLE,1.78354983810448
наивная MLE,8.00718690143986
наивная MLE,12.652578999459376
наивная MLE,21.08049250174674
наивная MLE,3.0882694537507445
наивная MLE,24.571468396920412
наивная MLE,1.8966802807515952
наивная MLE,11.583142941399684
наивная MLE,7.322010862883974
наивная MLE,7.49081802647474
наивная MLE,9.03257013720016
наивная MLE,7.8025039931393465
наивная MLE,4.516453916585906
наивная MLE,1.4765149955182268
наивная MLE,9.43856685442282
наивная MLE,16.505917929613414
наивная MLE,5.489658677807838
наивная MLE,9.781634901288545
наивная MLE,3.4652268842150566
наивная MLE,2.9414646241974904
наивная MLE,2.815857623800897
наивная MLE,4.039897575460452
наивная MLE,10.83904924562638
наивная MLE,4.267661729856969
наивная MLE,6.918761607928762
наивная MLE,3.901594331415241
наивная MLE,1.0216873706930232
наивная MLE,1.2730311027941963
наивная MLE,2.0923134473749845
наивная MLE,1.0804388498175796
наивная MLE,3.6685436436354166
наивная MLE,9.304734074744962
наивная MLE,6.026504507604966
наивная MLE,6.564639480582159
наивная MLE,3.6571823270046555
наивная MLE,6.175945029847705
наивная MLE,4.149446664760228
наивная MLE,7.054386959954525
наивная MLE,6.415215531669068
наивная MLE,3.8772997251207326
наивная MLE,2.4261283344132263
наивная MLE,7.795957198544554
наивная MLE,5.49529705497407
наивная MLE,9.282550758347107
наивная MLE,0.4179430279408316
наивная MLE,8.415469596916035
наивная MLE,6.315561297278586
наивная MLE,44.847891558324704
наивная MLE,15.371091349472588
наивная MLE,3.9220966513992526
наивная MLE,5.150763732641462
наивная MLE,13.135987482220953
наивная MLE,11.536444614388211
наивная MLE,2.4538381144649835
наивная MLE,8.76480083783301
наивная MLE,4.486906215962955
наивная MLE,4.517529032362246
наивная MLE,4.811740127589711
наивная MLE,5.149895583566854
наивная MLE,8.094822018467035
наивная MLE,10.100275726189096
наивная MLE,4.955524829415726
наивная MLE,2.3163546845771363
наивная MLE,23.90606205231505
наивная MLE,5.640766427619589
наивная MLE,8.771935718110113
наивная MLE,4.778485691512383
наивная MLE,7.0002085750167975
наивная MLE,25.03318251262222
наивная MLE,7.802105319059354
наивная MLE,4.372114971376971
наивная MLE,10.957524925250254
наивная MLE,3.5788131247531374
наивная MLE,8.507946823614091
наивная MLE,0.9702056865552959
наивная MLE,11.209549736385812
наивная MLE,8.346645798253673
наивная MLE,4.241079293037596
наивная MLE,9.103727954041933
наивная MLE,8.964485189751263
наивная MLE,7.92933684474087
наивная MLE,7.459298887197468
наивная MLE,2.306862091747951
наивная MLE,6.048956975938795
наивная MLE,13.021828658281327
наивная MLE,12.860170547309007
наивная MLE,7.5436081536067
наивная MLE,8.072161311458592
наивная MLE,0.3466452581307049
наивная MLE,9.268629374254637
наивная MLE,9.57988200519906
наивная MLE,1.6372175019059552
наивная MLE,2.039154207519432
наивная MLE,5.1425563759019814
наивная MLE,3.1385428573141554
наивная MLE,9.907172519604885
наивная MLE,6.529727709036445
наивная MLE,5.1748972366538535
наивная MLE,7.150070135696476
наивная MLE,6.825036808403334
наивная MLE,3.2967857402943004
наивная MLE,0.7370476140207227
наивная MLE,6.478669041232707
наивная MLE,1.8623035800612286
наивная MLE,9.032298478728702
наивная MLE,5.404468485439946
наивная MLE,6.051324679246861
наивная MLE,8.120205601418798
наивная MLE,6.679897158322565
наивная MLE,2.1636013047597498
наивная MLE,9.04720738790272
наивная MLE,7.239818054246429
наивная MLE,26.3590836413976
наивная MLE,1.513486855782427
наивная MLE,4.6687572556663435
наивная MLE,4.438135094871685
наивная MLE,3.2904716007074284
наивная MLE,7.789872602025649
наивная MLE,18.224917741906065
наивная MLE,13.866631938272064
наивная MLE,5.6945100563297775
наивная MLE,4.396500861400391
наивная MLE,12.018120815118786
наивная MLE,4.898711248320561
наивная MLE,8.99985899805564
наивная MLE,4.2165890358119
наивная MLE,12.558286892282542
наивная MLE,10.48545524768369
наивная MLE,4.3023669384854335
наивная MLE,8.728588740824366
наивная MLE,7.6636649538224715
наивная MLE,4.659398123881879
наивная MLE,13.215352443202804
наивная MLE,6.3387911567358675
наивная MLE,17.05322073457923
наивная MLE,2.3406333385479874
наивная MLE,5.704152359021698
наивная MLE,16.75678726979002
наивная MLE,4.99593243148096
наивная MLE,15.298445702972565
наивная MLE,6.343434660358563
наивная MLE,1.9172845585708633
наивная MLE,6.302408722347985
наивная MLE,2.4673986823950322
наивная MLE,0.513827858219158
наивная MLE,5.397602158746789
наивная MLE,9.02638726015308
наивная MLE,12.027890815825495
наивная MLE,20.888203316041757
наивная MLE,7.66451810477373
наивная MLE,3.0457272479239723
наивная MLE,25.147583843075942
наивная MLE,9.95005419982404
наивная MLE,3.3007715225126937
наивная MLE,5.238365331855461
наивная MLE,8.469951255191747
наивная MLE,9.199577185448273
наивная MLE,22.087234783300538
наивная MLE,5.17489946464077
наивная MLE,5.754179584072392
наивная MLE,19.559582684718215
наивная MLE,20.00113583099952
наивная MLE,24.969283973936918
наивная MLE,0.7144380041713629
наивная MLE,4.769333404912971
наивная MLE,11.475425128225531
наивная MLE,14.66086772174948
наивная MLE,2.4644429131219523
наивная MLE,7.6179896940230085
наивная MLE,25.554883536538938
наивная MLE,12.796954263247343
наивная MLE,2.112500064819658
наивная MLE,1.3112998241146392
наивная MLE,3.8539431153146224
наивная MLE,4.556616075341157
наивная MLE,5.772563485327454
наивная MLE,7.948830910825618
наивная MLE,5.863028368525487
наивная MLE,0.3612590955979396
наивная MLE,10.358863522666674
наивная MLE,9.68370350113667
наивная MLE,10.12032374959739
наивная MLE,4.196707917199643
наивная MLE,10.62041751272246
наивная MLE,15.574292769894036
наивная MLE,11.388151761208967
наивная MLE,3.2920197059563905
наивная MLE,7.175207910651503
наивная MLE,1.5557533018491023
наивная MLE,3.8003026978076564
наивная MLE,6.737551877765944
наивная MLE,0.9296294711233305
наивная MLE,3.9264521350102157
наивная MLE,4.696376790617091
наивная MLE,7.7306569305823825
наивная MLE,1.71659535136204
наивная MLE,7.989557007371372
наивная MLE,13.659957469790768
наивная MLE,11.729467086317197
наивная MLE,1.29605080885106
наивная MLE,8.34242372953953
наивная MLE,6.268215463011139
наивная MLE,4.0523138702889625
наивная MLE,15.426909810534875
наивная MLE,1.3119505598604724
наивная MLE,4.584591032276323
наивная MLE,6.670172410167892
наивная MLE,14.61267152553617
наивная MLE,7.539084623441097
наивная MLE,0.7770829734768249
наивная MLE,12.573722359391407
наивная MLE,14.295499847289836
наивная MLE,18.31757808176241
наивная MLE,2.030154015276185
наивная MLE,3.0274916115046135
наивная MLE,4.440256107081557
наивная MLE,2.192096596440227
наивная MLE,9.784907210042608
наивная MLE,3.0966259217424255
наивная MLE,1.9440782243691257
наивная MLE,6.428564956004015
наивная MLE,1.1274767808168347
наивная MLE,7.329610014170177
наивная MLE,6.341767806143319
наивная MLE,1.0885613765827165
наивная MLE,11.121468233720599
наивная MLE,5.171500170012269
наивная MLE,8.732766259100734
наивная MLE,3.865162711372516
наивная MLE,0.9926143124660165
наивная MLE,4.537457256168553
наивная MLE,26.44881739560527
наивная MLE,0.29577631002572224
наивная MLE,4.178873901980612
наивная MLE,8.221313155269135
наивная MLE,27.070923548027213
наивная MLE,3.3911224432503437
наивная MLE,19.162753160317134
наивная MLE,1.9120066871087025
наивная MLE,3.9543081549949592
наивная MLE,1.6109781997495463
наивная MLE,7.831006203082737
наивная MLE,1.134482829189391
наивная MLE,8.710679664227815
наивная MLE,8.040700878788863
наивная MLE,21.898584010186514
наивная MLE,1.5864998695600803
наивная MLE,2.985498883238538
наивная MLE,29.15862062703377
наивная MLE,12.674758301620153
наивная MLE,9.66652734604059
наивная MLE,13.409726052988095
наивная MLE,5.04998223072791
наивная MLE,16.23056129271782
наивная MLE,9.30647303544495
наивная MLE,15.387030736872044
наивная MLE,19.14701199024436
наивная MLE,1.041109615354198
наивная MLE,0.7898109194544933
наивная MLE,19.035375269347533
наивная MLE,1.685643409257367
наивная MLE,9.928865382382828
наивная MLE,3.4408732353819294
наивная MLE,7.075974696800244
наивная MLE,1.1336168616414182
наивная MLE,3.810242761524
наивная MLE,20.52830947955776
наивная MLE,8.701731244045302
наивная MLE,4.220410455839222
наивная MLE,1.8087605981788386
наивная MLE,1.6214849546581653
наивная MLE,18.402969200787307
наивная MLE,6.077961899138937
наивная MLE,1.890584507191857
наивная MLE,4.673933533776115
наивная MLE,1.1942577725527246
наивная MLE,0.7481504264080778
наивная MLE,8.013844805477165
наивная MLE,2.566913150979402
наивная MLE,4.720188437419084
наивная MLE,3.2069247898020876
наивная MLE,4.882062946486395
наивная MLE,5.724025095576566
наивная MLE,28.59966516141588
наивная MLE,6.205921843814849
наивная MLE,8.780336220238254
наивная MLE,16.246246305448167
наивная MLE,2.1366768003900116
наивная MLE,2.284073890692188
наивная MLE,2.508652173964307
наивная MLE,0.764352057726497
наивная MLE,11.507099098240552
наивная MLE,1.4470385097231404
наивная MLE,3.144211379623452
наивная MLE,7.091271691234241
наивная MLE,2.781959902458013
наивная MLE,6.988560777549665
наивная MLE,15.060479470867412
наивная MLE,0.35524245229771834
наивная MLE,9.392719212305423
наивная MLE,3.2677879634122013
наивная MLE,6.941799154379272
наивная MLE,1.7793557176785009
наивная MLE,5.474724442496595
наивная MLE,0.3432416219453285
наивная MLE,7.9891340645201785
наивная MLE,3.4272964878605494
наивная MLE,3.893010810752753
наивная MLE,2.132059068692347
наивная MLE,7.880633669904228
наивная MLE,14.0562102686224
наивная MLE,5.280202200917231
наивная MLE,0.6852489796674824
наивная MLE,11.703720127195076
наивная MLE,3.345858415834944
наивная MLE,5.278657186781738
наивная MLE,11.532975792822398
наивная MLE,36.669104084147506
наивная MLE,21.34685468613602
наивная MLE,9.509253586158957
наивная MLE,6.115648306506975
наивная MLE,7.972257645916122
наивная MLE,16.477796743597047
наивная MLE,5.94635543575613
наивная MLE,10.229682330010718
наивная MLE,1.328352667943928
наивная MLE,12.757290129126027
наивная MLE,20.18179345356699
наивная MLE,9.79254311580759
наивная MLE,3.679397197935355
наивная MLE,22.37053561551088
наивная MLE,0.4525483110295563
наивная MLE,9.480534233197204
наивная MLE,4.413716596487806
наивная MLE,2.6355441597429325
наивная MLE,1.9061788233825347
наивная MLE,8.016881896031464
наивная MLE,5.300364459995624
наивная MLE,11.647528306077724
наивная MLE,7.615546618502197
наивная MLE,15.832663700247494
наивная MLE,2.4945717925323807
наивная MLE,7.247626269606765
наивная MLE,0.881992043359057
наивная MLE,4.387116847202002
наивная MLE,2.869714810727615
наивная MLE,1.1011865642347487
наивная MLE,7.368197042451654
наивная MLE,6.323718978960596
наивная MLE,6.532124314485252
наивная MLE,5.603947392387321
наивная MLE,5.759232898733865
наивная MLE,15.686694039039963
наивная MLE,21.726062151311606
наивная MLE,7.2324580752232075
наивная MLE,3.848094815178274
наивная MLE,3.223367555253122
наивная MLE,4.798256854647811
наивная MLE,16.00050485181719
наивная MLE,5.9106415981871745
наивная MLE,11.353508567643429
наивная MLE,4.809226095265512
наивная MLE,7.692171046197845
наивная MLE,3.1954710372263397
наивная MLE,4.755422073077426
наивная MLE,5.722457832914245
наивная MLE,8.422420892140565
наивная MLE,6.612487781679803
наивная MLE,5.122111286117112
наивная MLE,2.604575211224463
наивная MLE,12.442889471466653
наивная MLE,2.717949717483983
наивная MLE,7.5961234143097744
наивная MLE,0.19512169152138215
наивная MLE,4.917675170950511
наивная MLE,8.240122628322016
наивная MLE,8.8606365466442
наивная MLE,12.233161055559119
наивная MLE,2.470501510431343
наивная MLE,3.2492306707645984
наивная MLE,5.827790575009004
наивная MLE,8.948806192282897
наивная MLE,19.813671017641354
наивная MLE,6.645573479915704
наивная MLE,14.880662360015611
наивная MLE,6.611791676052651
наивная MLE,26.30534163246274
наивная MLE,6.142406513685191
наивная MLE,4.335742065886058
наивная MLE,10.514674687204996
наивная MLE,1.9364008445770649
наивная MLE,19.646020440090556
наивная MLE,2.276175099253929
наивная MLE,9.038831945615355
наивная MLE,3.997405965282508
наивная MLE,15.63481520207322
наивная MLE,7.203835842570388
наивная MLE,15.502576894004989
наивная MLE,4.27472077181625
наивная MLE,8.956353551790675
наивная MLE,5.181866251059752
наивная MLE,1.2445615622894401
наивная MLE,22.870423480105213
наивная MLE,8.380462775785848
наивная MLE,25.008403739215378
наивная MLE,5.038934572205322
наивная MLE,4.7279353410861855
наивная MLE,1.7171251933512406
наивная MLE,4.160597563731742
наивная MLE,1.4154410927514571
наивная MLE,7.0155552367721565
наивная MLE,5.790182347703926
наивная MLE,9.392859149522225
наивная MLE,9.786468446079153
наивная MLE,14.154276297111371
наивная MLE,19.64456030570048
наивная MLE,3.2901571233793456
наивная MLE,1.4467119547416394
наивная MLE,4.169022680255649
наивная MLE,3.168087600595434
наивная MLE,14.163646593291052
наивная MLE,5.192270309620979
наивная MLE,5.6781773673936
наивная MLE,8.594031106099912
наивная MLE,16.58200640313293
наивная MLE,6.707694762826361
наивная MLE,0.05437656574836935
наивная MLE,4.857372937092891
наивная MLE,16.067718667593898
наивная MLE,14.193741058341955
наивная MLE,14.03828888301959
наивная MLE,14.242639734030679
наивная MLE,22.423058526654835
наивная MLE,12.690217797630316
наивная MLE,5.0825759229175995
наивная MLE,7.719721821001238
наивная MLE,7.522856741792633
наивная MLE,1.287203442330661
наивная MLE,1.5554805535720886
наивная MLE,5.703454350101137
наивная MLE,2.770466067859782
наивная MLE,6.2787689125300705
наивная MLE,0.3222444222811295
наивная MLE,7.171485309978136
наивная MLE,10.76098201074445
наивная MLE,15.346833906580606
наивная MLE,6.163936054388319
наивная MLE,11.41457606780682
наивная MLE,9.830457764223617
наивная MLE,0.7255589078425527
наивная MLE,7.514240213224709
наивная MLE,4.590880649801206
наивная MLE,2.924586462230865
наивная MLE,4.863291409745143
наивная MLE,6.628571132724181
наивная MLE,8.369737929366703
наивная MLE,23.986502890693785
наивная MLE,13.409081581979507
наивная MLE,11.118992728114378
наивная MLE,0.5914630060383862
наивная MLE,10.271658355988084
наивная MLE,10.441670735438079
наивная MLE,2.102826022230102
наивная MLE,5.498471903484608
наивная MLE,8.008860686786717
наивная MLE,17.066399669915484
наивная MLE,9.71796760365106
наивная MLE,19.70084118077595
наивная MLE,2.4744363175341553
наивная MLE,15.66228387801789
наивная MLE,4.476425335351909
наивная MLE,18.372108924367655
наивная MLE,17.696033709137627
наивная MLE,1.524299604644397
наивная MLE,7.14383208484916
наивная MLE,7.211453415610813
наивная MLE,7.946013012880021
наивная MLE,0.7058375659106471
наивная MLE,12.97210853744451
наивная MLE,5.648144310715688
наивная MLE,11.188786981557563
наивная MLE,14.695942627390966
наивная MLE,8.693769584327917
наивная MLE,5.335151893578737
наивная MLE,7.306192917884666
наивная MLE,0.3405618376616317
наивная MLE,16.176306184985908
наивная MLE,6.684466702687362
наивная MLE,9.412034493803525
наивная MLE,4.0462449973846795
наивная MLE,8.922720382387231
наивная MLE,7.617265624594109
наивная MLE,2.8772438563846965
наивная MLE,1.9677057577745871
наивная MLE,33.24502637902869
наивная MLE,5.628527858792331
наивная MLE,4.912269462469772
наивная MLE,6.237787804224097
наивная MLE,7.409831009709656
наивная MLE,6.6753150512729515
наивная MLE,3.651988046730089
наивная MLE,5.056137399539026
наивная MLE,5.064767970892126
наивная MLE,7.019020169005336
наивная MLE,3.155999179861423
наивная MLE,0.5889873390014327
наивная MLE,1.1072661635844967
наивная MLE,0.6977594623878359
наивная MLE,5.876526532327448
наивная MLE,8.794662159649029
наивная MLE,8.931122424232115
наивная MLE,13.755084774954314
наивная MLE,6.926001418825868
наивная MLE,5.515677100269016
наивная MLE,3.1497827363381616
наивная MLE,4.745552003948459
наивная MLE,4.6265966155128515
наивная MLE,1.8107085361392916
наивная MLE,14.668615238424135
наивная MLE,11.023993192770792
наивная MLE,3.960100815597051
наивная MLE,5.227663454886937
наивная MLE,5.365039062266003
наивная MLE,8.133178144696721
наивная MLE,3.2435385709001614
наивная MLE,1.0983704446410985
наивная MLE,5.513194352622959
наивная MLE,4.464828594607066
наивная MLE,6.192610886206183
наивная MLE,4.873579749895958
наивная MLE,6.406857582037834
наивная MLE,4.627332052750666
наивная MLE,14.925471198152241
наивная MLE,5.813823568620734
наивная MLE,10.41617565532812
наивная MLE,3.817917460353044
наивная MLE,14.67520821054397
наивная MLE,6.442726477189082
наивная MLE,12.153261720272635
наивная MLE,9.777398005306226
наивная MLE,6.224066094311105
наивная MLE,9.091671807555949
наивная MLE,1.907284042320156
наивная MLE,8.224271713731794
наивная MLE,5.084390423703649
наивная MLE,4.611787305810234
наивная MLE,15.610765467081297
наивная MLE,2.563183159370553
наивная MLE,25.805938400891133
наивная MLE,4.042987608366896
наивная MLE,12.711730171165652
наивная MLE,10.878214702288494
наивная MLE,10.837669781859374
наивная MLE,5.042736558755825
наивная MLE,9.636570376556556
наивная MLE,7.456919563420356
наивная MLE,1.8319714156812397
наивная MLE,21.424871171883098
наивная MLE,0.5060350716180558
наивная MLE,7.169216712002162
наивная MLE,14.083233150128187
наивная MLE,1.4187861018633048
наивная MLE,7.182704562134749
наивная MLE,8.874216310020003
наивная MLE,11.649029506600217
наивная MLE,1.6042071208954112
наивная MLE,3.346123645656491
наивная MLE,5.431329514357797
наивная MLE,4.250809389302898
наивная MLE,16.571708518993653
наивная MLE,17.575669220913497
наивная MLE,2.4135179604231776
наивная MLE,8.904983606818442
наивная MLE,14.525835072744536
наивная MLE,4.587437055369884
наивная MLE,12.370301005425262
наивная MLE,3.465562532704181
наивная MLE,17.62738010991705
наивная MLE,3.9532800829664816
наивная MLE,5.8319214564560555
наивная MLE,14.514300119316436
наивная MLE,16.334547653915706
наивная MLE,6.854179781307144
наивная MLE,4.017367175759553
наивная MLE,4.986523234679133
наивная MLE,4.875701167626897
наивная MLE,29.069546883290865
наивная MLE,5.176227764146374
наивная MLE,13.999982498094017
наивная MLE,3.140756889137356
наивная MLE,21.678456592522128
наивная MLE,3.4153310671102934
наивная MLE,12.519170810955845
наивная MLE,2.177629035185461
наивная MLE,9.454299774176716
наивная MLE,23.267010677244638
наивная MLE,0.7629564623403926
наивная MLE,3.4756810255474497
наивная MLE,8.631647143183896
наивная MLE,2.3511399680958274
наивная MLE,10.70724694297515
наивная MLE,7.693590763031649
наивная MLE,2.2856353488599574
наивная MLE,0.9539199729938623
наивная MLE,0.13458193786571188
наивная MLE,2.7253847978748467
наивная MLE,8.253414393599986
наивная MLE,3.1810189928820125
наивная MLE,20.02456500563438
наивная MLE,5.38665524833203
наивная MLE,26.136273365360147
наивная MLE,1.6149506269884264
наивная MLE,12.814298583505723
наивная MLE,4.0012678252158
наивная MLE,12.411870052253054
наивная MLE,3.160041847072357
наивная MLE,6.79609893245792
наивная MLE,2.941521538707911
наивная MLE,12.127328269499227
наивная MLE,4.605312161936604
наивная MLE,0.27034038193296284
наивная MLE,5.139134563469229
наивная MLE,7.039175058075147
наивная MLE,20.21937494556893
наивная MLE,4.632842274276558
наивная MLE,8.83382528969506
наивная MLE,2.034249054817102
наивная MLE,2.384137785619632
наивная MLE,2.731759536131077
наивная MLE,13.770979788351099
наивная MLE,5.914304158876611
наивная MLE,9.563444636831532
наивная MLE,4.9109617909260885
наивная MLE,10.487289806844828
наивная MLE,9.855583027757003
наивная MLE,3.758652837610424
наивная MLE,7.552678472554619
наивная MLE,2.444626963149343
наивная MLE,13.820261314597646
наивная MLE,2.219228134871696
наивная MLE,3.3164271973286414
наивная MLE,10.270506198812116
наивная MLE,1.7345746191334819
наивная MLE,12.45456926696109
наивная MLE,0.30488061920003545
наивная MLE,5.15703842528154
наивная MLE,2.5307482255964766
наивная MLE,1.3423705112033348
наивная MLE,3.8825187209402383
наивная MLE,10.00659978090949
наивная MLE,8.745350571236903
наивная MLE,8.93055142205582
наивная MLE,5.602075565300549
наивная MLE,5.583848147654168
наивная MLE,3.9684021486117502
наивная MLE,10.132858511225258
наивная MLE,6.336514604826606
наивная MLE,10.933762904901078
наивная MLE,9.285194372551649
наивная MLE,12.36753956827011
наивная MLE,18.592978356123613
наивная MLE,16.661859660901136
наивная MLE,1.758929894838083
наивная MLE,3.170123740008814
наивная MLE,7.350570831149403
наивная MLE,3.7985639012144317
наивная MLE,0.46947869188142416
наивная MLE,4.063989104615872
наивная MLE,16.00992843863512
наивная MLE,13.178555885886789
наивная MLE,7.715743031639505
наивная MLE,0.873122101489266
наивная MLE,3.686795451016348
наивная MLE,5.687250135025677
наивная MLE,4.115187864372054
наивная MLE,4.683410108695154
наивная MLE,5.589798064316137
наивная MLE,11.89653365433724
наивная MLE,8.775838103035854
наивная MLE,4.059946750310795
наивная MLE,1.963938700157209
наивная MLE,4.0292895075373
наивная MLE,14.34306422671899
наивная MLE,7.519752036778941
наивная MLE,4.946342931975183
наивная MLE,2.7476303119467342
наивная MLE,1.0198608232068305
наивная MLE,9.834255619191305
наивная MLE,2.961739073254429
наивная MLE,17.856610488138156
наивная MLE,0.5652481102494404
наивная MLE,7.335351031125689
наивная MLE,5.621887266343894
наивная MLE,18.54962141316206
наивная MLE,7.14042411989098
наивная MLE,16.89088938585239
наивная MLE,6.9502743035906445
наивная MLE,2.2193632136206416
наивная MLE,10.114826588927453
наивная MLE,3.4211121645150557
наивная MLE,4.523925016548987
наивная MLE,0.5588762063812991
наивная MLE,3.007802307611012
наивная MLE,13.25236262005837
наивная MLE,21.819670871654107
наивная MLE,18.291140405519315
наивная MLE,11.577816218920736
наивная MLE,20.26095052280511
наивная MLE,5.230536992192845
наивная MLE,2.7257127652182565
наивная MLE,0.9229928435108803
наивная MLE,6.509273837911306
наивная MLE,6.937023671432195
наивная MLE,4.077491875244333
наивная MLE,17.451118557254276
наивная MLE,7.312563483845003
наивная MLE,3.7427891290468533
наивная MLE,0.7059204179930669
наивная MLE,12.693977769556302
наивная MLE,16.33673978947677
наивная MLE,15.402793275897203
наивная MLE,9.312829910021923
наивная MLE,6.304092101108105
наивная MLE,9.915743942640951
наивная MLE,0.42247555394376496
наивная MLE,6.370732811359206
наивная MLE,4.625035703796243
наивная MLE,3.232953902973852
наивная MLE,1.018580543971404
наивная MLE,9.686571803770837
наивная MLE,1.6898339377026812
наивная MLE,17.62637814650191
наивная MLE,4.787245949965562
наивная MLE,6.410362766079581
наивная MLE,10.71959987768635
наивная MLE,2.9076970824301505
наивная MLE,8.049734862786396
наивная MLE,21.427593959829803
наивная MLE,9.346455721218854
наивная MLE,16.346991844884343
наивная MLE,2.7923616936675995
наивная MLE,7.4706404807091555
наивная MLE,3.056803830555426
наивная MLE,21.777797416385834
наивная MLE,12.127712361839444
наивная MLE,7.814504382322399
наивная MLE,1.0314856436159043
наивная MLE,6.849088746548857
наивная MLE,6.053460224467471
наивная MLE,8.775392822121237
наивная MLE,1.513517439389221
наивная MLE,20.769007931911972
наивная MLE,20.614458885845142
наивная MLE,12.327216999154189
наивная MLE,3.6449594214914773
наивная MLE,8.91309604973203
наивная MLE,0.8526932248507384
наивная MLE,13.84550484935727
наивная MLE,2.479593622118798
наивная MLE,9.839021124292298
наивная MLE,2.27078532703064
наивная MLE,0.42521182339694047
наивная MLE,0.7627812737204468
наивная MLE,5.645464231102772
наивная MLE,7.235184881684634
наивная MLE,6.351328546035605
наивная MLE,6.046897415914021
наивная MLE,12.079573201651183
наивная MLE,14.150352396237443
наивная MLE,9.623647238793053
наивная MLE,7.6502984374644765
наивная MLE,11.240680938609062
наивная MLE,6.258879824858966
наивная MLE,8.460204224427667
наивная MLE,3.256267749188576
наивная MLE,2.6327255841480004
наивная MLE,0.9764895483431113
наивная MLE,13.03130062635769
наивная MLE,3.2407767872145428
наивная MLE,21.03954895910336
наивная MLE,6.1528716926699545
наивная MLE,6.366587090846131
наивная MLE,7.381024045293115
наивная MLE,6.200270162214316
наивная MLE,10.0189251825762
наивная MLE,10.38817302280843
наивная MLE,3.210716853039107
наивная MLE,1.5466766822694749
наивная MLE,1.0072585771670324
наивная MLE,6.14293799006614
наивная MLE,11.452140459691423
наивная MLE,2.9634189393062833
наивная MLE,0.2087815343140837
наивная MLE,8.749462219880607
наивная MLE,2.1371945871387372
наивная MLE,3.931256421812897
наивная MLE,1.5973190685295644
наивная MLE,3.403658566497303
наивная MLE,5.655375748497639
наивная MLE,15.628294016646622
наивная MLE,8.011849411442217
наивная MLE,25.13344502293806
наивная MLE,1.888045130327361
наивная MLE,7.85661445059716
наивная MLE,3.6520259433606874
наивная MLE,6.431656989032246
наивная MLE,4.511117370975235
наивная MLE,11.429742484515739
наивная MLE,0.10427567994867154
наивная MLE,0.8155403015509296
наивная MLE,4.089124644332228
наивная MLE,15.442197751003118
наивная MLE,6.25158216561261
наивная MLE,21.301400244334417
наивная MLE,8.082392633286634
наивная MLE,15.811355638549951
наивная MLE,13.957539404364173
наивная MLE,15.624369214027631
наивная MLE,5.782589398545328
наивная MLE,8.063559759513083
наивная MLE,1.5692952629508026
наивная MLE,10.798779246934828
наивная MLE,2.844161824087882
наивная MLE,15.831932373557391
наивная MLE,17.20471400841514
наивная MLE,11.60673001676249
наивная MLE,3.6613356658394283
наивная MLE,16.683385449395946
наивная MLE,1.3723157477148296
наивная MLE,5.313215026173916
наивная MLE,7.009299599062919
наивная MLE,2.7943743836215584
наивная MLE,1.8665590585006748
наивная MLE,9.959641907516273
наивная MLE,7.331260922020758
наивная MLE,2.843573983498267
наивная MLE,3.649315272699339
наивная MLE,4.527394219174296
наивная MLE,0.651716386658668
наивная MLE,13.825158262983992
наивная MLE,6.458722164659032
наивная MLE,12.519718007844782
наивная MLE,16.890976498100805
наивная MLE,0.6144489154519218
наивная MLE,8.03222838329874
наивная MLE,16.05367825137882
наивная MLE,7.302265680346232
наивная MLE,16.290636666656876
наивная MLE,18.381188855719458
наивная MLE,9.616964992561357
наивная MLE,2.6491502134246323
наивная MLE,5.661818607977911
наивная MLE,2.3946358733065756
наивная MLE,1.9958028448421596
наивная MLE,2.093830627850595
наивная MLE,6.54885989470679
наивная MLE,8.391463792236507
наивная MLE,10.676222078009978
наивная MLE,3.296184897269522
наивная MLE,24.465625682882845
наивная MLE,5.188449113575109
наивная MLE,33.6151633009404
наивная MLE,6.314948567744841
наивная MLE,6.491820672843431
наивная MLE,5.14738500116858
наивная MLE,18.393584369817596
наивная MLE,8.19918230325905
наивная MLE,3.9274621719396183
наивная MLE,5.262371044621641
наивная MLE,2.457070863449117
наивная MLE,14.024557409708363
наивная MLE,20.91897791568048
наивная MLE,5.568201644314746
наивная MLE,6.581655517485247
наивная MLE,18.251964803637865
наивная MLE,2.4753435804234782
наивная MLE,34.231562490256536
наивная MLE,20.94914673562335
наивная MLE,2.3175350174310694
наивная MLE,6.391521966640839
наивная MLE,2.425429847177188
наивная MLE,9.083248533291352
наивная MLE,4.490686445085385
наивная MLE,2.1301832999405854
наивная MLE,9.311435438350138
наивная MLE,18.958766706273252
наивная MLE,16.031587663183217
наивная MLE,0.3999481691767168
наивная MLE,17.37804951887805
наивная MLE,2.5907082182131527
наивная MLE,1.5799730816068385
наивная MLE,4.939873262050458
наивная MLE,10.984897073372437
наивная MLE,2.150335088550484
наивная MLE,1.4378179166331062
наивная MLE,25.4535463950773
наивная MLE,4.1930161660650445
наивная MLE,4.868625879052142
наивная MLE,6.032058777679255
наивная MLE,0.44656075927372635
наивная MLE,7.108603512978192
наивная MLE,9.60914069872055
наивная MLE,1.1063344205067482
наивная MLE,0.8497347576517787
наивная MLE,6.84898826403626
наивная MLE,11.01258903258324
наивная MLE,1.6771741769190778
наивная MLE,1.0981815959300556
наивная MLE,3.9416323335483523
наивная MLE,14.323838571194026
наивная MLE,6.05741927259732
наивная MLE,6.030508791739134
наивная MLE,14.207222366383169
наивная MLE,3.6981044217549788
наивная MLE,5.2003948570660254
наивная MLE,16.07231265786517
наивная MLE,4.276684082426145
наивная MLE,1.3836185143036244
наивная MLE,6.607188875069188
наивная MLE,3.501469618783693
наивная MLE,22.07556069452315
наивная MLE,4.5944623298809315
наивная MLE,9.697698018285296
наивная MLE,8.023056259033426
наивная MLE,4.7930439096990645
наивная MLE,9.121409520441139
наивная MLE,10.289283761686049
наивная MLE,13.288118511162873
наивная MLE,6.584519299184483
наивная MLE,0.7248174512564843
наивная MLE,4.21748635472412
наивная MLE,2.4492549732824576
наивная MLE,22.113643156289722
наивная MLE,0.6787280490463743
наивная MLE,2.781214832815956
наивная MLE,3.799676593241819
наивная MLE,7.342511115468606
наивная MLE,2.481414590216043
наивная MLE,4.717071382357494
наивная MLE,2.11418905247623
наивная MLE,21.67949627802272
наивная MLE,0.5542756344998073
наивная MLE,4.34028901844561
наивная MLE,19.79254665682987
наивная MLE,4.7339728584592375
наивная MLE,2.8053210571574207
наивная MLE,16.098118112957547
наивная MLE,9.706013640336522
наивная MLE,1.5105804488329486
наивная MLE,5.523197021585045
наивная MLE,7.545723784876411
наивная MLE,0.8753210996446833
наивная MLE,9.08511442496571
наивная MLE,2.1896986253879827
наивная MLE,5.549979211424647
наивная MLE,6.036127503710748
наивная MLE,8.924605626409283
наивная MLE,7.783881001570605
наивная MLE,5.8934411820589405
наивная MLE,8.799189875023874
наивная MLE,4.5536259399507415
наивная MLE,6.584050386282794
наивная MLE,8.609142251188157
наивная MLE,5.891492226832638
наивная MLE,22.858706408073242
наивная MLE,8.80009237786753
наивная MLE,4.605609014803829
наивная MLE,0.8043147120772168
наивная MLE,8.2390569663826
наивная MLE,2.850748841345116
наивная MLE,5.9404912251851645
наивная MLE,4.514925263427851
наивная MLE,18.497662670026806
наивная MLE,9.546329570696953
наивная MLE,23.891141893875414
наивная MLE,3.905873231564528
наивная MLE,4.298453671691547
наивная MLE,3.2611002324072533
наивная MLE,24.156118242351873
наивная MLE,2.1542241910115223
наивная MLE,5.138593167508924
наивная MLE,20.05775756311248
наивная MLE,1.361592508037977
наивная MLE,5.223778071370943
наивная MLE,6.650139921643359
наивная MLE,6.650909321518675
наивная MLE,4.170240358518947
наивная MLE,3.3819295004255148
наивная MLE,7.820330628221502
наивная MLE,2.2549698739042223
наивная MLE,8.789431210927582
наивная MLE,5.5489644836879695
наивная MLE,7.139206800926326
наивная MLE,2.723895262151922
наивная MLE,31.822544556814357
наивная MLE,12.735126454033503
наивная MLE,21.006347743302346
наивная MLE,10.272567795858514
наивная MLE,7.40851289742896
наивная MLE,9.238816854695294
наивная MLE,11.290656238307793
наивная MLE,4.231178132238123
наивная MLE,8.424494454702954
наивная MLE,2.0435449760359967
наивная MLE,1.774489645257503
наивная MLE,5.020512242498716
наивная MLE,1.580561085211753
наивная MLE,7.995883243928865
наивная MLE,3.91671929185697
наивная MLE,9.42463141236462
наивная MLE,1.874216490114884
наивная MLE,0.9222077824754196
наивная MLE,9.068074185678324
наивная MLE,5.2992528945589035
наивная MLE,7.395723391714689
наивная MLE,7.9066488081174935
наивная MLE,9.457903434141917
наивная MLE,7.535292451153035
наивная MLE,19.189187647537636
наивная MLE,6.880353309479845
наивная MLE,3.190431791005807
наивная MLE,3.4880804898561797
наивная MLE,4.11957768726208
наивная MLE,6.568975881149569
наивная MLE,4.914911916943477
наивная MLE,9.584233341588831
наивная MLE,7.539356660922705
наивная MLE,2.708744299070187
наивная MLE,9.135987094174872
наивная MLE,4.476611740640607
наивная MLE,0.9990045397470945
наивная MLE,18.161364943487087
наивная MLE,3.1192934626756106
наивная MLE,11.265308543582353
наивная MLE,0.5931325492842062
наивная MLE,12.3057936058799
наивная MLE,9.527107624078356
наивная MLE,4.7642108910999825
наивная MLE,3.6597196272729398
наивная MLE,4.081822282068265
наивная MLE,12.16350833352802
наивная MLE,5.995019189363656
наивная MLE,0.47592541134138877
наивная MLE,9.153894994824215
наивная MLE,6.395224432481775
наивная MLE,5.909395479407076
наивная MLE,7.7381611359372435
наивная MLE,6.151446651976268
наивная MLE,2.192931678297114
наивная MLE,10.184320373750177
наивная MLE,4.384487613752824
наивная MLE,6.23663740223769
наивная MLE,0.7784055521765253
наивная MLE,10.689504548005415
наивная MLE,10.281601366101281
наивная MLE,4.03616383324083
наивная MLE,7.159261356835664
наивная MLE,20.7240106414829
наивная MLE,13.549825871501266
наивная MLE,3.3907188517050337
наивная MLE,13.358925678218982
наивная MLE,1.8097134538294646
наивная MLE,19.966856059965103
наивная MLE,2.545658486910427
наивная MLE,3.2695269411502528
наивная MLE,0.33610757889123655
наивная MLE,3.1492565682671367
наивная MLE,7.693886781160998
наивная MLE,0.10084316792359921
наивная MLE,3.8146461086035197
наивная MLE,1.4072924556659483
наивная MLE,5.451256938360802
наивная MLE,6.292192448449071
наивная MLE,1.8570395501310224
наивная MLE,3.9291556180209697
наивная MLE,11.084729630598192
наивная MLE,4.1580656201740505
наивная MLE,6.3088669000607975
наивная MLE,16.151227136804685
наивная MLE,5.407981379359241
наивная MLE,0.3784742051244904
наивная MLE,0.5722245014501386
наивная MLE,2.398292957434374
наивная MLE,4.016695610323403
наивная MLE,9.204746262106191
наивная MLE,19.04335509435105
наивная MLE,12.166639568478166
наивная MLE,4.610344574350418
наивная MLE,4.878665536868287
наивная MLE,92.27611674209435
наивная MLE,2.525645104932627
наивная MLE,6.409287172167449
наивная MLE,1.1367217461707193
наивная MLE,5.240710103816582
наивная MLE,9.57831614544556
наивная MLE,5.200160368564193
наивная MLE,1.7424522912379499
наивная MLE,2.3951302414384226
наивная MLE,7.472823733239791
наивная MLE,9.925981870955596
наивная MLE,5.695200887855376
наивная MLE,1.0854573085587647
наивная MLE,2.603840710688257
наивная MLE,15.60075953744084
наивная MLE,14.939848312139045
наивная MLE,11.456457159615699
наивная MLE,1.2013671035279658
наивная MLE,15.242320797862666
наивная MLE,5.159772515404619
наивная MLE,13.2547465988135
наивная MLE,2.2681507261703167
наивная MLE,4.917971228557823
наивная MLE,0.42805248331975854
наивная MLE,0.8333621102563246
наивная MLE,3.8057048986587576
наивная MLE,3.2315330341375414
наивная MLE,11.117262727300657
наивная MLE,3.612426671611706
наивная MLE,4.694684859514653
наивная MLE,5.907116969721958
наивная MLE,4.6789427982838205
наивная MLE,0.7999265252922343
наивная MLE,15.817205830141985
наивная MLE,7.099148282240585
наивная MLE,6.955254632131966
наивная MLE,9.976660687642195
наивная MLE,6.9166782550020915
наивная MLE,11.660113831053895
наивная MLE,14.913190895478678
наивная MLE,4.410908872987379
наивная MLE,2.9138130323066065
наивная MLE,13.728661906482424
наивная MLE,19.580436305532363
наивная MLE,3.6088772948442926
наивная MLE,6.851889172235608
наивная MLE,13.171637759651404
наивная MLE,4.946793050518413
наивная MLE,29.22353525346658
наивная MLE,6.2661559249940355
наивная MLE,1.8407848728653002
наивная MLE,3.6184282621832438
наивная MLE,14.642100153543156
наивная MLE,10.436008676230841
наивная MLE,13.86955658647064
наивная MLE,1.0630988434159654
наивная MLE,14.413466544030973
наивная MLE,13.562416603965998
наивная MLE,13.209722417264166
наивная MLE,5.0424111463486785
наивная MLE,8.162046284018523
наивная MLE,2.276388424467635
наивная MLE,0.38928003914958687
наивная MLE,8.813030574469279
наивная MLE,2.1914093090296314
наивная MLE,5.277895789559651
наивная MLE,5.083708055673332
наивная MLE,31.07678991388353
наивная MLE,8.986362077232963
наивная MLE,1.089213750838472
наивная MLE,12.591687685941537
наивная MLE,1.1112170234140257
наивная MLE,4.84289077978808
наивная MLE,3.8101890105138727
наивная MLE,4.488151134885456
наивная MLE,5.31445445025747
наивная MLE,0.6418385685637975
наивная MLE,8.13420694790158
наивная MLE,7.5570923783545885
наивная MLE,16.66547513033748
наивная MLE,3.214621421418147
наивная MLE,20.937388589869528
наивная MLE,2.804667729165453
наивная MLE,5.128825132473799
наивная MLE,2.4176231583322
наивная MLE,9.987704999161346
наивная MLE,6.748498267112517
наивная MLE,8.122587053950562
наивная MLE,6.281969639964063
наивная MLE,4.813360850555725
наивная MLE,5.0312314138595
наивная MLE,3.6110067650778936
наивная MLE,17.614667714337386
наивная MLE,4.311614986571275
наивная MLE,9.811642806751754
наивная MLE,7.784664544008268
наивная MLE,12.512603882187717
наивная MLE,10.495629936105662
наивная MLE,3.0740669703279706
наивная MLE,12.733645339988392
наивная MLE,0.9635314172747941
наивная MLE,2.640404880306499
наивная MLE,1.1869845808723167
наивная MLE,5.515334609713047
наивная MLE,2.6780115179436086
наивная MLE,1.225739589426314
наивная MLE,14.844454086938685
наивная MLE,5.928214355284047
наивная MLE,16.64275496405937
наивная MLE,5.635826784805794
наивная MLE,2.0806694746911347
наивная MLE,18.22327063557827
наивная MLE,3.875349891455833
наивная MLE,4.91969753722506
наивная MLE,4.69068705195003
наивная MLE,9.844573099075959
наивная MLE,3.7293225060298845
наивная MLE,4.41665056859923
наивная MLE,0.1459425681766984
наивная MLE,9.83377200955627
наивная MLE,4.222575140256278
наивная MLE,1.9830737730911074
наивная MLE,16.857178644615168
наивная MLE,0.7168400765867472
наивная MLE,8.140761211017317
наивная MLE,0.36895981949607815
наивная MLE,1.4449982802107737
наивная MLE,7.428650593404903
наивная MLE,7.4648089840054075
наивная MLE,3.399246324924798
наивная MLE,16.59698949402385
наивная MLE,1.6620713861482188
наивная MLE,5.25096688848182
наивная MLE,2.4828733253049484
наивная MLE,2.1075052411045587
наивная MLE,3.932320799244889
наивная MLE,8.911717468545875
наивная MLE,15.039051278244429
наивная MLE,3.2808982530201374
наивная MLE,3.2997784875843723
наивная MLE,5.491484135129661
наивная MLE,16.206428414348512
наивная MLE,8.451049488981294
наивная MLE,3.950084232378542
наивная MLE,16.207864005365753
наивная MLE,4.538710291095496
наивная MLE,4.236238458510372
наивная MLE,19.19350202588198
наивная MLE,3.2685302373345557
наивная MLE,1.0703145694880092
наивная MLE,2.1402436773447615
наивная MLE,4.639748519984776
наивная MLE,2.1774022141269818
наивная MLE,3.0532928023529253
наивная MLE,1.2093228933890665
наивная MLE,6.511461279248133
наивная MLE,19.056834726913664
наивная MLE,0.711151254033562
наивная MLE,4.580797442213131
наивная MLE,11.998005703093472
наивная MLE,5.419878363229832
наивная MLE,5.64448650298971
наивная MLE,12.957841691524319
наивная MLE,4.014019900582854
наивная MLE,8.250502100803606
наивная MLE,7.0814915663323
наивная MLE,13.411864826164335
наивная MLE,12.6447238090258
наивная MLE,5.878191605953169
наивная MLE,0.9773531635266032
наивная MLE,12.721400765226068
наивная MLE,4.995056740254341
наивная MLE,8.529911806038761
наивная MLE,15.972546857417804
наивная MLE,3.4716124760020124
наивная MLE,15.94185731136961
наивная MLE,4.826031907948911
наивная MLE,4.829734183802134
наивная MLE,6.659922559898397
наивная MLE,1.5623316413172912
наивная MLE,7.146266289938283
наивная MLE,13.163976839693287
наивная MLE,10.174685312132787
наивная MLE,5.62182423964779
наивная MLE,7.95435634781192
наивная MLE,2.3306107760377297
наивная MLE,8.074593892376226
наивная MLE,7.033431603764383
наивная MLE,0.961861405353954
наивная MLE,7.094597006765067
наивная MLE,4.413043976396215
наивная MLE,7.728844168966713
наивная MLE,1.2783439258748863
наивная MLE,6.7285075812925585
наивная MLE,26.043501865378143
наивная MLE,2.0939976066797596
наивная MLE,2.4270621229573477
наивная MLE,16.68487942043223
наивная MLE,12.096803021804796
наивная MLE,5.952118716077159
наивная MLE,0.5374592521554192
наивная MLE,10.772143660292144
наивная MLE,7.96433208279983
наивная MLE,12.216301473847375
наивная MLE,1.4639160785560494
наивная MLE,11.77423545755551
наивная MLE,4.1315385230072454
наивная MLE,1.7802185253833285
наивная MLE,24.547995748089853
наивная MLE,15.198337383535362
наивная MLE,6.125670613363837
наивная MLE,1.0581115047762923
наивная MLE,3.082147296843261
наивная MLE,1.4167455902731003
наивная MLE,3.9565601136907533
наивная MLE,1.0960209205412217
наивная MLE,7.435514925760903
наивная MLE,21.39963488526425
наивная MLE,5.711787050965736
наивная MLE,8.52224224936189
наивная MLE,6.417234935455014
наивная MLE,9.859042439546716
наивная MLE,1.933562579595603
наивная MLE,13.568836816449124
наивная MLE,8.638210462554499
наивная MLE,8.335761585421892
наивная MLE,1.5124786251157598
наивная MLE,5.092267824501915
наивная MLE,4.181837019999745
наивная MLE,5.127410427389987
наивная MLE,4.84510874658676
наивная MLE,11.484418183510932
наивная MLE,4.62256561000983
наивная MLE,21.00590930489713
наивная MLE,2.1669191268188497
наивная MLE,17.117254729145593
наивная MLE,2.612642176802027
наивная MLE,8.39719676201235
наивная MLE,15.288559878236304
наивная MLE,9.300188111545959
наивная MLE,5.742184360583691
наивная MLE,7.2870459439952775
наивная MLE,0.6712645114648499
наивная MLE,7.089653022856328
наивная MLE,8.363282734842665
наивная MLE,8.414072508580631
наивная MLE,3.0696997196863847
наивная MLE,7.923394144426542
наивная MLE,4.920410748549886
наивная MLE,7.9285702723818945
наивная MLE,2.218425505297148
наивная MLE,22.609431114256836
наивная MLE,3.1169743676098913
наивная MLE,6.595619189929829
наивная MLE,2.7181526179564175
наивная MLE,11.714833599463535
наивная MLE,2.7444045990061143
наивная MLE,2.0829567337263137
наивная MLE,7.760046653787855
наивная MLE,5.260891564087585
наивная MLE,5.884077070951517
наивная MLE,1.8268201287629227
наивная MLE,3.5299882238790103
наивная MLE,13.327183530561461
наивная MLE,2.609076709723858
наивная MLE,3.922285642422491
наивная MLE,3.3959359300388314
наивная MLE,4.2644061087869805
наивная MLE,11.092420367854269
наивная MLE,4.163735157531962
наивная MLE,16.33724638236287
наивная MLE,5.31160327583535
наивная MLE,2.466146952549325
наивная MLE,3.0094149425478682
наивная MLE,15.330622211055879
наивная MLE,12.38713596920583
наивная MLE,14.811709675391533
наивная MLE,7.708504159907612
наивная MLE,5.550984280451581
наивная MLE,10.365760082952871
наивная MLE,10.872654395819353
наивная MLE,5.158133382043895
наивная MLE,12.424211365779362
наивная MLE,8.501681617646696
наивная MLE,0.20741403672238357
наивная MLE,0.8872288840791702
наивная MLE,13.764975088561263
наивная MLE,4.039028722115871
наивная MLE,16.760627999888406
наивная MLE,5.2382092945348075
наивная MLE,4.589386218980959
наивная MLE,65.20621542714721
наивная MLE,3.6948542556465016
наивная MLE,3.5959905150057487
наивная MLE,0.21237090821107626
наивная MLE,33.42180406913986
наивная MLE,10.88031899815291
наивная MLE,4.473487228794181
наивная MLE,3.860749962004409
наивная MLE,1.8404889521009131
наивная MLE,12.2994592256186
наивная MLE,29.56947450603422
наивная MLE,31.301333405878896
наивная MLE,2.7735410271929526
наивная MLE,2.684933277875574
наивная MLE,2.024636528985519
наивная MLE,1.5299556061161392
наивная MLE,9.48394194380061
наивная MLE,18.198260208993148
наивная MLE,13.023810498481632
наивная MLE,1.7034809317010198
наивная MLE,8.869399209353709
наивная MLE,1.1710168851946563
наивная MLE,1.6892573939063853
наивная MLE,0.33379389953560534
наивная MLE,0.8446295819068949
наивная MLE,3.0390211568163523
наивная MLE,12.4174793530116
наивная MLE,4.972416356559855
наивная MLE,3.9092534001901655
наивная MLE,3.5033416913493918
наивная MLE,14.823209591426483
наивная MLE,6.902741240869277
наивная MLE,13.145808816972494
наивная MLE,4.017648239578827
наивная MLE,0.9889383131203456
наивная MLE,4.843042899263079
наивная MLE,11.80868379303414
наивная MLE,6.969182539801912
наивная MLE,13.601639254525844
наивная MLE,2.716325487927556
наивная MLE,3.462771409998032
наивная MLE,23.734410882725893
наивная MLE,2.8669343968949685
наивная MLE,17.061183422341784
наивная MLE,20.952632530633934
наивная MLE,6.508433562111228
наивная MLE,4.952418670704996
наивная MLE,3.5626879261920203
наивная MLE,3.3027016045238717
наивная MLE,11.747775873115932
наивная MLE,2.9951690976042964
наивная MLE,5.067979139757061
наивная MLE,4.158001286904056
наивная MLE,24.20870540909074
наивная MLE,7.93742747546491
наивная MLE,6.89969456104212
наивная MLE,5.601193597595451
наивная MLE,19.299977152706063
наивная MLE,3.737705481978679
наивная MLE,23.446800455495453
наивная MLE,2.958543291135947
наивная MLE,3.3515077181163524
наивная MLE,8.98876226100753
наивная MLE,18.26077491135992
наивная MLE,6.204002125649632
наивная MLE,4.5648384035452505
наивная MLE,8.300586601357603
наивная MLE,4.969646026703625
наивная MLE,6.070452620773096
наивная MLE,10.7560592243907
наивная MLE,2.1575311543990896
наивная MLE,0.6202045256084495
наивная MLE,13.688837137542857
наивная MLE,3.9486563861608754
наивная MLE,0.2401880362596261
наивная MLE,12.98010359844247
наивная MLE,24.946149258769378
наивная MLE,7.485078993632199
наивная MLE,7.292373708701055
наивная MLE,8.936064499148308
наивная MLE,2.877588663135862
наивная MLE,9.276421672775347
наивная MLE,2.88443252325671
наивная MLE,10.35881537356311
наивная MLE,7.0380378506778785
наивная MLE,9.764393451665002
наивная MLE,6.287437278727155
наивная MLE,5.493899943835343
наивная MLE,3.5762002850252643
наивная MLE,5.832105289183703
наивная MLE,4.935209647912345
наивная MLE,4.18422834986374
наивная MLE,4.949950916626799
наивная MLE,7.945136535055723
наивная MLE,0.6310924119748967
наивная MLE,10.150202595415383
наивная MLE,3.193705275048705
наивная MLE,6.251389456966261
наивная MLE,5.1788167755112395
наивная MLE,7.462843552512377
наивная MLE,8.380559616941643
наивная MLE,13.610801926491797
наивная MLE,1.915241833186202
наивная MLE,5.617358511003728
наивная MLE,32.711469096984366
наивная MLE,7.518706161283873
наивная MLE,18.994192722448794
наивная MLE,12.708913320938866
наивная MLE,2.323239211371602
наивная MLE,6.093892375480296
наивная MLE,0.7549222757896782
наивная MLE,0.7926798860500639
наивная MLE,3.4176330051315515
наивная MLE,7.812594651487074
наивная MLE,7.582336590019831
наивная MLE,5.385803341668959
наивная MLE,2.541046037871821
наивная MLE,6.06595909030128
наивная MLE,26.287582099025332
наивная MLE,12.675781104697586
наивная MLE,13.835883299689764
наивная MLE,5.975293839182831
наивная MLE,5.878057186994922
наивная MLE,11.03847714059675
наивная MLE,2.6289210080388115
наивная MLE,6.157967391494097
наивная MLE,12.556830267559198
наивная MLE,4.685709673589491
наивная MLE,12.059292545581094
наивная MLE,4.229023275765586
наивная MLE,15.61729570528519
наивная MLE,16.14593368119991
наивная MLE,6.082175731541781
наивная MLE,0.8242674860972637
наивная MLE,2.106250319699373
наивная MLE,2.3374804265039284
наивная MLE,14.758431834255216
наивная MLE,5.576659170763989
наивная MLE,1.1078647026239543
наивная MLE,3.4686663010224845
наивная MLE,1.9635720672718873
наивная MLE,5.967578871521778
наивная MLE,9.619037098120653
наивная MLE,6.782372420664182
наивная MLE,5.272723011320424
наивная MLE,5.842039938208574
наивная MLE,17.834530698235373
наивная MLE,0.9449053923181063
наивная MLE,13.661316591651136
наивная MLE,11.760869567672557
наивная MLE,1.3364609135312848
наивная MLE,4.948276848114056
наивная MLE,5.439425063270085
наивная MLE,6.759551471495196
наивная MLE,7.018343526459761
наивная MLE,0.6375290244091231
наивная MLE,2.0434569108470013
наивная MLE,12.418435316763249
наивная MLE,0.9716980048266718
наивная MLE,5.1829486284442705
наивная MLE,10.93895567945626
наивная MLE,12.684031261290272
наивная MLE,7.589529997656988
наивная MLE,5.381015482297921
наивная MLE,7.64401834882978
наивная MLE,8.485466107605511
наивная MLE,5.42679492525134
наивная MLE,3.740450961491815
наивная MLE,0.9668662083630505
наивная MLE,3.053496876701987
наивная MLE,4.950799500932469
наивная MLE,16.795511123585662
наивная MLE,1.6285134081558292
наивная MLE,13.164678963620398
наивная MLE,10.852222816533606
наивная MLE,9.08211617683304
наивная MLE,9.81080732130919
наивная MLE,6.476803112413067
наивная MLE,0.21093111996293823
наивная MLE,1.3665152142308878
наивная MLE,2.4698807793073514
наивная MLE,3.5943265640956574
наивная MLE,4.051255170652215
наивная MLE,10.027872683944981
наивная MLE,2.6702321368944406
наивная MLE,2.724513677324402
наивная MLE,9.076822380173828
наивная MLE,2.8331295063992
наивная MLE,5.567836447307575
наивная MLE,19.344898617404212
наивная MLE,3.3473382002894096
наивная MLE,6.574810372271399
наивная MLE,18.699503755866616
наивная MLE,33.655688465523085
наивная MLE,10.521054590746283
наивная MLE,0.20240896446255824
наивная MLE,6.377704227611653
наивная MLE,3.8804712454453214
наивная MLE,0.7181963352538915
наивная MLE,3.47530357967125
наивная MLE,13.224165141080285
наивная MLE,8.09902505302202
наивная MLE,5.646215644706056
наивная MLE,15.795337626676734
наивная MLE,4.965470615740838
наивная MLE,20.07283879287934
наивная MLE,21.63446585730641
наивная MLE,3.0940752775088862
наивная MLE,1.0819671355360203
наивная MLE,12.16266504307859
наивная MLE,4.091455396155591
наивная MLE,9.031488161016659
наивная MLE,1.0862978591203103
наивная MLE,0.15984853219416306
наивная MLE,2.243476049528883
наивная MLE,2.083591483446937
наивная MLE,10.289935090057003
наивная MLE,14.099884664650421
наивная MLE,4.4093824196739515
наивная MLE,6.848966462085947
наивная MLE,0.6362703283644974
наивная MLE,2.2582249850744853
наивная MLE,9.938046766692281
наивная MLE,4.06532641023349
наивная MLE,13.553848881366218
наивная MLE,2.494768176013903
наивная MLE,5.0978269220870756
наивная MLE,14.486934801010316
наивная MLE,8.8618307956608
наивная MLE,9.66018059119899
наивная MLE,10.013945473378254
наивная MLE,1.4884301658177088
наивная MLE,3.0186539881352523
наивная MLE,2.5158572568189204
наивная MLE,8.896855733498752
наивная MLE,8.966256832669641
наивная MLE,12.931381748280106
наивная MLE,8.754297282837626
наивная MLE,6.971628029094452
наивная MLE,4.719994729690395
наивная MLE,1.1962729070949878
наивная MLE,2.762387898847031
наивная MLE,5.136581427944798
наивная MLE,6.079319837889846
наивная MLE,4.488661977810786
наивная MLE,4.696978706283621
наивная MLE,5.361647845192557
наивная MLE,1.3743928804148113
наивная MLE,2.02797524935131
наивная MLE,4.550195002126918
наивная MLE,9.307818946877612
наивная MLE,26.45763920804357
наивная MLE,7.050507948444844
наивная MLE,27.89674532761348
наивная MLE,7.936375485607346
наивная MLE,0.9639082190956991
наивная MLE,4.83038418842843
наивная MLE,14.42376779940242
наивная MLE,5.652535776371124
наивная MLE,19.780732007647998
наивная MLE,2.9820005780040026
наивная MLE,7.747005277739286
наивная MLE,9.048525477315673
наивная MLE,5.110895392049224
наивная MLE,10.205491418044863
наивная MLE,6.722176389129662
наивная MLE,7.971340655997386
наивная MLE,3.933839233224494
наивная MLE,5.8447558828726205
наивная MLE,4.881960949047077
наивная MLE,4.910992195866833
наивная MLE,21.46990596928879
наивная MLE,3.5153331941486003
наивная MLE,1.6992260646096622
наивная MLE,4.187763032126624
наивная MLE,8.32032175341956
наивная MLE,2.316961069200981
наивная MLE,13.895398995227598
наивная MLE,1.433688656736401
наивная MLE,6.434054879699448
наивная MLE,16.14864720645967
наивная MLE,2.4969174911332077
наивная MLE,5.5114332241269315
наивная MLE,2.4365446671382816
наивная MLE,9.670492326094035
наивная MLE,3.937593182217633
наивная MLE,2.621705730235041
наивная MLE,2.521544318040113
наивная MLE,2.8410804661163187
наивная MLE,4.5035397762177585
наивная MLE,9.561887656903284
наивная MLE,4.384603448702959
наивная MLE,1.0061624274548457
наивная MLE,5.526317124641958
наивная MLE,1.5646741476631323
наивная MLE,8.506714240945303
наивная MLE,10.489906745218091
наивная MLE,23.94282968291639
наивная MLE,4.871438550793021
наивная MLE,5.038532454674991
наивная MLE,1.1254225113117857
наивная MLE,4.780958134412203
наивная MLE,13.949022616675943
наивная MLE,0.575901436689651
наивная MLE,4.964070261392284
наивная MLE,3.1860796931525943
наивная MLE,6.274159883102964
наивная MLE,10.191716820397009
наивная MLE,9.014748367318353
наивная MLE,6.499489790725798
наивная MLE,2.9794992968189633
наивная MLE,11.457968983300205
наивная MLE,6.9439155888708815
наивная MLE,2.205450085717659
наивная MLE,1.8982213663241678
наивная MLE,14.217941459640706
наивная MLE,11.57920207542692
наивная MLE,4.9624643872887795
наивная MLE,4.903567410082838
наивная MLE,6.439789502939217
наивная MLE,7.887024221923269
наивная MLE,5.004993050659998
наивная MLE,6.369801929789362
наивная MLE,5.165795633865354
наивная MLE,5.835474857793352
наивная MLE,6.244482827676026
наивная MLE,7.149605243620284
наивная MLE,11.479843342658237
наивная MLE,16.31357122775149
наивная MLE,4.905723506472178
наивная MLE,13.561728056493298
наивная MLE,3.7467287139923258
наивная MLE,5.991965835514602
наивная MLE,4.118488560114042
наивная MLE,5.716215070822488
наивная MLE,13.676929476072969
наивная MLE,12.18359531713918
наивная MLE,12.820418032100884
наивная MLE,4.475087533883138
наивная MLE,8.37527907903979
наивная MLE,2.8986118488658863
наивная MLE,1.7203327623262177
наивная MLE,2.76759402080353
наивная MLE,2.199075273676156
наивная MLE,5.206435008437531
наивная MLE,7.902868378946167
наивная MLE,4.570510981984633
наивная MLE,10.266862499547832
наивная MLE,22.720828215624916
наивная MLE,14.013080071856946
наивная MLE,4.412658123779653
наивная MLE,18.899393431984617
наивная MLE,3.9943539355404294
наивная MLE,4.39889570585907
наивная MLE,4.053093098227536
наивная MLE,19.659177879055445
наивная MLE,2.11758577552563
наивная MLE,14.429151184056446
наивная MLE,6.094602563394508
наивная MLE,4.825000252136437
наивная MLE,11.032065994171118
наивная MLE,5.57465800307603
наивная MLE,2.378667189898268
наивная MLE,5.669871804675161
наивная MLE,24.71214538693207
наивная MLE,14.572300794319752
наивная MLE,2.592867218697496
наивная MLE,0.16890303095368273
наивная MLE,0.8047701622393887
наивная MLE,1.4475875686986894
наивная MLE,6.450118616882639
наивная MLE,3.0706589984178088
наивная MLE,0.6958859799630728
наивная MLE,15.1035965405313
наивная MLE,13.497350242588313
наивная MLE,17.70753962480225
наивная MLE,19.69822301086441
наивная MLE,6.670957501566484
наивная MLE,2.304997726668731
наивная MLE,6.7334603801405075
наивная MLE,5.947941646532991
наивная MLE,7.837684657305438
наивная MLE,2.8617588259383338
наивная MLE,2.1444962185660303
наивная MLE,5.633120224510968
наивная MLE,3.6815027558913442
наивная MLE,8.841827777707858
наивная MLE,21.94518144789081
наивная MLE,0.40562759059891507
наивная MLE,1.0669015624178018
наивная MLE,17.536810271438586
наивная MLE,5.372422234534126
наивная MLE,4.418710900478901
наивная MLE,3.740688764240886
наивная MLE,3.253037525541139
наивная MLE,15.91205658663716
наивная MLE,5.767218294400142
наивная MLE,2.6770299261379193
наивная MLE,10.699369156781461
наивная MLE,9.398655150795928
наивная MLE,20.909772063650475
наивная MLE,1.983711955989606
наивная MLE,6.5480364385601755
наивная MLE,4.239369924926692
наивная MLE,9.587416295131435
наивная MLE,8.808799963790566
наивная MLE,6.018164850698769
наивная MLE,7.7411948814614515
наивная MLE,8.289982595671647
наивная MLE,3.08068727631088
наивная MLE,1.4171407947139378
наивная MLE,13.15783014999401
наивная MLE,5.284053346762917
наивная MLE,3.4033143560152226
наивная MLE,13.568804877871093
наивная MLE,3.1396716522362063
наивная MLE,12.175249351200586
наивная MLE,8.170338875856912
наивная MLE,5.019890064962102
наивная MLE,7.262096376237755
наивная MLE,3.249769980786681
наивная MLE,8.994700360645028
наивная MLE,5.628092326093218
наивная MLE,5.983161466859132
наивная MLE,32.25866762191662
наивная MLE,5.461530849572343
наивная MLE,27.540725332503456
наивная MLE,3.9420787587494424
наивная MLE,2.463318587920851
наивная MLE,9.474931360688169
наивная MLE,4.6542812442714965
наивная MLE,11.313772954649306
наивная MLE,4.005799025835689
наивная MLE,10.516043221093831
наивная MLE,9.596797816078444
наивная MLE,8.863324099791386
наивная MLE,5.415282749505554
наивная MLE,7.186157588191308
наивная MLE,2.90023905581522
наивная MLE,11.002711389529804
наивная MLE,6.812934215786708
наивная MLE,4.852661154662545
наивная MLE,6.1288359046443395
наивная MLE,4.7002283778523966
наивная MLE,10.178431470874193
наивная MLE,3.249716854283095
наивная MLE,0.6166398410862132
наивная MLE,10.725496034218555
наивная MLE,7.101787484335289
наивная MLE,6.833528668018675
наивная MLE,7.178421032312365
наивная MLE,2.6857032799368845
наивная MLE,14.949047016208345
наивная MLE,7.136874209765953
наивная MLE,3.5700818194134043
наивная MLE,5.779342554318957
наивная MLE,13.411938525609772
наивная MLE,2.897515876133462
наивная MLE,8.011541149249052
наивная MLE,0.4721313925447507
наивная MLE,13.846543952419513
наивная MLE,3.2208314869320938
наивная MLE,2.539657257841035
наивная MLE,6.807696827043119
наивная MLE,10.833521356798325
наивная MLE,20.839352000660774
наивная MLE,22.783272919424856
наивная MLE,1.8752496212355845
наивная MLE,16.169250370401226
наивная MLE,5.268708203860346
наивная MLE,1.0240238717338517
наивная MLE,14.012439518730753
наивная MLE,5.413318413256989
наивная MLE,2.94899617471771
наивная MLE,13.200348091070367
наивная MLE,22.71372899679617
наивная MLE,8.052880130497748
наивная MLE,1.0940389470961744
наивная MLE,14.951082365934273
наивная MLE,1.3343658086608394
наивная MLE,1.9870834160456645
наивная MLE,18.81609910295282
наивная MLE,0.7869112427916265
наивная MLE,1.5899493946385952
наивная MLE,12.930180107287546
наивная MLE,17.475093359784875
наивная MLE,2.320356610185964
наивная MLE,7.062361436108079
наивная MLE,0.22537572478522105
наивная MLE,7.305239495817896
наивная MLE,5.741483641414197
наивная MLE,2.6018204250463954
наивная MLE,1.4284941322493814
наивная MLE,2.2720426374691036
наивная MLE,4.515984060966735
наивная MLE,16.22056140036251
наивная MLE,7.616201676652484
наивная MLE,4.27014741988619
наивная MLE,9.649526929309111
наивная MLE,6.011251599186805
наивная MLE,14.295012358151283
наивная MLE,10.953293903356279
наивная MLE,29.236941142653063
наивная MLE,5.479539345247041
наивная MLE,12.804954080715222
наивная MLE,5.198048663498015
наивная MLE,5.555640350701119
наивная MLE,3.131606469688669
наивная MLE,0.8774633925927467
наивная MLE,1.305223733785524
наивная MLE,1.3303668526835157
наивная MLE,4.246448228057372
наивная MLE,5.415578035573486
наивная MLE,43.855180065371684
наивная MLE,1.9868262540776502
наивная MLE,6.671721244067365
наивная MLE,6.862325991817881
наивная MLE,7.78620130679544
наивная MLE,3.592866001082015
наивная MLE,3.9162085003055656
наивная MLE,10.509972265340814
наивная MLE,5.124557853710092
наивная MLE,3.141336462167686
наивная MLE,5.7730362448697745
наивная MLE,10.481924974239728
наивная MLE,2.2133336852131915
наивная MLE,0.557301518751165
наивная MLE,6.686826553258139
наивная MLE,6.627427068734415
наивная MLE,12.082553754178159
наивная MLE,4.532964714689788
наивная MLE,3.349039277611663
наивная MLE,3.229197539388154
наивная MLE,3.915435971873313
наивная MLE,5.420360597636474
наивная MLE,4.83428106445339
наивная MLE,4.622158723698705
наивная MLE,10.395140270957008
наивная MLE,8.482266673454447
наивная MLE,0.41998870741434235
наивная MLE,18.748552353742685
наивная MLE,5.102042762326055
наивная MLE,2.40749463698176
наивная MLE,5.501292537499269
наивная MLE,5.9005044728922025
наивная MLE,1.6993068668145426
наивная MLE,4.546044088652666
наивная MLE,9.152979473037485
наивная MLE,3.410181085843611
наивная MLE,3.518725023990782
наивная MLE,3.5952839869912427
наивная MLE,0.9541866386804679
наивная MLE,3.5216177464533223
наивная MLE,1.6216946614245404
наивная MLE,8.897545762196664
наивная MLE,4.799087803469091
наивная MLE,2.973560690674508
наивная MLE,2.5035205598837247
наивная MLE,5.953306629769042
наивная MLE,8.845706679188558
наивная MLE,10.010967444993794
наивная MLE,8.148809432224898
наивная MLE,7.29570685267543
наивная MLE,19.28796813960895
наивная MLE,1.1230695333169711
наивная MLE,6.431747736615049
наивная MLE,9.865091508733272
наивная MLE,2.268233624267346
наивная MLE,6.3004477411733415
наивная MLE,5.114298495888615
наивная MLE,15.204637433351765
наивная MLE,4.445748052423783
наивная MLE,4.423032263463194
наивная MLE,4.337305051983782
наивная MLE,3.1374041548496807
наивная MLE,5.96625651634998
наивная MLE,3.9007361856893388
наивная MLE,13.134549319899154
наивная MLE,0.5666907645344583
наивная MLE,1.2135552780517938
наивная MLE,1.4006466133468742
наивная MLE,7.1782566374177765
наивная MLE,4.890697265826313
наивная MLE,15.70845634183044
наивная MLE,2.2698015578240316
наивная MLE,6.338079923858599
наивная MLE,8.069165453387305
наивная MLE,8.002109548920492
наивная MLE,7.641892096253544
наивная MLE,5.889501923404337
наивная MLE,8.063035406899703
наивная MLE,8.113827294433287
наивная MLE,6.818359803987146
наивная MLE,12.609059496731106
наивная MLE,4.310724424043695
наивная MLE,20.02167105596493
наивная MLE,0.5378767286893843
наивная MLE,7.554058511501411
наивная MLE,5.720845157525359
наивная MLE,7.483006980732139
наивная MLE,5.224737167533448
наивная MLE,9.311550903898823
наивная MLE,6.156777323895636
наивная MLE,15.497101520380593
наивная MLE,1.0313226510344724
наивная MLE,6.207145055658419
наивная MLE,7.137920101562775
наивная MLE,9.782489623533234
наивная MLE,2.7705720994033736
наивная MLE,9.720853861741377
наивная MLE,5.31731595311647
наивная MLE,14.143014421457714
наивная MLE,5.030776714207464
наивная MLE,3.141798558118279
наивная MLE,5.385528822580852
наивная MLE,15.468256317025883
наивная MLE,0.6393452359830412
наивная MLE,1.1790582661070381
наивная MLE,1.032197262393179
наивная MLE,6.5925565631968315
наивная MLE,1.9902118161894893
наивная MLE,3.4668547884458913
наивная MLE,5.11814137174116
наивная MLE,3.7857974579152978
наивная MLE,3.0123070718421796
наивная MLE,4.415579267237689
наивная MLE,4.044068056867442
наивная MLE,3.200242537259554
наивная MLE,10.92556035041417
наивная MLE,2.4706121625668085
наивная MLE,7.526778026969952
наивная MLE,1.6527271972402917
наивная MLE,5.0224621050117495
наивная MLE,4.588537062071984
наивная MLE,23.999157715725865
наивная MLE,11.925081902234641
наивная MLE,3.4838603754006066
наивная MLE,7.29149505568461
наивная MLE,1.8468900316733823
наивная MLE,3.744945586522129
наивная MLE,1.002175234361219
наивная MLE,9.720157600575021
наивная MLE,5.004469607230239
наивная MLE,11.44070861723937
наивная MLE,34.637963746592774
наивная MLE,24.132632216850737
наивная MLE,5.857528787745435
наивная MLE,5.4801408822118685
наивная MLE,14.061963513108546
наивная MLE,0.31793644076691085
наивная MLE,0.6459024821846425
наивная MLE,2.1072212310359055
наивная MLE,31.33172146959106
наивная MLE,17.799130970844395
наивная MLE,7.24239475705893
наивная MLE,11.438878305790988
наивная MLE,5.698496637794775
наивная MLE,3.3829020697214163
наивная MLE,4.3153654660409915
наивная MLE,10.915945836749307
наивная MLE,3.8709465945500563
наивная MLE,4.534655458597337
наивная MLE,5.686213216491055
наивная MLE,20.304680851223864
наивная MLE,7.079408444467323
наивная MLE,4.616763530263529
наивная MLE,1.4770244934913925
наивная MLE,10.832364432724574
наивная MLE,1.279995331927374
наивная MLE,11.339258446825438
наивная MLE,2.159984869684493
наивная MLE,0.8939241476231465
наивная MLE,4.8595412004422585
наивная MLE,10.950005397330523
наивная MLE,7.8589582781175915
наивная MLE,10.885366917249025
наивная MLE,33.530253820614185
наивная MLE,7.785663480244557
наивная MLE,8.452010596233022
наивная MLE,0.9190932144108963
наивная MLE,7.5350284452964935
наивная MLE,3.419709856590811
наивная MLE,7.582443228160377
наивная MLE,30.165597428441906
наивная MLE,4.87609617559904
наивная MLE,13.784098554386187
наивная MLE,2.0470787165633015
наивная MLE,3.3592028354901293
наивная MLE,3.558468171380744
наивная MLE,11.19636261042576
наивная MLE,3.162245773951694
наивная MLE,6.454713003146662
наивная MLE,5.403255360793177
наивная MLE,1.114501431590445
наивная MLE,16.334999999276118
наивная MLE,2.415970485308663
наивная MLE,5.816129576989436
наивная MLE,5.221697172123594
наивная MLE,11.666931492622997
наивная MLE,3.037423719658938
наивная MLE,5.993818844329771
наивная MLE,13.957812425618176
наивная MLE,21.114265563403183
наивная MLE,17.562585228234695
наивная MLE,3.071194224926678
наивная MLE,8.56471080754776
наивная MLE,5.105567624740868
наивная MLE,4.326777068717822
наивная MLE,2.703063381985201
наивная MLE,8.29610229754639
наивная MLE,0.36368827423229233
наивная MLE,7.556552076027471
наивная MLE,0.3304730786910159
наивная MLE,10.506911086249797
наивная MLE,2.0138732088247173
наивная MLE,12.400870290485408
наивная MLE,1.1815856203589994
наивная MLE,3.863856515064345
наивная MLE,0.2258575739652549
наивная MLE,11.385608456305873
наивная MLE,2.004178952474317
наивная MLE,6.499811922939889
наивная MLE,4.43537476816121
наивная MLE,7.972407033040788
наивная MLE,6.799225371195256
наивная MLE,11.318402554572295
наивная MLE,3.4565597437700673
наивная MLE,13.22340170922808
наивная MLE,7.041139046944289
наивная MLE,3.6035524643959325
наивная MLE,12.379941192910714
наивная MLE,7.529601093585375
наивная MLE,4.009072154660387
наивная MLE,3.6215608988753187
наивная MLE,0.5092152846055175
наивная MLE,4.850207297444783
наивная MLE,32.349330298931996
наивная MLE,1.7779677062122765
наивная MLE,7.02402020297791
наивная MLE,11.396782540917794
наивная MLE,5.511003326014251
наивная MLE,17.939152316203405
наивная MLE,20.591913515460583
наивная MLE,2.775531479668575
наивная MLE,41.47015128219535
наивная MLE,2.2557456035056123
наивная MLE,5.702389367585287
наивная MLE,14.67393344168563
наивная MLE,5.642687878972974
наивная MLE,20.44882410577138
наивная MLE,2.5850860112521667
наивная MLE,3.6466912690953217
наивная MLE,4.332226930763092
наивная MLE,4.366793079755292
наивная MLE,15.656320711985249
наивная MLE,12.463213354319477
наивная MLE,11.259254458212087
наивная MLE,8.950898041252279
наивная MLE,5.068660287756533
наивная MLE,4.414395258482466
наивная MLE,1.793208014451857
наивная MLE,6.125991448315078
наивная MLE,5.3651752121242655
наивная MLE,7.100345745879817
наивная MLE,10.399401242798513
наивная MLE,6.819685806720663
наивная MLE,9.958903610700126
наивная MLE,2.698743573086397
наивная MLE,6.825878316947153
наивная MLE,9.881556418553265
наивная MLE,0.8867520496408434
наивная MLE,6.051321864555587
наивная MLE,15.909325702063285
наивная MLE,5.277850981269646
наивная MLE,18.657345969814976
наивная MLE,4.500169092100336
наивная MLE,2.9585450838446246
наивная MLE,0.8685913757928997
наивная MLE,4.228930362783928
наивная MLE,4.5750512543285256
наивная MLE,11.707202917537767
наивная MLE,6.60723327787433
наивная MLE,11.32816595492292
наивная MLE,4.468713325460814
наивная MLE,3.1060566786654067
наивная MLE,7.500514271528454
наивная MLE,1.031815251299128
наивная MLE,18.51528931658183
наивная MLE,1.5644049815191727
наивная MLE,1.8473280764754867
наивная MLE,4.235150091349537
наивная MLE,0.2867549426593103
наивная MLE,1.5625398606321308
наивная MLE,10.658439715922155
наивная MLE,8.94350747235528
наивная MLE,3.7544404029065808
наивная MLE,6.2067528867283
наивная MLE,2.803017098154086
наивная MLE,8.017584171473057
наивная MLE,6.8090086151230125
наивная MLE,4.576502315401386
наивная MLE,10.827901734005097
наивная MLE,14.104848861070105
наивная MLE,8.820016588236404
наивная MLE,3.2098639666450604
наивная MLE,0.11297266294883843
наивная MLE,11.706949484752785
наивная MLE,4.665378978322016
наивная MLE,0.8321020303081534
наивная MLE,5.396192182522787
наивная MLE,6.822407860884888
наивная MLE,17.00446342360688
наивная MLE,1.9098677293266622
наивная MLE,9.990207471197222
наивная MLE,3.738263654065552
наивная MLE,1.7378622777684465
наивная MLE,20.68613840763697
наивная MLE,9.251066259837323
наивная MLE,8.392577896336455
наивная MLE,7.256436412630047
наивная MLE,7.068237210699671
наивная MLE,6.059431855219349
наивная MLE,8.992195324001486
наивная MLE,17.34474200549901
наивная MLE,15.406726961125258
наивная MLE,23.16516085510263
наивная MLE,20.786562120824406
наивная MLE,5.751987655820064
наивная MLE,16.307766310494515
наивная MLE,1.4468410600490387
наивная MLE,6.052286244726993
наивная MLE,2.4748177597654473
наивная MLE,7.595216946830505
наивная MLE,3.497173923671451
наивная MLE,11.03588211322026
наивная MLE,2.73718571321642
наивная MLE,0.454582769091095
наивная MLE,0.43511602865835963
наивная MLE,6.719995994973809
наивная MLE,7.9499490235393875
наивная MLE,0.3153375416813786
наивная MLE,2.6735403625996983
наивная MLE,19.70606175234258
наивная MLE,6.117419292814287
наивная MLE,1.0141315290937984
наивная MLE,0.22913464249820592
наивная MLE,2.8093053547404114
наивная MLE,7.786690531616423
наивная MLE,10.615852887099704
наивная MLE,2.663937429541739
наивная MLE,17.322197791193318
наивная MLE,2.4100356015167335
наивная MLE,4.032079741515411
наивная MLE,11.46074477788372
наивная MLE,20.64324379523319
наивная MLE,6.222695036770343
наивная MLE,1.8571707453682802
наивная MLE,4.636204866433597
наивная MLE,6.752452055043019
наивная MLE,10.477291111895163
наивная MLE,4.0685992994733535
наивная MLE,9.664966685605783
наивная MLE,19.578496887941196
наивная MLE,4.520855989011892
наивная MLE,0.686613801809528
наивная MLE,31.27770775592839
наивная MLE,7.619499212647117
наивная MLE,5.638156628837101
наивная MLE,0.42754423768992533
наивная MLE,1.965297282424417
наивная MLE,3.9983869170479682
наивная MLE,6.58884698022975
наивная MLE,11.992213530171409
наивная MLE,2.3033010034236407
наивная MLE,20.717743365258308
наивная MLE,5.575758281756153
наивная MLE,5.541604834722
наивная MLE,9.803331542465866
наивная MLE,4.642268015448073
наивная MLE,18.349526665137546
наивная MLE,4.672550477845172
наивная MLE,20.994788250797345
наивная MLE,4.625411453189814
наивная MLE,9.949238030619025
наивная MLE,1.3213621152546038
наивная MLE,8.479006422141541
наивная MLE,8.554325089415428
наивная MLE,3.236372993759047
наивная MLE,6.61644773703833
наивная MLE,5.632374767275976
наивная MLE,7.741227462371855
наивная MLE,7.012191004500838
наивная MLE,13.157061652072215
наивная MLE,0.47076082741321323
наивная MLE,4.425344564638429
наивная MLE,4.706506052336135
наивная MLE,0.6665028638650273
наивная MLE,15.258267289710938
наивная MLE,19.357814992689843
наивная MLE,5.598099926576892
наивная MLE,39.738790611839285
наивная MLE,6.263747527223464
наивная MLE,15.582858973932503
наивная MLE,0.538999264908788
наивная MLE,6.254017990488211
наивная MLE,1.8799920661594232
наивная MLE,62.84253207659146
наивная MLE,9.788159855723038
наивная MLE,7.161296559166773
наивная MLE,9.664913782772677
наивная MLE,3.355691364336409
наивная MLE,5.604098801242229
наивная MLE,1.4590463160969696
наивная MLE,5.8307017319545995
наивная MLE,8.665392519793734
наивная MLE,10.22854754916839
наивная MLE,0.6330058279052985
наивная MLE,0.6312616467227339
наивная MLE,3.0039124311311447
наивная MLE,8.9680164777085
наивная MLE,3.2119256899829303
наивная MLE,5.629458384777054
наивная MLE,14.16192730773323
наивная MLE,2.8445711525298516
наивная MLE,14.241082957677529
наивная MLE,5.841568219099311
наивная MLE,3.853140111982734
наивная MLE,6.525412754764181
наивная MLE,12.433564146926194
наивная MLE,4.7382474860793495
наивная MLE,3.9008835997745797
наивная MLE,11.90768626101618
наивная MLE,3.1894863496785995
наивная MLE,8.916400010361958
наивная MLE,9.425204124331195
наивная MLE,0.6744067278137282
наивная MLE,0.5469055095692857
наивная MLE,0.6462134610911417
наивная MLE,8.376894226819147
наивная MLE,3.4211772513336447
наивная MLE,2.0635940140600963
наивная MLE,5.683125572284719
наивная MLE,3.641782390979268
наивная MLE,4.967973603827107
наивная MLE,2.6662582608119787
наивная MLE,5.879470719284515
наивная MLE,7.1061417950981705
наивная MLE,11.231817072629944
наивная MLE,9.144875151772178
наивная MLE,3.325197701418057
наивная MLE,20.650346395006117
наивная MLE,6.948485982543669
наивная MLE,1.3780862311829891
наивная MLE,10.514630635589535
наивная MLE,7.307916560280394
наивная MLE,5.065310932126442
наивная MLE,12.152979307011865
наивная MLE,5.659263710098994
наивная MLE,7.6659249879975615
наивная MLE,1.3860440076458793
наивная MLE,6.447656468347812
наивная MLE,0.7979191379935876
наивная MLE,5.079955681775874
наивная MLE,5.747905444703848
наивная MLE,7.107581456290469
наивная MLE,5.594461598510369
наивная MLE,2.5070509191230927
наивная MLE,2.9372736753425137
наивная MLE,1.1849737535427385
наивная MLE,1.9721385876313682
наивная MLE,5.107850744129705
наивная MLE,2.9637160532908884
наивная MLE,8.129904056543579
наивная MLE,1.7221530821162763
наивная MLE,12.9669589281804
наивная MLE,3.0566720837095644
наивная MLE,6.7823590091067825
наивная MLE,19.85289409492921
наивная MLE,6.034403526895681
наивная MLE,36.9257292699986
наивная MLE,4.061049076083799
наивная MLE,17.30998395239612
наивная MLE,34.4925297435163
наивная MLE,5.334892420274433
наивная MLE,10.91388955878504
наивная MLE,1.5747926955871243
наивная MLE,5.147281610785205
наивная MLE,13.290698821403836
наивная MLE,4.422232342228871
наивная MLE,13.367792200142413
наивная MLE,13.75044493318021
наивная MLE,9.824216083365611
наивная MLE,10.610757579031452
наивная MLE,16.148882103678222
наивная MLE,20.96850804419596
наивная MLE,3.4738409056864508
наивная MLE,3.417753730101534
наивная MLE,7.3189444917040465
наивная MLE,8.13444098854979
наивная MLE,11.152077808058735
наивная MLE,14.249618223026241
наивная MLE,8.436398197392823
наивная MLE,8.78603280376306
наивная MLE,1.0705084453010159
наивная MLE,1.2938885606063573
наивная MLE,12.776589527431566
наивная MLE,1.7210338147220208
наивная MLE,2.874913839252248
наивная MLE,7.528837175226356
наивная MLE,1.6024218478267005
наивная MLE,5.930578077443003
наивная MLE,7.693644135746958
наивная MLE,3.7652735523907013
наивная MLE,3.529693607503001
наивная MLE,5.2102159359068665
наивная MLE,2.3368766245323256
наивная MLE,1.0451712035295562
наивная MLE,1.9843773244273253
наивная MLE,1.2342403115382632
наивная MLE,21.07818578000876
наивная MLE,3.1721617516471836
наивная MLE,2.7695067219400076
наивная MLE,3.1708029432405325
наивная MLE,8.053162865362111
наивная MLE,2.164710213719139
наивная MLE,12.125904000800384
наивная MLE,2.3857390534514313
наивная MLE,5.819660092085257
наивная MLE,5.438443048946132
наивная MLE,1.410360695818665
наивная MLE,3.247405768767739
наивная MLE,3.4615788641114946
наивная MLE,4.298577817601144
наивная MLE,1.8399693325674134
наивная MLE,16.036885873715292
наивная MLE,35.394750798616585
наивная MLE,8.310261577364269
наивная MLE,0.18548538232510087
наивная MLE,5.556521807162418
наивная MLE,11.96142052614341
наивная MLE,21.880942751711686
наивная MLE,2.1485987551082504
наивная MLE,11.080522635146838
наивная MLE,2.3007758005239616
наивная MLE,4.5811299158027845
наивная MLE,4.322544317602946
наивная MLE,5.638835210310363
наивная MLE,2.2390494054088865
наивная MLE,5.046029254961398
наивная MLE,1.3212669338976528
наивная MLE,5.028737397920541
наивная MLE,4.7970504749228065
наивная MLE,0.46492780892724306
наивная MLE,15.661429842479649
наивная MLE,23.05959301405826
наивная MLE,6.196371565918637
наивная MLE,30.57141757126398
наивная MLE,0.791535512357088
наивная MLE,3.8275121540923345
наивная MLE,13.71513355076848
наивная MLE,2.8538643796517773
наивная MLE,10.048885188465174
наивная MLE,6.019880021872259
наивная MLE,14.714014645565987
наивная MLE,3.740199395745425
наивная MLE,19.290854437678675
наивная MLE,10.43364304233888
наивная MLE,16.75652311848505
наивная MLE,1.900302742785132
наивная MLE,4.390878949401052
наивная MLE,4.8433138440631875
наивная MLE,2.9568203920283587
наивная MLE,0.35641799755961295
наивная MLE,1.5205436105368055
наивная MLE,7.643256079343217
наивная MLE,5.861503049289788
наивная MLE,9.360194533693116
наивная MLE,11.571811543536288
наивная MLE,1.6044675125478236
наивная MLE,6.175729924920865
наивная MLE,4.648203028371574
наивная MLE,1.6246482387932013
наивная MLE,7.391036339937924
наивная MLE,36.33653359535694
наивная MLE,5.544144755174887
наивная MLE,10.521877787088414
наивная MLE,11.327558933367955
наивная MLE,17.50372814579847
наивная MLE,2.1964466693134854
наивная MLE,8.413013515851931
наивная MLE,18.27743696076163
наивная MLE,5.568444031145059
наивная MLE,4.113327488672057
наивная MLE,19.17344108498509
наивная MLE,1.9066927973089758
наивная MLE,7.0326970993302895
наивная MLE,2.23501101812785
наивная MLE,9.098999353183187
наивная MLE,16.982195372725382
наивная MLE,10.395348640977375
наивная MLE,1.285228564828355
наивная MLE,4.182320023654758
наивная MLE,7.241285729768094
наивная MLE,1.0222176222194117
наивная MLE,7.681713369724537
наивная MLE,6.585857878485537
наивная MLE,0.5618069574180445
наивная MLE,5.3397230470271015
наивная MLE,14.619607383196621
наивная MLE,9.099204840251076
наивная MLE,10.51980798563485
наивная MLE,1.6342578462775605
наивная MLE,14.652276737140586
наивная MLE,6.386815728616212
наивная MLE,14.776731951492113
наивная MLE,9.953311197126446
наивная MLE,4.9886244656592265
наивная MLE,6.145246984752776
наивная MLE,9.701745792139294
наивная MLE,14.557851940662765
наивная MLE,8.604858927034451
наивная MLE,6.563134967822442
наивная MLE,13.180881491252082
наивная MLE,0.3331276132550451
наивная MLE,0.18678664158421
наивная MLE,6.251973806484006
наивная MLE,0.5096259034231269
наивная MLE,3.6131824591401864
наивная MLE,3.350395120789084
наивная MLE,6.900425602713055
наивная MLE,5.281977388881648
наивная MLE,4.2176666394172395
наивная MLE,22.250640676807965
наивная MLE,7.094757846676418
наивная MLE,10.45384889829262
наивная MLE,8.043578035438403
наивная MLE,2.662616165688949
наивная MLE,2.5033090767785886
наивная MLE,9.656449633202403
наивная MLE,11.459166659650615
наивная MLE,4.82859177167359
наивная MLE,4.46117323762968
наивная MLE,7.21819087373338
наивная MLE,5.011433291756147
наивная MLE,3.802861396272261
наивная MLE,1.5817306570760632
наивная MLE,3.991468352283559
наивная MLE,12.36622926363573
наивная MLE,2.145701497641258
наивная MLE,8.344859706617443
наивная MLE,8.85732166752421
наивная MLE,3.7709766983821034
наивная MLE,1.9748931737212858
наивная MLE,4.79267610139876
наивная MLE,7.025884832471058
наивная MLE,21.38041336529459
наивная MLE,5.5208437553184275
наивная MLE,22.81192029167807
наивная MLE,6.151914742680551
наивная MLE,3.4296660827789847
наивная MLE,5.532822988192619
наивная MLE,1.058526012116498
наивная MLE,2.3499526532328283
наивная MLE,6.577774064888275
наивная MLE,7.621221866448266
наивная MLE,16.83500922366677
наивная MLE,7.842624781523748
наивная MLE,1.5087712719389976
наивная MLE,17.719009674233334
наивная MLE,6.96026775931902
наивная MLE,1.8911982912378025
наивная MLE,23.534798202297818
наивная MLE,1.2925735486987542
наивная MLE,23.90293598434783
наивная MLE,2.3905129326725754
наивная MLE,2.2213726706359056
наивная MLE,12.580388372993102
наивная MLE,15.80035485484883
наивная MLE,8.592979386243291
наивная MLE,4.508548247474536
наивная MLE,1.6868966834757844
наивная MLE,15.022683072102673
наивная MLE,6.302755127076013
наивная MLE,1.4091246153344312
наивная MLE,6.783137881918806
наивная MLE,1.8823705501181618
наивная MLE,5.083860929327314
наивная MLE,3.705271881992621
наивная MLE,7.370801943569359
наивная MLE,8.577244167889283
наивная MLE,3.8413113027492605
наивная MLE,13.069322604811267
наивная MLE,10.471499315460045
наивная MLE,3.029477405875623
наивная MLE,2.924513264383834
наивная MLE,2.8218665648344383
наивная MLE,14.84525171213406
наивная MLE,6.986830177792415
наивная MLE,4.310346389587153
наивная MLE,3.0321316247554195
наивная MLE,0.16260441921933974
наивная MLE,6.009550491568753
наивная MLE,5.626171316591597
наивная MLE,1.0123223963396843
наивная MLE,13.443115924990654
наивная MLE,1.9225559266467926
наивная MLE,6.098116279310688
наивная MLE,19.101445306427742
наивная MLE,7.976630779211887
наивная MLE,3.3670888435493644
наивная MLE,5.981733855608521
наивная MLE,2.009014701881292
наивная MLE,2.601571523942758
наивная MLE,5.320695895402998
наивная MLE,12.213980477242561
наивная MLE,5.183925975542035
наивная MLE,2.718113440310761
наивная MLE,17.02450691856094
наивная MLE,4.667534520495458
наивная MLE,10.691790881016829
наивная MLE,0.8121091136160986
наивная MLE,2.8810312079689053
наивная MLE,0.8541657947316178
наивная MLE,0.6547529931933953
наивная MLE,8.947811992582285
наивная MLE,16.91164278611963
наивная MLE,15.364960434306855
наивная MLE,4.792298657936695
наивная MLE,2.4849372516994714
наивная MLE,1.6526687239220514
наивная MLE,11.382727184988394
наивная MLE,6.352586130544395
наивная MLE,2.841438894091775
наивная MLE,19.59146562794901
наивная MLE,6.9503667113954535
наивная MLE,4.879784926827965
наивная MLE,10.470695995289459
наивная MLE,6.183993461174659
наивная MLE,5.60920064879221
наивная MLE,10.107638709423831
наивная MLE,4.170290249602367
наивная MLE,11.516786212221932
наивная MLE,1.1758280969908288
наивная MLE,3.6380543402548757
наивная MLE,11.02082029079436
наивная MLE,5.919711000139546
наивная MLE,5.836267263845652
наивная MLE,2.949862938521668
наивная MLE,8.221228294410896
наивная MLE,1.3063029062574263
наивная MLE,8.097853883819202
наивная MLE,27.63796698768982
наивная MLE,8.20171537680048
наивная MLE,16.991896536255712
наивная MLE,12.303544617990939
наивная MLE,14.473182327614309
наивная MLE,9.499641529786281
наивная MLE,4.469105450770968
наивная MLE,14.003282089018201
наивная MLE,1.942135400814815
наивная MLE,6.5894235069630405
наивная MLE,1.9984951313964607
наивная MLE,3.6990805124687003
наивная MLE,14.95165980246012
наивная MLE,5.381024966926926
наивная MLE,9.013891894073211
наивная MLE,2.1709938817634367
наивная MLE,2.672783329641477
наивная MLE,6.2059660264305965
наивная MLE,14.471857480495133
наивная MLE,2.6369864361010826
наивная MLE,0.44791432370773854
наивная MLE,37.27532875392807
наивная MLE,11.301672972122141
наивная MLE,4.565101978766398
наивная MLE,4.114602084612022
наивная MLE,14.342517158341593
наивная MLE,2.0907901112811866
наивная MLE,8.456428534193856
наивная MLE,4.712435396260376
наивная MLE,8.698812545164774
наивная MLE,6.5256416918810745
наивная MLE,7.5164115465292
наивная MLE,0.5292974002674742
наивная MLE,65.88777080623386
наивная MLE,0.25268858828117996
наивная MLE,31.28703626853175
наивная MLE,8.750570547013721
наивная MLE,3.2524924558981976
наивная MLE,0.6639915867882716
наивная MLE,12.713361919499903
наивная MLE,15.502996245410817
наивная MLE,11.857977852559806
наивная MLE,3.700036825146697
наивная MLE,11.510073833690296
наивная MLE,0.5692638829816284
наивная MLE,3.116872409930856
наивная MLE,4.80252710823566
наивная MLE,1.6240207328449217
наивная MLE,3.057353052345902
наивная MLE,2.9893482858675524
наивная MLE,8.859301953559216
наивная MLE,1.2680842840993323
наивная MLE,9.429401805234308
наивная MLE,21.708625265861237
наивная MLE,2.6351544839863448
наивная MLE,5.533021061083595
наивная MLE,19.40042275360001
наивная MLE,11.593596711181972
наивная MLE,12.07668098634977
наивная MLE,6.481889702637975
наивная MLE,0.4730227168806671
наивная MLE,10.849601845587664
наивная MLE,1.8617190936439263
наивная MLE,2.9153722011154573
наивная MLE,9.554181925455959
наивная MLE,7.507701916742831
наивная MLE,7.86548727774474
наивная MLE,5.73332385658548
наивная MLE,15.471139348255667
наивная MLE,0.3457803381848825
наивная MLE,11.95212504883439
наивная MLE,1.91829923296162
наивная MLE,1.1032503058137568
наивная MLE,4.519429695237938
наивная MLE,6.194541542709809
наивная MLE,5.917995912963261
наивная MLE,2.5278357297594596
наивная MLE,2.0654064640213496
наивная MLE,11.630596138763064
наивная MLE,1.2312744549168675
наивная MLE,1.9208379990319595
наивная MLE,7.804254531276636
наивная MLE,4.037763803132526
наивная MLE,2.1377572702053973
наивная MLE,30.14679275110783
наивная MLE,8.958942757057958
наивная MLE,13.718528020317677
наивная MLE,4.098608315059784
наивная MLE,1.023691741596016
наивная MLE,3.5958013321292586
наивная MLE,8.625366130585675
наивная MLE,1.977119812755423
наивная MLE,2.060466003269387
наивная MLE,11.76517279955964
наивная MLE,1.0446262584954025
наивная MLE,4.922378129845882
наивная MLE,6.974456742077904
наивная MLE,12.26535735631927
наивная MLE,2.9084080138540984
наивная MLE,20.89982256406035
наивная MLE,4.386458601886682
наивная MLE,6.5499103531473395
наивная MLE,12.630114686627605
наивная MLE,3.8603684601369466
наивная MLE,13.966512069837728
наивная MLE,2.5541389566141666
наивная MLE,6.309385937117999
наивная MLE,2.1619911335421715
наивная MLE,20.611001421995557
наивная MLE,6.420514866224397
наивная MLE,2.48071469643725
наивная MLE,0.8706858886110025
наивная MLE,23.202207625727407
наивная MLE,2.0699150261099453
наивная MLE,12.436703927380991
наивная MLE,3.870621280679944
наивная MLE,11.275234274569724
наивная MLE,9.222796608891866
наивная MLE,4.815443736904547
наивная MLE,14.775428167839573
наивная MLE,3.657444590456988
наивная MLE,3.398212833343491
наивная MLE,15.355437926901516
наивная MLE,6.612707159175363
наивная MLE,3.2308249379911502
наивная MLE,0.3169906538136261
наивная MLE,3.5624001290575755
наивная MLE,18.219366173099434
наивная MLE,46.59460091646829
наивная MLE,2.1064990106444443
наивная MLE,3.7064076115311857
наивная MLE,5.694790539059353
наивная MLE,4.808912528183146
наивная MLE,5.0731282305013385
наивная MLE,4.6442195049868396
наивная MLE,13.298506109260607
наивная MLE,13.70177534625932
наивная MLE,5.291237035629853
наивная MLE,2.9545122997034152
наивная MLE,9.726221599806909
наивная MLE,4.691130215252885
наивная MLE,12.44473506066897
наивная MLE,8.727629965309136
наивная MLE,9.636075900351345
наивная MLE,2.7122671300574273
наивная MLE,5.829672176693194
наивная MLE,1.668252911760932
наивная MLE,15.703473252888367
наивная MLE,13.190260745822664
наивная MLE,4.6069932904356214
наивная MLE,2.1117450610364235
наивная MLE,7.79778412128254
наивная MLE,3.0718754279548794
наивная MLE,1.9312810052794993
наивная MLE,5.484507178522848
наивная MLE,1.0205580056188794
наивная MLE,6.051908812702981
наивная MLE,14.538258869722856
наивная MLE,32.33856669469996
наивная MLE,11.554518633059999
наивная MLE,5.309110042019944
наивная MLE,5.060432290863754
наивная MLE,6.40231895541746
наивная MLE,14.533520864039131
наивная MLE,25.055083243410753
наивная MLE,3.7972375386081185
наивная MLE,3.0354295649548235
наивная MLE,14.941732133329694
наивная MLE,6.292224616353444
наивная MLE,8.118631378888036
наивная MLE,12.466241317164574
наивная MLE,5.242548576407831
наивная MLE,5.971565579372509
наивная MLE,5.859194529234976
наивная MLE,19.53769734693701
наивная MLE,16.529212631776836
наивная MLE,18.34787864925612
наивная MLE,9.50573600664021
наивная MLE,13.807663526306467
наивная MLE,2.561582265482243
наивная MLE,4.014125873440323
наивная MLE,28.5631254230058
наивная MLE,1.716769378529231
наивная MLE,12.117687662622057
наивная MLE,3.8671304570276317
наивная MLE,12.271640824625717
наивная MLE,0.6462060095598373
наивная MLE,3.7270793450172133
наивная MLE,3.262161509151459
наивная MLE,0.49612932930296805
наивная MLE,12.868259749580496
наивная MLE,6.000712197990319
наивная MLE,5.386797829316845
наивная MLE,11.96812240364849
наивная MLE,8.260467234268448
наивная MLE,7.563739379386241
наивная MLE,13.931769573543862
наивная MLE,2.423407917077619
наивная MLE,2.3479412149684795
наивная MLE,9.94421770074547
наивная MLE,6.953552209773049
наивная MLE,20.593610000062426
наивная MLE,1.4045455478366273
наивная MLE,4.307925794377276
наивная MLE,1.855008255596296
наивная MLE,20.38972899020052
наивная MLE,9.421782085249083
наивная MLE,4.506723309217763
наивная MLE,5.507357866758806
наивная MLE,0.28287782460279204
наивная MLE,2.353361366362038
наивная MLE,5.13607378744834
наивная MLE,6.4771577554698165
наивная MLE,1.0964824131251734
наивная MLE,5.039363316025411
наивная MLE,7.474639228131976
наивная MLE,23.727183745201756
наивная MLE,8.597779820897006
наивная MLE,5.883831352560199
наивная MLE,5.733299848820367
наивная MLE,12.194530983176222
наивная MLE,13.120301456414321
наивная MLE,3.817075124438743
наивная MLE,1.5097495854505039
наивная MLE,4.513720375125946
наивная MLE,2.384676231766579
наивная MLE,14.974345379626806
наивная MLE,8.22903021722682
наивная MLE,18.080167054358828
наивная MLE,7.441805862849906
наивная MLE,2.423623984571441
наивная MLE,13.068872617014321
наивная MLE,8.920184721629001
наивная MLE,11.852098869181198
наивная MLE,1.754005822063203
наивная MLE,11.695227995778502
наивная MLE,30.935220668040515
наивная MLE,19.11430525835638
наивная MLE,4.550871413029974
наивная MLE,0.26091177632314694
наивная MLE,4.969799955668245
наивная MLE,3.380675500015897
наивная MLE,6.004288271049678
наивная MLE,1.9539829904531563
наивная MLE,8.977790336104968
наивная MLE,9.278341941981678
наивная MLE,13.21190414833395
наивная MLE,11.839385040181854
наивная MLE,0.6008087077233295
наивная MLE,2.854297731024781
наивная MLE,1.2117740996938957
наивная MLE,10.816984992920993
наивная MLE,9.21306810433865
наивная MLE,9.86432932027287
наивная MLE,2.7996041209886715
наивная MLE,4.8582506054423416
наивная MLE,3.4263469500250303
наивная MLE,2.2963429841794842
наивная MLE,2.4347572983469887
наивная MLE,9.981332949817672
наивная MLE,6.255197804204888
наивная MLE,9.094609638462524
наивная MLE,6.014445382984388
наивная MLE,2.507535477953933
наивная MLE,1.1813471674695806
наивная MLE,3.7397629841556554
наивная MLE,5.594953111975181
наивная MLE,7.014103582967159
наивная MLE,12.697689980021902
наивная MLE,0.21564385199851518
наивная MLE,9.701825814643296
наивная MLE,17.024137418179066
наивная MLE,1.3678484876987727
наивная MLE,7.188257869112688
наивная MLE,5.497065806582945
наивная MLE,11.902282662079628
наивная MLE,4.162125768469503
наивная MLE,0.38791281059251054
наивная MLE,6.296933686422779
наивная MLE,8.845647498976033
наивная MLE,0.5504775191013913
наивная MLE,9.162455198021968
наивная MLE,6.692910079050539
наивная MLE,5.041627148003984
наивная MLE,11.965587504313623
наивная MLE,2.3092144169284943
наивная MLE,8.737903602850611
наивная MLE,3.0944937025252592
наивная MLE,5.306774680170171
наивная MLE,8.43638933399004
наивная MLE,21.456192276977447
наивная MLE,16.141018093943018
наивная MLE,19.25938577741744
наивная MLE,12.935572744943528
наивная MLE,5.267605116162557
наивная MLE,3.1897578024284403
наивная MLE,24.5049780201837
наивная MLE,2.4621697770336795
наивная MLE,10.070739038976868
наивная MLE,13.30815995151991
наивная MLE,2.356543627066815
наивная MLE,3.8742859992091456
наивная MLE,9.8650098405076
наивная MLE,6.530779721981938
наивная MLE,4.977004599004673
наивная MLE,8.889726570502251
наивная MLE,4.176061086987261
наивная MLE,0.8013197676242098
наивная MLE,3.1376196817783883
наивная MLE,4.101488350838709
наивная MLE,1.4328935464024657
наивная MLE,0.5851752723213065
наивная MLE,5.712239287126831
наивная MLE,8.155264752027932
наивная MLE,2.1338123456420273
наивная MLE,3.727594068377752
наивная MLE,2.265457365838819
наивная MLE,5.094924388817441
наивная MLE,12.551230104921377
наивная MLE,11.914986617255536
наивная MLE,9.170834828232074
наивная MLE,5.608144549200642
наивная MLE,7.425815016900584
наивная MLE,4.499890002889965
наивная MLE,0.31020238503536113
наивная MLE,0.6256050122848833
наивная MLE,6.731495001243665
наивная MLE,5.889194135523034
наивная MLE,7.806166329920964
наивная MLE,3.168554313096446
наивная MLE,2.0977164519416216
наивная MLE,9.797190714012727
наивная MLE,0.9067429662018873
наивная MLE,13.667703670956488
наивная MLE,4.524497435195342
наивная MLE,6.16345802584711
наивная MLE,6.206412422483343
наивная MLE,13.034379759428834
наивная MLE,10.644172621640102
наивная MLE,2.361851911303408
наивная MLE,13.02213014637513
наивная MLE,3.8526488462299153
наивная MLE,1.4128657822560104
наивная MLE,8.013981243231024
наивная MLE,19.497824169029215
наивная MLE,0.2833007977935395
наивная MLE,2.9436827457742516
наивная MLE,7.12573552241966
наивная MLE,12.616086562157307
наивная MLE,19.468976853429005
наивная MLE,7.2893620903300365
наивная MLE,10.178987128407211
наивная MLE,9.20462419357624
наивная MLE,1.9373304268357037
наивная MLE,4.933445604011367
наивная MLE,3.1025375320355177
наивная MLE,1.7576745761164876
наивная MLE,0.6763834703982464
наивная MLE,2.2917643368193414
наивная MLE,10.458493088687673
наивная MLE,11.029130845683088
наивная MLE,3.142577486698009
наивная MLE,20.041918930813605
наивная MLE,2.0811109375107626
наивная MLE,9.640902944054094
наивная MLE,23.924665422727983
наивная MLE,17.1785686236905
наивная MLE,4.780131887822699
наивная MLE,7.139361380697904
наивная MLE,7.1276982893616685
наивная MLE,2.7325783098064504
наивная MLE,2.323110673067092
наивная MLE,1.0857159404527728
наивная MLE,10.39884790838494
наивная MLE,9.466356778824588
наивная MLE,1.2070263986557583
наивная MLE,2.996343805789511
наивная MLE,29.565372363963256
наивная MLE,7.630978733380716
наивная MLE,12.90710394235254
наивная MLE,2.9417543265187236
наивная MLE,11.898653849001324
наивная MLE,2.1182157734910745
наивная MLE,1.056283265209431
наивная MLE,4.914283213231481
наивная MLE,7.515948588102926
наивная MLE,13.442639487823659
наивная MLE,5.458785317345841
наивная MLE,5.5618580215350475
наивная MLE,12.492651563173315
наивная MLE,4.98544144912038
наивная MLE,6.985186245508805
наивная MLE,3.418618797580177
наивная MLE,16.292838316914203
наивная MLE,23.69167292708022
наивная MLE,3.252124350709518
наивная MLE,16.601822195637798
наивная MLE,20.577934847255555
наивная MLE,12.815549547655738
наивная MLE,7.560888064950361
наивная MLE,5.018022163868305
наивная MLE,3.0416063355806866
наивная MLE,4.318183731942353
наивная MLE,15.584929197323223
наивная MLE,9.462966075640866
наивная MLE,5.359220259469425
наивная MLE,5.573352754745157
наивная MLE,6.848746490961698
наивная MLE,1.955194340575915
наивная MLE,11.866744936402815
наивная MLE,2.897368061606804
наивная MLE,2.7790405344169886
наивная MLE,2.9433423714596083
наивная MLE,11.663512154258335
наивная MLE,10.101638366216413
наивная MLE,12.755090386164461
наивная MLE,2.3114633562096936
наивная MLE,2.5378065027062746
наивная MLE,5.5096029041179335
наивная MLE,18.114413771332003
наивная MLE,6.972464716001589
наивная MLE,4.253462118183654
наивная MLE,3.6523193099156295
наивная MLE,3.9317597809870186
наивная MLE,7.891947579501507
наивная MLE,24.498359232155163
наивная MLE,7.607686652350404
наивная MLE,5.741047844741982
наивная MLE,14.151468587740979
наивная MLE,2.085923858241916
наивная MLE,2.381932175046575
наивная MLE,5.603548842466222
наивная MLE,8.800915542416819
наивная MLE,2.295032474064987
наивная MLE,5.429327953434479
наивная MLE,2.8131021647771677
наивная MLE,1.1921942622673503
наивная MLE,5.754387500935939
наивная MLE,13.560847403997737
наивная MLE,2.1142130013306932
наивная MLE,1.3701525988692684
наивная MLE,2.8956101784552257
наивная MLE,14.797897442724329
наивная MLE,0.9571377957470167
наивная MLE,16.427942338394523
наивная MLE,10.190741734618049
наивная MLE,1.1113229870389003
наивная MLE,0.8200321565418057
наивная MLE,7.51343711893381
наивная MLE,3.6470918065179636
наивная MLE,3.5940597526667055
наивная MLE,1.1425445807227936
наивная MLE,1.9071858844340874
наивная MLE,8.627694354451995
наивная MLE,1.4418238287105873
наивная MLE,4.488258298906269
наивная MLE,5.826906935167979
наивная MLE,6.176899696984013
наивная MLE,22.893461235853582
наивная MLE,19.791802836310808
наивная MLE,21.693420659757997
наивная MLE,8.031603707574678
наивная MLE,3.51865719572454
наивная MLE,2.4528065648503423
наивная MLE,17.37739419574984
наивная MLE,5.5140104992794665
наивная MLE,7.721098462792448
наивная MLE,3.4700354147659813
наивная MLE,1.5446101699330785
наивная MLE,17.791164876339572
наивная MLE,2.174066605980559
наивная MLE,13.551766953694598
наивная MLE,0.8931316349664747
наивная MLE,2.7511585213344807
наивная MLE,15.1706291913937
наивная MLE,11.057743744664423
наивная MLE,9.53996028704737
наивная MLE,9.006953413599419
наивная MLE,9.009495962086312
наивная MLE,1.9171377275921626
наивная MLE,14.713947052381457
наивная MLE,13.666163118680943
наивная MLE,40.78092738474111
наивная MLE,14.179959376938262
наивная MLE,4.053740115293056
наивная MLE,2.4838811708324844
наивная MLE,12.266847610899365
наивная MLE,15.18731986101013
наивная MLE,9.438007089049261
наивная MLE,7.889179499388682
наивная MLE,5.542076410668914
наивная MLE,3.9136259723133713
наивная MLE,6.2639014260373465
наивная MLE,3.551280702740539
наивная MLE,8.120222079886359
наивная MLE,5.570617425875197
наивная MLE,5.728371680232575
наивная MLE,4.925518180585241
наивная MLE,4.731931849659536
наивная MLE,4.211641358386924
наивная MLE,2.25552457065379
наивная MLE,12.295439484311705
наивная MLE,9.684874966085118
наивная MLE,5.082666001240058
наивная MLE,4.7413997653405335
наивная MLE,6.444220379163626
наивная MLE,12.247498870336797
наивная MLE,1.4869086537052125
наивная MLE,2.1408324588676297
наивная MLE,6.090357617323906
наивная MLE,7.337467825302575
наивная MLE,5.003578939879934
наивная MLE,13.566342230855195
наивная MLE,6.530443713027882
наивная MLE,21.482134786425014
наивная MLE,9.62256784167357
наивная MLE,11.397664022889707
наивная MLE,4.621195808136881
наивная MLE,1.3573463976264093
наивная MLE,41.83220557104895
наивная MLE,4.434913339033337
наивная MLE,18.004634120539247
наивная MLE,6.173543997667689
наивная MLE,14.895766699118948
наивная MLE,13.20458811435552
наивная MLE,9.75566781827832
наивная MLE,9.70672877100983
наивная MLE,32.02623234404712
наивная MLE,1.5118445968766325
наивная MLE,7.647282995177105
наивная MLE,2.7262093844283135
наивная MLE,3.7186280377909147
наивная MLE,13.722079902172423
наивная MLE,1.7431656209653552
наивная MLE,5.656967893940529
наивная MLE,16.864193728735632
наивная MLE,0.7966871838386107
наивная MLE,5.570314913835725
наивная MLE,2.0362444649615865
наивная MLE,9.30422131246338
наивная MLE,3.4170519663149164
наивная MLE,1.4844570294487078
наивная MLE,10.178984177439208
наивная MLE,7.4921416112778205
наивная MLE,10.727106860758333
наивная MLE,2.351799338914512
наивная MLE,5.4160268197751
наивная MLE,4.9947859273799
наивная MLE,10.127696431324212
наивная MLE,7.31992032465083
наивная MLE,3.241074858302637
наивная MLE,10.09094758720506
наивная MLE,6.026775840667392
наивная MLE,5.547848285202045
наивная MLE,14.684528436312089
наивная MLE,12.858087845624686
наивная MLE,15.20214246767983
наивная MLE,4.830886147493883
наивная MLE,4.191121281574721
наивная MLE,2.3840062489477014
наивная MLE,9.283957273988223
наивная MLE,6.076006927562647
наивная MLE,6.379151359407643
наивная MLE,5.6868035097011855
наивная MLE,12.125856517654697
наивная MLE,1.5611098038071276
наивная MLE,4.78725674849664
наивная MLE,3.5830804407844923
наивная MLE,13.630971324189304
наивная MLE,8.462716483050475
наивная MLE,16.670644527662052
наивная MLE,0.4923023371753365
наивная MLE,10.17269847439288
наивная MLE,1.4975053977487567
наивная MLE,7.296174129797562
наивная MLE,0.5658305123253932
наивная MLE,4.452096361985767
наивная MLE,3.482942017697691
наивная MLE,4.807980103319809
наивная MLE,25.071676517636927
наивная MLE,6.030074700069402
наивная MLE,5.859944512073653
наивная MLE,13.89732094568475
наивная MLE,5.646223537388544
наивная MLE,3.498874153910808
наивная MLE,3.6813291563520893
наивная MLE,3.1330312589783818
наивная MLE,5.567696657787003
наивная MLE,3.9190787872260318
наивная MLE,8.45214579198506
наивная MLE,11.454159817013249
наивная MLE,4.704687140899781
наивная MLE,6.2324598371962985
наивная MLE,3.939262594533858
наивная MLE,7.609052949948897
наивная MLE,2.3936661870257625
наивная MLE,2.2805047063402197
наивная MLE,9.452049622953627
наивная MLE,5.181506220732755
наивная MLE,18.983571668790795
наивная MLE,3.870984761441923
наивная MLE,6.875083680978751
наивная MLE,4.839857594703795
наивная MLE,5.24280976943917
наивная MLE,6.1840124131243295
наивная MLE,0.6991713509773705
наивная MLE,8.920648012415965
наивная MLE,6.9187794968344924
наивная MLE,7.227334600823855
наивная MLE,6.540519031223283
наивная MLE,0.9992440456074874
наивная MLE,16.459187137639663
наивная MLE,3.6401640722333144
наивная MLE,10.501384800132865
наивная MLE,1.1312425440051137
наивная MLE,11.551449538748402
наивная MLE,10.4487197949103
наивная MLE,7.087254792303389
наивная MLE,0.36533456501025063
наивная MLE,5.864538197005
наивная MLE,4.444924465726221
наивная MLE,8.158708594801823
наивная MLE,7.5479174608903925
наивная MLE,0.35365008873930404
наивная MLE,1.9276947599152214
наивная MLE,2.149081830000707
наивная MLE,0.9183275836320894
наивная MLE,11.34812420900904
наивная MLE,4.381136310469601
наивная MLE,5.226969046951245
наивная MLE,0.22774967055805698
наивная MLE,1.971235058838558
наивная MLE,7.857506775229772
наивная MLE,0.6181493713967601
наивная MLE,3.8860999333091604
наивная MLE,6.311142197546747
наивная MLE,21.568233574723987
наивная MLE,6.302980391879071
наивная MLE,3.9465911320759473
наивная MLE,4.050791988035357
наивная MLE,4.910186729223401
наивная MLE,6.345348580193993
наивная MLE,5.239857366546484
наивная MLE,30.248512872273913
наивная MLE,2.630613385902469
наивная MLE,8.281649468326236
наивная MLE,12.591906225542685
наивная MLE,5.706800628209707
наивная MLE,5.576873721267599
наивная MLE,5.363576388996725
наивная MLE,8.805723403176236
наивная MLE,11.32015212483607
наивная MLE,20.393394686152266
наивная MLE,3.542573268860067
наивная MLE,3.21675424883837
наивная MLE,9.252174519645394
наивная MLE,2.464769745989778
наивная MLE,22.450386484733855
наивная MLE,9.005527002086248
наивная MLE,12.807790980867475
наивная MLE,1.138598756932331
наивная MLE,3.1331301643442457
наивная MLE,8.496992124060448
наивная MLE,2.023209461799243
наивная MLE,5.349821018613929
наивная MLE,2.8436985758256643
наивная MLE,9.011100609982304
наивная MLE,4.813040459202671
наивная MLE,4.463444497961755
наивная MLE,3.3411802138313393
наивная MLE,0.2992089491277924
наивная MLE,8.266988570192247
наивная MLE,9.580752276378648
наивная MLE,0.025785073258206125
наивная MLE,3.4906991178568223
наивная MLE,0.5667725254601111
наивная MLE,12.271017105873227
наивная MLE,2.3277481671030316
наивная MLE,7.337140461639823
наивная MLE,3.1028125999917546
наивная MLE,6.9205206024924575
наивная MLE,2.755675215279222
наивная MLE,3.548293646210317
наивная MLE,7.481121574385851
наивная MLE,6.248147720722079
наивная MLE,13.922304304502685
наивная MLE,12.184639212610342
наивная MLE,3.436813696554665
наивная MLE,8.98462150666486
наивная MLE,5.368354285408065
наивная MLE,5.352484453933271
наивная MLE,8.933224095254385
наивная MLE,5.762958407210189
наивная MLE,4.558909108811301
наивная MLE,8.86174891809189
наивная MLE,1.9913528919266794
наивная MLE,3.711948236446146
наивная MLE,1.6561123037078755
наивная MLE,6.664606956031671
наивная MLE,17.660953228574332
наивная MLE,0.4515821477074516
наивная MLE,0.7895848519717682
наивная MLE,3.6522353534758456
наивная MLE,15.420011720527839
наивная MLE,7.361865557881487
наивная MLE,9.561170677560288
наивная MLE,5.752911168819086
наивная MLE,4.77297197588999
наивная MLE,5.788901017573444
наивная MLE,0.3335373813945257
наивная MLE,6.991878546987273
наивная MLE,11.089392328159573
наивная MLE,10.441063041909317
наивная MLE,5.052711505816031
наивная MLE,12.484903625223765
наивная MLE,15.148636291930762
наивная MLE,5.276842958025965
наивная MLE,3.644534545953054
наивная MLE,3.4018700033386047
наивная MLE,26.418508732044717
наивная MLE,3.7171368846603077
наивная MLE,0.5806272318503087
наивная MLE,30.56765731555749
наивная MLE,8.027413275651936
наивная MLE,21.656128316755254
наивная MLE,4.020407122907236
наивная MLE,15.686523575402568
наивная MLE,2.69738085578785
наивная MLE,5.597292815405953
наивная MLE,28.494258577169237
наивная MLE,11.732458761912161
наивная MLE,11.503524908160971
наивная MLE,9.064380592793121
наивная MLE,10.36954321982859
наивная MLE,8.18493673398746
наивная MLE,12.656630024816206
наивная MLE,4.79454164926554
наивная MLE,14.674978802980581
наивная MLE,0.33996292292151975
наивная MLE,3.4908430222613354
наивная MLE,11.442573626991392
наивная MLE,2.6800089250244885
наивная MLE,11.092313463208088
наивная MLE,4.776703052955303
наивная MLE,5.702336321844969
наивная MLE,0.2843683397847049
наивная MLE,12.481919240153392
наивная MLE,4.593153121888275
наивная MLE,10.87274601503764
наивная MLE,3.6029922036606954
наивная MLE,30.64896144091149
наивная MLE,0.8964718565620404
наивная MLE,25.506075363848364
наивная MLE,2.0299663866572164
наивная MLE,10.781739281151584
наивная MLE,6.881747935648493
наивная MLE,14.250057084045345
наивная MLE,7.773398486858641
наивная MLE,12.874770593739978
наивная MLE,4.5278999741165675
наивная MLE,6.081600257262407
наивная MLE,1.4960685286685862
наивная MLE,9.222635659943798
наивная MLE,2.5655657363700604
наивная MLE,15.044308525558225
наивная MLE,12.488744191255975
наивная MLE,12.925348164051842
наивная MLE,12.273239473011895
наивная MLE,7.006001407478464
наивная MLE,2.958545142056586
наивная MLE,1.4315867242098244
наивная MLE,2.9029645656417533
наивная MLE,2.9181173000706195
наивная MLE,6.400250459710316
наивная MLE,2.9981399017627934
наивная MLE,2.9602422547777225
наивная MLE,10.123526641905444
наивная MLE,3.7516903876483525
наивная MLE,5.829199880375403
наивная MLE,2.6987571694996983
наивная MLE,8.253449770595324
наивная MLE,7.201218941611723
наивная MLE,19.470715357155495
наивная MLE,2.505267455073326
наивная MLE,4.575645601857628
наивная MLE,14.924473875265415
наивная MLE,5.507041166786001
наивная MLE,0.37707846760260244
наивная MLE,4.791806250130363
наивная MLE,4.387354502114248
наивная MLE,4.0304057898579515
наивная MLE,3.530086175501235
наивная MLE,7.951730690018712
наивная MLE,12.031471821073765
наивная MLE,5.957148367710385
наивная MLE,3.3489232902518813
наивная MLE,6.664666932463822
наивная MLE,5.078256813853241
наивная MLE,7.587327296874887
наивная MLE,6.344188920008322
наивная MLE,20.723625499991368
наивная MLE,6.975607649414597
наивная MLE,3.713136498496053
наивная MLE,4.292032548634746
наивная MLE,4.001589849098961
наивная MLE,8.406468563624824
наивная MLE,10.135055966433516
наивная MLE,9.103380398954693
наивная MLE,4.535664484688272
наивная MLE,2.563137352777105
наивная MLE,4.716577116841348
наивная MLE,3.788993539604203
наивная MLE,8.03299591330046
наивная MLE,4.141667138673637
наивная MLE,8.211808221130221
наивная MLE,8.438197982262183
наивная MLE,1.1079446469233434
наивная MLE,5.6864543110243195
наивная MLE,12.964325594463372
наивная MLE,4.737871830475557
наивная MLE,11.189629641304164
наивная MLE,9.308814593590258
наивная MLE,13.749514886232232
наивная MLE,15.429713531465062
наивная MLE,3.7828238054844996
наивная MLE,1.0956037897561846
наивная MLE,10.19278978221461
наивная MLE,15.031432332960875
наивная MLE,0.5258229310521763
наивная MLE,1.9910414136098191
наивная MLE,5.538885266394516
наивная MLE,0.23160288686719635
наивная MLE,5.538237725077805
наивная MLE,7.653744537939515
наивная MLE,18.433592134050564
наивная MLE,2.0020915125796157
наивная MLE,4.65575277900704
наивная MLE,10.241820798043305
наивная MLE,2.761482163165737
наивная MLE,3.693624302107515
наивная MLE,10.769200903362709
наивная MLE,13.655718575903702
наивная MLE,2.729636870727057
наивная MLE,0.3256563080573379
наивная MLE,6.317711602271137
наивная MLE,7.085551265399431
наивная MLE,15.34952933138237
наивная MLE,4.613013604133801
наивная MLE,3.333719542675212
наивная MLE,6.043419712447925
наивная MLE,4.418215870813621
наивная MLE,7.884878310744021
наивная MLE,1.7653836663958904
наивная MLE,17.762110347663803
наивная MLE,8.019697715667377
наивная MLE,0.20353475119722747
наивная MLE,8.924361639282202
наивная MLE,6.080518685457227
наивная MLE,4.054296850989914
наивная MLE,2.1864458705273146
наивная MLE,0.3622610410427674
наивная MLE,6.1000638559291795
наивная MLE,0.5168509946765708
наивная MLE,4.2941163542444825
наивная MLE,4.758027346689636
наивная MLE,3.2298176822785827
наивная MLE,3.764170312165084
наивная MLE,11.35934523230861
наивная MLE,3.78320274557886
наивная MLE,6.426569892458636
наивная MLE,15.48526293028286
наивная MLE,6.74706278573377
наивная MLE,13.799119078139501
наивная MLE,4.670060555623221
наивная MLE,5.836547591241472
наивная MLE,11.188178126619583
наивная MLE,5.650827599698426
наивная MLE,11.604905618413246
наивная MLE,12.651955735753253
наивная MLE,9.702286519845213
наивная MLE,24.50460450879035
наивная MLE,17.620519306899634
наивная MLE,2.9963491063344754
наивная MLE,1.9490335450604055
наивная MLE,14.83937276777817
наивная MLE,7.167888630111676
наивная MLE,15.383311161194406
наивная MLE,19.551120989455963
наивная MLE,5.662556609469611
наивная MLE,4.434501369903113
наивная MLE,3.0812921365318724
наивная MLE,15.37006199239558
наивная MLE,4.042768454970797
наивная MLE,5.481650893942815
наивная MLE,7.3643067299007425
наивная MLE,60.8038858807636
наивная MLE,8.249841568477882
наивная MLE,4.183004573267313
наивная MLE,2.6724008784520086
наивная MLE,3.173518173320379
наивная MLE,13.753077713607691
наивная MLE,2.9286454544425817
наивная MLE,6.9452979114156435
наивная MLE,25.52760470562094
наивная MLE,2.36333711636223
наивная MLE,2.275505350075331
наивная MLE,3.155126802303369
наивная MLE,4.701167948379442
наивная MLE,5.409438545525753
наивная MLE,3.298757919197484
наивная MLE,1.449467657792124
наивная MLE,5.060581843876884
наивная MLE,4.953627267002458
наивная MLE,4.232516175471609
наивная MLE,10.511653415935367
наивная MLE,9.070235948590195
наивная MLE,12.4000678061774
наивная MLE,19.61519642109957
наивная MLE,8.577509929701376
наивная MLE,8.146099706707673
наивная MLE,5.60270082107509
наивная MLE,4.844910342833316
наивная MLE,8.848871360956261
наивная MLE,14.632190443806763
наивная MLE,8.978072004846986
наивная MLE,10.032081947247834
наивная MLE,14.589517515546003
наивная MLE,13.414362564856987
наивная MLE,8.070592460144901
наивная MLE,4.696884711066516
наивная MLE,2.3635723270158664
наивная MLE,2.5139746517884047
наивная MLE,8.815754125432607
наивная MLE,11.198031655257283
наивная MLE,4.046492329093919
наивная MLE,2.605600827496257
наивная MLE,4.016430566925875
наивная MLE,2.8094270183724666
наивная MLE,13.321016933916257
наивная MLE,0.797607334820083
наивная MLE,5.408125511418165
наивная MLE,4.632967100774685
наивная MLE,2.8628573486275988
наивная MLE,3.6258401711886385
наивная MLE,8.371185739419534
наивная MLE,10.577062015009211
наивная MLE,11.016540596588356
наивная MLE,40.47774970996045
наивная MLE,4.879028637473371
наивная MLE,0.9631201897290225
наивная MLE,4.454433159136454
наивная MLE,2.9236843752608945
наивная MLE,0.913982552350182
наивная MLE,10.418729445761878
наивная MLE,2.7215221966721375
наивная MLE,5.763311394283506
наивная MLE,4.547376731925059
наивная MLE,2.067500047902788
наивная MLE,1.476363258619077
наивная MLE,2.650525981737291
наивная MLE,9.616079014200464
наивная MLE,11.487820002563122
наивная MLE,0.22360077853282112
наивная MLE,15.74229316788743
наивная MLE,2.892449588157722
наивная MLE,4.245862141790375
наивная MLE,16.211835407207708
наивная MLE,0.8786790791748978
наивная MLE,2.601562860532802
наивная MLE,0.317994299664035
наивная MLE,11.54471885867452
наивная MLE,5.849440723330149
наивная MLE,3.166618325262933
наивная MLE,4.787799031601503
наивная MLE,7.297129569664486
наивная MLE,8.196356557047597
наивная MLE,1.8815708928543655
наивная MLE,7.400104599736037
наивная MLE,6.24610284991621
наивная MLE,5.880794192254303
наивная MLE,12.682475655304241
наивная MLE,9.7631600609903
наивная MLE,8.229575363042796
наивная MLE,5.718425572832533
наивная MLE,7.087832503401473
наивная MLE,9.106706196644826
наивная MLE,4.239962716498362
наивная MLE,12.979973425744111
наивная MLE,1.999397652281851
наивная MLE,3.909166153536612
наивная MLE,3.769696661564982
наивная MLE,1.4489120649584704
наивная MLE,1.6079156780318247
наивная MLE,10.635598831305188
наивная MLE,11.445434987088372
наивная MLE,11.408355412104424
наивная MLE,9.516699142450863
наивная MLE,3.1387679613540937
наивная MLE,5.006909930392722
наивная MLE,5.436248702783172
наивная MLE,1.7277392504100484
наивная MLE,2.13207672648148
наивная MLE,16.97684365171128
наивная MLE,10.277657490329585
наивная MLE,11.643628984698523
наивная MLE,11.958973536895133
наивная MLE,10.064270590090615
наивная MLE,8.21484836704434
наивная MLE,0.4843120677171542
наивная MLE,3.956847256272257
наивная MLE,8.002904698935778
наивная MLE,1.5872805398242336
наивная MLE,3.078250313171954
наивная MLE,2.8037568997251454
наивная MLE,3.4164254943492307
наивная MLE,7.262291101899002
наивная MLE,8.515957248888956
наивная MLE,3.4518874813925016
наивная MLE,21.582823437146367
наивная MLE,12.269274071758279
наивная MLE,1.8502546409538372
наивная MLE,3.6070664749152885
наивная MLE,3.087878850704633
наивная MLE,14.974902922586848
наивная MLE,9.783897147862634
наивная MLE,10.552914509382715
наивная MLE,7.411581547556564
наивная MLE,7.909625183887162
наивная MLE,1.3480063041877128
наивная MLE,18.75396163333747
наивная MLE,3.358652256912066
наивная MLE,3.278960791909554
наивная MLE,8.131474209268152
наивная MLE,1.6434306763953934
наивная MLE,9.567179077503651
наивная MLE,14.212639299226396
наивная MLE,1.2359819005613124
наивная MLE,17.826824404008487
наивная MLE,3.58234121405305
наивная MLE,4.4861870250258535
наивная MLE,39.777844824147465
наивная MLE,2.720418837473794
наивная MLE,1.2950926330799193
наивная MLE,2.9786063354279375
наивная MLE,12.727854486960107
наивная MLE,6.837631165127836
наивная MLE,8.54033935152459
наивная MLE,4.645782811455216
наивная MLE,1.8810244417038655
наивная MLE,8.20924704988018
наивная MLE,4.122236390967985
наивная MLE,3.7558176035486897
наивная MLE,13.374224907685617
наивная MLE,9.662532992786156
наивная MLE,12.053148416603038
наивная MLE,0.489785675583872
наивная MLE,11.377243254623004
наивная MLE,8.071274859324244
наивная MLE,3.5228981586266688
наивная MLE,6.451961497525213
наивная MLE,0.5007032086861477
наивная MLE,1.504578340636266
наивная MLE,11.432730304868814
наивная MLE,0.2710395604631051
наивная MLE,7.7423367525085816
наивная MLE,11.352339132060452
наивная MLE,8.662365359728357
наивная MLE,11.146867510200085
наивная MLE,1.5100622362667826
наивная MLE,6.418081032752405
наивная MLE,0.7374821067273052
наивная MLE,16.546943668890094
наивная MLE,7.382249162053278
наивная MLE,4.751219532058381
наивная MLE,4.854516016304484
наивная MLE,5.208206745673599
наивная MLE,12.152370538875942
наивная MLE,4.719820259832489
наивная MLE,3.612119060642834
наивная MLE,2.0796441724510486
наивная MLE,8.555142269876448
наивная MLE,3.8834427941647283
наивная MLE,6.015810164516382
наивная MLE,8.977393662628405
наивная MLE,6.251846824413081
наивная MLE,5.402632804259692
наивная MLE,9.963355155138103
наивная MLE,0.20142242131635377
наивная MLE,1.0144018089089244
наивная MLE,1.5357125403638388
наивная MLE,1.9844827627555286
наивная MLE,0.6938650133917504
наивная MLE,3.4632005752260233
наивная MLE,4.027113760356056
наивная MLE,2.8993701616780365
наивная MLE,10.476235116661787
наивная MLE,8.243523286512547
наивная MLE,13.43316114519988
наивная MLE,4.913705784283055
наивная MLE,20.958485622067105
наивная MLE,0.3363380777317141
наивная MLE,9.573801883627358
наивная MLE,2.1572740609108
наивная MLE,1.1880816742963456
наивная MLE,1.639137755062492
наивная MLE,17.352859950377606
наивная MLE,4.0850566635486265
наивная MLE,12.858998767449824
наивная MLE,4.241039232245137
наивная MLE,0.8955999089882404
наивная MLE,8.092385350574453
наивная MLE,8.512164671257324
наивная MLE,5.929236026433532
наивная MLE,2.6632129654704855
наивная MLE,8.206055346301904
наивная MLE,3.4501719202618926
наивная MLE,1.4369051821165575
наивная MLE,9.043682363782704
наивная MLE,4.751687127113352
наивная MLE,23.73273559592076
наивная MLE,5.214638457726275
наивная MLE,4.4729021936632885
наивная MLE,19.43000798711047
наивная MLE,8.388266946166162
наивная MLE,2.5153725822858712
наивная MLE,4.033368502331682
наивная MLE,8.535967715021862
наивная MLE,5.109466545849075
наивная MLE,2.7828326385933
наивная MLE,0.8261395014505097
наивная MLE,14.088856268059919
наивная MLE,4.906147299943794
наивная MLE,1.9655732132706538
наивная MLE,3.1202310822242927
наивная MLE,12.380503643540768
наивная MLE,5.47505429592652
наивная MLE,3.4565168691242034
наивная MLE,4.342299618227635
наивная MLE,8.441904181820904
наивная MLE,5.40016461726311
наивная MLE,5.4659840804343185
наивная MLE,4.576021164490803
наивная MLE,6.8138193616174085
наивная MLE,3.1595213222522043
наивная MLE,3.8514821697996107
наивная MLE,7.4345989848034435
наивная MLE,7.681173446366056
наивная MLE,12.430139075285885
наивная MLE,5.930958370188371
наивная MLE,9.912897246594282
наивная MLE,9.740848846206745
наивная MLE,23.359681715621925
наивная MLE,3.3574787672951167
наивная MLE,0.14242647093713956
наивная MLE,10.846202146410896
наивная MLE,18.06429521704791
наивная MLE,16.553164643742214
наивная MLE,3.5213372183805447
наивная MLE,6.96357475201631
наивная MLE,10.841715109705302
наивная MLE,12.855568441121578
наивная MLE,13.965889456240596
наивная MLE,4.633114799912398
наивная MLE,23.26691268786017
наивная MLE,0.3267280522265448
наивная MLE,8.181187487668861
наивная MLE,13.486272743152982
наивная MLE,4.738153475978347
наивная MLE,6.558482100806469
наивная MLE,11.980704689432226
наивная MLE,2.562268248342625
наивная MLE,8.90567702143744
наивная MLE,6.096703371058434
наивная MLE,10.591854978728295
наивная MLE,14.042482336278802
наивная MLE,5.384862330869557
наивная MLE,2.112745984353025
наивная MLE,2.0041742624805146
наивная MLE,2.979951366712247
наивная MLE,5.702049866694058
наивная MLE,2.1534700032334695
наивная MLE,17.47796522041596
наивная MLE,2.136757706504066
наивная MLE,6.95914414670079
наивная MLE,5.500331496280915
наивная MLE,2.999497414529155
наивная MLE,5.932807478054356
наивная MLE,1.8182779001746732
наивная MLE,2.721932614642605
наивная MLE,16.528312551037654
наивная MLE,1.1725818160623076
наивная MLE,0.8834160211650908
наивная MLE,3.437702502355275
наивная MLE,8.822288475690272
наивная MLE,13.098942145072778
наивная MLE,11.729725781110197
наивная MLE,9.189953564324709
наивная MLE,19.012296791453025
наивная MLE,1.8663270026549188
наивная MLE,11.617404300091069
наивная MLE,15.754836454048954
наивная MLE,13.671806601267749
наивная MLE,8.973848819726904
наивная MLE,5.452409503169929
наивная MLE,4.284149558524223
наивная MLE,3.9563433811524944
наивная MLE,1.9524222710995156
наивная MLE,10.068815684240096
наивная MLE,1.940814570033249
наивная MLE,1.074429680600838
наивная MLE,3.523050127126443
наивная MLE,15.508971426958787
наивная MLE,3.2601086239015595
наивная MLE,15.762493498433514
наивная MLE,5.94795705229511
наивная MLE,6.589578849924988
наивная MLE,28.92327171272322
наивная MLE,5.012502164708228
наивная MLE,11.002216117967698
наивная MLE,3.1553681412569987
наивная MLE,8.782657544451416
наивная MLE,0.962474017777801
наивная MLE,12.098434326009617
наивная MLE,15.383778279254134
наивная MLE,4.850989003994501
наивная MLE,2.5906148212367746
наивная MLE,7.729592210906573
наивная MLE,1.7580770542049229
наивная MLE,1.8383520173372336
наивная MLE,2.000567620669684
наивная MLE,3.3366130573094743
наивная MLE,0.5232079395724145
наивная MLE,9.508599026172948
наивная MLE,2.17106762889309
наивная MLE,2.7011568965207875
наивная MLE,9.643167302533262
наивная MLE,3.627652695025634
наивная MLE,2.7729732105173848
наивная MLE,14.961657295222878
наивная MLE,25.128194540512993
наивная MLE,4.78025798077782
наивная MLE,4.093399887752506
наивная MLE,4.505880564869838
наивная MLE,14.063225420600912
наивная MLE,10.60100950422912
наивная MLE,3.2211529161668495
наивная MLE,27.74973648173178
наивная MLE,4.837862378575028
наивная MLE,6.407235336322044
наивная MLE,0.43552370184891753
наивная MLE,2.9949363884350224
наивная MLE,18.808148037288117
наивная MLE,2.117751169325191
наивная MLE,2.9006222670526007
наивная MLE,2.2773299121591695
наивная MLE,7.420182313272645
наивная MLE,0.18882632291890433
наивная MLE,0.7371827944589339
наивная MLE,7.39219392316366
наивная MLE,2.2707753945177767
наивная MLE,13.998119379438053
наивная MLE,10.342412466874547
наивная MLE,2.3916424827416707
наивная MLE,2.978057835481371
наивная MLE,9.045026938697013
наивная MLE,3.5462670774572964
наивная MLE,0.45126205503904104
наивная MLE,3.2289471404731276
наивная MLE,3.4811954633981426
наивная MLE,1.1454095260854968
наивная MLE,8.150747049268972
наивная MLE,4.3796082283698095
наивная MLE,7.563188406040843
наивная MLE,2.16184296676722
наивная MLE,9.428264284280647
наивная MLE,23.98440544294523
наивная MLE,1.1250326845361225
наивная MLE,5.788530149531521
наивная MLE,10.382604082068505
наивная MLE,3.149203658560752
наивная MLE,17.628314997853106
наивная MLE,7.36037477902969
наивная MLE,14.985371823430825
наивная MLE,11.575913099356724
наивная MLE,5.464663267683479
наивная MLE,21.28030701820437
наивная MLE,2.454317134139349
наивная MLE,6.530370608802734
наивная MLE,2.9002163034796293
наивная MLE,1.9458602280745003
наивная MLE,6.3298289135848895
наивная MLE,11.602215084388428
наивная MLE,2.449105916471647
наивная MLE,8.564718208112552
наивная MLE,2.0448263278273546
наивная MLE,7.558474305690409
наивная MLE,1.1643934322467453
наивная MLE,0.7435340636446501
наивная MLE,4.567533399598474
наивная MLE,6.918777237580404
наивная MLE,4.383560034826821
наивная MLE,11.052627011810044
наивная MLE,6.88116668349392
наивная MLE,3.450334108486448
наивная MLE,6.208222150871
наивная MLE,7.641170207767539
наивная MLE,10.608100788288475
наивная MLE,6.985261467356661
наивная MLE,22.850638819235932
наивная MLE,13.29122799406412
наивная MLE,6.36318210760276
наивная MLE,8.899830686090262
наивная MLE,8.417098638635595
наивная MLE,5.7359150764914295
наивная MLE,16.945594668995053
наивная MLE,9.775171830249318
наивная MLE,4.443113296585203
наивная MLE,4.510831594749202
наивная MLE,2.6401165010492242
наивная MLE,11.2482948097047
наивная MLE,14.263264983619774
наивная MLE,4.9974178179143705
наивная MLE,6.7493818630921725
наивная MLE,18.539698958319317
наивная MLE,11.32964454857765
наивная MLE,8.67489281712722
наивная MLE,2.8006562803090236
наивная MLE,5.353436335568924
наивная MLE,6.948130536572092
наивная MLE,4.801696399701734
наивная MLE,4.047181147615814
наивная MLE,3.5848769385985384
наивная MLE,2.532723660608495
наивная MLE,11.113658327912352
наивная MLE,8.981752024640993
наивная MLE,5.334811265128073
наивная MLE,11.307859315895962
наивная MLE,2.4877544746014237
наивная MLE,2.4680622197951783
наивная MLE,3.7374343070859277
наивная MLE,3.164893351403431
наивная MLE,6.485862197885094
наивная MLE,17.711418506939076
наивная MLE,15.597878201879094
наивная MLE,3.6481601444406033
наивная MLE,23.443569592019205
наивная MLE,3.735472001550531
наивная MLE,0.11516474632441977
наивная MLE,7.971970234453951
наивная MLE,2.4806722784974147
наивная MLE,20.197974600445747
наивная MLE,2.1141712578907037
наивная MLE,1.4189655490749882
наивная MLE,12.662928264966151
наивная MLE,8.941641547554319
наивная MLE,0.42058787301363953
наивная MLE,5.379712338506431
наивная MLE,11.93721450940198
наивная MLE,0.2619231000645257
наивная MLE,1.8947062858388395
наивная MLE,0.6338796040806927
наивная MLE,5.85606587835406
наивная MLE,15.367927435694972
наивная MLE,1.2279522914730006
наивная MLE,14.126435302705945
наивная MLE,2.4105269543276346
наивная MLE,4.297558385361488
наивная MLE,10.031435669646442
наивная MLE,7.192666701004804
наивная MLE,9.044073740600348
наивная MLE,7.618386965681182
наивная MLE,15.106176526793476
наивная MLE,9.341058863739393
наивная MLE,1.9129906372264613
наивная MLE,19.73160403645299
наивная MLE,6.5762810163708085
наивная MLE,8.247437663652867
наивная MLE,8.11386833965141
наивная MLE,2.940933529117809
наивная MLE,5.91645216402728
наивная MLE,10.207086438748036
наивная MLE,6.970411451660022
наивная MLE,6.561101482128281
наивная MLE,8.1747820031906
наивная MLE,7.956221331386635
наивная MLE,1.8890633969136323
наивная MLE,0.4661009954850003
наивная MLE,1.0332296851394984
наивная MLE,0.8478456247647435
наивная MLE,1.4241845440947505
наивная MLE,2.863697372536049
наивная MLE,6.382754439950452
наивная MLE,0.8713619496777127
наивная MLE,7.424842104894941
наивная MLE,3.5417654234399607
наивная MLE,8.096842924501585
наивная MLE,2.79072468543343
наивная MLE,1.7134394484394049
наивная MLE,6.502234164916607
наивная MLE,1.9934006738404308
наивная MLE,13.082538483698972
наивная MLE,10.944084371042331
наивная MLE,4.155983393025242
наивная MLE,5.840396253278975
наивная MLE,3.5080480858946266
наивная MLE,0.9887732696204107
наивная MLE,1.546536114247863
наивная MLE,8.596028894510006
наивная MLE,35.03306685356144
наивная MLE,9.983788838800518
наивная MLE,13.515483839971226
наивная MLE,7.242019411669007
наивная MLE,5.381317268896646
наивная MLE,2.267275406938021
наивная MLE,2.87835988281298
наивная MLE,11.65523793092216
наивная MLE,12.914156858474554
наивная MLE,0.5280303194807305
наивная MLE,3.2220172769104507
наивная MLE,1.552588282679065
наивная MLE,6.19680506891901
наивная MLE,5.795764626245758
наивная MLE,4.136473350679946
наивная MLE,7.825227286440288
наивная MLE,2.1844468720796155
наивная MLE,4.970151821029878
наивная MLE,9.865399569461408
наивная MLE,13.419066293201794
наивная MLE,6.966957477932112
наивная MLE,9.951404679398326
наивная MLE,11.059771833748872
наивная MLE,7.647555176099537
наивная MLE,5.457451734290051
наивная MLE,5.200943835610236
наивная MLE,6.966890768487071
наивная MLE,8.410026127731296
наивная MLE,3.7826204686485516
наивная MLE,1.5416770180053032
наивная MLE,15.699860520899126
наивная MLE,10.865100959957747
наивная MLE,5.110550039768047
наивная MLE,24.194391911688555
наивная MLE,90.98025570347201
наивная MLE,5.250540607808095
наивная MLE,19.66239823678893
наивная MLE,5.6241190402699415
наивная MLE,5.246192532678215
наивная MLE,9.558898983434219
наивная MLE,12.197697613910552
наивная MLE,4.163736207270993
наивная MLE,15.796970589866353
наивная MLE,2.1920396894711964
наивная MLE,25.13819047790107
наивная MLE,0.8316205328583325
наивная MLE,8.422183146695431
наивная MLE,13.18180568073005
наивная MLE,8.186347043910045
наивная MLE,10.195379883530657
наивная MLE,0.5651370753137909
наивная MLE,4.050575069557559
наивная MLE,2.2248090447052373
наивная MLE,18.20574061779242
наивная MLE,11.934160803275827
наивная MLE,15.130654533832454
наивная MLE,10.270319735461305
наивная MLE,2.0050756359019544
наивная MLE,5.730527276351257
наивная MLE,7.255625392533421
наивная MLE,23.19955548246528
наивная MLE,1.1356423381324983
наивная MLE,0.4771469833399943
наивная MLE,1.5457530174560306
наивная MLE,9.333081852115091
наивная MLE,4.179529760419831
наивная MLE,9.524757303191627
наивная MLE,1.6401083435598642
наивная MLE,4.75698825296151
наивная MLE,1.1436182097499423
наивная MLE,2.409781134292676
наивная MLE,1.8416269589677565
наивная MLE,1.3505763725378475
наивная MLE,15.683087030827785
наивная MLE,8.528116904240274
наивная MLE,0.36800377621819824
наивная MLE,1.3464717390706369
наивная MLE,10.030778343138584
наивная MLE,15.875234119329203
наивная MLE,2.5576513597246864
наивная MLE,2.4563897057783373
наивная MLE,6.234254370010912
наивная MLE,27.595338379319166
наивная MLE,7.653807742099194
наивная MLE,11.495862816173364
наивная MLE,2.173708619291776
наивная MLE,3.6122672298925402
наивная MLE,0.36266007130101713
наивная MLE,8.489874178026733
наивная MLE,5.4543216439330955
наивная MLE,3.07855117967925
наивная MLE,6.733288343486419
наивная MLE,14.573397300228
наивная MLE,0.6037908823973291
наивная MLE,2.521319491090492
наивная MLE,1.18928558186995
наивная MLE,3.6895249719344227
наивная MLE,1.087154452173063
наивная MLE,3.507968593524783
наивная MLE,1.78896512238482
наивная MLE,6.132581546442424
наивная MLE,3.4883500744306053
наивная MLE,12.187373143684699
наивная MLE,3.3687348333245817
наивная MLE,2.111630879257123
наивная MLE,0.7576580390264304
наивная MLE,1.4056567574755643
наивная MLE,10.61185856079687
наивная MLE,2.2033597287519378
наивная MLE,1.9416362521409813
наивная MLE,10.04941767161093
наивная MLE,3.792702355999105
наивная MLE,0.8341133709199657
наивная MLE,0.7758388138825236
наивная MLE,19.814969727007067
наивная MLE,6.487332118074215
наивная MLE,21.181406796672082
наивная MLE,12.443837250189894
наивная MLE,6.537145399455145
наивная MLE,19.62987979233351
наивная MLE,3.917349835226081
наивная MLE,15.819454690547282
наивная MLE,6.4874069033903075
наивная MLE,4.230894464745511
наивная MLE,6.0216943515087875
наивная MLE,8.283034343220626
наивная MLE,9.197114459468938
наивная MLE,6.463326312566261
наивная MLE,6.693729495115209
наивная MLE,1.9039237827422695
наивная MLE,1.6902685839196823
наивная MLE,13.26390889954797
наивная MLE,8.291959746772426
наивная MLE,5.032556637550458
наивная MLE,12.32673893721714
наивная MLE,5.113104578417306
наивная MLE,1.917029715697453
наивная MLE,7.985804208414212
наивная MLE,7.958581140651946
наивная MLE,1.326117222248964
наивная MLE,5.56872151531132
наивная MLE,2.0025524247348763
наивная MLE,8.781059700255556
наивная MLE,11.359317282594397
наивная MLE,12.567602094973815
наивная MLE,2.5940154675482567
наивная MLE,9.94880731952378
наивная MLE,0.26697528311650254
наивная MLE,12.20634322005262
наивная MLE,2.444717460997625
наивная MLE,2.9941146857658807
наивная MLE,1.779132888807355
наивная MLE,6.589576446543955
наивная MLE,7.479282720804207
наивная MLE,5.2398208882814545
наивная MLE,9.7941971714326
наивная MLE,8.789839212591637
наивная MLE,1.6394327094223966
наивная MLE,31.25124975991671
наивная MLE,9.680025040120977
наивная MLE,15.301630375639432
наивная MLE,13.07071947460581
наивная MLE,4.295320924225886
наивная MLE,8.238417186512903
наивная MLE,8.749573355394944
наивная MLE,14.650193774032196
наивная MLE,14.99105590444072
наивная MLE,8.392879618475451
наивная MLE,7.366777187169231
наивная MLE,1.6431431101326353
наивная MLE,0.8700909555342553
наивная MLE,3.844503774709196
наивная MLE,10.386926620339501
наивная MLE,25.36494745041015
наивная MLE,4.038701534474899
наивная MLE,7.524845127896581
наивная MLE,4.798055449342453
наивная MLE,14.714614852539702
наивная MLE,22.71925029604867
наивная MLE,8.174114386751464
наивная MLE,4.086893518862769
наивная MLE,6.563653308451102
наивная MLE,14.204198945998616
наивная MLE,0.08972883163357073
наивная MLE,6.457580742253658
наивная MLE,17.76141720232994
наивная MLE,3.924083626502764
наивная MLE,13.017339657879527
наивная MLE,4.731252295843156
наивная MLE,21.055695160783877
наивная MLE,11.019862231486506
наивная MLE,6.2349653111861425
наивная MLE,8.634625662681227
наивная MLE,23.96052573590437
наивная MLE,7.845025999142949
наивная MLE,0.10093812569339879
наивная MLE,14.543457456170167
наивная MLE,7.281863306825425
наивная MLE,14.802243560722948
наивная MLE,23.711496929995228
наивная MLE,7.094549442403919
наивная MLE,0.9913326333140281
наивная MLE,4.919617148485321
наивная MLE,13.95198034992365
наивная MLE,6.876382157953276
наивная MLE,12.315538987097959
наивная MLE,5.005676095888337
наивная MLE,6.1335393797187265
наивная MLE,8.986037098985813
наивная MLE,14.735115836728763
наивная MLE,6.419450369746802
наивная MLE,8.509731537407685
наивная MLE,9.638712762751085
наивная MLE,9.210808350651291
наивная MLE,1.61619825753724
наивная MLE,5.448559190967526
наивная MLE,4.989354866731206
наивная MLE,13.708594525771673
наивная MLE,0.8575930271345945
наивная MLE,8.866794800799491
наивная MLE,7.990646106245579
наивная MLE,0.6683724785012104
наивная MLE,3.6981194685917087
наивная MLE,1.3887969222563106
наивная MLE,2.4511465858251893
наивная MLE,8.793944106146192
наивная MLE,6.316744989259893
наивная MLE,7.844055386702749
наивная MLE,25.26108772141305
наивная MLE,1.8972795998815906
наивная MLE,17.293152940197327
наивная MLE,4.249998749718047
наивная MLE,8.279155104186177
наивная MLE,7.138392895118904
наивная MLE,8.005904473034922
наивная MLE,3.9667061635385927
наивная MLE,12.745162267241838
наивная MLE,8.357634859468323
наивная MLE,3.9008853338239593
наивная MLE,6.168431398824746
наивная MLE,3.8866787317729248
наивная MLE,7.059299109103302
наивная MLE,12.113400678333122
наивная MLE,1.738861744404724
наивная MLE,2.805744996467939
наивная MLE,4.1105323243781156
наивная MLE,14.662407919754394
наивная MLE,2.949607726046997
наивная MLE,6.535710038461652
наивная MLE,2.6408027842981388
наивная MLE,0.4667439807102887
наивная MLE,2.253546905506447
наивная MLE,5.461779586382157
наивная MLE,6.535022135570813
наивная MLE,6.569519859896192
наивная MLE,14.303396333174563
наивная MLE,3.6623067100038034
наивная MLE,2.5912044611564817
наивная MLE,1.7507116479043678
наивная MLE,4.313079006878188
наивная MLE,1.3890092072726292
наивная MLE,12.889769108909341
наивная MLE,12.623665662890524
наивная MLE,7.540944431698443
наивная MLE,1.1569279685113083
наивная MLE,1.8091103924326526
наивная MLE,5.994436535030481
наивная MLE,25.756949138357147
наивная MLE,7.356642025671857
наивная MLE,4.784048616313665
наивная MLE,12.406893891255084
наивная MLE,4.430561005608789
наивная MLE,5.387986743322412
наивная MLE,6.428427052310163
наивная MLE,1.3290729285322664
наивная MLE,7.0955245462757395
наивная MLE,7.595500256612811
наивная MLE,1.865415120047731
наивная MLE,3.1493134152034044
наивная MLE,5.980672174499427
наивная MLE,6.364047353902674
наивная MLE,15.397754307067304
наивная MLE,13.384435280870063
наивная MLE,4.6508049526838695
наивная MLE,0.899435422625061
наивная MLE,10.829416568100395
наивная MLE,4.06163715079877
наивная MLE,1.0736619484862056
наивная MLE,6.5125412756131755
наивная MLE,5.77727551090095
наивная MLE,14.882089081040487
наивная MLE,2.8479735704733438
наивная MLE,2.0942093213151862
наивная MLE,3.0350589971471
наивная MLE,12.070929267599748
наивная MLE,7.399719855126976
наивная MLE,13.84634650531753
наивная MLE,12.593874889701665
наивная MLE,2.512070901365058
наивная MLE,19.179691654750727
наивная MLE,6.271230858516313
наивная MLE,3.9843377454153934
наивная MLE,19.883306361045676
наивная MLE,7.355165139517501
наивная MLE,5.884941107692095
наивная MLE,2.2212188855459725
наивная MLE,7.678190225327995
наивная MLE,3.6549531473983494
наивная MLE,15.040427222959572
наивная MLE,1.8155227715201772
наивная MLE,10.233946936832162
наивная MLE,1.947490294739067
наивная MLE,8.309337013807935
наивная MLE,6.736770903347343
наивная MLE,2.950087372662034
наивная MLE,13.168436252756017
наивная MLE,0.5257328100572172
наивная MLE,26.01963358757957
наивная MLE,9.226750036682436
наивная MLE,3.214083718644168
наивная MLE,15.160729808757413
наивная MLE,6.058739628849729
наивная MLE,5.5994348093762225
наивная MLE,2.7684924654569762
наивная MLE,8.721421306750235
наивная MLE,18.56555297771179
наивная MLE,1.9890553348458018
наивная MLE,10.000088648510081
наивная MLE,7.80520245297349
наивная MLE,3.858633930345607
наивная MLE,10.514464225377903
наивная MLE,5.401210273515112
наивная MLE,0.7812511159326356
наивная MLE,14.831115740788434
наивная MLE,11.865575033412075
наивная MLE,8.969042725099847
наивная MLE,0.48677098514416145
наивная MLE,7.236262208578981
наивная MLE,5.2917733566318725
наивная MLE,5.158398668685672
наивная MLE,2.7826547493575875
наивная MLE,9.476211033718048
наивная MLE,8.378564699858106
наивная MLE,14.677390701719764
наивная MLE,12.640630439113309
наивная MLE,4.496687666801193
наивная MLE,4.8453750456868745
наивная MLE,3.25688769795947
наивная MLE,0.8257556009518313
наивная MLE,6.5936253378578815
наивная MLE,0.30610978233185726
наивная MLE,11.548897083558094
наивная MLE,7.812745645336109
наивная MLE,5.115318427143281
наивная MLE,1.0796433255707671
наивная MLE,3.4864248286997
наивная MLE,5.571621894201047
наивная MLE,3.379445759028948
наивная MLE,7.823302473020872
наивная MLE,0.888958681702666
наивная MLE,1.2527916220233537
наивная MLE,11.808800026397307
наивная MLE,6.423576021792627
наивная MLE,0.39300705005052533
наивная MLE,3.8028731814577017
наивная MLE,8.746695287131503
наивная MLE,7.978101851181378
наивная MLE,3.0953541521829226
наивная MLE,10.473327487648133
наивная MLE,6.0844673465526915
наивная MLE,4.288069190250955
наивная MLE,1.3259568002975919
наивная MLE,4.0767163565909765
наивная MLE,2.914455290419011
наивная MLE,9.540588882361124
наивная MLE,4.221684128182394
наивная MLE,6.86859738288472
наивная MLE,6.147601410476968
наивная MLE,6.677189615624609
наивная MLE,12.624945889120628
наивная MLE,7.826239732762294
наивная MLE,17.0772012858985
наивная MLE,0.20123716188771448
наивная MLE,6.64625347239698
наивная MLE,6.503414800742245
наивная MLE,10.599434707817986
наивная MLE,7.428450927929643
наивная MLE,0.7785048108057142
наивная MLE,1.4514273787007397
наивная MLE,16.00741189661464
наивная MLE,0.5102154332126012
наивная MLE,6.397206465264196
наивная MLE,15.482756225749707
наивная MLE,7.825819942910902
наивная MLE,10.456226062765245
наивная MLE,14.93536056339232
наивная MLE,18.06072257059742
наивная MLE,4.544090930304165
наивная MLE,1.7870349782222879
наивная MLE,0.6739009524581793
наивная MLE,2.2682737395593113
наивная MLE,9.023596580016012
наивная MLE,6.401740797123077
наивная MLE,1.2274661890196932
наивная MLE,2.352593712009143
наивная MLE,3.687462630283373
наивная MLE,5.710617051714402
наивная MLE,13.395691534864488
наивная MLE,6.834715004726534
наивная MLE,9.415231356383172
наивная MLE,5.290950972195256
наивная MLE,7.990204662680848
наивная MLE,0.6871432580004012
наивная MLE,10.358356309291292
наивная MLE,1.691551240300158
наивная MLE,5.606316267045275
наивная MLE,1.9667546501659834
наивная MLE,5.090549764168733
наивная MLE,24.76900204336239
наивная MLE,4.656816275366145
наивная MLE,1.6606560897443132
наивная MLE,0.5709396586216449
наивная MLE,8.052013312529505
наивная MLE,9.056508100623695
наивная MLE,12.735427406730595
наивная MLE,1.8966684946020993
наивная MLE,8.18798998496766
наивная MLE,5.139767028000916
наивная MLE,7.518430067039783
наивная MLE,6.54790281640891
наивная MLE,18.056328615324105
наивная MLE,12.998925343468658
наивная MLE,0.5159804244467467
наивная MLE,2.7407206436689022
наивная MLE,1.8700102411381712
наивная MLE,9.665426548792286
наивная MLE,3.0094440025405564
наивная MLE,4.790723805439459
наивная MLE,1.1835877450055148
наивная MLE,1.805910938206068
наивная MLE,1.8320892331908167
наивная MLE,0.7361177178741982
наивная MLE,10.409622139767864
наивная MLE,10.222452950048604
наивная MLE,8.757967396416383
наивная MLE,6.550395570070018
наивная MLE,1.6145257989593738
наивная MLE,10.409154034655629
наивная MLE,3.961477708812061
наивная MLE,6.381483898009412
наивная MLE,4.284290803631694
наивная MLE,10.9408082647231
наивная MLE,30.048820813881232
наивная MLE,10.243983460234777
наивная MLE,1.461789669084867
наивная MLE,8.949628992049295
наивная MLE,12.975446069002885
наивная MLE,1.6223244509656756
наивная MLE,1.9543432274427903
наивная MLE,17.539328973098552
наивная MLE,7.397211057778105
наивная MLE,3.6938233084063974
наивная MLE,9.004778610654368
наивная MLE,7.896585740600489
наивная MLE,8.240927869644622
наивная MLE,0.973560506332344
наивная MLE,1.4595307327232097
наивная MLE,18.989443398665205
наивная MLE,5.102377381869928
наивная MLE,16.47060013087361
наивная MLE,17.764684682266232
наивная MLE,16.797709035189232
наивная MLE,3.9693514948199424
наивная MLE,50.802430621652796
наивная MLE,4.0536492318440285
наивная MLE,8.179159138239916
наивная MLE,4.758302674155938
наивная MLE,5.038008242397302
наивная MLE,12.749325389685307
наивная MLE,0.9389631129942015
наивная MLE,2.3793933898357245
наивная MLE,6.287187255150446
наивная MLE,7.906188111629831
наивная MLE,5.039870882659584
наивная MLE,3.6318156751636046
наивная MLE,2.3289359011718944
наивная MLE,3.354547826108101
наивная MLE,9.850084767473716
наивная MLE,14.028824616251885
наивная MLE,9.628627081631528
наивная MLE,16.172347050086174
наивная MLE,6.654253258892931
наивная MLE,5.419266567445369
наивная MLE,15.887826466810397
наивная MLE,9.369291214350815
наивная MLE,9.966153017485558
наивная MLE,3.932246067946714
наивная MLE,7.086566357716642
наивная MLE,2.7972318853174922
наивная MLE,1.844211535288295
наивная MLE,1.230053340148123
наивная MLE,0.5807849717034509
наивная MLE,3.9051948882610614
наивная MLE,10.637888401197372
наивная MLE,17.23141925387261
наивная MLE,8.288450691624899
наивная MLE,5.190351471431834
наивная MLE,2.4328108147922025
наивная MLE,4.169304644009746
наивная MLE,4.8371196656119295
наивная MLE,1.2347069746984145
наивная MLE,13.490083754889042
наивная MLE,3.6163159095511084
наивная MLE,4.402569599511147
наивная MLE,16.05235751144563
наивная MLE,4.799535387355324
наивная MLE,20.075064421727507
наивная MLE,5.647594646634149
наивная MLE,16.237514312989767
наивная MLE,3.517018087483974
наивная MLE,8.97345351720315
наивная MLE,2.692488533070841
наивная MLE,5.991136415415317
наивная MLE,10.542504248476725
наивная MLE,2.5679500391458117
наивная MLE,26.357662246694932
наивная MLE,19.272918398569022
наивная MLE,7.600758745722803
наивная MLE,4.981566011913181
наивная MLE,1.146798891373484
наивная MLE,1.0595200819456563
наивная MLE,57.10785194118849
наивная MLE,1.962794890803373
наивная MLE,7.604957093042532
наивная MLE,4.644338744086733
наивная MLE,4.646830170794985
наивная MLE,4.081857029819299
наивная MLE,5.913961437827121
наивная MLE,1.3161355341649847
наивная MLE,5.229109252137557
наивная MLE,1.4229314199077208
наивная MLE,1.1126474635020778
наивная MLE,4.058018574390189
наивная MLE,18.809422530045026
наивная MLE,2.705537023849437
наивная MLE,4.527709723912618
наивная MLE,10.229136347326111
наивная MLE,5.509747692719687
наивная MLE,8.497785788587754
наивная MLE,10.090108324307796
наивная MLE,7.663178432231565
наивная MLE,7.745467614549562
наивная MLE,8.358624559868048
наивная MLE,3.9315775788324085
наивная MLE,1.1223729098760595
наивная MLE,5.278554581087019
наивная MLE,1.1303930521084395
наивная MLE,19.906693825345403
наивная MLE,8.316794621473601
наивная MLE,8.33503554188204
наивная MLE,12.583079056588437
наивная MLE,7.044750039716033
наивная MLE,12.773432334418066
наивная MLE,5.837375350954785
наивная MLE,17.138267213321427
наивная MLE,6.1071305048707565
наивная MLE,14.067729295010922
наивная MLE,5.772932954443578
наивная MLE,1.6675632598282362
наивная MLE,11.012294297087477
наивная MLE,4.621292736180961
наивная MLE,7.1956934940142645
наивная MLE,4.097805583657279
наивная MLE,6.568900489310624
наивная MLE,8.475001842879012
наивная MLE,0.4618101624933621
наивная MLE,3.680491288460202
наивная MLE,0.9556620827764235
наивная MLE,11.373497188430886
наивная MLE,7.7481527120127485
наивная MLE,7.850334795657548
наивная MLE,12.486369007375902
наивная MLE,13.25808579851142
наивная MLE,4.642009140340429
наивная MLE,4.018639622107878
наивная MLE,14.215429436877434
наивная MLE,20.06804419673799
наивная MLE,8.299155848040792
наивная MLE,2.2540737710763588
наивная MLE,3.251969525902343
наивная MLE,2.6313755099392413
наивная MLE,8.89963878632056
наивная MLE,3.8872901737958387
наивная MLE,2.476229581464915
наивная MLE,2.854849442238239
наивная MLE,1.3012710514896804
наивная MLE,5.938294452627261
наивная MLE,17.105257152303256
наивная MLE,2.3148555361462027
наивная MLE,6.306269250144664
наивная MLE,5.5436888671160744
наивная MLE,18.12670151516166
наивная MLE,12.443655070689218
наивная MLE,1.9909733512387917
наивная MLE,0.5879533310979096
наивная MLE,3.487939149606406
наивная MLE,12.041520254474884
наивная MLE,0.23734664116438034
наивная MLE,1.7972355096877515
наивная MLE,15.925615286816395
наивная MLE,4.008167739625698
наивная MLE,2.248262148657278
наивная MLE,15.055668042499182
наивная MLE,10.98299353830344
наивная MLE,10.657189318466942
наивная MLE,3.348673756516265
наивная MLE,1.7310740141381369
наивная MLE,5.645030116361249
наивная MLE,0.46794009403097353
наивная MLE,6.139447123540126
наивная MLE,15.734904131539494
наивная MLE,8.356884517799573
наивная MLE,4.346678828199538
наивная MLE,0.5092883215085581
наивная MLE,7.111452618432991
наивная MLE,8.882686565478359
наивная MLE,0.30111800018490675
наивная MLE,3.054399714083304
наивная MLE,2.9554453274350156
наивная MLE,11.493487062905851
наивная MLE,3.416104610386899
наивная MLE,5.886218390068673
наивная MLE,11.409825692877133
наивная MLE,3.638775682440259
наивная MLE,3.3954038529429797
наивная MLE,15.397727669294987
наивная MLE,5.044523887161496
наивная MLE,3.75796478859095
наивная MLE,5.455268640259773
наивная MLE,3.326482295429142
наивная MLE,7.572468251203002
наивная MLE,15.684290815991005
наивная MLE,1.9396870728756488
наивная MLE,5.762764624598832
наивная MLE,12.477207696558624
наивная MLE,4.338787743049897
наивная MLE,9.868623034489426
наивная MLE,5.219260477292058
наивная MLE,8.461409572587755
наивная MLE,5.351870617641016
наивная MLE,7.624348784481894
наивная MLE,8.5880007831602
наивная MLE,2.789620715196667
наивная MLE,3.81639284473074
наивная MLE,7.531134573167076
наивная MLE,11.047310379688813
наивная MLE,4.075592469861666
наивная MLE,5.634664704421247
наивная MLE,2.738519327206787
наивная MLE,2.7959282350136245
наивная MLE,1.3106770464819837
наивная MLE,3.1589322788633445
наивная MLE,1.6546477777041178
наивная MLE,13.18318869151617
наивная MLE,7.842859833623797
наивная MLE,11.983753585769099
наивная MLE,11.933852092391138
наивная MLE,1.514997398578705
наивная MLE,19.448970390168725
наивная MLE,14.352042471154748
наивная MLE,9.432364417505958
наивная MLE,10.826955408490166
наивная MLE,7.874154523963988
наивная MLE,11.650097894329368
наивная MLE,17.859779127323755
наивная MLE,12.512122410352642
наивная MLE,3.197243506375102
наивная MLE,6.8078546195460286
наивная MLE,6.018959632139898
наивная MLE,13.94690832141438
наивная MLE,1.6220319307122357
наивная MLE,8.532185709936376
наивная MLE,6.91718228867178
наивная MLE,3.583812338622747
наивная MLE,3.187927592400877
наивная MLE,5.283630064957842
наивная MLE,3.4501725676420487
наивная MLE,4.597006140259603
наивная MLE,16.071501575410377
наивная MLE,5.880150108088674
наивная MLE,8.078537351599339
наивная MLE,8.361123757826084
наивная MLE,2.5970818603049506
наивная MLE,4.361336677280529
наивная MLE,7.827578575344334
наивная MLE,3.688141948086461
наивная MLE,19.39402912562594
наивная MLE,4.538065505250773
наивная MLE,3.652865738161462
наивная MLE,19.404801201526034
наивная MLE,9.623696891056813
наивная MLE,13.736491867756559
наивная MLE,4.2909104370648325
наивная MLE,10.40201451609497
наивная MLE,18.8531079341852
наивная MLE,12.140320712012898
наивная MLE,9.246239604873775
наивная MLE,4.50124114453552
наивная MLE,13.30454280263684
наивная MLE,6.3234793523233765
наивная MLE,4.57140696224159
наивная MLE,4.095835017144371
наивная MLE,1.9596194634498794
наивная MLE,13.470810912183934
наивная MLE,3.557148930937122
наивная MLE,0.23185312926187104
наивная MLE,5.592018409779812
наивная MLE,3.6518382137835803
наивная MLE,1.855966886851596
наивная MLE,1.6745317846434817
наивная MLE,6.651942444827943
наивная MLE,14.335914487277456
наивная MLE,13.752539561937903
наивная MLE,3.1392842638564282
наивная MLE,10.754635569935923
наивная MLE,8.232932980791832
наивная MLE,5.595936053554639
наивная MLE,9.385689583823996
наивная MLE,11.033958536993367
наивная MLE,3.7075196006033386
наивная MLE,6.895371833122008
наивная MLE,12.991819083077793
наивная MLE,9.259550128479152
наивная MLE,4.176403265778361
наивная MLE,22.700016857706082
наивная MLE,7.527286291741844
наивная MLE,20.91731645698349
наивная MLE,17.691080368700746
наивная MLE,10.964319954170259
наивная MLE,6.734962011742376
наивная MLE,1.2440867572455374
наивная MLE,2.85094405608411
наивная MLE,5.268272815865008
наивная MLE,2.4722916652644753
наивная MLE,1.6861034148095144
наивная MLE,1.0894118567238855
наивная MLE,5.70473122531639
наивная MLE,5.623773020401937
наивная MLE,8.984202901526407
наивная MLE,5.827006483942871
наивная MLE,1.180158279066141
наивная MLE,7.57514574741812
наивная MLE,5.047053302358085
наивная MLE,1.3576901747576418
наивная MLE,21.03973297329047
наивная MLE,6.321126953060122
наивная MLE,8.953937561705143
наивная MLE,1.9484161332024956
наивная MLE,4.8695130745013335
наивная MLE,0.8627226495922262
наивная MLE,3.7383386768275333
наивная MLE,8.98757023701448
наивная MLE,0.1015062222464239
наивная MLE,1.3600510826970031
наивная MLE,11.431903974302802
наивная MLE,14.211969579926558
наивная MLE,1.2241162288760867
наивная MLE,6.5255459400874045
наивная MLE,2.5252667298580627
наивная MLE,10.824713959573131
наивная MLE,11.105338120032895
наивная MLE,21.826756246288074
наивная MLE,15.387408113342842
наивная MLE,17.254168196361135
наивная MLE,8.886052863056802
наивная MLE,15.467819708657498
наивная MLE,4.006474290801306
наивная MLE,5.131184380451207
наивная MLE,4.6323224981523925
наивная MLE,20.903507180959686
наивная MLE,8.5154708517432
наивная MLE,11.431951831529986
наивная MLE,8.305704847300868
наивная MLE,4.689390645265638
наивная MLE,6.731718576527673
наивная MLE,4.785818888259248
наивная MLE,9.838990009453207
наивная MLE,5.625052288141254
наивная MLE,16.19970897311429
наивная MLE,8.219340802209327
наивная MLE,0.5138928488836771
наивная MLE,2.5017465386413016
наивная MLE,2.8497402427521448
наивная MLE,5.717645833418134
наивная MLE,12.337620723240352
наивная MLE,1.9779330860616344
наивная MLE,10.662105519065097
наивная MLE,23.971569186045862
наивная MLE,9.926177011557547
наивная MLE,9.858625369210117
наивная MLE,7.932931556823408
наивная MLE,17.717482527603533
наивная MLE,17.827764679345385
наивная MLE,7.000623473184742
наивная MLE,3.9937390568205764
наивная MLE,10.817089532866841
наивная MLE,4.865427673938911
наивная MLE,7.358197495207484
наивная MLE,3.919192093076427
наивная MLE,1.6431881565587627
наивная MLE,24.178408823221503
наивная MLE,8.447560316137192
наивная MLE,6.490693498109538
наивная MLE,5.926716204526731
наивная MLE,4.508589878549126
наивная MLE,8.887914013321762
наивная MLE,6.805579392538999
наивная MLE,11.48791317731042
наивная MLE,8.403389631713956
наивная MLE,12.398935526754787
наивная MLE,4.661685146519628
наивная MLE,4.91711712635583
наивная MLE,26.124822139164756
наивная MLE,8.651624771943489
наивная MLE,2.51179097732284
наивная MLE,8.402403428351235
наивная MLE,12.717081116564621
наивная MLE,1.7623603539675166
наивная MLE,5.946622548849991
наивная MLE,0.09420549442280073
наивная MLE,6.648145939524209
наивная MLE,1.5234084635934624
наивная MLE,7.568014468933904
наивная MLE,1.5449612072790235
наивная MLE,4.391113431712522
наивная MLE,10.855542245372954
наивная MLE,2.936476508251314
наивная MLE,7.242250546851611
наивная MLE,5.135599462766207
наивная MLE,7.532736219519396
наивная MLE,4.155677067879637
наивная MLE,4.827900187404412
наивная MLE,3.327647319932235
наивная MLE,11.840639750767822
наивная MLE,10.564090232266475
наивная MLE,16.439147080834463
наивная MLE,8.316943747839776
наивная MLE,12.896064256311828
наивная MLE,3.0624337590538095
наивная MLE,25.778284920521426
наивная MLE,2.5331889776109473
наивная MLE,2.117834515382751
наивная MLE,29.914544898548705
наивная MLE,12.28842741586773
наивная MLE,6.959280070931058
наивная MLE,3.9803515780522054
наивная MLE,5.050302039193638
наивная MLE,12.956106454570929
наивная MLE,2.124072546899922
наивная MLE,5.059757107123485
наивная MLE,3.9026509589855953
наивная MLE,6.581153949427871
наивная MLE,2.858394291057736
наивная MLE,8.397159069726506
наивная MLE,37.87022783494156
наивная MLE,8.510878247476045
наивная MLE,5.934651330581787
наивная MLE,8.49858482479958
наивная MLE,25.741880075760356
наивная MLE,8.371420751325578
наивная MLE,5.138474964422069
наивная MLE,1.6729894834960297
наивная MLE,4.3662022791859405
наивная MLE,2.4378842767050863
наивная MLE,5.049521463980781
наивная MLE,0.4117865945177332
наивная MLE,5.338475595091759
наивная MLE,1.513746833668771
наивная MLE,10.030241397074468
наивная MLE,2.3658591153261224
наивная MLE,3.4394834110407753
наивная MLE,6.822156552331096
наивная MLE,7.756400678959934
наивная MLE,5.2220231079164385
наивная MLE,7.094965821665566
наивная MLE,13.238340864258527
наивная MLE,2.308331046828498
наивная MLE,3.8780943842236733
наивная MLE,18.327302304502126
наивная MLE,1.7837214206349905
наивная MLE,1.4635067021575057
наивная MLE,23.85665572890009
наивная MLE,20.67125731955751
наивная MLE,22.225047163791903
наивная MLE,7.772847779438666
наивная MLE,8.96321445241502
наивная MLE,8.363693817837865
наивная MLE,14.435700538750577
наивная MLE,21.70525426673146
наивная MLE,10.184186818363465
наивная MLE,0.06554825526500678
наивная MLE,11.47686417003294
наивная MLE,8.62783739445747
наивная MLE,7.647335563303956
наивная MLE,7.26740074652436
наивная MLE,4.375136937601938
наивная MLE,2.084026969566052
наивная MLE,7.251207523083167
наивная MLE,17.865351776760146
наивная MLE,3.181917275995718
наивная MLE,2.885352192330533
наивная MLE,8.129892005844717
наивная MLE,22.663511759396595
наивная MLE,8.867023758373817
наивная MLE,1.7023025329636299
наивная MLE,5.846884769297177
наивная MLE,20.139137044670072
наивная MLE,3.5778032974850182
наивная MLE,8.123020050121774
наивная MLE,4.162922746714756
наивная MLE,17.3954893801379
наивная MLE,14.399118640231475
наивная MLE,9.532101509492122
наивная MLE,29.441366359167013
наивная MLE,4.593225601311866
наивная MLE,6.3044228593698985
наивная MLE,10.751961626047933
наивная MLE,5.206172350815153
наивная MLE,8.089807830978497
наивная MLE,4.440225712845173
наивная MLE,10.871637161048788
наивная MLE,7.937785273581106
наивная MLE,4.094782664740079
наивная MLE,2.751304131648603
наивная MLE,2.9978211739412304
наивная MLE,5.8128209711098435
наивная MLE,0.9069168191017661
наивная MLE,1.52718563879643
наивная MLE,1.2311415268887023
наивная MLE,7.1981282741793
наивная MLE,3.699986310872373
наивная MLE,4.754676131243492
наивная MLE,1.3965035612740873
наивная MLE,1.7156197702532263
наивная MLE,14.368189296657496
наивная MLE,1.6540679602486763
наивная MLE,4.138770759213714
наивная MLE,5.550603763733605
наивная MLE,9.857190134135546
наивная MLE,5.5449054234199355
наивная MLE,0.31597044586008655
наивная MLE,2.8413254843943347
наивная MLE,4.965273833192886
наивная MLE,8.48704710445072
наивная MLE,2.3006377813364356
наивная MLE,22.768080121966005
наивная MLE,13.775286880294457
наивная MLE,4.895174364020208
наивная MLE,10.101060525547604
наивная MLE,0.15255702595030773
наивная MLE,7.131733477912659
наивная MLE,3.4110668948657663
наивная MLE,10.017272160925316
наивная MLE,11.515340092387742
наивная MLE,2.1868934765571555
наивная MLE,31.26387605702771
наивная MLE,4.740637550467715
наивная MLE,2.117727179444818
наивная MLE,1.2336162811497886
наивная MLE,16.890368667261228
наивная MLE,7.223574754013276
наивная MLE,1.1553453873140227
наивная MLE,5.17344585882959
наивная MLE,23.43946878527663
наивная MLE,15.966263346395648
наивная MLE,15.072717685625376
наивная MLE,6.794026208140167
наивная MLE,14.515166063505715
наивная MLE,0.27175034881639043
наивная MLE,0.9948675201145438
наивная MLE,5.48841503916141
наивная MLE,0.6264108677667053
наивная MLE,3.909321312173352
наивная MLE,8.109579630737436
наивная MLE,2.072906379440739
наивная MLE,7.034034038169743
наивная MLE,8.084761843379946
наивная MLE,3.372056927872716
наивная MLE,11.084824664924119
наивная MLE,6.120094874876049
наивная MLE,10.389298360499666
наивная MLE,16.00276186457427
наивная MLE,9.429472370386012
наивная MLE,16.219302798013143
наивная MLE,9.674447377575248
наивная MLE,4.2931158757164365
наивная MLE,2.8540016446877168
наивная MLE,13.129798578438795
наивная MLE,3.3364621208317473
наивная MLE,5.661279702023803
наивная MLE,2.274205644864472
наивная MLE,2.450808564837023
наивная MLE,2.1823049036091713
наивная MLE,12.580924420632488
наивная MLE,14.13035650087363
наивная MLE,2.826368378542832
наивная MLE,1.9739793110923494
наивная MLE,6.420296972396423
наивная MLE,24.805890783612266
наивная MLE,8.605528825792184
наивная MLE,5.13446628049677
наивная MLE,6.319663783674389
наивная MLE,3.9849479055250097
наивная MLE,1.4111421451254162
наивная MLE,15.551054095977406
наивная MLE,7.32473215136668
наивная MLE,16.15937863882232
наивная MLE,1.512448758670014
наивная MLE,7.868747288057265
наивная MLE,13.610189395702184
наивная MLE,0.7522982724621503
наивная MLE,3.1845761353132325
наивная MLE,7.745485851309896
наивная MLE,6.945224481051541
наивная MLE,8.759201101636387
наивная MLE,5.658105531486438
наивная MLE,3.3872661125856247
наивная MLE,3.9123490723846697
наивная MLE,3.597255800689089
наивная MLE,6.485082421640596
наивная MLE,5.45310560771209
наивная MLE,7.975762807125518
наивная MLE,0.7808101350983423
наивная MLE,1.9218837851009758
наивная MLE,28.949488119435536
наивная MLE,1.5979611027728837
наивная MLE,1.8179036057800169
наивная MLE,2.7404417791944606
наивная MLE,8.156211598959061
наивная MLE,13.54335661505972
наивная MLE,0.513910630605265
наивная MLE,9.447444627674763
наивная MLE,5.04368147985026
наивная MLE,4.784732707456637
наивная MLE,1.4058727960158754
наивная MLE,3.8867035936262244
наивная MLE,5.147581120328624
наивная MLE,6.431787485703838
наивная MLE,5.311291113087867
наивная MLE,3.562834040800436
наивная MLE,8.639805343667629
наивная MLE,1.63047816022264
наивная MLE,8.98664976854294
наивная MLE,1.1583639230870375
наивная MLE,4.879552172114048
наивная MLE,10.191586959564603
наивная MLE,1.0915662780953372
наивная MLE,3.5172701578734884
наивная MLE,22.018952520715203
наивная MLE,8.001447178549096
наивная MLE,13.686118887617903
наивная MLE,3.608740820405183
наивная MLE,1.4678509264098045
наивная MLE,13.990936683733972
наивная MLE,0.5831514581991476
наивная MLE,19.601711748904055
наивная MLE,47.43408398011951
наивная MLE,2.663052089277539
наивная MLE,8.37078884968251
наивная MLE,0.5428404311307224
наивная MLE,9.726403514313162
наивная MLE,5.763112347585388
наивная MLE,7.247379036923774
наивная MLE,3.60228570353793
наивная MLE,33.89009630137849
наивная MLE,16.98635727223727
наивная MLE,3.0393340704556517
наивная MLE,4.59369094749848
наивная MLE,7.248044524158371
наивная MLE,4.18650115929321
наивная MLE,7.138284719956573
наивная MLE,3.379528677549235
наивная MLE,19.814906214130684
наивная MLE,14.1372625527537
наивная MLE,3.836367976629127
наивная MLE,13.812414380844842
наивная MLE,9.232536777536028
наивная MLE,3.4872001204909675
наивная MLE,7.723760264014187
наивная MLE,15.129015286332152
наивная MLE,10.15302133995437
наивная MLE,5.944292275102089
наивная MLE,12.72511618472511
наивная MLE,12.93049472095252
наивная MLE,4.204921661414518
наивная MLE,2.068943936032353
наивная MLE,2.19780414381746
наивная MLE,4.223999813946438
наивная MLE,6.758406791966015
наивная MLE,18.26944460768055
наивная MLE,1.4189288421212174
наивная MLE,4.733685981991687
наивная MLE,10.518287385682942
наивная MLE,3.2872223629792314
наивная MLE,4.023145427511453
наивная MLE,9.190066491677047
наивная MLE,6.3575944444604895
наивная MLE,3.662780097814659
наивная MLE,3.3400407662099507
наивная MLE,3.6451513213463365
наивная MLE,11.84553523258798
наивная MLE,2.619655055700439
наивная MLE,9.661578313292342
наивная MLE,10.01499461159119
наивная MLE,3.363614681704401
наивная MLE,4.842609631413323
наивная MLE,9.347034002603449
наивная MLE,3.2525805158893917
наивная MLE,5.6640821143340565
наивная MLE,11.457314407875778
наивная MLE,10.694433645786487
наивная MLE,10.416090902608163
наивная MLE,6.024165963237555
наивная MLE,4.578503829882361
наивная MLE,2.591450560994608
наивная MLE,6.50682116621778
наивная MLE,0.9945008946147486
наивная MLE,3.35015239706566
наивная MLE,23.129039699365958
наивная MLE,28.27599766430275
наивная MLE,11.330666561886622
наивная MLE,4.007234174143965
наивная MLE,11.78697177135051
наивная MLE,7.976427613759423
наивная MLE,0.4797029263539622
наивная MLE,9.260152287500794
наивная MLE,4.598662694042278
наивная MLE,2.0140386491465287
наивная MLE,9.86975235079694
наивная MLE,15.778070446141264
наивная MLE,2.0826516612794483
наивная MLE,10.66755881995101
наивная MLE,28.196223975356332
наивная MLE,8.053386556731162
наивная MLE,1.1490698047626435
наивная MLE,20.676737310179057
наивная MLE,5.444637663296792
наивная MLE,1.8369590659377482
наивная MLE,1.8881012900349254
наивная MLE,0.849288764424718
наивная MLE,2.10748918786991
наивная MLE,9.654321255845655
наивная MLE,8.131704278314906
наивная MLE,2.476511635047872
наивная MLE,4.818060079207442
наивная MLE,1.5983669451043319
наивная MLE,6.042758973327762
наивная MLE,1.5371820315377211
наивная MLE,3.171897905865447
наивная MLE,4.670285891946874
наивная MLE,12.470391983194858
наивная MLE,4.685107769378841
наивная MLE,3.6121044930360022
наивная MLE,11.600762338365255
наивная MLE,10.357512747154473
наивная MLE,6.640244138521811
наивная MLE,0.3032011248259916
наивная MLE,6.979453454710719
наивная MLE,6.399305364267072
наивная MLE,5.228416692409689
наивная MLE,1.2244335140297606
наивная MLE,3.2169012809765523
наивная MLE,4.66987814421049
наивная MLE,8.84424745816775
наивная MLE,5.188194834441929
наивная MLE,5.608356684799354
наивная MLE,9.683109134697645
наивная MLE,16.548585326582558
наивная MLE,6.775756233505435
наивная MLE,17.077787359841913
наивная MLE,11.26209361905467
наивная MLE,3.482719918146708
наивная MLE,7.706188974414191
наивная MLE,1.5923902415473195
наивная MLE,4.09870575020097
наивная MLE,0.8389901096926387
наивная MLE,0.7695679483790683
наивная MLE,7.208739816326153
наивная MLE,4.738947957408797
наивная MLE,8.279074985623094
наивная MLE,10.643898111829369
наивная MLE,11.498367359118783
наивная MLE,11.995961397749697
наивная MLE,5.487426387813086
наивная MLE,10.230811868005683
наивная MLE,1.7792005752986435
наивная MLE,9.398951053884048
наивная MLE,1.8539550763467223
наивная MLE,16.320348199908995
наивная MLE,5.548196500237461
наивная MLE,10.390810867872293
наивная MLE,10.265528761383127
наивная MLE,8.798522718279896
наивная MLE,1.2200115991991891
наивная MLE,5.688794405433301
наивная MLE,0.7018135077045108
наивная MLE,4.894062786096459
наивная MLE,6.322646927663261
наивная MLE,2.143191378269257
наивная MLE,3.9769781132773283
наивная MLE,4.513777632024022
наивная MLE,2.8794742661427835
наивная MLE,0.9868839221108936
наивная MLE,1.7593260019874608
наивная MLE,1.27067764107457
наивная MLE,11.145232508689674
наивная MLE,2.80473561113552
наивная MLE,5.593745497828158
наивная MLE,21.31514600602044
наивная MLE,1.0836118207778271
наивная MLE,3.671791483786048
наивная MLE,17.360670566479698
наивная MLE,6.94781296911901
наивная MLE,6.55068999106354
наивная MLE,4.427865264358582
наивная MLE,2.851808924875264
наивная MLE,3.727112706576405
наивная MLE,4.768843802895604
наивная MLE,12.267105741862704
наивная MLE,3.5718973301638774
наивная MLE,1.2879892884623159
наивная MLE,18.13346311614883
наивная MLE,3.844663763288456
наивная MLE,4.794438476878688
наивная MLE,2.7143624937352016
наивная MLE,0.6340404605234226
наивная MLE,1.9163838532025648
наивная MLE,4.1442671247014395
наивная MLE,2.926542128199482
наивная MLE,0.9361480693784852
наивная MLE,3.389242504342712
наивная MLE,0.09347658152125567
наивная MLE,5.7120105603277045
наивная MLE,3.536787614263256
наивная MLE,22.02768753538831
наивная MLE,9.153510009742856
наивная MLE,6.194348253732439
наивная MLE,16.106773123966757
наивная MLE,4.714046316396908
наивная MLE,8.905303997102555
наивная MLE,4.826633876571022
наивная MLE,3.944727901946996
наивная MLE,2.96172535714033
наивная MLE,10.08770345944947
наивная MLE,12.072226782598408
наивная MLE,10.549643433840648
наивная MLE,2.600385655919709
наивная MLE,0.2575499727780619
наивная MLE,6.772034600345379
наивная MLE,6.205498651510234
наивная MLE,7.426639289483392
наивная MLE,2.711644265624558
наивная MLE,28.024265418436435
наивная MLE,8.553009096976792
наивная MLE,7.4314637407196065
наивная MLE,3.100024393977757
наивная MLE,8.923433399908696
наивная MLE,2.467445175387076
наивная MLE,9.441213297828066
наивная MLE,8.852340705559419
наивная MLE,10.36593283041241
наивная MLE,2.701380985883844
наивная MLE,5.489489325723343
наивная MLE,4.779804033887114
наивная MLE,10.497102434330541
наивная MLE,18.995221507054957
наивная MLE,6.969514503482118
наивная MLE,21.67949185071095
наивная MLE,13.580998432259195
наивная MLE,6.818846137513258
наивная MLE,7.204533452601334
наивная MLE,6.998005262882786
наивная MLE,11.879633382669486
наивная MLE,2.449175025290709
наивная MLE,3.6813915540381665
наивная MLE,0.36926931559915543
наивная MLE,4.3787575122129105
наивная MLE,3.29619244829493
наивная MLE,3.838269719635823
наивная MLE,2.8442441384145374
наивная MLE,5.9740652178795415
наивная MLE,10.35523963049505
наивная MLE,13.354681519057706
наивная MLE,7.345569555857509
наивная MLE,7.130124831456406
наивная MLE,4.001474155407881
наивная MLE,15.000433702358201
наивная MLE,16.19819191558797
наивная MLE,5.239933658909199
наивная MLE,5.034724974707953
наивная MLE,10.770839160645043
наивная MLE,6.076711120563408
наивная MLE,5.359641740715563
наивная MLE,23.623767857327636
наивная MLE,23.934339985541378
наивная MLE,2.3922507705325713
наивная MLE,7.695187137295263
наивная MLE,16.980359157007502
наивная MLE,5.7335769228321976
наивная MLE,2.8765248658783835
наивная MLE,4.443234742104181
наивная MLE,2.468164245502724
наивная MLE,7.7661111313543545
наивная MLE,2.771524267569361
наивная MLE,4.637700762872704
наивная MLE,4.49474147606922
наивная MLE,12.039716654427966
наивная MLE,7.193518152211487
наивная MLE,14.714059764110562
наивная MLE,4.156102497978367
наивная MLE,3.2374000282932074
наивная MLE,5.0164648704198385
наивная MLE,2.214064945415004
наивная MLE,24.478398244903747
наивная MLE,2.78421454085816
наивная MLE,2.828336943649749
наивная MLE,5.199692106712004
наивная MLE,19.918162965693377
наивная MLE,4.535231694004724
наивная MLE,3.8690214854021807
наивная MLE,11.33445397597784
наивная MLE,1.5472145552038512
наивная MLE,4.207016074507911
наивная MLE,11.286359966535194
наивная MLE,7.2447145690255885
наивная MLE,1.8627956034647146
наивная MLE,2.862162806692009
наивная MLE,24.445669200264756
наивная MLE,9.000467015800012
наивная MLE,3.289186007331855
наивная MLE,4.387007817427545
наивная MLE,0.4760683307267544
наивная MLE,4.6693081837485195
наивная MLE,12.599402521616296
наивная MLE,20.172554455020013
наивная MLE,7.30586231346977
наивная MLE,10.814160910520362
наивная MLE,5.123423308844644
наивная MLE,4.128950713691054
наивная MLE,0.7996403599584144
наивная MLE,2.418442724730975
наивная MLE,7.187994192933861
наивная MLE,13.48860975117604
наивная MLE,8.899357532099359
наивная MLE,2.187564865805051
наивная MLE,14.13788900261574
наивная MLE,8.207079016668434
наивная MLE,7.381794296238485
наивная MLE,12.7307647673238
наивная MLE,11.986556839351719
наивная MLE,5.798767421298612
наивная MLE,3.6764748296072236
наивная MLE,6.793036036675309
наивная MLE,3.904988967386735
наивная MLE,15.581038526331003
наивная MLE,14.730212471041987
наивная MLE,2.2644968804753356
наивная MLE,0.8456197344856904
наивная MLE,20.62259525373607
наивная MLE,18.728780013960208
наивная MLE,23.389292524672406
наивная MLE,7.357981010144814
наивная MLE,0.626483035592023
наивная MLE,0.4749670746726408
наивная MLE,0.9831120914450626
наивная MLE,25.63064259613621
наивная MLE,19.554801742635984
наивная MLE,4.044058547567295
наивная MLE,9.693189855535397
наивная MLE,7.423551054763885
наивная MLE,1.6916567241251292
наивная MLE,4.784997986226212
наивная MLE,5.507045065760057
наивная MLE,1.7042910260674353
наивная MLE,4.195892561556089
наивная MLE,11.819801570978997
наивная MLE,3.9991435494117296
наивная MLE,4.855347743281242
наивная MLE,1.5880708517245163
наивная MLE,14.350787729344972
наивная MLE,10.987186261084853
наивная MLE,1.9748918720617819
наивная MLE,1.9580295800600878
наивная MLE,3.5055884945332707
наивная MLE,4.516540715335179
наивная MLE,6.757262052070926
наивная MLE,0.37825832920707686
наивная MLE,0.6438848987935588
наивная MLE,10.827793029166688
наивная MLE,4.367649801722203
наивная MLE,10.57319806122996
наивная MLE,4.525027855505809
наивная MLE,7.3376600190739465
наивная MLE,3.5043581560848693
наивная MLE,5.215070452171177
наивная MLE,3.1061920077963667
наивная MLE,5.839936021169512
наивная MLE,0.28089905665275916
наивная MLE,5.054427726985067
наивная MLE,8.996642959324264
наивная MLE,5.565640080336233
наивная MLE,8.06525547817644
наивная MLE,2.149893451876526
наивная MLE,5.13488854034189
наивная MLE,3.6123904373920275
наивная MLE,4.797807619894133
наивная MLE,25.063912810398044
наивная MLE,16.116870198729178
наивная MLE,2.1005849992356422
наивная MLE,11.09621848786128
наивная MLE,2.0291826314969064
наивная MLE,6.1860005851123745
наивная MLE,3.4005127790733916
наивная MLE,3.13344572696664
наивная MLE,2.0374942317199976
наивная MLE,6.365759935704076
наивная MLE,10.0551116891516
наивная MLE,3.318530722185457
наивная MLE,7.02785420340127
наивная MLE,5.3620242867099925
наивная MLE,2.043172400006589
наивная MLE,1.2100012851952282
наивная MLE,18.5407883918259
наивная MLE,9.87942360563315
наивная MLE,17.01951849487769
наивная MLE,6.213885115463862
наивная MLE,10.681298872053578
наивная MLE,4.706777311075962
наивная MLE,2.175234817498323
наивная MLE,4.499265592248466
наивная MLE,1.89140118774153
наивная MLE,3.626682284995484
наивная MLE,5.412771710846866
наивная MLE,7.322408094894731
наивная MLE,4.116863612718429
наивная MLE,1.0692738732735179
наивная MLE,1.0811840212013566
наивная MLE,29.989315721348035
наивная MLE,0.4418018364437916
наивная MLE,6.801359113518036
наивная MLE,11.485735568890371
наивная MLE,10.539723630621983
наивная MLE,6.965242965409508
наивная MLE,3.5341151056509656
наивная MLE,8.460815019886239
наивная MLE,2.0727413385018236
наивная MLE,12.385018078131878
наивная MLE,9.390304331487956
наивная MLE,14.544372031147189
наивная MLE,2.205205915681689
наивная MLE,6.089663847578494
наивная MLE,5.794523296078489
наивная MLE,12.311195721863319
наивная MLE,0.6323516293841634
наивная MLE,4.487180272587799
наивная MLE,13.852914332829656
наивная MLE,15.82851101652961
наивная MLE,7.0805963851392875
наивная MLE,9.835833909079314
наивная MLE,7.946718772443003
наивная MLE,8.110966600084422
наивная MLE,7.780411768973077
наивная MLE,3.8987848093834807
наивная MLE,6.27871225098271
наивная MLE,9.413992174271545
наивная MLE,13.522143672730142
наивная MLE,3.88755717303256
наивная MLE,5.795392266232973
наивная MLE,1.7368925318001802
наивная MLE,1.6746058336853322
наивная MLE,20.581453824692463
наивная MLE,12.902738682881546
наивная MLE,9.652169974534484
наивная MLE,5.154148873945046
наивная MLE,16.381958853696247
наивная MLE,0.6818554862728523
наивная MLE,4.540041107041448
наивная MLE,7.395148617501345
наивная MLE,10.431989151998437
наивная MLE,1.9913354449103444
наивная MLE,2.012903007616492
наивная MLE,3.451647173933879
наивная MLE,7.424117911559584
наивная MLE,6.605590861692745
наивная MLE,8.500795290422015
наивная MLE,10.535797647422761
наивная MLE,7.294030155234933
наивная MLE,11.447084398955838
наивная MLE,4.198856945392458
наивная MLE,2.507045077432554
наивная MLE,3.3629915538436963
наивная MLE,9.313165013553663
наивная MLE,4.227858152153121
наивная MLE,31.288361873323414
наивная MLE,3.9244458935691675
наивная MLE,2.8506272374079336
наивная MLE,20.613835723005543
наивная MLE,6.970993623878524
наивная MLE,16.118465651003337
наивная MLE,16.581980403777955
наивная MLE,3.9608461296574236
наивная MLE,9.692696666668581
наивная MLE,5.093049344707526
наивная MLE,3.894433245205707
наивная MLE,12.838152369290405
наивная MLE,4.778504666423136
наивная MLE,2.8612212834227964
наивная MLE,2.4336502155357684
наивная MLE,14.685089650976298
наивная MLE,0.6449431992087484
наивная MLE,4.818591464067059
наивная MLE,2.0661222049267494
наивная MLE,0.9053671288602898
наивная MLE,4.5530672997119295
наивная MLE,7.320110723633641
наивная MLE,13.073207523631373
наивная MLE,1.3620724353755642
наивная MLE,5.340835736893242
наивная MLE,11.811135463735333
наивная MLE,4.61535855396682
наивная MLE,5.719567991043718
наивная MLE,1.3625115596322432
наивная MLE,21.072420208239105
наивная MLE,13.938910217951072
наивная MLE,10.08407658785696
наивная MLE,7.241260469186928
наивная MLE,11.232172715388451
наивная MLE,8.978965908652704
наивная MLE,3.237621654195734
наивная MLE,7.992917729403592
наивная MLE,4.883626316113596
наивная MLE,0.2646330462784742
наивная MLE,14.259845621855396
наивная MLE,3.6241408935931156
наивная MLE,7.1315589928272
наивная MLE,5.0821875203674045
наивная MLE,1.5350775835617485
наивная MLE,1.570703223311429
наивная MLE,6.831942807011473
наивная MLE,2.2110074009599288
наивная MLE,8.851054656278917
наивная MLE,3.1817782717194043
наивная MLE,1.1878860097368944
наивная MLE,2.4380581756342306
наивная MLE,0.8240525233073475
наивная MLE,4.21946196607295
наивная MLE,2.862810126394466
наивная MLE,0.14381708358304687
наивная MLE,5.712166487291914
наивная MLE,6.8101871429403875
наивная MLE,13.459550837359105
наивная MLE,2.501970981544
наивная MLE,9.272158882276585
наивная MLE,5.229893907302442
наивная MLE,10.773363516386457
наивная MLE,4.425960772883941
наивная MLE,8.646245568358434
наивная MLE,8.919402202444834
наивная MLE,9.64538798815456
наивная MLE,10.665683417196856
наивная MLE,1.2187593077680854
наивная MLE,0.6657361710699138
наивная MLE,10.976811386456406
наивная MLE,1.1704586369578827
наивная MLE,7.243829862455424
наивная MLE,5.8255167796141265
наивная MLE,8.068163091520356
наивная MLE,14.41069108483358
наивная MLE,21.42072659478853
наивная MLE,16.702472926337162
наивная MLE,1.7939370982089615
наивная MLE,2.0651024087049104
наивная MLE,4.090572333456701
наивная MLE,2.2422339439669376
наивная MLE,4.837266274869906
наивная MLE,10.260280639383652
наивная MLE,3.2554560617508868
наивная MLE,2.575791759406365
наивная MLE,0.6180255065770486
наивная MLE,19.638061726608875
наивная MLE,2.3462285713662574
наивная MLE,15.839856693577271
наивная MLE,5.023742465389098
наивная MLE,3.422909632876136
наивная MLE,2.476658109177008
наивная MLE,11.091742537516742
наивная MLE,11.099827726326644
наивная MLE,4.825854611412094
наивная MLE,18.940847564577226
наивная MLE,0.06972418524813118
наивная MLE,16.158255458255848
наивная MLE,3.115988287284385
наивная MLE,12.595721564428569
наивная MLE,14.68610338141273
наивная MLE,2.217446392323188
наивная MLE,2.3508067195638205
наивная MLE,7.692572005938242
наивная MLE,3.539109517614917
наивная MLE,11.850761069033847
наивная MLE,2.229416524747574
наивная MLE,5.37291020613071
наивная MLE,7.498574283065099
наивная MLE,0.7132111916688184
наивная MLE,13.990509422295588
наивная MLE,2.9552231858250853
наивная MLE,11.416866141893035
наивная MLE,2.6923673743314835
наивная MLE,2.2613536331605375
наивная MLE,6.0015073343409355
наивная MLE,1.9466728011965015
наивная MLE,16.20200388869716
наивная MLE,5.897211663927609
наивная MLE,4.4250870595955485
наивная MLE,7.732866179140683
наивная MLE,9.18844955100337
наивная MLE,6.809853054636024
наивная MLE,15.330853524929164
наивная MLE,13.441166037795156
наивная MLE,4.553269910172888
наивная MLE,11.15212688822212
наивная MLE,14.401687814812282
наивная MLE,4.171361052540336
наивная MLE,14.774099056230689
наивная MLE,16.80710250694496
наивная MLE,1.5070111387313052
наивная MLE,4.451187330674974
наивная MLE,6.184058005886223
наивная MLE,5.33274189327501
наивная MLE,6.421167035773591
наивная MLE,4.5271679195309495
наивная MLE,1.3765175446256406
наивная MLE,2.774523091977417
наивная MLE,6.230607401798904
наивная MLE,1.9847382378620289
наивная MLE,8.347044380087484
наивная MLE,20.913927735334465
наивная MLE,8.348232877770593
наивная MLE,10.00754672018437
наивная MLE,1.6050263239516005
наивная MLE,15.185680674736677
наивная MLE,16.259479976492102
наивная MLE,14.844153269674107
наивная MLE,19.50632847818465
наивная MLE,2.490035594884024
наивная MLE,1.1142905460551786
наивная MLE,6.738943236501015
наивная MLE,2.157648429103763
наивная MLE,20.866006743679883
наивная MLE,12.492899788881914
наивная MLE,8.531913774583263
наивная MLE,6.694327529968718
наивная MLE,6.905817258896529
наивная MLE,4.59236064059735
наивная MLE,1.9593048843635672
наивная MLE,7.750596734043231
наивная MLE,1.8879464461244444
наивная MLE,1.0519611386095593
наивная MLE,1.673050052461704
наивная MLE,2.077586884182028
наивная MLE,6.136518318863535
наивная MLE,5.458352146616414
наивная MLE,10.537715241352934
наивная MLE,20.580447717893673
наивная MLE,17.616590207440623
наивная MLE,9.793277207313999
наивная MLE,2.456405451292808
наивная MLE,16.269606464761058
наивная MLE,3.573939633117883
наивная MLE,3.071003111887764
наивная MLE,2.944755382302488
наивная MLE,9.207822192494652
наивная MLE,22.826197328434567
наивная MLE,5.096347931157847
наивная MLE,8.47686274995728
наивная MLE,7.215403059809895
наивная MLE,1.9971931060257369
наивная MLE,2.250866245821804
наивная MLE,1.9947748215826704
наивная MLE,21.828991773819762
наивная MLE,1.728721186320203
наивная MLE,2.508805020597288
наивная MLE,4.136513417955304
наивная MLE,0.6932429722193791
наивная MLE,5.8951967876738856
наивная MLE,2.208165383576484
наивная MLE,3.0071150236282707
наивная MLE,22.136155597060096
наивная MLE,3.271389667852631
наивная MLE,6.836653395020457
наивная MLE,2.458074895647967
наивная MLE,0.38197866520237866
наивная MLE,9.305745636644719
наивная MLE,9.887579480559735
наивная MLE,4.093735447745545
наивная MLE,14.043372153633932
наивная MLE,8.889535321534073
наивная MLE,9.13992224902804
наивная MLE,17.662241477336696
наивная MLE,15.03239672055803
наивная MLE,22.115964392176522
наивная MLE,2.299648927526352
наивная MLE,8.075312572131262
наивная MLE,1.5449280695926135
наивная MLE,14.639589365030533
наивная MLE,13.096265926406815
наивная MLE,16.90244937638933
наивная MLE,7.42704684511053
наивная MLE,6.228801917705663
наивная MLE,12.50767995071026
наивная MLE,9.268331157350637
наивная MLE,13.534913400710943
наивная MLE,13.206908142657042
наивная MLE,0.8765383812971939
наивная MLE,4.977119470762737
наивная MLE,4.525499424258377
наивная MLE,8.610634386414299
наивная MLE,0.6056150462374669
наивная MLE,13.56511249741136
наивная MLE,10.690252701566155
наивная MLE,10.867970108535777
наивная MLE,5.594293473610278
наивная MLE,12.100786983311195
наивная MLE,0.749804863998875
наивная MLE,7.651771726386041
наивная MLE,3.127124024733418
наивная MLE,5.508087245845434
наивная MLE,1.936720414638106
наивная MLE,7.012627055559579
наивная MLE,16.77058865342568
наивная MLE,3.3224048913228996
наивная MLE,9.307870036479631
наивная MLE,1.7505054369268418
наивная MLE,1.0448661408980944
наивная MLE,4.203116217711894
наивная MLE,6.349053987652047
наивная MLE,1.3770670553750886
наивная MLE,1.1581636050732838
наивная MLE,10.346365027554166
наивная MLE,13.427113735344344
наивная MLE,3.530825500655725
наивная MLE,7.545948399185724
наивная MLE,16.98024108203879
наивная MLE,23.10013859079872
наивная MLE,6.342269909050776
наивная MLE,6.489561317924323
наивная MLE,7.0156121572152
наивная MLE,0.6128092153218435
наивная MLE,3.3639377175978744
наивная MLE,5.075122851930289
наивная MLE,6.535239499395309
наивная MLE,9.728560343396506
наивная MLE,3.134223747560724
наивная MLE,6.44549938600265
наивная MLE,6.409380608102326
наивная MLE,20.25468930274294
наивная MLE,8.298118595523585
наивная MLE,6.138311105677148
наивная MLE,10.464097087584628
наивная MLE,3.6256910165620138
наивная MLE,1.3648268523790752
наивная MLE,13.82701676600584
наивная MLE,7.200239184978775
наивная MLE,8.369010299778072
наивная MLE,8.77353283702704
наивная MLE,4.948652545933554
наивная MLE,12.107584828820627
наивная MLE,5.784127279506005
наивная MLE,2.714228456320061
наивная MLE,15.096169864854897
наивная MLE,0.6450226338482353
наивная MLE,18.420693946461803
наивная MLE,12.265794352139366
наивная MLE,3.417695333547136
наивная MLE,5.819841553829592
наивная MLE,11.64919337531525
наивная MLE,8.460002356593042
наивная MLE,0.5748085421810389
наивная MLE,5.967211621699906
наивная MLE,5.362745039960896
наивная MLE,3.907941868125108
наивная MLE,8.237659811471246
наивная MLE,11.80914885012223
наивная MLE,6.646566640451284
наивная MLE,3.884103118246267
наивная MLE,8.542591625572719
наивная MLE,6.008205794760741
наивная MLE,14.456789775093181
наивная MLE,9.618476398970952
наивная MLE,2.268819431414234
наивная MLE,8.585124936847343
наивная MLE,5.9714166424860275
наивная MLE,1.9455150012978468
наивная MLE,9.322272849741182
наивная MLE,2.096518641645466
наивная MLE,2.4465592337619286
наивная MLE,5.570432371310883
наивная MLE,6.029366870374187
наивная MLE,8.340935305032072
наивная MLE,1.277904884787704
наивная MLE,7.582655290907162
наивная MLE,1.1171926274970239
наивная MLE,3.076445615171807
наивная MLE,4.096163708435717
наивная MLE,10.920382636718468
наивная MLE,5.168285825057505
наивная MLE,5.076797047388683
наивная MLE,8.570365669726565
наивная MLE,3.987389670029993
наивная MLE,6.412654622201485
наивная MLE,3.2035376164056384
наивная MLE,9.46663786758944
наивная MLE,15.844213871362449
наивная MLE,1.4573548203418205
наивная MLE,4.190194608986895
наивная MLE,7.0758225141953055
наивная MLE,2.730836780581554
наивная MLE,2.640596926537863
наивная MLE,0.4915136946658706
наивная MLE,11.013814915323561
наивная MLE,8.126737054798554
наивная MLE,5.640326801711977
наивная MLE,0.9307668737823789
наивная MLE,6.201397318566715
наивная MLE,6.145637990546454
наивная MLE,3.9681516891681694
наивная MLE,21.767149716162308
наивная MLE,3.784310451530647
наивная MLE,8.66487578254328
наивная MLE,1.1617441261688017
наивная MLE,5.1402492125564
наивная MLE,13.176926774837511
наивная MLE,15.69546886428348
наивная MLE,3.611992172549685
наивная MLE,4.9361193173419915
наивная MLE,7.746532602650828
наивная MLE,6.368874353043422
наивная MLE,8.873871716209516
наивная MLE,3.6927201776642695
наивная MLE,5.287947153245932
наивная MLE,0.2810691942102737
наивная MLE,9.629283724271687
наивная MLE,0.7738771525636825
наивная MLE,10.877038070145286
наивная MLE,10.197512608590246
наивная MLE,13.6144556543397
наивная MLE,6.101386687051862
наивная MLE,4.476903941873614
наивная MLE,5.826969476274205
наивная MLE,0.5945094046617452
наивная MLE,21.128080130408254
наивная MLE,18.895702636828172
наивная MLE,7.21623096326114
наивная MLE,10.824143290875213
наивная MLE,1.8941758400365243
наивная MLE,6.407033703485871
наивная MLE,9.225461095753264
наивная MLE,8.494249214680453
наивная MLE,5.768810569728363
наивная MLE,0.9084051538344392
наивная MLE,3.312626168392374
наивная MLE,15.150466101374702
наивная MLE,5.817641835973946
наивная MLE,23.204114766265747
наивная MLE,0.613252829862212
наивная MLE,2.2138043191318713
наивная MLE,3.422733197017661
наивная MLE,7.184092838299111
наивная MLE,9.359850251848844
наивная MLE,4.93211215690049
наивная MLE,7.22656885432357
наивная MLE,5.869352978919273
наивная MLE,19.01819048508546
наивная MLE,12.256596994226001
наивная MLE,8.955549012586438
наивная MLE,0.5690043707083944
наивная MLE,3.8126013321251913
наивная MLE,6.404689399946715
наивная MLE,8.140000773207806
наивная MLE,0.6288304885467366
наивная MLE,7.168467298648299
наивная MLE,5.608196165806582
наивная MLE,1.3300809164569078
наивная MLE,12.819516194924269
наивная MLE,8.66074077240195
наивная MLE,5.128848316259312
наивная MLE,20.883721300390906
наивная MLE,16.289014871534146
наивная MLE,7.976140892085723
наивная MLE,26.569182335618876
наивная MLE,8.876516957304101
наивная MLE,5.898225952301351
наивная MLE,5.076777053702397
наивная MLE,2.202436615577445
наивная MLE,3.54553791828222
наивная MLE,0.8540631611303298
наивная MLE,10.464125601956214
наивная MLE,5.788561990469729
наивная MLE,6.6048056302042335
наивная MLE,10.609988520904135
наивная MLE,14.169962920284402
наивная MLE,2.3314835858941545
наивная MLE,6.153388564706301
наивная MLE,5.5960219846288135
наивная MLE,1.751002167425846
наивная MLE,9.814653203935228
наивная MLE,2.2929707252858607
наивная MLE,16.7280943133525
наивная MLE,4.9803863578909935
наивная MLE,5.059785106401396
наивная MLE,2.9624606956968726
наивная MLE,6.843418128718737
наивная MLE,9.569350316923586
наивная MLE,10.187373561093457
наивная MLE,3.655578979826742
наивная MLE,13.590441265553421
наивная MLE,9.870496159076414
наивная MLE,31.48129898067983
наивная MLE,11.456761513158002
наивная MLE,0.8875010157064309
наивная MLE,7.3576509759861395
наивная MLE,21.271354939786967
наивная MLE,5.360896513849673
наивная MLE,2.3248828787814704
наивная MLE,7.390445464235176
наивная MLE,3.7953489573741512
наивная MLE,4.087993308763311
наивная MLE,17.054799220245513
наивная MLE,2.554008013768819
наивная MLE,3.2574625509184805
наивная MLE,6.147031754694172
наивная MLE,1.4381195157279265
наивная MLE,1.9584902790005263
наивная MLE,5.017729897795805
наивная MLE,9.902280333322183
наивная MLE,1.2375951494524715
наивная MLE,2.0440481468568836
наивная MLE,44.547133430514
наивная MLE,7.039553443659192
наивная MLE,6.8539333817445645
наивная MLE,8.102538595228825
наивная MLE,6.797023185659728
наивная MLE,1.1302056598950079
наивная MLE,3.445750284370866
наивная MLE,2.915346381513012
наивная MLE,4.935532605998403
наивная MLE,13.265303179401387
наивная MLE,18.504772657950706
наивная MLE,1.4348022531062175
наивная MLE,26.48657849114926
наивная MLE,2.163243281380364
наивная MLE,1.4616127396245904
наивная MLE,10.362284026782637
наивная MLE,10.824170753494656
наивная MLE,6.988123060041671
наивная MLE,10.58129645044951
наивная MLE,5.46706890114083
наивная MLE,17.671589575708442
наивная MLE,4.199303594188758
наивная MLE,10.167007749737108
наивная MLE,0.779829817768686
наивная MLE,5.188286454694653
наивная MLE,1.2836456732311194
наивная MLE,0.6208879265454206
наивная MLE,17.020066600121627
наивная MLE,15.77738338986758
наивная MLE,5.0163770711736655
наивная MLE,0.8340884459508039
наивная MLE,2.1127447612081696
наивная MLE,1.4029884051270072
наивная MLE,12.082984777182439
наивная MLE,12.259529553664542
наивная MLE,1.7093818843163213
наивная MLE,13.105794365861462
наивная MLE,3.0615805389955923
наивная MLE,8.987232284283186
наивная MLE,7.175619215242103
наивная MLE,3.937552561534982
наивная MLE,3.0434833335748213
наивная MLE,4.6387840726834675
наивная MLE,3.3249275823808193
наивная MLE,4.917610752971513
наивная MLE,10.418644339456744
наивная MLE,3.5411439428866633
наивная MLE,4.517635152830816
наивная MLE,6.369063941222753
наивная MLE,9.84030757928865
наивная MLE,4.822591213418152
наивная MLE,2.985226660735951
наивная MLE,10.127010634639484
наивная MLE,5.068982474251865
наивная MLE,7.776339774554164
наивная MLE,27.131745185397566
наивная MLE,9.619774653815133
наивная MLE,1.2983336241766026
наивная MLE,14.564155010684646
наивная MLE,2.9619222787068655
наивная MLE,2.377046783650625
наивная MLE,8.903648678262629
наивная MLE,5.3403003500573245
наивная MLE,0.7272806968301118
наивная MLE,3.190585109977535
наивная MLE,1.6598120933202218
наивная MLE,8.775509019946277
наивная MLE,12.89530312775991
наивная MLE,12.514576310823085
наивная MLE,2.1370478349302107
наивная MLE,5.930120846264998
наивная MLE,3.418057786289157
наивная MLE,14.751929128944871
наивная MLE,2.8881887181111345
наивная MLE,7.403806659467929
наивная MLE,1.689143556793831
наивная MLE,8.478393459135305
наивная MLE,18.469915161633025
наивная MLE,0.9686029522650097
наивная MLE,1.5464795379349088
наивная MLE,4.926309254590792
наивная MLE,1.508442912226061
наивная MLE,18.244545563575087
наивная MLE,12.38659994541087
наивная MLE,1.2475906474625298
наивная MLE,10.577699113176125
наивная MLE,1.330750322532006
наивная MLE,8.475986784085862
наивная MLE,1.555444763649361
наивная MLE,3.926978800005955
наивная MLE,4.187693232913347
наивная MLE,8.413956774688023
наивная MLE,4.56737663157668
наивная MLE,5.22739660640793
наивная MLE,10.759413163368155
наивная MLE,1.0651329606034727
наивная MLE,20.287955658508785
наивная MLE,13.571391533943082
наивная MLE,6.957597594636177
наивная MLE,4.551171818905733
наивная MLE,14.33031307691124
наивная MLE,3.407486370308012
наивная MLE,5.7801843989610955
наивная MLE,7.6599538396302265
наивная MLE,1.26438997572048
наивная MLE,3.3105157802680054
наивная MLE,3.934842171673088
наивная MLE,5.697434136609582
наивная MLE,3.4665968428457563
наивная MLE,16.748439065713153
наивная MLE,5.964573638298516
наивная MLE,18.04102832287316
наивная MLE,1.451267801448385
наивная MLE,4.281268072810261
наивная MLE,6.814487514295091
наивная MLE,12.306338763138658
наивная MLE,26.78583075523516
наивная MLE,5.951364087622599
наивная MLE,5.397226769712547
наивная MLE,4.81388973110425
наивная MLE,13.07263586218074
наивная MLE,3.7242246840298683
наивная MLE,7.372813047704385
наивная MLE,3.624877663537678
наивная MLE,10.155369289804536
наивная MLE,7.593610893211985
наивная MLE,1.8094724033416227
наивная MLE,3.4744254498781326
наивная MLE,1.7980817893544712
наивная MLE,6.772340609060994
наивная MLE,11.11704711781542
наивная MLE,5.914690754354481
наивная MLE,5.269760309741112
наивная MLE,0.8193602138400787
наивная MLE,10.115913309412122
наивная MLE,2.5928526174707702
наивная MLE,4.85611370123468
наивная MLE,5.498281813862649
наивная MLE,2.6778892619648933
наивная MLE,4.517128507176492
наивная MLE,7.948779721141997
наивная MLE,2.0555716245936666
наивная MLE,2.707587118236529
наивная MLE,2.959675389527543
наивная MLE,5.257096097918797
наивная MLE,3.162581039687117
наивная MLE,9.093235819827145
наивная MLE,28.837462836591975
наивная MLE,3.8099577518859427
наивная MLE,25.347218869101802
наивная MLE,5.979874911703669
наивная MLE,9.89959359831839
наивная MLE,2.1810343928467795
наивная MLE,5.034140300606186
наивная MLE,12.365284490507918
наивная MLE,4.0290980578101445
наивная MLE,6.931507624356951
наивная MLE,6.782028435819312
наивная MLE,4.341680133143915
наивная MLE,7.074399565036777
наивная MLE,5.702028835136771
наивная MLE,3.0462059697646113
наивная MLE,8.664740690610683
наивная MLE,15.29172870882913
наивная MLE,3.9251031903789033
наивная MLE,13.141637373933564
наивная MLE,24.123328782761146
наивная MLE,5.878078053293067
наивная MLE,4.708343349438546
наивная MLE,2.0473386972412153
наивная MLE,4.259632470935321
наивная MLE,6.096730167664584
наивная MLE,2.260694782072447
наивная MLE,3.764275869657246
наивная MLE,4.696260870594187
наивная MLE,12.536995310270509
наивная MLE,5.82033619916966
наивная MLE,16.29394150557523
наивная MLE,2.789808678139902
наивная MLE,4.4202616819290625
наивная MLE,11.391792070666082
наивная MLE,7.246431576079248
наивная MLE,5.7039032826757605
наивная MLE,2.9044044292600533
наивная MLE,18.27178741283002
наивная MLE,7.616563371199012
наивная MLE,4.637595428469865
наивная MLE,9.070213795814418
наивная MLE,7.392767371986346
наивная MLE,4.486718949598913
наивная MLE,5.156870356347907
наивная MLE,4.36067085016988
наивная MLE,10.196829491099981
наивная MLE,9.332098173715824
наивная MLE,10.966150725382004
наивная MLE,0.20947583582909854
наивная MLE,3.6763527231854134
наивная MLE,32.23534061037206
наивная MLE,23.551852311648886
наивная MLE,15.254638893127874
наивная MLE,10.837179967403214
наивная MLE,6.424473530523846
наивная MLE,3.21222561284907
наивная MLE,7.9261862439994974
наивная MLE,3.0182748589898587
наивная MLE,4.337813710201393
наивная MLE,3.3050360404717596
наивная MLE,4.518146137675553
наивная MLE,8.049369289748359
наивная MLE,8.490693058051125
наивная MLE,4.85358695944727
наивная MLE,2.5113956184448365
наивная MLE,5.110104690090681
наивная MLE,20.56731078810555
наивная MLE,1.152710361163831
наивная MLE,2.456786906578394
наивная MLE,3.255316226829871
наивная MLE,5.011442127460959
наивная MLE,1.7898599312539716
наивная MLE,7.0108993354905556
наивная MLE,5.187848830845924
наивная MLE,12.893928819064723
наивная MLE,10.513803968873685
наивная MLE,5.9204517282863565
наивная MLE,22.188626770588307
наивная MLE,5.715741432104883
наивная MLE,6.000792709094305
наивная MLE,1.8728475423672095
наивная MLE,7.473634254533222
наивная MLE,2.8876521278794893
наивная MLE,3.8252971034032974
наивная MLE,3.8431517433248974
наивная MLE,0.39981508730958204
наивная MLE,3.7581004506152746
наивная MLE,6.9858852870002845
наивная MLE,8.523777046446453
наивная MLE,0.5262975250743844
наивная MLE,1.668147325584419
наивная MLE,16.869461061818093
наивная MLE,5.373164473874106
наивная MLE,2.7234971650443462
наивная MLE,9.715526502472422
наивная MLE,31.082876969057754
наивная MLE,4.808882245636485
наивная MLE,10.960418009987025
наивная MLE,8.435750778822719
наивная MLE,10.902372305900622
наивная MLE,7.967139039191027
наивная MLE,13.363958307620774
наивная MLE,8.341521224640458
наивная MLE,2.371373904298873
наивная MLE,11.006999547362245
наивная MLE,2.186565114101315
наивная MLE,28.212073831429528
наивная MLE,1.1852634488593146
наивная MLE,8.65730692263068
наивная MLE,3.9242240509253916
наивная MLE,6.04995427423664
наивная MLE,5.399655613637665
наивная MLE,5.265320252820662
наивная MLE,14.77214892477839
наивная MLE,9.446576013081835
наивная MLE,0.4986785272224502
наивная MLE,15.339453283748327
наивная MLE,5.072702445231111
наивная MLE,8.853841329606945
наивная MLE,5.816039734877107
наивная MLE,1.8349588990683012
наивная MLE,2.7317663993313728
наивная MLE,15.16381344761376
наивная MLE,2.3161637772544124
наивная MLE,2.621539811258151
наивная MLE,7.878057057263673
наивная MLE,9.843996534965537
наивная MLE,10.92540982343862
наивная MLE,6.552209724818206
наивная MLE,6.226908260588324
наивная MLE,3.463830041760584
наивная MLE,16.69204377226388
наивная MLE,1.7625313414704067
наивная MLE,18.013986581798516
наивная MLE,5.35402143191504
наивная MLE,11.356429580626198
наивная MLE,7.21409331905902
наивная MLE,4.218035075267732
наивная MLE,5.859392295197118
наивная MLE,19.030699367807046
наивная MLE,5.726594536728326
наивная MLE,9.846836139490277
наивная MLE,2.9942603420236638
наивная MLE,5.637284290172381
наивная MLE,3.5167904368377294
наивная MLE,17.266332012663973
наивная MLE,16.793512459807822
наивная MLE,3.3761866079400553
наивная MLE,4.186631553980166
наивная MLE,3.756488466506605
наивная MLE,13.191571166105778
наивная MLE,2.164894646486493
наивная MLE,3.1163107677988684
наивная MLE,22.989654124924346
наивная MLE,0.6749183371290806
наивная MLE,0.8871106312785586
наивная MLE,1.6130035716059354
наивная MLE,9.35349874999369
наивная MLE,6.541333860686682
наивная MLE,6.945883013497428
наивная MLE,4.1380673433370445
наивная MLE,5.315914939283841
наивная MLE,19.994499753478955
наивная MLE,10.158847510604334
наивная MLE,6.848649720350331
наивная MLE,10.64896837442626
наивная MLE,13.867753680752553
наивная MLE,1.0529687677455857
наивная MLE,7.446684261202883
наивная MLE,4.121064293496893
наивная MLE,14.58345424627931
наивная MLE,14.4909669003392
наивная MLE,5.133761839238369
наивная MLE,2.062713553202561
наивная MLE,5.338715991897837
наивная MLE,19.813188458992425
наивная MLE,6.116451027623886
наивная MLE,1.5264827369133929
наивная MLE,1.0919460441729179
наивная MLE,8.720547899846927
наивная MLE,11.041000547803984
наивная MLE,5.2113071664092665
наивная MLE,0.6343745458805575
наивная MLE,3.8527390283875955
наивная MLE,4.046009267087873
наивная MLE,11.355063032244553
наивная MLE,4.136043477006798
наивная MLE,2.168345154805854
наивная MLE,5.885943414173979
наивная MLE,21.991121426649997
наивная MLE,6.445749904551381
наивная MLE,1.9783723676048957
наивная MLE,19.310495889096764
наивная MLE,14.125147805026435
наивная MLE,4.94492399471176
наивная MLE,1.8459249103316702
наивная MLE,1.7071957897227814
наивная MLE,21.346192630414713
наивная MLE,2.4214128633381793
наивная MLE,0.5383331046715313
наивная MLE,7.207001388703173
наивная MLE,1.9107713729935878
наивная MLE,8.399533723783875
наивная MLE,12.847158611868736
наивная MLE,7.4367133762064865
наивная MLE,14.881913436852756
наивная MLE,3.4945032477937663
наивная MLE,1.417407066263315
наивная MLE,2.4127669798116016
наивная MLE,2.911125695769909
наивная MLE,0.693364956690065
наивная MLE,7.866106534907832
наивная MLE,27.151556125189423
наивная MLE,5.7115766103385734
наивная MLE,20.20258802776158
наивная MLE,1.882846477124743
наивная MLE,8.087509377538952
наивная MLE,3.4766059196417434
наивная MLE,1.4965035278201704
наивная MLE,2.8851693207118783
наивная MLE,6.354354301087068
наивная MLE,27.872597241366357
наивная MLE,2.829530779587562
наивная MLE,11.158364441296339
наивная MLE,0.589688837270016
наивная MLE,1.2315496974605968
наивная MLE,1.6435567487026848
наивная MLE,2.556547230241352
наивная MLE,6.512713311877751
наивная MLE,2.084186659601261
наивная MLE,13.978163872493141
наивная MLE,4.472672559582695
наивная MLE,0.5966414386563409
наивная MLE,4.516859845885053
наивная MLE,3.1807463208647313
наивная MLE,6.109985417742389
наивная MLE,10.598784768106821
наивная MLE,5.982220215030598
наивная MLE,0.5454394379380925
наивная MLE,5.428527148144932
наивная MLE,10.905175046592952
наивная MLE,0.68842123965588
наивная MLE,12.339058813052539
наивная MLE,3.591414260408269
наивная MLE,34.657369852728756
наивная MLE,0.14234796030494673
наивная MLE,5.35615192733891
наивная MLE,3.2677126273428154
наивная MLE,11.431897788974915
наивная MLE,3.725547822063098
наивная MLE,10.716670560455455
наивная MLE,1.3785561026299482
наивная MLE,14.863976525701766
наивная MLE,6.801411930884492
наивная MLE,4.932700196120983
наивная MLE,3.9886517618429043
наивная MLE,6.571523629660679
наивная MLE,6.314946312508991
наивная MLE,1.1762888931972282
наивная MLE,1.5051137998122222
наивная MLE,8.92759978821927
наивная MLE,1.387496452965324
наивная MLE,8.587079533196805
наивная MLE,8.710660097337954
наивная MLE,6.615670981899784
наивная MLE,2.7663357454731794
наивная MLE,1.9563607659622582
наивная MLE,0.8571083991146637
наивная MLE,6.398435900957942
наивная MLE,7.474761267968716
наивная MLE,29.48357536327574
наивная MLE,2.676053821683606
наивная MLE,2.4993187319053174
наивная MLE,5.351867885213886
наивная MLE,4.491207568431226
наивная MLE,16.863467088173657
наивная MLE,24.810653359392
наивная MLE,1.069414600956945
наивная MLE,1.5605587086646342
наивная MLE,5.931137207473466
наивная MLE,3.7733186709616815
наивная MLE,10.930813413650691
наивная MLE,10.61930138707131
наивная MLE,1.739481190396169
наивная MLE,6.172528508750279
наивная MLE,0.2101146891745872
наивная MLE,8.922604641921053
наивная MLE,8.281100444808846
наивная MLE,4.590598417320596
наивная MLE,5.755877055984456
наивная MLE,5.016784673887205
наивная MLE,1.247281672418978
наивная MLE,1.7553765888572932
наивная MLE,13.659654860384874
наивная MLE,6.674959896559027
наивная MLE,4.532929367785506
наивная MLE,4.10954563389291
наивная MLE,6.038686972219034
наивная MLE,17.23644470610419
наивная MLE,3.1734533155134557
наивная MLE,8.333021730087658
наивная MLE,3.3717747850991535
наивная MLE,8.775290712548642
наивная MLE,17.484188193820792
наивная MLE,2.9112988238511766
наивная MLE,3.028691289025442
наивная MLE,23.48204068945798
наивная MLE,1.048543443994729
наивная MLE,1.5780839702191614
наивная MLE,9.968626259830202
наивная MLE,11.678135818396008
наивная MLE,4.891536617358505
наивная MLE,25.543680400638607
наивная MLE,3.569308372640031
наивная MLE,6.291509386401656
наивная MLE,3.2668915973976835
наивная MLE,2.2099763193882924
наивная MLE,7.659060769484699
наивная MLE,7.1324180438103255
наивная MLE,15.399632375637013
наивная MLE,1.9078159825698893
наивная MLE,5.129871370910109
наивная MLE,4.602937728258308
наивная MLE,12.615954499351504
наивная MLE,15.247764595975383
наивная MLE,4.495365916761497
наивная MLE,13.94871531877204
наивная MLE,7.044970182840701
наивная MLE,14.330347916061918
наивная MLE,11.129145050100266
наивная MLE,7.907512606361619
наивная MLE,5.903354720092741
наивная MLE,6.870226861044467
наивная MLE,11.861123930644709
наивная MLE,1.567482252967344
наивная MLE,2.8166035697943577
наивная MLE,27.033183475892628
наивная MLE,5.310884425842366
наивная MLE,7.00232348393368
наивная MLE,4.530629346590643
наивная MLE,3.770325449703356
наивная MLE,1.54341551473042
наивная MLE,12.759434245460955
наивная MLE,2.4694908646461307
наивная MLE,4.153221717028169
наивная MLE,0.966120145793695
наивная MLE,1.097777278844708
наивная MLE,5.108700077042657
наивная MLE,5.995773499365904
наивная MLE,2.206859888706577
наивная MLE,33.94989781155816
наивная MLE,8.17718074664873
наивная MLE,8.146107566510429
наивная MLE,2.4791455289740782
наивная MLE,2.6788723902147424
наивная MLE,2.5312372001374475
наивная MLE,7.002491172053561
наивная MLE,12.886641042943205
наивная MLE,0.745161879414032
наивная MLE,4.538178414740994
наивная MLE,0.617921524364325
наивная MLE,8.421908731166054
наивная MLE,4.251459415188683
наивная MLE,4.923672762454055
наивная MLE,5.264850734459463
наивная MLE,3.412222177117119
наивная MLE,3.6999526437952737
наивная MLE,3.589350573324383
наивная MLE,36.857304831657935
наивная MLE,17.363192250229645
наивная MLE,6.29611647622103
наивная MLE,7.456536518266237
наивная MLE,3.638093281180555
наивная MLE,0.9425977088716266
наивная MLE,8.721293194541321
наивная MLE,4.559727904798131
наивная MLE,6.155074599005674
наивная MLE,3.4305490501029956
наивная MLE,9.465010060389362
наивная MLE,4.095452375348415
наивная MLE,6.9804687805213455
наивная MLE,4.459727126536636
наивная MLE,5.536131944452372
наивная MLE,10.76109437913785
наивная MLE,4.347599317926708
наивная MLE,13.677861037315802
наивная MLE,1.7094192574995026
наивная MLE,1.252934101714504
наивная MLE,5.6962984598556154
наивная MLE,12.428143494056972
наивная MLE,2.5658255662815925
наивная MLE,6.703301572796991
наивная MLE,9.88194558567584
наивная MLE,5.991370793162791
наивная MLE,4.3204581794394326
наивная MLE,2.083717936927039
наивная MLE,18.411216136214954
наивная MLE,8.54131770165699
наивная MLE,3.179893563247388
наивная MLE,3.481141624345335
наивная MLE,6.168841707535601
наивная MLE,5.530506281136949
наивная MLE,4.011083344236102
наивная MLE,7.5689515304980945
наивная MLE,13.098970109228802
наивная MLE,2.953266939292465
наивная MLE,23.75001131287484
наивная MLE,1.2697687565847355
наивная MLE,6.780766234007148
наивная MLE,9.55580066473616
наивная MLE,3.9922189724639345
наивная MLE,18.559490314246894
наивная MLE,24.49387211647534
наивная MLE,5.181889662593378
наивная MLE,4.999097831015305
наивная MLE,6.708082355642693
наивная MLE,1.6682916859734815
наивная MLE,7.1577144881201376
наивная MLE,3.2028587940294124
наивная MLE,4.1377635599375315
наивная MLE,4.60990654328292
наивная MLE,8.13003827745799
наивная MLE,4.915036926997125
наивная MLE,7.878160728829508
наивная MLE,8.412440463380806
наивная MLE,23.21986148794064
наивная MLE,4.614988792252614
наивная MLE,7.145867636570971
наивная MLE,19.036624587198943
наивная MLE,6.796571180946992
наивная MLE,5.767053598314166
наивная MLE,4.038439745021415
наивная MLE,3.6383701845801872
наивная MLE,1.8336966430401735
наивная MLE,12.804905767004103
наивная MLE,1.2483207330528159
наивная MLE,3.978007333430093
наивная MLE,1.2709013418440511
наивная MLE,9.272469494787556
наивная MLE,5.0976879247319395
наивная MLE,0.47176499058844656
наивная MLE,6.7967752044993315
наивная MLE,15.930516188206244
наивная MLE,9.912882421736526
наивная MLE,3.1382384575999542
наивная MLE,10.316565220143998
наивная MLE,4.6412653661297565
наивная MLE,3.7042214062116092
наивная MLE,4.168716628893602
наивная MLE,7.433784914348697
наивная MLE,1.1602705441780494
наивная MLE,8.426290804550844
наивная MLE,15.768406106502841
наивная MLE,6.777121489468498
наивная MLE,11.899362699523344
наивная MLE,26.821973889279068
наивная MLE,12.291927000167602
наивная MLE,4.474903324187343
наивная MLE,9.80442254467577
наивная MLE,7.216677098041038
наивная MLE,16.110834393540287
наивная MLE,4.275173530583698
наивная MLE,1.3027549287332527
наивная MLE,4.346349476225248
наивная MLE,5.822778207498145
наивная MLE,1.739350076009626
наивная MLE,0.9251563586883348
наивная MLE,5.703295873157435
наивная MLE,7.932206934441531
наивная MLE,4.2349180702540945
наивная MLE,5.704528256007154
наивная MLE,10.47827556542594
наивная MLE,10.681195629144211
наивная MLE,0.3431731393865292
наивная MLE,11.246148677596095
наивная MLE,7.800624351880184
наивная MLE,7.528102881369461
наивная MLE,13.967495035797093
наивная MLE,19.443707160063504
наивная MLE,4.09722790797324
наивная MLE,6.935839492148625
наивная MLE,21.75095419957725
наивная MLE,7.423332763118932
наивная MLE,23.502405322351265
наивная MLE,8.20869146237832
наивная MLE,13.961758132200105
наивная MLE,62.43004804677795
наивная MLE,3.667602764224642
наивная MLE,13.418440715584474
наивная MLE,3.8360753877606495
наивная MLE,4.389557772282817
наивная MLE,8.185189180141887
наивная MLE,15.922373358122357
наивная MLE,3.337477785317427
наивная MLE,17.47132549511948
наивная MLE,2.1234155100397754
наивная MLE,9.833019637011805
наивная MLE,3.581141813988887
наивная MLE,5.063249402033256
наивная MLE,0.6889785580711374
наивная MLE,11.896670454469806
наивная MLE,13.695947162777731
наивная MLE,10.17237617116425
наивная MLE,6.9720697523786885
наивная MLE,7.353422534816602
наивная MLE,8.788382325437134
наивная MLE,3.1229084890897
наивная MLE,0.651570973614588
наивная MLE,4.565090041987998
наивная MLE,5.839673756161395
наивная MLE,1.067173935134059
наивная MLE,4.048023001348551
наивная MLE,2.9385367683710086
наивная MLE,3.6886308328154676
наивная MLE,14.98501663673295
наивная MLE,1.636478528325168
наивная MLE,0.2847772660574698
наивная MLE,5.528407179323676
наивная MLE,18.255797663134434
наивная MLE,10.115559936095025
наивная MLE,6.527504187492194
наивная MLE,5.319519881644256
наивная MLE,2.4530167484934005
наивная MLE,18.63089142450267
наивная MLE,8.972142309738556
наивная MLE,2.522805205290376
наивная MLE,7.869636130963107
наивная MLE,6.369790550461377
наивная MLE,13.26628513471184
наивная MLE,1.005668385854298
наивная MLE,3.0440980060494582
наивная MLE,6.375840363474322
наивная MLE,12.00470285867022
наивная MLE,9.662054751388823
наивная MLE,8.243158068587334
наивная MLE,25.724963180613173
наивная MLE,8.161526218937494
наивная MLE,11.14859108803038
наивная MLE,6.901992162505914
наивная MLE,15.74781984347192
наивная MLE,2.4333879962730047
наивная MLE,2.080695617662352
наивная MLE,3.6955505393733064
наивная MLE,6.853508925521612
наивная MLE,3.056025563202609
наивная MLE,17.787186942121355
наивная MLE,0.8191592640420841
наивная MLE,7.611184222459402
наивная MLE,3.3462786076715414
наивная MLE,5.518120228154924
наивная MLE,3.601411749193634
наивная MLE,2.114023889332736
наивная MLE,16.120968549867545
наивная MLE,3.2903307848223835
наивная MLE,8.073179512783803
наивная MLE,11.408472126106764
наивная MLE,6.027556598210397
наивная MLE,9.388294596380806
наивная MLE,2.6366845053374073
наивная MLE,4.883398635544404
наивная MLE,0.4218299654665565
наивная MLE,12.227740903395203
наивная MLE,8.392171009284295
наивная MLE,1.1182562887568674
наивная MLE,5.604222921491405
наивная MLE,1.5307747814227668
наивная MLE,4.858440631248578
наивная MLE,8.26699276569166
наивная MLE,13.469611610607693
наивная MLE,16.77580540791786
наивная MLE,6.566099166851824
наивная MLE,20.152923359546335
наивная MLE,1.050548048175238
наивная MLE,13.572931465215717
наивная MLE,0.6692559156257896
наивная MLE,4.910723078817375
наивная MLE,4.774832047977093
наивная MLE,0.39213860211222473
наивная MLE,1.2387445901804461
наивная MLE,11.622274950735488
наивная MLE,4.478997115300678
наивная MLE,9.72140332105992
наивная MLE,4.143169885702223
наивная MLE,3.226101392905298
наивная MLE,4.909509142338196
наивная MLE,0.27200661355210115
наивная MLE,10.916621775640245
наивная MLE,7.191104139318675
наивная MLE,9.742267673138638
наивная MLE,17.15098337674248
наивная MLE,13.72136345441889
наивная MLE,2.457472128747809
наивная MLE,4.63526186938175
наивная MLE,3.6005327971701946
наивная MLE,11.097432472053413
наивная MLE,5.006126705858241
наивная MLE,4.7751915938148555
наивная MLE,7.8399425882263865
наивная MLE,8.197380918331703
наивная MLE,9.913923756650625
наивная MLE,10.578355575002245
наивная MLE,1.340466994974949
наивная MLE,9.117322615438848
наивная MLE,12.210131949082527
наивная MLE,10.608853184163232
наивная MLE,2.5116954795381266
наивная MLE,2.5183510821730093
наивная MLE,8.06882060454289
наивная MLE,6.3835692063749905
наивная MLE,5.5754241562798335
наивная MLE,3.5941907522864454
наивная MLE,1.9962622231661262
наивная MLE,1.041065755287302
наивная MLE,2.3721816495530845
наивная MLE,1.5938210969180373
наивная MLE,23.40141079254488
наивная MLE,8.778632786115276
наивная MLE,2.494511315559843
наивная MLE,5.971335524910254
наивная MLE,2.4235139502542045
наивная MLE,3.041135861759289
наивная MLE,4.581329706223893
наивная MLE,3.899303108518635
наивная MLE,1.1879116014461741
наивная MLE,14.89199883188331
наивная MLE,5.956889706987816
наивная MLE,2.680696799214539
наивная MLE,24.89259807557511
наивная MLE,6.290611247844984
наивная MLE,1.1776189544235434
наивная MLE,5.085505509750465
наивная MLE,3.8676069543584592
наивная MLE,7.12215681430496
наивная MLE,4.329816702283301
наивная MLE,13.410486634150192
наивная MLE,1.6925394118149208
наивная MLE,10.385987286530984
наивная MLE,0.4659442281826437
наивная MLE,0.4531051024823457
наивная MLE,10.804219524713924
наивная MLE,0.6693120134737232
наивная MLE,6.664171091769145
наивная MLE,10.742463340602228
наивная MLE,3.512611164977018
наивная MLE,12.917353410369763
наивная MLE,1.9929450949386915
наивная MLE,22.31378653090011
наивная MLE,5.321308948614256
наивная MLE,2.16991941805432
наивная MLE,4.813762039717448
наивная MLE,3.1214198300833607
наивная MLE,5.7559447007519235
наивная MLE,10.324495548806391
наивная MLE,10.659647470090103
наивная MLE,5.919526884537037
наивная MLE,32.894906855230744
наивная MLE,0.44057883521949676
наивная MLE,8.177914398721702
наивная MLE,17.859511748072766
наивная MLE,6.4126923911262725
наивная MLE,11.964788314328004
наивная MLE,6.534844868371432
наивная MLE,2.286186917616932
наивная MLE,8.499178074354305
наивная MLE,9.992792897456662
наивная MLE,4.348448756833602
наивная MLE,2.5492791229248875
наивная MLE,4.647213921824823
наивная MLE,1.3766785542922817
наивная MLE,1.2347821317989103
наивная MLE,7.151563349474653
наивная MLE,1.0900503625022204
наивная MLE,12.401352927932232
наивная MLE,7.245117158880226
наивная MLE,4.1237409623325165
наивная MLE,9.584797891901728
наивная MLE,0.8025442815558431
наивная MLE,11.4905834570291
наивная MLE,5.578753245975456
наивная MLE,7.2004496859968246
наивная MLE,3.684511386431862
наивная MLE,16.659259921447102
наивная MLE,11.282138165949437
наивная MLE,9.4814298437087
наивная MLE,1.5300151986598967
наивная MLE,11.808747582010179
наивная MLE,19.017482869827745
наивная MLE,3.8360443048273103
наивная MLE,2.3738199425688564
наивная MLE,8.016232701997836
наивная MLE,5.464222126996373
наивная MLE,12.18861705641152
наивная MLE,12.907995901245643
наивная MLE,8.57045014481113
наивная MLE,6.776743176140004
наивная MLE,0.9961315701345874
наивная MLE,19.073370315780377
наивная MLE,0.5679330532383388
наивная MLE,5.118785089162699
наивная MLE,0.5249156231405583
наивная MLE,2.6310477888159576
наивная MLE,13.770527881648604
наивная MLE,8.83123923399305
наивная MLE,1.3122995504170365
наивная MLE,4.204120683963192
наивная MLE,6.1882302776165155
наивная MLE,7.892660519564161
наивная MLE,9.602918451198482
наивная MLE,17.508191046049067
наивная MLE,22.25743764652329
наивная MLE,0.8651240421764719
наивная MLE,11.033410158415005
наивная MLE,4.085452548592624
наивная MLE,3.627555921924376
наивная MLE,10.09905725783651
наивная MLE,4.4876755801226285
наивная MLE,2.5154497938502733
наивная MLE,4.1404157213915065
наивная MLE,1.1824566695195113
наивная MLE,3.4976425752255826
наивная MLE,11.428661296360062
наивная MLE,17.485127630351705
наивная MLE,17.00579401624714
наивная MLE,11.631189808314954
наивная MLE,1.0865552968177044
наивная MLE,3.877377105663482
наивная MLE,7.714191720107138
наивная MLE,2.5946297774010714
наивная MLE,1.8781840543610566
наивная MLE,8.792572785684825
наивная MLE,3.074619643140009
наивная MLE,7.1792104246151
наивная MLE,29.0625525540174
наивная MLE,6.651381065744992
наивная MLE,6.852029820977833
наивная MLE,7.403836773498774
наивная MLE,13.553585185780383
наивная MLE,7.301906372687389
наивная MLE,8.018799768814157
наивная MLE,5.535713411841673
наивная MLE,9.580792340252476
наивная MLE,12.451002458986789
наивная MLE,3.1644674833052187
наивная MLE,10.082379618041772
наивная MLE,5.185122486510392
наивная MLE,5.0693476542052744
наивная MLE,23.78384034506097
наивная MLE,13.389077990937535
наивная MLE,3.3803591533785484
наивная MLE,15.876176355728212
наивная MLE,0.9061887641921883
наивная MLE,1.0851930504842495
наивная MLE,20.898121575810123
наивная MLE,4.07237046594268
наивная MLE,0.7250406384284775
наивная MLE,4.8743445896188735
наивная MLE,1.6577559779571474
наивная MLE,3.554764196819019
наивная MLE,4.394508286647095
наивная MLE,3.023189289843062
наивная MLE,2.964806946089603
наивная MLE,1.1349413323458954
наивная MLE,3.209495302005643
наивная MLE,8.283950991207806
наивная MLE,6.753927344546552
наивная MLE,1.7739038314886943
наивная MLE,10.96676167320402
наивная MLE,28.313744991537845
наивная MLE,13.95049803139782
наивная MLE,14.794792930769749
наивная MLE,2.299041898548958
наивная MLE,5.492146499756019
наивная MLE,12.46268776398283
наивная MLE,2.5855241828024687
наивная MLE,7.350729284543137
наивная MLE,1.0166282152308357
наивная MLE,4.603809308188653
наивная MLE,1.5724822005833665
наивная MLE,16.98999029533058
наивная MLE,6.22867126694719
наивная MLE,0.4806120506385024
наивная MLE,2.8833120515842134
наивная MLE,31.06313795150462
наивная MLE,6.148918712971422
наивная MLE,10.2621545263313
наивная MLE,21.353513895090106
наивная MLE,6.430000459661599
наивная MLE,1.6730446937483523
наивная MLE,3.124362525480138
наивная MLE,2.488345733581073
наивная MLE,27.363531572137234
наивная MLE,4.654309720479255
наивная MLE,0.5833444836171296
наивная MLE,14.45581785680659
наивная MLE,9.462760013691218
наивная MLE,1.9936369444906137
наивная MLE,6.965777510515875
наивная MLE,14.955346743425041
наивная MLE,12.161830400187494
наивная MLE,2.984473432456699
наивная MLE,3.1687849729228246
наивная MLE,18.125280499133254
наивная MLE,23.2465305986848
наивная MLE,24.690307403998244
наивная MLE,1.5489391067045737
наивная MLE,4.258294544440957
наивная MLE,0.8904456059928895
наивная MLE,17.958127867204087
наивная MLE,20.744889816395713
наивная MLE,10.314447068221527
наивная MLE,1.4233160850761784
наивная MLE,8.241007430751786
наивная MLE,2.153397922101817
наивная MLE,23.831317815484606
наивная MLE,1.9534412317923606
наивная MLE,6.817583755337172
наивная MLE,4.343114411604661
наивная MLE,5.667646588200468
наивная MLE,4.2011914181309
наивная MLE,2.9825313745140187
наивная MLE,49.56011379161488
наивная MLE,1.8514866999100483
наивная MLE,16.483358908095372
наивная MLE,4.529027330452811
наивная MLE,4.937702491531329
наивная MLE,12.920506027237566
наивная MLE,3.087214898436728
наивная MLE,11.657903232725301
наивная MLE,6.992283577818168
наивная MLE,6.220006114025108
наивная MLE,4.922670385436927
наивная MLE,8.35241685556974
наивная MLE,10.266947144606593
наивная MLE,1.5117220137700444
наивная MLE,4.846685833419443
наивная MLE,12.132815747743505
наивная MLE,7.536135453984399
наивная MLE,21.16436747745921
наивная MLE,1.8941188777339055
наивная MLE,5.665109252517454
наивная MLE,15.060815856160328
наивная MLE,4.902181668359919
наивная MLE,3.1165301357902315
наивная MLE,5.108309333123666
наивная MLE,8.148228688042897
наивная MLE,15.74746940326121
наивная MLE,2.4926574647626274
наивная MLE,19.60028303186985
наивная MLE,5.2625786286695275
наивная MLE,17.680985427190958
наивная MLE,8.646120131937526
наивная MLE,1.8165665826438357
наивная MLE,1.6523630024659415
наивная MLE,12.417372608090833
наивная MLE,4.702988712838345
наивная MLE,4.705152570568297
наивная MLE,3.7851462980392516
наивная MLE,4.168944203266557
наивная MLE,5.592888666249192
наивная MLE,5.0208528100735865
наивная MLE,3.528996446812129
наивная MLE,14.347897454361682
наивная MLE,8.607904090245631
наивная MLE,9.032690716403271
наивная MLE,14.43898274719136
наивная MLE,4.457742191918866
наивная MLE,3.572399742684574
наивная MLE,8.53110566240457
наивная MLE,12.534951204585415
наивная MLE,5.45074937093056
наивная MLE,0.8740918803851863
наивная MLE,14.132222370195775
наивная MLE,10.442055230894125
наивная MLE,7.674276716730795
наивная MLE,2.603655358372559
наивная MLE,5.617604576270178
наивная MLE,17.733350381856116
наивная MLE,4.384256827128841
наивная MLE,11.780497767036358
наивная MLE,25.29501191838484
наивная MLE,4.155838634820251
наивная MLE,13.617254674544723
наивная MLE,0.5245489419000694
наивная MLE,5.611311139693902
наивная MLE,4.215808309710043
наивная MLE,14.82872003136276
наивная MLE,5.406332277238703
наивная MLE,4.554504094595643
наивная MLE,7.4251976828781325
наивная MLE,1.9309401331044076
наивная MLE,23.192209931871403
наивная MLE,6.59042307494114
наивная MLE,2.5668318996778736
наивная MLE,14.192388374751616
наивная MLE,3.7719801276343863
наивная MLE,3.8015575570847506
наивная MLE,10.777759567831627
наивная MLE,0.5855684097921542
наивная MLE,1.9318411648999336
наивная MLE,6.706936198301623
наивная MLE,1.7948669462786402
наивная MLE,1.9917099583470885
наивная MLE,3.1988139881883084
наивная MLE,6.3637591213349465
наивная MLE,30.010677811313663
наивная MLE,45.150497560238954
наивная MLE,10.952714277831292
наивная MLE,20.054072295641404
наивная MLE,4.138768739852702
наивная MLE,1.8997284809605524
наивная MLE,5.082361562056996
наивная MLE,7.008734462595033
наивная MLE,20.517861953382873
наивная MLE,13.216956014125437
наивная MLE,8.485578308498212
наивная MLE,5.267890863871773
наивная MLE,6.782000465666079
наивная MLE,16.104072948163346
наивная MLE,9.531396521294488
наивная MLE,5.421987292695034
наивная MLE,2.6410022359126337
наивная MLE,8.713247657694634
наивная MLE,9.833910785933327
наивная MLE,15.441395996344262
наивная MLE,26.657112524326486
наивная MLE,5.294075788452361
наивная MLE,3.7628903365810107
наивная MLE,10.321019026682155
наивная MLE,13.71126924397305
наивная MLE,16.983599542417558
наивная MLE,6.017592262255506
наивная MLE,8.821816949233003
наивная MLE,8.528337649835127
наивная MLE,31.573180693338873
наивная MLE,2.1558966374403554
наивная MLE,18.07469689147997
наивная MLE,1.9444922640166298
наивная MLE,0.16212931702721714
наивная MLE,4.890529145166328
наивная MLE,3.7299335420165436
наивная MLE,28.19482537552683
наивная MLE,5.724182365314144
наивная MLE,5.3327421003229345
наивная MLE,1.5552469857842899
наивная MLE,3.092934326759653
наивная MLE,1.9300932193081741
наивная MLE,3.6663262058808046
наивная MLE,7.273709190758161
наивная MLE,8.097647616693514
наивная MLE,3.6109952156033644
наивная MLE,1.6914157151224747
наивная MLE,3.18563073015386
наивная MLE,17.720031978860963
наивная MLE,2.979145134527599
наивная MLE,4.990688640739958
наивная MLE,7.135443988888034
наивная MLE,5.750383597766685
наивная MLE,2.174844436161162
наивная MLE,1.0548853132572953
наивная MLE,2.907502400808988
наивная MLE,2.5528572937230605
наивная MLE,15.1850599315682
наивная MLE,20.133554559296307
наивная MLE,11.565628137197686
наивная MLE,2.3807180707391313
наивная MLE,1.0729204222786826
наивная MLE,6.951514179020828
наивная MLE,2.126279726780453
наивная MLE,2.8499874154083225
наивная MLE,15.586778429978569
наивная MLE,6.206773545410318
наивная MLE,3.137877817227017
наивная MLE,12.377150998650901
наивная MLE,5.846388030448896
наивная MLE,3.6108026960895536
наивная MLE,10.653572713108677
наивная MLE,22.154846123465926
наивная MLE,22.34949060943355
наивная MLE,9.703000551802145
наивная MLE,19.32744608174818
наивная MLE,8.103073438814711
наивная MLE,4.236825291587384
наивная MLE,4.070327489062369
наивная MLE,6.357570484845564
наивная MLE,4.242753210697513
наивная MLE,8.845639852398275
наивная MLE,5.055363656346299
наивная MLE,13.756654379151389
наивная MLE,10.788321400869227
наивная MLE,6.837693988661826
наивная MLE,8.731609461489146
наивная MLE,8.673524563369437
наивная MLE,27.62332057351913
наивная MLE,1.9031807473503413
наивная MLE,1.6014156311867798
наивная MLE,4.419185515417256
наивная MLE,7.646839675710737
наивная MLE,1.2893264532033826
наивная MLE,9.60211565185963
наивная MLE,8.181217162387698
наивная MLE,6.538045209632573
наивная MLE,8.23037084834536
наивная MLE,6.710472081081354
наивная MLE,10.132418172584766
наивная MLE,0.5650227871822973
наивная MLE,12.572495330193117
наивная MLE,0.655676393888043
наивная MLE,7.8906785598458455
наивная MLE,4.356920454631679
наивная MLE,8.45592969111484
наивная MLE,10.715966221374018
наивная MLE,2.362651022496079
наивная MLE,7.296810547418868
наивная MLE,3.448814407797126
наивная MLE,1.2022643657646754
наивная MLE,1.738042147157882
наивная MLE,1.3554342022791133
наивная MLE,6.417130563921406
наивная MLE,1.8182926287695806
наивная MLE,9.33324990490193
наивная MLE,6.154675449764661
наивная MLE,8.0274227974888
наивная MLE,7.823362426039117
наивная MLE,0.6314549091566821
наивная MLE,14.661439514931176
наивная MLE,14.967429596843472
наивная MLE,1.5654223688409175
наивная MLE,6.069149784716897
наивная MLE,3.2946051599284822
наивная MLE,11.090991041256753
наивная MLE,3.2404589384126328
наивная MLE,14.133852530997853
наивная MLE,6.157669799555291
наивная MLE,7.604880452177868
наивная MLE,3.0013451619457485
наивная MLE,2.3677383282578575
наивная MLE,2.0849961478996284
наивная MLE,8.080271956829783
наивная MLE,9.192765353266955
наивная MLE,6.744234290365671
наивная MLE,5.574044905059663
наивная MLE,5.327915755714226
наивная MLE,15.889561153776905
наивная MLE,7.709812744088351
наивная MLE,9.861451415345709
наивная MLE,6.2173951514650785
наивная MLE,15.851385501357466
наивная MLE,5.160490237790433
наивная MLE,4.624177555338867
наивная MLE,9.648271205673554
наивная MLE,2.816305800439248
наивная MLE,1.543824096183931
наивная MLE,0.11342796483344213
наивная MLE,3.9635619362180488
наивная MLE,5.05337067971331
наивная MLE,0.492607720743346
наивная MLE,9.008947329469782
наивная MLE,0.9034299877575409
наивная MLE,1.2952911668895948
наивная MLE,14.024014439371589
наивная MLE,5.8301120362926575
наивная MLE,0.0502041366163182
наивная MLE,8.26525932066683
наивная MLE,10.23588496682999
наивная MLE,2.1311100436371335
наивная MLE,7.563281557124033
наивная MLE,12.72216220745322
наивная MLE,9.748612791145211
наивная MLE,6.1897161717031075
наивная MLE,2.510665150491156
наивная MLE,0.8350242856179342
наивная MLE,0.8387576801476507
наивная MLE,3.4839039953198894
наивная MLE,3.688505910101517
наивная MLE,20.106646831450952
наивная MLE,2.361576796669335
наивная MLE,5.95030732407216
наивная MLE,19.09881925520809
наивная MLE,14.29570733318519
наивная MLE,1.4246918989041943
наивная MLE,0.8541867845977285
наивная MLE,11.569523989370103
наивная MLE,4.063432875729513
наивная MLE,1.7240857303151764
наивная MLE,7.315076607155188
наивная MLE,9.965891507974547
наивная MLE,13.203941386244068
наивная MLE,7.5699872696084425
наивная MLE,5.825909932586834
наивная MLE,3.600732748713895
наивная MLE,5.998191534444872
наивная MLE,12.042329396869583
наивная MLE,7.29870533235105
наивная MLE,16.452453147031385
наивная MLE,5.163265486721263
наивная MLE,5.393914117230165
наивная MLE,15.196377501346136
наивная MLE,32.19075496523587
наивная MLE,1.868916801312763
наивная MLE,5.416866058338017
наивная MLE,20.644039276160022
наивная MLE,15.503699568617174
наивная MLE,7.567950896075486
наивная MLE,10.966172168012733
наивная MLE,7.9325791412803515
наивная MLE,6.600957532963802
наивная MLE,9.33749566456582
наивная MLE,6.534891516915848
наивная MLE,6.935964953436013
наивная MLE,8.22678397506272
наивная MLE,0.20322076288772178
наивная MLE,5.192865622781688
наивная MLE,10.887850890252171
наивная MLE,8.24889488949268
наивная MLE,4.616711552425267
наивная MLE,4.960111676427896
наивная MLE,18.792213218480647
наивная MLE,1.215976056179153
наивная MLE,2.185559034355998
наивная MLE,6.630812602842405
наивная MLE,7.092461851763937
наивная MLE,12.47902660466642
наивная MLE,12.5331781114813
наивная MLE,2.8972128190530086
наивная MLE,7.2844027094189165
наивная MLE,5.470798066313654
наивная MLE,2.315065473275975
наивная MLE,1.8841653383683654
наивная MLE,2.497537737650171
наивная MLE,11.790596653302863
наивная MLE,20.548241321211258
наивная MLE,1.6707947281455497
наивная MLE,0.41861725542287964
наивная MLE,11.588716190205833
наивная MLE,11.480631842081454
наивная MLE,17.749381652964527
наивная MLE,6.267773505869717
наивная MLE,5.9103700988713035
наивная MLE,0.6348473827144354
наивная MLE,4.104368099121225
наивная MLE,2.218456728258702
наивная MLE,10.347309279913828
наивная MLE,5.492629688484029
наивная MLE,11.967837350288525
наивная MLE,2.1018204905194886
наивная MLE,4.988331694586154
наивная MLE,20.18040687182598
наивная MLE,1.7406435262005282
наивная MLE,39.047153529968526
наивная MLE,3.1237480432714446
наивная MLE,14.953667455355642
наивная MLE,5.919335207462979
наивная MLE,1.9361831955105333
наивная MLE,21.524799075989602
наивная MLE,15.290639351737402
наивная MLE,9.531486211371394
наивная MLE,8.46069464782673
наивная MLE,11.973847804461409
наивная MLE,2.839954977159733
наивная MLE,3.4353323097364594
наивная MLE,11.996454782304514
наивная MLE,5.1072464033860046
наивная MLE,7.154290919633951
наивная MLE,4.077661034338741
наивная MLE,4.262109100240661
наивная MLE,1.1924248938841218
наивная MLE,11.28803184972895
наивная MLE,4.557824245747216
наивная MLE,23.16847069163889
наивная MLE,17.447547761617365
наивная MLE,9.873148681638405
наивная MLE,5.476659467412555
наивная MLE,15.318963773791952
наивная MLE,1.4131819703064363
наивная MLE,16.811675932891998
наивная MLE,4.481370753850079
наивная MLE,4.611499748154917
наивная MLE,11.256971064628955
наивная MLE,5.323810490545362
наивная MLE,6.521668780872046
наивная MLE,2.3032643521091045
наивная MLE,29.13178317947578
наивная MLE,11.330808463709968
наивная MLE,10.57685998572519
наивная MLE,6.304794667135326
наивная MLE,1.8645058498625258
наивная MLE,10.574816387202695
наивная MLE,7.9881142811392385
наивная MLE,5.701448614645885
наивная MLE,8.583109523450492
наивная MLE,4.957869441271677
наивная MLE,3.2078197302123788
наивная MLE,2.0748652532827423
наивная MLE,8.641824585476272
наивная MLE,3.3469533581480144
наивная MLE,0.38785466995173246
наивная MLE,13.009018374037266
наивная MLE,13.531403341143026
наивная MLE,14.124462052357138
наивная MLE,0.1454019929911351
наивная MLE,12.295947109093419
наивная MLE,21.622246891151846
наивная MLE,5.223304234253262
наивная MLE,9.416227040700988
наивная MLE,19.473373038111177
наивная MLE,5.048252381888794
наивная MLE,5.633084631733959
наивная MLE,6.700491534962893
наивная MLE,4.342958701275016
наивная MLE,4.991327941432258
наивная MLE,2.0236538320847823
наивная MLE,4.153415276064651
наивная MLE,4.682085472348948
наивная MLE,5.247887001068716
наивная MLE,1.3386747463600506
наивная MLE,13.40341226393643
наивная MLE,6.151005086429739
наивная MLE,13.978921156094044
наивная MLE,9.470621544915822
наивная MLE,6.055578614343818
наивная MLE,2.9909632639683013
наивная MLE,2.0263989296087814
наивная MLE,6.25758842857177
наивная MLE,5.126339312766346
наивная MLE,2.091361475992136
наивная MLE,3.621192460315799
наивная MLE,1.6620811186518754
наивная MLE,5.92486243826434
наивная MLE,8.752151847326274
наивная MLE,6.719562138168118
наивная MLE,4.384899301298567
наивная MLE,7.370087770383153
наивная MLE,15.703551933889006
наивная MLE,7.6008213620616845
наивная MLE,3.1407025264909567
наивная MLE,4.543932747311915
наивная MLE,19.546279426760968
наивная MLE,4.415161278588121
наивная MLE,18.159667322573426
наивная MLE,8.061998353527958
наивная MLE,2.7950630140288686
наивная MLE,3.8842669326584507
наивная MLE,6.632711861425628
наивная MLE,8.024573576670637
наивная MLE,10.49455666758275
наивная MLE,2.0181280781447546
наивная MLE,1.1990296417813429
наивная MLE,0.8691781905404579
наивная MLE,6.047326025535335
наивная MLE,1.2834720327025437
наивная MLE,21.223620548528036
наивная MLE,5.208361057002866
наивная MLE,8.221945131914659
наивная MLE,3.5160490386934646
наивная MLE,5.958512801437875
наивная MLE,9.202988817898706
наивная MLE,12.441692947566521
наивная MLE,1.6162625620834314
наивная MLE,11.94728363347612
наивная MLE,1.1657640482684195
наивная MLE,13.187498221200528
наивная MLE,2.5422188131702583
наивная MLE,16.996224462557745
наивная MLE,2.8638362100833574
наивная MLE,3.320704316382421
наивная MLE,15.364842897441847
наивная MLE,3.604476736036492
наивная MLE,15.05563617741032
наивная MLE,7.381705856205725
наивная MLE,3.994571691481069
наивная MLE,16.292329434500488
наивная MLE,7.009405394536253
наивная MLE,7.887946543803157
наивная MLE,9.17401681747518
наивная MLE,5.008160561094871
наивная MLE,19.56298312443236
наивная MLE,8.78871323949001
наивная MLE,9.203629459172982
наивная MLE,4.8618751313821775
наивная MLE,1.1087998858111836
наивная MLE,9.311778884911151
наивная MLE,9.881294600641644
наивная MLE,2.849484732388744
наивная MLE,19.713756852726572
наивная MLE,11.359917893021612
наивная MLE,31.1208510391759
наивная MLE,11.994383268680401
наивная MLE,2.927484212389272
наивная MLE,3.9790364574683985
наивная MLE,2.956236680974769
наивная MLE,15.652234317549505
наивная MLE,4.6453317509856955
наивная MLE,14.562790697938588
наивная MLE,4.163829521682819
наивная MLE,3.186093067877015
наивная MLE,2.2093107670183803
наивная MLE,10.050568442607855
наивная MLE,2.980727464913172
наивная MLE,5.87082059110055
наивная MLE,3.2285515435342313
наивная MLE,5.649468195940082
наивная MLE,16.531342209520535
наивная MLE,8.369876522229019
наивная MLE,2.6336786365804588
наивная MLE,24.366247313533314
наивная MLE,10.571212199954473
наивная MLE,5.3715272316822364
наивная MLE,26.808787848711436
наивная MLE,17.256304158933034
наивная MLE,19.561705778397567
наивная MLE,6.050582439928698
наивная MLE,2.3717185612649594
наивная MLE,16.06754176703325
наивная MLE,9.258624231995974
наивная MLE,8.586159527572057
наивная MLE,5.659723544609205
наивная MLE,5.366073902879427
наивная MLE,5.380926323971394
наивная MLE,14.27771416343283
наивная MLE,3.2201527316607317
наивная MLE,1.5468308533981818
наивная MLE,0.9073057611484865
наивная MLE,15.186694877198894
наивная MLE,10.20490870051565
наивная MLE,0.8430274411114539
наивная MLE,4.205888193770712
наивная MLE,14.689489969266074
наивная MLE,5.239913733213555
наивная MLE,4.938883858528892
наивная MLE,2.214994819650369
наивная MLE,16.49240346783331
наивная MLE,13.459342421262106
наивная MLE,0.36995994947531347
наивная MLE,2.204858925270617
наивная MLE,1.0822653218130034
наивная MLE,4.84986726115468
наивная MLE,8.165722712615862
наивная MLE,0.04525984818679081
наивная MLE,6.860469969958762
наивная MLE,2.222465137998433
наивная MLE,14.19313144264541
наивная MLE,1.1255382832666028
наивная MLE,7.579956344625391
наивная MLE,8.340834242285926
наивная MLE,4.071494120405333
наивная MLE,4.992116864720598
наивная MLE,6.24833402777365
наивная MLE,12.660098406365801
наивная MLE,9.149252153205342
наивная MLE,3.7739312795330435
наивная MLE,12.665259655601051
наивная MLE,8.839677300579515
наивная MLE,14.77601767490293
наивная MLE,2.805757650462979
наивная MLE,9.392772844964249
наивная MLE,6.031793919395951
наивная MLE,0.63314850812086
наивная MLE,12.122722200099766
наивная MLE,7.383535262774478
наивная MLE,2.7598253770054515
наивная MLE,1.9586401076995912
наивная MLE,8.232080515752816
наивная MLE,14.573965591728626
наивная MLE,9.167498166138312
наивная MLE,9.175768342917674
наивная MLE,0.5961686882519037
наивная MLE,3.731259081891802
наивная MLE,4.421288027254686
наивная MLE,4.307971057436336
наивная MLE,1.160745884025494
наивная MLE,6.64476286651408
наивная MLE,23.226829964886875
наивная MLE,9.395631938977328
наивная MLE,2.3005689821777318
наивная MLE,14.340684218854786
наивная MLE,7.998044389019137
наивная MLE,4.34010572875027
наивная MLE,27.94271355981326
наивная MLE,0.41917939593900005
наивная MLE,1.5911794863320488
наивная MLE,6.96365256414891
наивная MLE,5.5155099356751744
наивная MLE,17.945965497127272
наивная MLE,16.12850629626238
наивная MLE,2.3189642499739023
наивная MLE,3.322618422041512
наивная MLE,7.674856499735909
наивная MLE,2.564656502071049
наивная MLE,13.325791288334575
наивная MLE,22.61180452488104
наивная MLE,2.3988330938166444
наивная MLE,8.59840110297167
наивная MLE,15.354014652129337
наивная MLE,5.92155375982656
наивная MLE,1.396262634567195
наивная MLE,5.745452181596545
наивная MLE,12.081820767064595
наивная MLE,9.097840294113153
наивная MLE,1.3936852632427486
наивная MLE,18.148550481370517
наивная MLE,1.2406383391943874
наивная MLE,11.515047586750294
наивная MLE,6.464018882796802
наивная MLE,18.92233106016261
наивная MLE,8.958971226400092
наивная MLE,12.334331913402776
наивная MLE,4.38983874243739
наивная MLE,5.574688283365673
наивная MLE,12.269090412673744
наивная MLE,10.225942617734258
наивная MLE,2.318291543715791
наивная MLE,5.711668245242449
наивная MLE,6.364824082340109
наивная MLE,18.099619709753746
наивная MLE,12.050132132754282
наивная MLE,14.540441482081283
наивная MLE,5.520810422048349
наивная MLE,2.086639916788919
наивная MLE,11.44061530313547
наивная MLE,0.6582120227635071
наивная MLE,5.929104270802652
наивная MLE,15.605650016793756
наивная MLE,0.5741431570778693
наивная MLE,7.19937283980428
наивная MLE,11.600469796009712
наивная MLE,9.114210427864103
наивная MLE,8.366952096540917
наивная MLE,2.3723244552386475
наивная MLE,4.903156021034094
наивная MLE,15.583552446632396
наивная MLE,4.460263598882344
наивная MLE,0.2222493236344815
наивная MLE,6.66693637004018
наивная MLE,3.4807980832520298
наивная MLE,4.113885832871959
наивная MLE,6.707862939777244
наивная MLE,14.206325290694792
наивная MLE,7.838608438142815
наивная MLE,4.315696823596169
наивная MLE,10.385179559866268
наивная MLE,5.2360183743975615
наивная MLE,4.979577459846138
наивная MLE,9.010740686505772
наивная MLE,2.3073781092700965
наивная MLE,3.277783261440855
наивная MLE,3.1045052075603374
наивная MLE,14.245920863277636
наивная MLE,2.8589193853876784
наивная MLE,9.585303052958638
наивная MLE,1.206596127128728
наивная MLE,2.3379822948180493
наивная MLE,0.6301840396061035
наивная MLE,4.937610091956375
наивная MLE,6.696705307520359
наивная MLE,1.9903110288168537
наивная MLE,4.507997823219408
наивная MLE,12.007698356272382
наивная MLE,4.87636328829723
наивная MLE,4.052181028948518
наивная MLE,1.6849352357570149
наивная MLE,7.840419382338875
наивная MLE,9.024300520683411
наивная MLE,5.238888826008388
наивная MLE,5.91836876073639
наивная MLE,1.1230645845042018
наивная MLE,6.878890250131128
наивная MLE,0.15356504032464796
наивная MLE,20.493482868414418
наивная MLE,5.3946726391179975
наивная MLE,5.031892741092664
наивная MLE,8.244158838055599
наивная MLE,2.6986930710062533
наивная MLE,3.9338753073420545
наивная MLE,9.661058737278648
наивная MLE,6.129158669036578
наивная MLE,8.1468486161
наивная MLE,1.6973965066552212
наивная MLE,5.359103995540293
наивная MLE,20.05341912107269
наивная MLE,4.0905565033687195
наивная MLE,2.779054549126554
наивная MLE,21.902218061001314
наивная MLE,2.1718111926400865
наивная MLE,15.604202499066037
наивная MLE,3.8759758504554265
наивная MLE,2.350975880459092
наивная MLE,1.3249952837336678
наивная MLE,11.274654502579594
наивная MLE,1.2494615487435756
наивная MLE,8.28754074971451
наивная MLE,3.2824109997988153
наивная MLE,4.223213412105406
наивная MLE,15.78892930805614
наивная MLE,14.613082163683139
наивная MLE,7.821921001902217
наивная MLE,16.41635060337905
наивная MLE,0.8610816061231026
наивная MLE,7.8903153805158714
наивная MLE,11.061169481770994
наивная MLE,5.886597913879615
наивная MLE,2.5483913933795304
наивная MLE,7.0431768673583806
наивная MLE,0.4325720142718637
наивная MLE,2.740998229195867
наивная MLE,4.064916061916971
наивная MLE,16.7520113317873
наивная MLE,2.4198026027839044
наивная MLE,7.390106847655468
наивная MLE,7.9587842145956955
наивная MLE,9.280109276166716
наивная MLE,4.3869221335385085
наивная MLE,7.138744256511348
наивная MLE,2.8835135178112083
наивная MLE,7.940840306643975
наивная MLE,3.651580610551524
наивная MLE,5.857660662811928
наивная MLE,13.810827602200721
наивная MLE,11.234595223226542
наивная MLE,1.3708929509166226
наивная MLE,6.9241881702024255
наивная MLE,4.094965341125343
наивная MLE,10.938804839139966
наивная MLE,2.605919165451952
наивная MLE,0.9690527285737949
наивная MLE,15.853442753451835
наивная MLE,3.5523245786986055
наивная MLE,0.6565825592311857
наивная MLE,6.405752240952343
наивная MLE,2.5670824903351153
наивная MLE,6.748166872330246
наивная MLE,7.138577194549139
наивная MLE,2.6459530337308457
наивная MLE,14.335059033521958
наивная MLE,1.205139115918382
наивная MLE,4.71395826635118
наивная MLE,2.774082282415806
наивная MLE,3.1586806972299115
наивная MLE,1.7810390775670233
наивная MLE,10.358424052518338
наивная MLE,12.44073131934097
наивная MLE,3.7229908154632882
наивная MLE,3.60963362666957
наивная MLE,6.001703801760245
наивная MLE,11.964584690217864
наивная MLE,1.7750375471742905
наивная MLE,8.132019709963195
наивная MLE,1.5627549003769168
наивная MLE,20.760173463797816
наивная MLE,1.825465970310165
наивная MLE,1.188182855067371
наивная MLE,4.380856526929981
наивная MLE,14.025960219542245
наивная MLE,4.4529834139491795
наивная MLE,3.9430760844892507
наивная MLE,1.3928788299716492
наивная MLE,4.233252326011361
наивная MLE,5.4529394761647465
наивная MLE,11.254395488002078
наивная MLE,3.9403826384345155
наивная MLE,6.833609378237208
наивная MLE,0.17126367951013943
наивная MLE,9.605750564440829
наивная MLE,1.162990553719677
наивная MLE,12.351262055226623
наивная MLE,4.198397978899863
наивная MLE,16.675401709341575
наивная MLE,4.376389772779443
наивная MLE,8.19786384087825
наивная MLE,1.1555389581388371
наивная MLE,7.569049226958615
наивная MLE,14.009430663798579
наивная MLE,1.5971238554153833
наивная MLE,5.1898101370950105
наивная MLE,6.070452338968011
наивная MLE,2.5079104936522123
наивная MLE,2.1069577134079367
наивная MLE,7.448368996546055
наивная MLE,3.88674443509298
наивная MLE,9.31762063377419
наивная MLE,5.473744800152682
наивная MLE,11.012618538642435
наивная MLE,16.091252755083524
наивная MLE,13.445389773506657
наивная MLE,3.260353872304503
наивная MLE,5.081349118516154
наивная MLE,9.138991554434618
наивная MLE,26.76841238495383
наивная MLE,4.130601869356654
наивная MLE,9.577746313519548
наивная MLE,8.302240147773873
наивная MLE,2.4002307675263825
наивная MLE,18.42110606856491
наивная MLE,12.128835829563393
наивная MLE,2.7701519116054047
наивная MLE,0.8955411815626035
наивная MLE,6.161179134388924
наивная MLE,4.2242940480326885
наивная MLE,4.8583525330709305
наивная MLE,5.401831901971488
наивная MLE,5.118603744330819
наивная MLE,4.81594845300774
наивная MLE,14.892093441685573
наивная MLE,10.586742527576472
наивная MLE,5.7070003970929015
наивная MLE,5.633146612551988
наивная MLE,8.39319046502346
наивная MLE,11.63025232201761
наивная MLE,1.0527591531612641
наивная MLE,5.337880231611206
наивная MLE,3.5856815381069174
наивная MLE,20.451157537972893
наивная MLE,20.399377327673257
наивная MLE,2.0722236741637734
наивная MLE,0.8023474494229335
наивная MLE,6.141037082276234
наивная MLE,3.4233013223881024
наивная MLE,20.395823239981457
наивная MLE,0.5210745851769554
наивная MLE,0.7148891128159481
наивная MLE,0.7489346996005762
наивная MLE,8.257365842592733
наивная MLE,12.795401791529546
наивная MLE,1.5246696009529248
наивная MLE,3.070127802333755
наивная MLE,1.5369851996301753
наивная MLE,18.638755563560622
наивная MLE,7.294158184449619
наивная MLE,9.643189086318126
наивная MLE,0.9845394072198447
наивная MLE,7.752244386897583
наивная MLE,2.870703831621375
наивная MLE,3.3759757665783394
наивная MLE,6.584878409174204
наивная MLE,3.4950168641995267
наивная MLE,19.230975545433978
наивная MLE,10.151730889949711
наивная MLE,4.4406166845246595
наивная MLE,5.502579384454097
наивная MLE,3.3782039025730475
наивная MLE,15.583510897280421
наивная MLE,3.693032524560408
наивная MLE,6.928809329839403
наивная MLE,14.398305242524906
наивная MLE,2.7119719762105388
наивная MLE,8.139040806365289
наивная MLE,8.084586560729308
наивная MLE,4.214176328899825
наивная MLE,19.8908974693108
наивная MLE,2.597697843575857
наивная MLE,3.813868926654956
наивная MLE,8.264773373828323
наивная MLE,17.956242778501228
наивная MLE,7.181385503350095
наивная MLE,6.058655349092156
наивная MLE,8.501807349909074
наивная MLE,22.56199479099874
наивная MLE,10.695408901908328
наивная MLE,2.872789229554067
наивная MLE,0.24908415431728384
наивная MLE,8.370593519721263
наивная MLE,4.031520622544277
наивная MLE,9.740552830900446
наивная MLE,4.2444471559747186
наивная MLE,9.264633386785139
наивная MLE,2.331906936828359
наивная MLE,2.9667019767762666
наивная MLE,9.34871932705906
наивная MLE,0.8972470945484947
наивная MLE,29.25562098027661
наивная MLE,9.09673615497755
наивная MLE,4.777531000541727
наивная MLE,2.8350332957548843
наивная MLE,6.554769120472508
наивная MLE,3.2681228096668473
наивная MLE,4.197696600961532
наивная MLE,4.897044761570178
наивная MLE,8.610142345919195
наивная MLE,3.7037761994092264
наивная MLE,5.717563098396573
наивная MLE,7.202091561793768
наивная MLE,15.444981900550777
наивная MLE,8.551840951606316
наивная MLE,4.796077666302576
наивная MLE,13.82389569910483
наивная MLE,2.449638852722401
наивная MLE,7.261681155787993
наивная MLE,4.363185504807143
наивная MLE,8.808594003269384
наивная MLE,26.38045615413913
наивная MLE,3.9550856969380925
наивная MLE,14.723049104806282
наивная MLE,9.784246667515648
наивная MLE,0.5526470262523318
наивная MLE,1.3475626699432706
наивная MLE,18.448732412827077
наивная MLE,1.6553371822478642
наивная MLE,2.4406321919371674
наивная MLE,3.438833675499888
наивная MLE,7.098573226520768
наивная MLE,1.5690423408222247
наивная MLE,3.836244025310055
наивная MLE,10.637604948405345
наивная MLE,1.5440186139662395
наивная MLE,1.5415106125437286
наивная MLE,3.854169320641942
наивная MLE,21.372719332962276
наивная MLE,0.07991420920201167
наивная MLE,4.758867246648932
наивная MLE,16.0120863936278
наивная MLE,2.0488593461995936
наивная MLE,6.516722296699413
наивная MLE,31.495004065221433
наивная MLE,3.733411444933612
наивная MLE,4.962297622236945
наивная MLE,5.893214179541728
наивная MLE,3.279207842294937
наивная MLE,12.32629082098402
наивная MLE,1.6905917896900189
наивная MLE,2.38373801666657
наивная MLE,2.6502391443989737
наивная MLE,2.0762200180092636
наивная MLE,1.7674615998606527
наивная MLE,4.65745690855576
наивная MLE,7.4200369727885604
наивная MLE,3.1252582830159645
наивная MLE,2.7946026964062716
наивная MLE,1.7483908192162068
наивная MLE,12.422000863828293
наивная MLE,0.7305902993511353
наивная MLE,8.613472414327482
наивная MLE,8.737853607003206
наивная MLE,11.845252908134471
наивная MLE,2.5701516396549593
наивная MLE,23.17680124020004
наивная MLE,10.080425829198816
наивная MLE,6.564267665144145
наивная MLE,4.682322944042802
наивная MLE,26.097079011537872
наивная MLE,7.705171924311533
наивная MLE,5.985908451862614
наивная MLE,4.777301043660083
наивная MLE,7.826169810485213
наивная MLE,3.4412233587808263
наивная MLE,6.44095112108997
наивная MLE,4.854451877296945
наивная MLE,4.187105577450548
наивная MLE,9.801407296881834
наивная MLE,15.850491424756534
наивная MLE,1.8738547286971994
наивная MLE,30.253277286309054
наивная MLE,6.579706466299446
наивная MLE,4.654141459871069
наивная MLE,2.945005214247977
наивная MLE,0.1583643603609709
наивная MLE,1.6906770043374053
наивная MLE,6.402684326200529
наивная MLE,6.459278686481745
наивная MLE,1.2426102579464364
наивная MLE,0.30468935591232404
наивная MLE,5.439567894424143
наивная MLE,12.736614475064885
наивная MLE,4.4449735135643555
наивная MLE,0.8979690741230947
наивная MLE,3.191691000706836
наивная MLE,4.599646696180304
наивная MLE,16.312995542752603
наивная MLE,7.766347154099526
наивная MLE,15.865170650726816
наивная MLE,1.2045887150445762
наивная MLE,5.439637059510108
наивная MLE,11.216425758644636
наивная MLE,8.586496748832582
наивная MLE,1.6812144458003733
наивная MLE,1.4588195419847763
наивная MLE,2.941643181922918
наивная MLE,8.84428168001357
наивная MLE,13.220289953762531
наивная MLE,4.757183435558258
наивная MLE,12.229597537153262
наивная MLE,10.533034878744123
наивная MLE,14.049852517848372
наивная MLE,13.240353994330771
наивная MLE,13.246814410585268
наивная MLE,10.032038855258785
наивная MLE,10.108512212601052
наивная MLE,3.8329680818385516
наивная MLE,6.1346249015635905
наивная MLE,7.896285964302537
наивная MLE,3.5827446945805557
наивная MLE,3.6945652618191063
наивная MLE,5.55830008189152
наивная MLE,5.00472648533285
наивная MLE,8.952854124170143
наивная MLE,3.970594325544828
наивная MLE,10.340395257033691
наивная MLE,7.445995776562556
наивная MLE,4.275495493069469
наивная MLE,0.6949567711015527
наивная MLE,13.142801162373898
наивная MLE,5.068478432029341
наивная MLE,2.7504942120477973
наивная MLE,6.286616478887446
наивная MLE,3.3804034796684927
наивная MLE,3.1441720125984958
наивная MLE,1.1491660215893023
наивная MLE,47.76022669463311
наивная MLE,5.463637229188605
наивная MLE,4.483418226575885
наивная MLE,6.785986794879048
наивная MLE,8.989316936070374
наивная MLE,3.055115889744107
наивная MLE,19.7520754397271
наивная MLE,1.7864621333039918
наивная MLE,13.939320138032269
наивная MLE,7.447153992577512
наивная MLE,6.1585400869951785
наивная MLE,0.7303543512724127
наивная MLE,2.681156000561095
наивная MLE,0.050927143716797164
наивная MLE,0.44386152170142135
наивная MLE,0.2772066549116487
наивная MLE,22.42325761899424
наивная MLE,2.7135715954432356
наивная MLE,7.1747162765613215
наивная MLE,9.107838114402178
наивная MLE,0.05872362812769097
наивная MLE,5.43207076044924
наивная MLE,2.3245201433798437
наивная MLE,11.743516746229126
наивная MLE,3.0073351143015223
наивная MLE,1.5730969711545923
наивная MLE,14.539100011973806
наивная MLE,4.836465046429252
наивная MLE,8.560111015755561
наивная MLE,5.553581291107268
наивная MLE,4.515644934584124
наивная MLE,3.389682336651209
наивная MLE,9.479026301151876
наивная MLE,1.6472284905254961
наивная MLE,7.802101055784817
наивная MLE,0.5139018345814482
наивная MLE,3.4808789344668924
наивная MLE,12.14314852899716
наивная MLE,1.444912617142559
наивная MLE,1.301377683424197
наивная MLE,2.106458894884233
наивная MLE,4.028141552549439
наивная MLE,4.288809770350876
наивная MLE,3.279481358865134
наивная MLE,21.1951335991454
наивная MLE,9.591624179179952
наивная MLE,2.7961525841212107
наивная MLE,7.793083943720441
наивная MLE,9.501259495715333
наивная MLE,1.4359967852966433
наивная MLE,0.47404807012840716
наивная MLE,12.57950100514736
наивная MLE,11.532886945781875
наивная MLE,4.179748994280847
наивная MLE,13.197897925999511
наивная MLE,6.628551999045796
наивная MLE,12.107211731617609
наивная MLE,14.566003832751672
наивная MLE,8.772863071928056
наивная MLE,3.29206093479261
наивная MLE,15.006940705972575
наивная MLE,7.210070496307963
наивная MLE,7.095084433774855
наивная MLE,7.81007141363014
наивная MLE,19.299733672690756
наивная MLE,3.5382065609538325
наивная MLE,12.345116371805489
наивная MLE,0.5616845584099538
наивная MLE,4.433732796496336
наивная MLE,3.0444786457593858
наивная MLE,5.348370428057574
наивная MLE,7.879361846100935
наивная MLE,4.473222226202143
наивная MLE,1.4518195640749352
наивная MLE,14.646401627227009
наивная MLE,11.20395073505581
наивная MLE,5.150844483889443
наивная MLE,8.528274485038935
наивная MLE,1.1914917399603882
наивная MLE,20.68933257011078
наивная MLE,4.6764443829205495
наивная MLE,9.976993015233568
наивная MLE,4.891668201125531
наивная MLE,8.148669471285508
наивная MLE,8.820612944833771
наивная MLE,4.375646878077206
наивная MLE,6.781343367686897
наивная MLE,2.8950965464855667
наивная MLE,8.323030112127965
наивная MLE,2.8802442982127667
наивная MLE,15.29699389919716
наивная MLE,12.580646665996282
наивная MLE,4.572409506908357
наивная MLE,6.09075422955566
наивная MLE,12.40661189323211
наивная MLE,3.2116114500355355
наивная MLE,6.932417804283967
наивная MLE,22.23359378363585
наивная MLE,1.4964966288907238
наивная MLE,9.950332934445603
наивная MLE,1.081652264151859
наивная MLE,3.541582265530776
наивная MLE,9.091492432233427
наивная MLE,6.679446690459981
наивная MLE,5.715711064322456
наивная MLE,5.119841237114349
наивная MLE,10.789016808521495
наивная MLE,24.692990698209034
наивная MLE,2.657523156264584
наивная MLE,5.7273397409131075
наивная MLE,10.712001813155027
наивная MLE,8.854232391004558
наивная MLE,9.35393197033952
наивная MLE,10.747940676022662
наивная MLE,5.6391591725615315
наивная MLE,24.566385402396147
наивная MLE,9.920333864478033
наивная MLE,2.3131976624018784
наивная MLE,7.617307430268303
наивная MLE,8.529983230456256
наивная MLE,10.620938728698995
наивная MLE,9.731795872050023
наивная MLE,7.480534219313853
наивная MLE,3.788718043467477
наивная MLE,6.558392564120936
наивная MLE,7.549976410047293
наивная MLE,15.866089081150829
наивная MLE,11.009913761786054
наивная MLE,3.48367415577614
наивная MLE,6.253554444044333
наивная MLE,4.920772430733523
наивная MLE,13.829871217709401
наивная MLE,7.637124594614368
наивная MLE,7.10910129900552
наивная MLE,5.232565571665228
наивная MLE,5.167593664083316
наивная MLE,3.5117390962932906
наивная MLE,0.40398037497921824
наивная MLE,8.12901877889994
наивная MLE,5.273830873682769
наивная MLE,5.376224639498031
наивная MLE,10.48683331450729
наивная MLE,6.356800886759051
наивная MLE,0.7429821789711027
наивная MLE,1.8035339014333618
наивная MLE,5.12406193988333
наивная MLE,6.181841475089397
наивная MLE,6.45019317172576
наивная MLE,4.753786073915122
наивная MLE,2.604186235165188
наивная MLE,5.532546038550521
наивная MLE,1.2669043879652129
наивная MLE,6.859617857164753
наивная MLE,8.466325925955184
наивная MLE,5.809921626546874
наивная MLE,16.95493060589627
наивная MLE,0.8935443603273613
наивная MLE,4.964646002643435
наивная MLE,9.242744600108834
наивная MLE,5.8593584739886015
наивная MLE,5.340323679637911
наивная MLE,1.5284408192992747
наивная MLE,6.13565269570084
наивная MLE,3.8337840349205177
наивная MLE,8.309335797445593
наивная MLE,4.526507127801827
наивная MLE,6.406951136372952
наивная MLE,12.878640720347814
наивная MLE,5.993157742397759
наивная MLE,9.847142982875306
наивная MLE,3.463866850277033
наивная MLE,8.053322570441527
наивная MLE,4.628506554568925
наивная MLE,12.214813175163837
наивная MLE,3.838752178235689
наивная MLE,9.601147817496377
наивная MLE,4.239138899297499
наивная MLE,4.675151242446919
наивная MLE,7.7768653361051445
наивная MLE,19.9338105341684
наивная MLE,4.2850833530999095
наивная MLE,12.509204755826469
наивная MLE,12.599623973817204
наивная MLE,19.524205581615686
наивная MLE,0.7417932867173184
наивная MLE,5.873126117421213
наивная MLE,13.672539009823408
наивная MLE,12.85538196088138
наивная MLE,3.5621709549801115
наивная MLE,5.401173026606382
наивная MLE,18.00175968544994
наивная MLE,3.6676643175990757
наивная MLE,3.61587562943104
наивная MLE,6.220610805134789
наивная MLE,14.39192484437639
наивная MLE,1.3664610902580827
наивная MLE,9.450069817976186
наивная MLE,8.074189264162563
наивная MLE,13.309495943554527
наивная MLE,7.800575317818058
наивная MLE,1.4013025923508295
наивная MLE,1.518222624121301
наивная MLE,9.238853271742252
наивная MLE,3.3508591840826742
наивная MLE,9.790935439908754
наивная MLE,1.185324422573742
наивная MLE,17.540351576015063
наивная MLE,30.237334190351014
наивная MLE,12.638396527831045
наивная MLE,9.555476743218815
наивная MLE,11.30828184435811
наивная MLE,1.1966914440013385
наивная MLE,9.150740926592944
наивная MLE,9.02185107837174
наивная MLE,3.4544331547678846
наивная MLE,9.65973342343593
наивная MLE,7.08122051415785
наивная MLE,2.15576903805346
наивная MLE,16.994330733922435
наивная MLE,3.3657190931063936
наивная MLE,6.18238930841934
наивная MLE,6.794403551445044
наивная MLE,19.402106129797872
наивная MLE,5.416122293937382
наивная MLE,2.082260854707951
наивная MLE,8.388261290564163
наивная MLE,15.275251193074086
наивная MLE,15.676197180063571
наивная MLE,9.551181218387121
наивная MLE,6.469651519332531
наивная MLE,12.832279934028634
наивная MLE,11.883674377832401
наивная MLE,10.373594657048377
наивная MLE,1.7665319200710297
наивная MLE,5.994810670592494
наивная MLE,0.6560846884450857
наивная MLE,4.616375374652843
наивная MLE,19.14066516830109
наивная MLE,32.70977009533152
наивная MLE,23.058485313047075
наивная MLE,14.008656395347309
наивная MLE,12.165996592077759
наивная MLE,1.656299748715272
наивная MLE,4.622834441459894
наивная MLE,0.18314787059518065
наивная MLE,14.789671746151118
наивная MLE,18.11837902162136
наивная MLE,1.5443760562607576
наивная MLE,2.059764542970808
наивная MLE,4.6670932443399336
наивная MLE,7.174660973154982
наивная MLE,12.04488352007662
наивная MLE,9.86075637622359
наивная MLE,11.46550878493203
наивная MLE,6.287991852863438
наивная MLE,27.893825914350977
наивная MLE,5.723980724882515
наивная MLE,13.96325811178366
наивная MLE,3.2678187915920542
наивная MLE,4.260343650836287
наивная MLE,5.742573448688786
наивная MLE,12.193610702702648
наивная MLE,4.583770777715032
наивная MLE,2.3920254908619922
наивная MLE,2.569905431453503
наивная MLE,16.097705785386147
наивная MLE,9.720264121468288
наивная MLE,21.615792805491324
наивная MLE,0.9461325995047194
наивная MLE,10.936288608072429
наивная MLE,7.303177852429587
наивная MLE,3.1420777318246937
наивная MLE,3.9998063283093512
наивная MLE,9.074889034980577
наивная MLE,0.6834372223902195
наивная MLE,8.041069218447646
наивная MLE,17.96182251280622
наивная MLE,7.758203784172652
наивная MLE,3.2013926327338043
наивная MLE,2.398826398497788
наивная MLE,6.04530858804371
наивная MLE,4.695796772433482
наивная MLE,10.03572205291107
наивная MLE,1.0516475078652403
наивная MLE,1.1515414347085247
наивная MLE,2.4509913155167724
наивная MLE,10.116837362001757
наивная MLE,2.6344096805227384
наивная MLE,4.356765901327125
наивная MLE,2.4743041289435794
наивная MLE,17.131386675280048
наивная MLE,5.43699802083223
наивная MLE,1.8809636694143483
наивная MLE,4.969722299873826
наивная MLE,2.5744379326747655
наивная MLE,1.2167594366738068
наивная MLE,10.056333187253143
наивная MLE,2.320493304816427
наивная MLE,15.634292804687066
наивная MLE,7.885120535186406
наивная MLE,10.263532961566609
наивная MLE,3.9117979008758805
наивная MLE,12.46045761378416
наивная MLE,12.426630626640433
наивная MLE,12.061743685249555
наивная MLE,9.244185684023101
наивная MLE,26.428512573904438
наивная MLE,6.227371542341125
наивная MLE,12.686677987910494
наивная MLE,5.435182274846276
наивная MLE,21.908317700939605
наивная MLE,2.748527625716254
наивная MLE,3.9825782603820907
наивная MLE,5.845090296728079
наивная MLE,11.864078052710225
наивная MLE,9.231004261019645
наивная MLE,3.772303451214508
наивная MLE,9.41949012111024
наивная MLE,2.95648482374401
наивная MLE,15.895986672302401
наивная MLE,35.270020928140966
наивная MLE,23.945928653895663
наивная MLE,8.073530757111698
наивная MLE,10.940388081828594
наивная MLE,0.4321652269754783
наивная MLE,10.266282238864452
наивная MLE,3.5823960715466514
наивная MLE,6.391673784932422
наивная MLE,2.692346402502187
наивная MLE,5.677747898639696
наивная MLE,13.370024501434608
наивная MLE,6.729483579274563
наивная MLE,8.056084486444307
наивная MLE,5.37311811374745
наивная MLE,16.618383214473486
наивная MLE,3.975460948724656
наивная MLE,12.057622577775662
наивная MLE,8.933092360356026
наивная MLE,9.200898551946425
наивная MLE,8.244995291336545
наивная MLE,6.510156926335437
наивная MLE,6.841494176397016
наивная MLE,3.297685711466838
наивная MLE,4.26076108706953
наивная MLE,2.9806576366876585
наивная MLE,12.008174548819103
наивная MLE,0.3421157953904417
наивная MLE,19.602387316593177
наивная MLE,7.707547697180049
наивная MLE,5.6695215379118835
наивная MLE,11.352000793134634
наивная MLE,13.267350528743838
наивная MLE,10.031535574800921
наивная MLE,0.6978242574047986
наивная MLE,13.144986635268166
наивная MLE,3.319392268917333
наивная MLE,2.9671756769872575
наивная MLE,10.555728615551628
наивная MLE,4.612365993947771
наивная MLE,2.871976053804552
наивная MLE,14.480602505027246
наивная MLE,5.665937544035909
наивная MLE,7.735406133226883
наивная MLE,1.7810368112238586
наивная MLE,24.15146340074913
наивная MLE,6.55385895234371
наивная MLE,15.992221068035967
наивная MLE,7.7479281928984856
наивная MLE,12.873937376715325
наивная MLE,2.3982692102249334
наивная MLE,5.4162403364928755
наивная MLE,3.379411049057092
наивная MLE,0.11646076681140538
наивная MLE,1.8764013571958276
наивная MLE,29.296552063321744
наивная MLE,8.134614799250027
наивная MLE,6.321923980383403
наивная MLE,15.066455633755446
наивная MLE,11.353113930075374
наивная MLE,10.662485578341698
наивная MLE,6.884739910887189
наивная MLE,7.610525574371854
наивная MLE,17.49722401048166
наивная MLE,1.776919635222954
наивная MLE,0.525711415322918
наивная MLE,2.9610916825649873
наивная MLE,4.412470567704853
наивная MLE,0.026488293172302432
наивная MLE,2.3222871923835418
наивная MLE,4.179089913157258
наивная MLE,0.6138541342683401
наивная MLE,7.88102601043286
наивная MLE,13.167881990683428
наивная MLE,15.707063117981846
наивная MLE,13.478903876143038
наивная MLE,8.793380088194327
наивная MLE,17.092497678074903
наивная MLE,2.9133920012985435
наивная MLE,8.850875186789125
наивная MLE,6.402943008793399
наивная MLE,5.750905156160829
наивная MLE,2.7161196474130285
наивная MLE,3.2868590355757585
наивная MLE,10.25902350651921
наивная MLE,11.995838013245173
наивная MLE,26.526879382585555
наивная MLE,4.786423868331109
наивная MLE,0.9575011859540026
наивная MLE,7.235214685297256
наивная MLE,17.077490550029204
наивная MLE,13.264932440043005
наивная MLE,14.157288172816973
наивная MLE,2.075835197191997
наивная MLE,2.2072037635720503
наивная MLE,7.583827456694648
наивная MLE,4.112718739844271
наивная MLE,7.247702706255877
наивная MLE,10.033649994120966
наивная MLE,7.175914995400614
наивная MLE,3.591646265864581
наивная MLE,11.410194210093074
наивная MLE,3.4274352697986057
наивная MLE,2.1049312999751555
наивная MLE,5.705503371780782
наивная MLE,8.939327915365464
наивная MLE,2.1766707754828483
наивная MLE,0.5168936018916462
наивная MLE,7.888262845283618
наивная MLE,5.856887467720107
наивная MLE,2.7460122452107085
наивная MLE,7.529167475712318
наивная MLE,12.699938314775656
наивная MLE,10.804061480707876
наивная MLE,11.527461917973815
наивная MLE,3.0423154163992336
наивная MLE,17.74909715298914
наивная MLE,38.61726431769984
наивная MLE,6.446235668391214
наивная MLE,5.269762045746632
наивная MLE,3.1714433177351316
наивная MLE,7.591350119326198
наивная MLE,18.849502169596704
наивная MLE,10.70436674996199
наивная MLE,6.96789070690002
наивная MLE,14.223968806815844
наивная MLE,4.110389257529685
наивная MLE,2.8438048543404255
наивная MLE,8.109621119780874
наивная MLE,1.3481767454729459
наивная MLE,4.018469254928243
наивная MLE,9.606043686264801
наивная MLE,9.413547740260666
наивная MLE,4.700561291983243
наивная MLE,2.941608356344125
наивная MLE,4.2650516666580875
наивная MLE,4.726650139778886
наивная MLE,11.380040331172872
наивная MLE,0.5278194288367921
наивная MLE,17.350445674904794
наивная MLE,4.34719711858212
наивная MLE,10.10984574639376
наивная MLE,3.38504844657645
наивная MLE,1.3922123689473336
наивная MLE,2.6822508980242428
наивная MLE,13.067916058736776
наивная MLE,2.721904997384307
наивная MLE,4.954824083241732
наивная MLE,4.532628378338713
наивная MLE,3.8065481054748984
наивная MLE,5.035166600028423
наивная MLE,0.20047597258302643
наивная MLE,5.898639146081346
наивная MLE,0.10339335565289724
наивная MLE,6.318141134131
наивная MLE,4.235624834194999
наивная MLE,12.379885569552705
наивная MLE,9.112321464048204
наивная MLE,1.6914849396187925
наивная MLE,2.6541775023061307
наивная MLE,7.496383404732307
наивная MLE,1.3471521324463664
наивная MLE,15.941312793381952
наивная MLE,12.901748516926931
наивная MLE,19.896828997586713
наивная MLE,3.37765073039533
наивная MLE,10.643116034964242
наивная MLE,11.029758428248703
наивная MLE,11.852906872518636
наивная MLE,3.012146901223932
наивная MLE,14.43540312838331
наивная MLE,4.266690063579792
наивная MLE,40.35064698149453
наивная MLE,0.6229352361839929
наивная MLE,1.5226180408176937
наивная MLE,5.479963675575478
наивная MLE,5.299630841138986
наивная MLE,17.03997948147885
наивная MLE,6.644625669258252
наивная MLE,9.189815329929012
наивная MLE,2.5272750547893374
наивная MLE,0.7331375975740797
наивная MLE,1.4993070802957187
наивная MLE,4.778001230950017
наивная MLE,7.789035518378226
наивная MLE,4.712319660171229
наивная MLE,3.069832065088229
наивная MLE,3.585784394568101
наивная MLE,4.1097428801297395
наивная MLE,2.8549579998221866
наивная MLE,2.3661112888560005
наивная MLE,3.845905985921519
наивная MLE,3.9127467396925275
наивная MLE,24.425737021756788
наивная MLE,5.593317751548094
наивная MLE,0.6110780902345706
наивная MLE,0.4944439039103788
наивная MLE,3.683895647515392
наивная MLE,1.7560581148881342
наивная MLE,3.2762888776552566
наивная MLE,7.983582962490443
наивная MLE,3.01150821407252
наивная MLE,12.070308953801295
наивная MLE,1.8040849934117196
наивная MLE,14.115398762767322
наивная MLE,1.691226711623031
наивная MLE,23.944073145989734
наивная MLE,4.878023936667822
наивная MLE,19.097966056982887
наивная MLE,10.370491514650755
наивная MLE,4.576961070173077
наивная MLE,4.739748289942564
наивная MLE,14.519641647936082
наивная MLE,8.258520804274896
наивная MLE,10.012807366097281
наивная MLE,7.4906668776417895
наивная MLE,8.691524596238052
наивная MLE,5.500479358319646
наивная MLE,5.724265676200252
наивная MLE,17.431816853763955
наивная MLE,6.480901735737085
наивная MLE,5.050009499160536
наивная MLE,11.33667185044403
наивная MLE,33.44892327982627
наивная MLE,5.244065478908464
наивная MLE,6.858224862152759
наивная MLE,6.203091176910181
наивная MLE,3.4048351031010258
наивная MLE,4.029892247709289
наивная MLE,15.296195511953691
наивная MLE,13.914583236132989
наивная MLE,7.874508863584822
наивная MLE,6.637183478154377
наивная MLE,12.138932153743456
наивная MLE,1.658157744284571
наивная MLE,1.3033605057238
наивная MLE,12.753691878163206
наивная MLE,7.6557681648782046
наивная MLE,5.290449471993131
наивная MLE,4.734757750320027
наивная MLE,5.901760158924686
наивная MLE,3.5389569261395963
наивная MLE,22.01151869222569
наивная MLE,3.653899988676375
наивная MLE,7.813382829296731
наивная MLE,3.5087818347866393
наивная MLE,4.379347255175977
наивная MLE,0.7125718431920951
наивная MLE,5.2800992771415505
наивная MLE,4.926442568696643
наивная MLE,3.678502277866291
наивная MLE,6.169142084368468
наивная MLE,7.452978234988167
наивная MLE,4.34762385758242
наивная MLE,1.8256910639780657
наивная MLE,7.096267746485159
наивная MLE,3.5620466408721865
наивная MLE,1.0420823984287442
наивная MLE,8.124003814030134
наивная MLE,5.027175380738803
наивная MLE,1.6548601008084045
наивная MLE,13.231985347910559
наивная MLE,11.416386476901405
наивная MLE,9.92343053114293
наивная MLE,4.392144041861364
наивная MLE,3.325636113392721
наивная MLE,2.093770226055041
наивная MLE,8.061773691810904
наивная MLE,2.46082468377197
наивная MLE,0.7125672210977896
наивная MLE,0.3242041308648813
наивная MLE,8.62948920939936
наивная MLE,4.176109305018037
наивная MLE,1.8852237961802976
наивная MLE,6.00262579502781
наивная MLE,7.97643946372166
наивная MLE,5.186007087322326
наивная MLE,6.938275931512879
наивная MLE,5.5128178170599655
наивная MLE,1.5275820706199363
наивная MLE,7.167203150282491
наивная MLE,11.010277618788352
наивная MLE,9.634447123335388
наивная MLE,1.8900316818724106
наивная MLE,7.636458404753224
наивная MLE,7.456188974506706
наивная MLE,10.003839915962244
наивная MLE,1.1506703092122534
наивная MLE,6.946954509404349
наивная MLE,9.485847319078418
наивная MLE,3.847421331762454
наивная MLE,3.026074747199491
наивная MLE,8.569740512777157
наивная MLE,20.49524958514688
наивная MLE,6.7767174744057534
наивная MLE,3.104621601342569
наивная MLE,4.1203971179338925
наивная MLE,1.3235188992487368
наивная MLE,0.13811582575432543
наивная MLE,4.444041244757662
наивная MLE,7.761140413965545
наивная MLE,6.317692696601252
наивная MLE,14.698624543668032
наивная MLE,2.3790637578311804
наивная MLE,2.5591904528582883
наивная MLE,9.486776167920668
наивная MLE,6.566496319856648
наивная MLE,0.100197049648928
наивная MLE,3.361978637613812
наивная MLE,6.140339605602929
наивная MLE,12.458817100237034
наивная MLE,4.788086658303097
наивная MLE,2.0588441072889863
наивная MLE,2.04901723997871
наивная MLE,14.555045596510531
наивная MLE,12.006447672578842
наивная MLE,1.2353153193300437
наивная MLE,5.600004659406245
наивная MLE,8.26181148164647
наивная MLE,7.369844669214573
наивная MLE,8.829100978485403
наивная MLE,15.211116354140142
наивная MLE,6.335119818656456
наивная MLE,1.5086616726178008
наивная MLE,6.990115157000456
наивная MLE,8.190748735597598
наивная MLE,6.643330600959138
наивная MLE,15.311730107870684
наивная MLE,10.15018938740915
наивная MLE,7.857336548408728
наивная MLE,4.472345106547818
наивная MLE,3.7193843812084966
наивная MLE,3.0705249825759844
наивная MLE,13.865755647425388
наивная MLE,5.606923799977228
наивная MLE,7.701054317027519
наивная MLE,11.54199229105697
наивная MLE,11.36407176249038
наивная MLE,7.759048638916254
наивная MLE,7.714025126103969
наивная MLE,13.214718262608677
наивная MLE,7.433596020849595
наивная MLE,0.4115314641073892
наивная MLE,7.834607677957681
наивная MLE,4.3928781849933
наивная MLE,8.98716220081043
наивная MLE,10.6088338972611
наивная MLE,2.496448194327144
наивная MLE,6.2889158427904865
наивная MLE,8.347426060050704
наивная MLE,26.208791335142216
наивная MLE,10.266374758942487
наивная MLE,5.848671823722105
наивная MLE,15.36719150289614
наивная MLE,3.9536091014929937
наивная MLE,4.966759107645578
наивная MLE,5.313365419278659
наивная MLE,2.245730591710534
наивная MLE,2.8625949945998626
наивная MLE,3.5356017856353543
наивная MLE,2.4512506956308266
наивная MLE,0.2185157631655233
наивная MLE,4.751528111313329
наивная MLE,13.489557680728236
наивная MLE,3.180820752215994
наивная MLE,7.894961881931491
наивная MLE,3.0103561455064605
наивная MLE,6.901444897664703
наивная MLE,6.80699819566036
наивная MLE,9.46542247389209
наивная MLE,0.5241634444886081
наивная MLE,5.2150180289593715
наивная MLE,2.8342283591015422
наивная MLE,1.393969632117119
наивная MLE,15.141762317630011
наивная MLE,2.025899001316431
наивная MLE,7.121718342409666
наивная MLE,3.388863083920549
наивная MLE,15.502702356432668
наивная MLE,6.170016508178712
наивная MLE,3.72602912032677
наивная MLE,2.269283759389258
наивная MLE,1.862085239966294
наивная MLE,0.9703762954220523
наивная MLE,1.9140539595515238
наивная MLE,1.9481330671989276
наивная MLE,1.245080929988424
наивная MLE,3.878261622330906
наивная MLE,3.4334011887793054
наивная MLE,10.857834061358208
наивная MLE,0.5579839841027205
наивная MLE,1.6323484720858237
наивная MLE,3.8382781560880432
наивная MLE,2.8871109578855716
наивная MLE,9.18648965144035
наивная MLE,6.777155184407746
наивная MLE,5.821848018592125
наивная MLE,3.704831995484259
наивная MLE,2.654466939342652
наивная MLE,10.810026255393218
наивная MLE,6.4599589896108744
наивная MLE,18.79005432780048
наивная MLE,7.6683057679212965
наивная MLE,1.4522521817308771
наивная MLE,8.838341916842435
наивная MLE,11.42883749577707
наивная MLE,3.7062428290716896
наивная MLE,0.54433745114725
наивная MLE,8.674087137807359
наивная MLE,6.40780981271162
наивная MLE,3.0437468173853044
наивная MLE,10.530291995595467
наивная MLE,13.787021745989767
наивная MLE,9.889552827295317
наивная MLE,0.9800004781964318
наивная MLE,4.92547983804682
наивная MLE,31.63018822614654
наивная MLE,16.178910832815014
наивная MLE,3.687808688893975
наивная MLE,3.1197610552860686
наивная MLE,5.233143680261511
наивная MLE,3.041300527151419
наивная MLE,0.3701574957486271
наивная MLE,4.980506883556342
наивная MLE,3.806488924083044
наивная MLE,11.076803513403888
наивная MLE,15.460351646890937
наивная MLE,3.8558764096073563
наивная MLE,3.8667849877037095
наивная MLE,12.998934735444474
наивная MLE,14.169703793914374
наивная MLE,8.02635256994051
наивная MLE,3.854211278436209
наивная MLE,9.136050173139918
наивная MLE,5.323729477030052
наивная MLE,5.999744409222466
наивная MLE,6.687479824921748
наивная MLE,12.768861526073177
наивная MLE,2.1381578152803167
наивная MLE,10.559460647790079
наивная MLE,4.53046087131447
наивная MLE,2.7115916743175923
наивная MLE,10.353521124177915
наивная MLE,0.7912832830332983
наивная MLE,9.437098375000032
наивная MLE,2.496991493520395
наивная MLE,10.95864355074858
наивная MLE,8.568596077115801
наивная MLE,13.099645099501316
наивная MLE,2.317128853637739
наивная MLE,4.092368433243279
наивная MLE,9.1644492860328
наивная MLE,5.512521764753019
наивная MLE,9.466511845435388
наивная MLE,0.4566980884534506
наивная MLE,25.556710330765352
наивная MLE,3.0612609087596354
наивная MLE,0.730328422444023
наивная MLE,9.46993987570538
наивная MLE,2.101888023148177
наивная MLE,3.5608336757631487
наивная MLE,12.87674282075611
наивная MLE,4.025221184814549
наивная MLE,1.2511738074586594
наивная MLE,1.8639422289158394
наивная MLE,6.117147454666985
наивная MLE,4.164964685494435
наивная MLE,16.309577335441546
наивная MLE,9.612376937543722
наивная MLE,3.7341351537057688
наивная MLE,19.738875173294307
наивная MLE,10.251587677241398
наивная MLE,4.799728153774134
наивная MLE,0.6814549527225813
наивная MLE,2.152524397412962
наивная MLE,1.3743610910165123
наивная MLE,7.280546289057883
наивная MLE,16.966692191683745
наивная MLE,7.89900601093279
наивная MLE,1.0763174652757874
наивная MLE,9.83482524810814
наивная MLE,7.367732105400824
наивная MLE,1.6655891973031831
наивная MLE,1.783321401804568
наивная MLE,2.251283830386994
наивная MLE,30.380374483261917
наивная MLE,11.086073272650932
наивная MLE,8.087057567938974
наивная MLE,7.272556556124821
наивная MLE,5.000364953383649
наивная MLE,3.074279816120104
наивная MLE,7.853710094926701
наивная MLE,2.440305893668108
наивная MLE,6.973845721418485
наивная MLE,13.487011382417109
наивная MLE,2.6968169500055295
наивная MLE,7.197602412095577
наивная MLE,0.6103020260410961
наивная MLE,4.752686671710531
наивная MLE,13.942840620631966
наивная MLE,7.790051014677263
наивная MLE,9.652711540352236
наивная MLE,14.149360267998505
наивная MLE,3.714622070395692
наивная MLE,3.1162258426893854
наивная MLE,11.464636440463329
наивная MLE,1.4696003274304723
наивная MLE,5.8889183829437055
наивная MLE,9.263404874037946
наивная MLE,17.383937860977685
наивная MLE,3.43114936615309
наивная MLE,0.8270328254905216
наивная MLE,4.424299903529322
наивная MLE,0.40358238177480527
наивная MLE,6.880050364843699
наивная MLE,5.9362449235377985
наивная MLE,9.322766824458652
наивная MLE,9.689506891508369
наивная MLE,10.180574215784977
наивная MLE,6.516380010583415
наивная MLE,12.7215091217241
наивная MLE,3.6295255581061774
наивная MLE,13.676740353811425
наивная MLE,18.653441901077215
наивная MLE,6.79184202709175
наивная MLE,8.375398800060136
наивная MLE,6.797394081560513
наивная MLE,6.5402899661226135
наивная MLE,4.052346255412455
наивная MLE,12.222937600451395
наивная MLE,5.261263198629256
наивная MLE,17.38245962774454
наивная MLE,10.483418322072401
наивная MLE,6.792853213960023
наивная MLE,3.2935455729902445
наивная MLE,9.183208145923476
наивная MLE,5.151990138258967
наивная MLE,8.706337841264325
наивная MLE,4.662805421307893
наивная MLE,12.988766055869077
наивная MLE,9.656447956521
наивная MLE,21.80959703373884
наивная MLE,3.083659057292364
наивная MLE,4.605492182772004
наивная MLE,3.184949196197589
наивная MLE,6.8366045273342575
наивная MLE,11.252419353654897
наивная MLE,3.5583105114944074
наивная MLE,6.3086667952469675
наивная MLE,7.951267384419361
наивная MLE,6.967517781149475
наивная MLE,13.205832145338174
наивная MLE,2.4070318534658686
наивная MLE,16.714033809036643
наивная MLE,13.21134630941333
наивная MLE,4.034752755009942
наивная MLE,12.663669458790359
наивная MLE,10.559757239916973
наивная MLE,6.921921634887555
наивная MLE,18.769138670724352
наивная MLE,3.036998117071625
наивная MLE,13.76517265737406
наивная MLE,20.67290332081772
наивная MLE,7.373737899399707
наивная MLE,3.7586194795429857
наивная MLE,5.231100484850141
наивная MLE,4.989449512373826
наивная MLE,11.634381411168317
наивная MLE,4.858123468814358
наивная MLE,19.9706564286576
наивная MLE,5.4816163257679875
наивная MLE,4.005559993713418
наивная MLE,5.48937015884561
наивная MLE,0.6632759264724966
наивная MLE,8.978816732518617
наивная MLE,16.63041633420461
наивная MLE,6.458425248667167
наивная MLE,27.505535288320516
наивная MLE,3.046155350940514
наивная MLE,3.0507676404560993
наивная MLE,10.615504854953775
наивная MLE,12.556710998420202
наивная MLE,4.270060363142415
наивная MLE,1.0279747111016977
наивная MLE,5.386356078077615
наивная MLE,5.834507749641944
наивная MLE,18.393568319547892
наивная MLE,4.576648103496701
наивная MLE,13.904575354063756
наивная MLE,3.7065811898775127
наивная MLE,4.48382415337399
наивная MLE,3.3395845606854166
наивная MLE,4.032819616366227
наивная MLE,2.789067075166269
наивная MLE,17.705383045030345
наивная MLE,7.813824457927985
наивная MLE,6.302214845103982
наивная MLE,7.25014434109125
наивная MLE,5.650498868107182
наивная MLE,9.772991729139836
наивная MLE,3.5086746439612724
наивная MLE,4.259443228087786
наивная MLE,13.078035158994032
наивная MLE,0.5859704365293551
наивная MLE,2.8280002418234207
наивная MLE,8.995994073258393
наивная MLE,8.277553126117638
наивная MLE,11.092485441708918
наивная MLE,5.252345919279663
наивная MLE,6.494191731587834
наивная MLE,10.873054138916533
наивная MLE,5.221417839982365
наивная MLE,2.509142385898739
наивная MLE,8.218385633884626
наивная MLE,3.0081380698147404
наивная MLE,1.6034846039001962
наивная MLE,10.550277815899744
наивная MLE,13.196508448496175
наивная MLE,7.118712758902211
наивная MLE,2.9043543961504987
наивная MLE,5.252206729467501
наивная MLE,0.3358658060910121
наивная MLE,6.500133610273303
наивная MLE,9.371463985162853
наивная MLE,1.8787959919393842
наивная MLE,2.1466838645018083
наивная MLE,6.039030016071383
наивная MLE,3.753178894399874
наивная MLE,15.666226875923558
наивная MLE,4.21779501434559
наивная MLE,0.6960180997631843
наивная MLE,7.787055342413481
наивная MLE,12.375564532132119
наивная MLE,8.855942880435144
наивная MLE,6.530731242931237
наивная MLE,6.095442337156396
наивная MLE,1.9484019201397154
наивная MLE,3.9842169699566186
наивная MLE,5.4185295639136495
наивная MLE,7.993178894858319
наивная MLE,8.908705943605083
наивная MLE,4.255704542122976
наивная MLE,10.262226244309808
наивная MLE,1.5932448829924186
наивная MLE,18.019958369896663
наивная MLE,8.50118799588295
наивная MLE,14.3827385202293
наивная MLE,1.3742471066800535
наивная MLE,3.8678150859798266
наивная MLE,8.829463599112659
наивная MLE,4.984890685687339
наивная MLE,4.067204987341518
наивная MLE,39.51110201358502
наивная MLE,6.666619500332963
наивная MLE,8.594650710885663
наивная MLE,4.358181308873672
наивная MLE,1.0965759537888544
наивная MLE,3.968927814618142
наивная MLE,5.952531450935795
наивная MLE,18.8972173279712
наивная MLE,4.816178974497267
наивная MLE,5.377189523691303
наивная MLE,0.8921918039228659
наивная MLE,8.337425418797697
наивная MLE,8.54082224180134
наивная MLE,13.163600934709706
наивная MLE,0.8765962608217228
наивная MLE,3.557104666508043
наивная MLE,8.762164987088585
наивная MLE,8.607617203492607
наивная MLE,8.482537911713909
наивная MLE,5.832580858587858
наивная MLE,7.395914959521617
наивная MLE,4.807036838069611
наивная MLE,11.916542859406766
наивная MLE,1.6243923080582447
наивная MLE,6.663311537791028
наивная MLE,1.253838290098641
наивная MLE,21.244299057531006
наивная MLE,9.576727179569621
наивная MLE,6.883778316673679
наивная MLE,3.203137241172707
наивная MLE,9.411596871645848
наивная MLE,2.060303202312915
наивная MLE,4.56136473881916
наивная MLE,3.6125522317601777
наивная MLE,3.9660516209723085
наивная MLE,11.59963358785286
наивная MLE,11.357827591138056
наивная MLE,8.002935381548491
наивная MLE,9.081133187865898
наивная MLE,6.686481766076814
наивная MLE,11.471745919108345
наивная MLE,4.1893639417612505
наивная MLE,23.555617709450477
наивная MLE,4.230882801590312
наивная MLE,10.988143232114641
наивная MLE,9.278702006531775
наивная MLE,6.014369151900224
наивная MLE,5.969732947997565
наивная MLE,3.6752566905732
наивная MLE,5.952846575490568
наивная MLE,6.576851955921545
наивная MLE,2.5860628586307106
наивная MLE,7.862983427960783
наивная MLE,0.4397322371081287
наивная MLE,5.8173451102259275
наивная MLE,7.58555555559769
наивная MLE,12.88694184772451
наивная MLE,2.80849057001588
наивная MLE,19.645454919598702
наивная MLE,7.305928457192639
наивная MLE,1.1167608366985353
наивная MLE,9.130639683753836
наивная MLE,14.587312766198131
наивная MLE,3.1890159111521488
наивная MLE,8.128395265129514
наивная MLE,0.44581956852036403
наивная MLE,6.364723618135115
наивная MLE,3.573587875467877
наивная MLE,3.4344600769460127
наивная MLE,5.752556165974524
наивная MLE,4.4193868159094745
наивная MLE,12.191305611104603
наивная MLE,3.5657561286843054
наивная MLE,5.671184235465711
наивная MLE,2.499574753936919
наивная MLE,1.1574583475939755
наивная MLE,5.666757315125535
наивная MLE,5.567984724509937
наивная MLE,7.463709740709869
наивная MLE,5.123137408142248
наивная MLE,18.627907264725334
наивная MLE,0.14062596232997202
наивная MLE,16.033453489453954
наивная MLE,6.141035082986159
наивная MLE,2.3630111475686464
наивная MLE,10.164783850957962
наивная MLE,9.840591000334413
наивная MLE,26.094280863811335
наивная MLE,8.545789051460156
наивная MLE,2.2348641688674036
наивная MLE,12.88197633304947
наивная MLE,15.234628582532446
наивная MLE,3.91943516368133
наивная MLE,7.884300177115119
наивная MLE,7.109617556588555
наивная MLE,3.0935357119096407
наивная MLE,6.695240385838446
наивная MLE,15.70876112290699
наивная MLE,18.368644695823495
наивная MLE,0.3134321095369006
наивная MLE,7.158699241488548
наивная MLE,0.5420527179807877
наивная MLE,1.5951240039066779
наивная MLE,6.041672265446503
наивная MLE,2.0575449055194293
наивная MLE,2.4218397114324484
наивная MLE,7.681635603882005
наивная MLE,11.198304064979236
наивная MLE,12.260556587153493
наивная MLE,2.332771500697941
наивная MLE,1.802401123234761
наивная MLE,19.029638329015167
наивная MLE,12.934998435881266
наивная MLE,4.495169141863549
наивная MLE,3.930681187888399
наивная MLE,0.31901968570101463
наивная MLE,30.31765787561035
наивная MLE,12.357880012288446
наивная MLE,11.682274835145975
наивная MLE,7.077761844345102
наивная MLE,6.631007246702276
наивная MLE,1.0240525867269024
наивная MLE,8.22292405773108
наивная MLE,11.676099732610599
наивная MLE,2.8219510126730714
наивная MLE,22.10963606324153
наивная MLE,1.6098667314048645
наивная MLE,5.60803427816184
наивная MLE,2.150762384908096
наивная MLE,5.074209290937007
наивная MLE,5.95810099462546
наивная MLE,9.494563197462071
наивная MLE,10.813438063038438
наивная MLE,3.7162438126378916
наивная MLE,8.478154483249638
наивная MLE,15.660529294580577
наивная MLE,14.645611468629587
наивная MLE,7.067567450821282
наивная MLE,4.1765729470672355
наивная MLE,18.48251029145953
наивная MLE,7.372379255220248
наивная MLE,0.1422884085586945
наивная MLE,1.6508425861913536
наивная MLE,14.886545563456005
наивная MLE,12.821465162770702
наивная MLE,3.5908784994786416
наивная MLE,7.874333506851684
наивная MLE,6.1901745591405035
наивная MLE,6.538438178235408
наивная MLE,5.412511579675337
наивная MLE,2.9584444622634014
наивная MLE,2.541433192643388
наивная MLE,4.046709128079569
наивная MLE,21.20453443790833
наивная MLE,12.412270031841805
наивная MLE,25.157919291118702
наивная MLE,4.3278888959002915
наивная MLE,7.111002784269694
наивная MLE,0.2802943152746338
наивная MLE,2.795586390730568
наивная MLE,23.390891650138492
наивная MLE,3.282475299560965
наивная MLE,1.5590621278382002
наивная MLE,25.590969792058218
наивная MLE,3.696113720620109
наивная MLE,15.787948280602569
наивная MLE,1.521389432252895
наивная MLE,5.24990087800929
наивная MLE,5.791801651719722
наивная MLE,18.642747207310837
наивная MLE,0.7825945595529029
наивная MLE,8.462019287408527
наивная MLE,22.712861649182347
наивная MLE,7.660143206774938
наивная MLE,6.366910622469501
наивная MLE,12.972445608489966
наивная MLE,4.163686076027892
наивная MLE,1.6506344520133085
наивная MLE,0.844522536134255
наивная MLE,12.733851960599665
наивная MLE,14.39183671580414
наивная MLE,14.996648073080031
наивная MLE,7.074868361271326
наивная MLE,7.776296392228096
наивная MLE,2.439754187840516
наивная MLE,8.524078886406556
наивная MLE,6.57852673247825
наивная MLE,2.820278439083799
наивная MLE,4.226782654905032
наивная MLE,17.06756651057738
наивная MLE,3.771926723037411
наивная MLE,6.84121360507695
наивная MLE,7.343133417388655
наивная MLE,2.451340128991941
наивная MLE,16.499463519056945
наивная MLE,5.341101881849052
наивная MLE,10.131250713259103
наивная MLE,10.288868688851869
наивная MLE,12.845391155132429
наивная MLE,0.17909478071993046
наивная MLE,5.8886503899800715
наивная MLE,8.364822196921047
наивная MLE,4.695304349813697
наивная MLE,3.4998682066615143
наивная MLE,11.84291371441476
наивная MLE,7.579321576038126
наивная MLE,8.140133807763448
наивная MLE,8.305444849059603
наивная MLE,4.7332332759767075
наивная MLE,5.584639550774317
наивная MLE,1.188043519665411
наивная MLE,5.776682682643466
наивная MLE,5.469633377084173
наивная MLE,2.7437071266996895
наивная MLE,6.146275026758641
наивная MLE,7.61029380630636
наивная MLE,3.312145147937186
наивная MLE,12.000033750797035
наивная MLE,4.043631699473542
наивная MLE,3.3172174320239236
наивная MLE,0.46630820313668625
наивная MLE,10.99405747273909
наивная MLE,8.09210046950724
наивная MLE,1.4357694133057755
наивная MLE,13.855319568631241
наивная MLE,8.356634462079342
наивная MLE,17.270633294461632
наивная MLE,8.958043666428752
наивная MLE,8.353620558158887
наивная MLE,12.190139284912314
наивная MLE,13.614365126994292
наивная MLE,2.7231038574953548
наивная MLE,3.4491446879677223
наивная MLE,12.356729163140772
наивная MLE,7.016356453444263
наивная MLE,3.012567957490735
наивная MLE,13.292075281076269
наивная MLE,3.7344941949540393
наивная MLE,9.352571202059764
наивная MLE,2.6697265412479045
наивная MLE,2.835163023811564
наивная MLE,16.995444727497038
наивная MLE,4.737812718793324
наивная MLE,11.558110607229619
наивная MLE,12.352433026124132
наивная MLE,2.995553773744976
наивная MLE,3.8160443880998316
наивная MLE,1.0410113795831901
наивная MLE,9.251629727451878
наивная MLE,24.822751211098776
наивная MLE,5.91936399499014
наивная MLE,5.454764364734567
наивная MLE,8.723003575833678
наивная MLE,4.336338521004323
наивная MLE,11.415015056889533
наивная MLE,26.41974122209162
наивная MLE,0.4432278393961878
наивная MLE,0.4615482030693056
наивная MLE,14.623463947841861
наивная MLE,3.915503803239294
наивная MLE,5.198559727194766
наивная MLE,5.391144357430035
наивная MLE,0.9981722276382581
наивная MLE,11.418209425290874
наивная MLE,4.810034558087776
наивная MLE,3.609635636514329
наивная MLE,0.8286232557458924
наивная MLE,1.3855124213500247
наивная MLE,1.8818350052389765
наивная MLE,2.9739976187770782
наивная MLE,5.732264364371666
наивная MLE,0.5837227572494799
наивная MLE,13.737552004862327
наивная MLE,25.103569242196954
наивная MLE,11.188644772297799
наивная MLE,2.831865138102708
наивная MLE,5.51617244105924
наивная MLE,3.0588755385047044
наивная MLE,5.357237878699544
наивная MLE,4.247679041191235
наивная MLE,7.772235581125715
наивная MLE,7.495508579048893
наивная MLE,2.0764045060121257
наивная MLE,2.072095259504329
наивная MLE,4.655745882258527
наивная MLE,4.508628337549379
наивная MLE,7.84515160669557
наивная MLE,5.859143948008292
наивная MLE,58.71715242354826
наивная MLE,17.81518851281709
наивная MLE,2.1732457969378496
наивная MLE,10.08766441345671
наивная MLE,0.9689640691731163
наивная MLE,2.761131261577247
наивная MLE,7.98779419554341
наивная MLE,4.478200240121909
наивная MLE,2.2419417457317077
наивная MLE,115.91808095643408
наивная MLE,1.1314451325242019
наивная MLE,6.015026371882973
наивная MLE,7.810481844465757
наивная MLE,2.5217946887751146
наивная MLE,6.950807868254473
наивная MLE,3.4633991139830593
наивная MLE,7.07292532378761
наивная MLE,9.112259311977546
наивная MLE,1.8014738425696821
наивная MLE,11.085087815380419
наивная MLE,14.3472817112196
наивная MLE,7.693906654039487
наивная MLE,4.953929805474881
наивная MLE,5.862447242447395
наивная MLE,22.065015664037947
наивная MLE,2.564059397294107
наивная MLE,2.0859699827395235
наивная MLE,12.43281665471832
наивная MLE,2.913447447350688
наивная MLE,5.378186893420355
наивная MLE,15.683437222473595
наивная MLE,11.762213543455633
наивная MLE,7.301259022050393
наивная MLE,6.81427693030083
наивная MLE,2.4435607240616384
наивная MLE,4.2768424120272535
наивная MLE,6.648103386202351
наивная MLE,4.32280229979797
наивная MLE,6.043920749834636
наивная MLE,0.6747041517234142
наивная MLE,18.560322416745098
наивная MLE,3.604284126376177
наивная MLE,4.276586667338722
наивная MLE,2.0766510328262933
наивная MLE,7.423474449374221
наивная MLE,3.160675770321294
наивная MLE,3.3564622759505767
наивная MLE,2.730724002845826
наивная MLE,0.8847078300515644
наивная MLE,4.518828856148319
наивная MLE,5.655156160012347
наивная MLE,12.19211964745096
наивная MLE,3.037824111319509
наивная MLE,22.218506594803827
наивная MLE,3.75954562976471
наивная MLE,4.455012060903044
наивная MLE,2.2248986694432187
наивная MLE,11.98247108145845
наивная MLE,5.669213492177373
наивная MLE,1.1281806969774912
наивная MLE,17.063203290156345
наивная MLE,24.71936311357561
наивная MLE,4.105957411144493
наивная MLE,5.879538854880608
наивная MLE,1.8577382679449634
наивная MLE,5.347163322335462
наивная MLE,1.2380834596445178
наивная MLE,7.7512407130741865
наивная MLE,9.339023636375224
наивная MLE,6.197398553853512
наивная MLE,6.592290770688282
наивная MLE,11.472244292214816
наивная MLE,7.220598004256185
наивная MLE,50.044375909803364
наивная MLE,7.744768850447932
наивная MLE,4.926521088209445
наивная MLE,7.679600801466316
наивная MLE,2.054413988410546
наивная MLE,2.8314564546953758
наивная MLE,11.977783114971981
наивная MLE,7.3138730403513526
наивная MLE,5.7077593143792775
наивная MLE,2.660229599649652
наивная MLE,21.85444817556888
наивная MLE,16.540221354039023
наивная MLE,4.531176433301997
наивная MLE,11.06109780898683
наивная MLE,1.070599598645335
наивная MLE,14.003736415021567
наивная MLE,8.30160827353872
наивная MLE,11.918010129799638
наивная MLE,2.3233140104419356
наивная MLE,1.9812907276226965
наивная MLE,7.844806365190424
наивная MLE,6.78070582429494
наивная MLE,5.937256867092979
наивная MLE,2.74414461812324
наивная MLE,3.3980817776827115
наивная MLE,25.96192963158684
наивная MLE,12.771010327993787
наивная MLE,30.999635927118874
наивная MLE,54.61193603626394
наивная MLE,14.155234486650485
наивная MLE,7.637269893377681
наивная MLE,6.069126516443897
наивная MLE,1.6142033718542133
наивная MLE,16.14281602270909
наивная MLE,0.5663687344918038
наивная MLE,9.344280862465027
наивная MLE,5.7023799198627945
наивная MLE,6.869377981845208
наивная MLE,4.188823078079306
наивная MLE,12.985844634536345
наивная MLE,5.381638009639086
наивная MLE,10.105062590079019
наивная MLE,1.2803826573031514
наивная MLE,3.636421428162958
наивная MLE,6.766498318790244
наивная MLE,0.4268949274064884
наивная MLE,17.938161323164067
наивная MLE,2.8268960335078237
наивная MLE,8.865898717377565
наивная MLE,2.5013851681564456
наивная MLE,4.242771131417543
наивная MLE,4.689587048654979
наивная MLE,4.291236541174959
наивная MLE,3.0862742462690798
наивная MLE,4.739164751499362
наивная MLE,3.1297820768609976
наивная MLE,19.958157859767695
наивная MLE,1.0286749338115178
наивная MLE,3.534634231762878
наивная MLE,7.5681168109274735
наивная MLE,23.289268306054026
наивная MLE,6.0777030528093565
наивная MLE,2.523862181985128
наивная MLE,0.8353143621281943
наивная MLE,6.798770034540437
наивная MLE,0.9192569914059269
наивная MLE,9.44370999819883
наивная MLE,5.511669057763049
наивная MLE,9.17288309137709
наивная MLE,0.18516034822430472
наивная MLE,5.881066281293576
наивная MLE,18.62993907546258
наивная MLE,9.471277708661644
наивная MLE,1.730253418666885
наивная MLE,2.7887828608053606
наивная MLE,5.500878045148502
наивная MLE,5.9405909957092975
наивная MLE,1.3880746115407856
наивная MLE,4.575870933560656
наивная MLE,0.9757417983975463
наивная MLE,9.120547656106272
наивная MLE,4.649564375108723
наивная MLE,6.7521836466485565
наивная MLE,23.903586928395292
наивная MLE,6.714585221039755
наивная MLE,1.97218894011294
наивная MLE,22.543021113301677
наивная MLE,1.4573791642222418
наивная MLE,10.227761123470133
наивная MLE,0.19225719975915917
наивная MLE,7.005292286646262
наивная MLE,11.48779215407349
наивная MLE,3.552446982425205
наивная MLE,12.391316937799619
наивная MLE,4.311673530041587
наивная MLE,9.092116350308409
наивная MLE,2.3075216114144657
наивная MLE,4.348429390335593
наивная MLE,4.518480878666388
наивная MLE,6.753286572082629
наивная MLE,10.98871994702615
наивная MLE,34.02408275605278
наивная MLE,0.9571492787318356
наивная MLE,14.056745122023075
наивная MLE,7.838954240504309
наивная MLE,10.748232704021714
наивная MLE,8.914888532955217
наивная MLE,2.6688790419352006
наивная MLE,6.422168080630566
наивная MLE,4.6278401134743605
наивная MLE,13.293436238514216
наивная MLE,2.9480878660845837
наивная MLE,6.688598634593703
наивная MLE,10.871699093701475
наивная MLE,3.394771335997669
наивная MLE,16.27306583213439
наивная MLE,13.324641634552307
наивная MLE,11.124963784461196
наивная MLE,0.8847787228174041
наивная MLE,6.731440877027298
наивная MLE,4.810295386518913
наивная MLE,3.293779303952137
наивная MLE,2.2474325154710844
наивная MLE,4.6347470341410135
наивная MLE,8.45936167046026
наивная MLE,20.425031858890804
наивная MLE,5.560636493479613
наивная MLE,3.758875352309458
наивная MLE,3.1035904975496362
наивная MLE,1.7370140994646828
наивная MLE,12.645598967870185
наивная MLE,16.675165007935902
наивная MLE,4.162633887739856
наивная MLE,3.098700353972625
наивная MLE,3.7639717586646784
наивная MLE,2.9691244172326585
наивная MLE,12.991716452840345
наивная MLE,8.725279785678874
наивная MLE,21.964054471273236
наивная MLE,22.4445839589753
наивная MLE,8.978868245992286
наивная MLE,13.449783496451174
наивная MLE,6.220926128715942
наивная MLE,12.752212383003103
наивная MLE,8.137482562068623
наивная MLE,5.373254536593925
наивная MLE,5.709889611501789
наивная MLE,6.6854806723292075
наивная MLE,35.317803798702876
наивная MLE,8.44156295904644
наивная MLE,9.274966389662078
наивная MLE,13.537619894705191
наивная MLE,1.1363382005413563
наивная MLE,11.985709992966482
наивная MLE,3.403429299939321
наивная MLE,4.67807284744139
наивная MLE,0.6450756095713052
наивная MLE,9.311480514164316
наивная MLE,7.919676190466833
наивная MLE,14.573754119854732
наивная MLE,28.752549327763138
наивная MLE,11.397545553081567
наивная MLE,8.567896752302794
наивная MLE,4.481764485447647
наивная MLE,16.065121106231476
наивная MLE,4.629138938908146
наивная MLE,10.642144684399103
наивная MLE,4.625848543287121
наивная MLE,4.391112623951574
наивная MLE,0.6464307275011546
наивная MLE,7.938481635333426
наивная MLE,23.734588552376422
наивная MLE,4.427647358068404
наивная MLE,25.589289385412805
наивная MLE,14.423340415008827
наивная MLE,6.651623192892798
наивная MLE,8.59524011426111
наивная MLE,8.038137420188578
наивная MLE,30.842134986162506
наивная MLE,5.894435599250469
наивная MLE,7.823725111161856
наивная MLE,1.478429610780053
наивная MLE,17.50771324114768
наивная MLE,11.49057001698091
наивная MLE,2.917034395919859
наивная MLE,5.631086826051128
наивная MLE,21.833433886216458
наивная MLE,2.4128458311835734
наивная MLE,3.7821325122012412
наивная MLE,6.973930075315481
наивная MLE,4.462337409637332
наивная MLE,4.666653956891466
наивная MLE,3.829286584775824
наивная MLE,7.263297112027484
наивная MLE,15.94456624100854
наивная MLE,6.36416954103985
наивная MLE,2.810848547323171
наивная MLE,5.176402549008167
наивная MLE,11.554688460570235
наивная MLE,8.99244119652405
наивная MLE,2.447860191315969
наивная MLE,7.038631862207783
наивная MLE,6.111799883138149
наивная MLE,8.075720706579354
наивная MLE,7.730617521502971
наивная MLE,4.261196233839877
наивная MLE,6.299891514428989
наивная MLE,2.2471994325468745
наивная MLE,12.15663104903533
наивная MLE,4.681165258750703
наивная MLE,2.758559838130135
наивная MLE,8.88571579133379
наивная MLE,17.59195513176794
наивная MLE,23.67524043620918
наивная MLE,2.251637695647413
наивная MLE,2.744504803731167
наивная MLE,9.173223520944351
наивная MLE,1.1388688468789856
наивная MLE,3.723840705488663
наивная MLE,10.929976552230126
наивная MLE,3.0324459840511926
наивная MLE,1.039113421587034
наивная MLE,19.5683475154927
наивная MLE,3.2366838830179674
наивная MLE,4.821550314311528
наивная MLE,5.333915636056795
наивная MLE,7.484566693362972
наивная MLE,3.0161108156706025
наивная MLE,2.437339337291951
наивная MLE,9.341512857347452
наивная MLE,6.435953425770961
наивная MLE,8.415406261051597
наивная MLE,5.338847318680474
наивная MLE,32.58992025990176
наивная MLE,8.6362119974978
наивная MLE,4.734635911248551
наивная MLE,5.784685710268362
наивная MLE,0.8726890384094872
наивная MLE,3.6905061483547223
наивная MLE,0.2113338692096702
наивная MLE,10.468946440973054
наивная MLE,14.374190598920341
наивная MLE,6.478899953286921
наивная MLE,10.940348552206693
наивная MLE,13.986464482821013
наивная MLE,9.975017480495175
наивная MLE,1.3767314993587982
наивная MLE,3.468091371269066
наивная MLE,13.588451497078841
наивная MLE,16.657728641402166
наивная MLE,8.396784633943616
наивная MLE,15.892168395028206
наивная MLE,4.799467795697749
наивная MLE,13.312321719872932
наивная MLE,0.2248470665750592
наивная MLE,4.734385415735474
наивная MLE,3.315586010924574
наивная MLE,3.1585183659333587
наивная MLE,3.8555696625921283
наивная MLE,5.397786649215248
наивная MLE,16.409597041084538
наивная MLE,0.18448376952468526
наивная MLE,0.742589386380543
наивная MLE,9.730030750341104
наивная MLE,8.555938390591166
наивная MLE,6.552280428965549
наивная MLE,4.63125897998247
наивная MLE,20.0132421844492
наивная MLE,6.6641429895345325
наивная MLE,4.480444039911737
наивная MLE,1.7339887427702299
наивная MLE,6.894136568291111
наивная MLE,2.8614885160065047
наивная MLE,4.544153895453357
наивная MLE,23.54717458294678
наивная MLE,7.338256361724997
наивная MLE,2.1823864579282892
наивная MLE,7.171875835071684
наивная MLE,4.791397011641549
наивная MLE,3.35345552555659
наивная MLE,14.254431023204159
наивная MLE,22.302832770392083
наивная MLE,11.486577078994896
наивная MLE,6.42965933877075
наивная MLE,0.25821203828395595
наивная MLE,0.15138816526465587
наивная MLE,1.254836882675347
наивная MLE,13.353501475610523
наивная MLE,2.901740740839249
наивная MLE,2.5153119123414274
наивная MLE,5.073583343824462
наивная MLE,2.499422886756367
наивная MLE,2.846508186407619
наивная MLE,10.637809590265281
наивная MLE,2.6233341664289513
наивная MLE,4.641223180711494
наивная MLE,1.8617217295480408
наивная MLE,2.835449773138225
наивная MLE,3.0687942153716956
наивная MLE,3.4930890139230755
наивная MLE,15.937594882468451
наивная MLE,7.880535077606149
наивная MLE,3.279667851976179
наивная MLE,16.737428687386842
наивная MLE,7.673426723897547
наивная MLE,19.123582608897994
наивная MLE,9.601266491035894
наивная MLE,14.897900140609412
наивная MLE,1.9566739663182182
наивная MLE,1.6697073155394662
наивная MLE,5.6046817923717605
наивная MLE,1.9013696550979806
наивная MLE,10.412208586852296
наивная MLE,16.24569576258985
наивная MLE,11.635046936632026
наивная MLE,5.642505271825428
наивная MLE,1.4070058440068598
наивная MLE,11.243497318786716
наивная MLE,4.0327732747317855
наивная MLE,3.9923665912274204
наивная MLE,2.041088190973765
наивная MLE,9.671719464049174
наивная MLE,16.92312008006477
наивная MLE,3.388181902396546
наивная MLE,2.114531082035665
наивная MLE,1.726581434806106
наивная MLE,7.404970506929043
наивная MLE,2.9166373933878007
наивная MLE,0.16930865497133823
наивная MLE,5.228515397355719
наивная MLE,3.5970614211371843
наивная MLE,15.775089951014202
наивная MLE,5.542842455462934
наивная MLE,7.483252453399947
наивная MLE,7.549839483175008
наивная MLE,8.043902082895436
наивная MLE,1.4887726564470536
наивная MLE,4.171486853070694
наивная MLE,5.265007266113479
наивная MLE,9.284700390474072
наивная MLE,7.742878152073118
наивная MLE,1.7705054531236852
наивная MLE,7.374416360473073
наивная MLE,8.634858539317808
наивная MLE,6.500794067626801
наивная MLE,12.50041541774742
наивная MLE,20.30458598169589
наивная MLE,6.975430121807266
наивная MLE,23.728656898977626
наивная MLE,7.6159840158946
наивная MLE,7.633507855016585
наивная MLE,11.920053871313199
наивная MLE,4.279850941267421
наивная MLE,2.2613380914943275
наивная MLE,15.321724854559285
наивная MLE,9.735902088647665
наивная MLE,2.980518780654903
наивная MLE,0.3336514767569025
наивная MLE,0.2753442547871796
наивная MLE,5.133934619982017
наивная MLE,5.353166989424168
наивная MLE,6.7949878813388755
наивная MLE,4.789556034867755
наивная MLE,9.437130907444937
наивная MLE,0.30515941511182487
наивная MLE,19.25855740645379
наивная MLE,4.941550064324172
наивная MLE,3.9882253290802243
наивная MLE,6.30655878219242
наивная MLE,6.987439012079088
наивная MLE,0.7243073495304944
наивная MLE,2.35852125145991
наивная MLE,22.213686008087436
наивная MLE,8.504965690205092
наивная MLE,9.255750425525125
наивная MLE,5.4733755504965345
наивная MLE,14.687379537177616
наивная MLE,14.269486796328215
наивная MLE,9.610688862083133
наивная MLE,1.000995038104284
наивная MLE,12.043144473880474
наивная MLE,9.289406720028824
наивная MLE,2.0108663874879635
наивная MLE,5.928751449025231
наивная MLE,5.946671038771359
наивная MLE,3.35189236112576
наивная MLE,10.53973526046664
наивная MLE,15.385859605260823
наивная MLE,19.807298781490303
наивная MLE,3.368009744956904
наивная MLE,24.330971116213785
наивная MLE,1.4489973121402442
наивная MLE,4.0776858706332195
наивная MLE,2.25516451970551
наивная MLE,4.649790180538325
наивная MLE,9.599710128183277
наивная MLE,5.5249253015958555
наивная MLE,1.080052599249507
наивная MLE,5.101702113851667
наивная MLE,11.762014800492476
наивная MLE,14.119781788231057
наивная MLE,10.383604322855874
наивная MLE,2.681719773766904
наивная MLE,12.67045326353198
наивная MLE,6.537287333254706
наивная MLE,12.691423624615549
наивная MLE,12.662043455928632
наивная MLE,4.041607211817539
наивная MLE,10.536135987237282
наивная MLE,10.176724679222819
наивная MLE,3.8924580444872174
наивная MLE,133.51445949126807
наивная MLE,0.7069196044134559
наивная MLE,6.24162826986467
наивная MLE,5.9111015793647415
наивная MLE,12.294074436161072
наивная MLE,1.5148128533890737
наивная MLE,4.504717547398914
наивная MLE,9.810730422788943
наивная MLE,1.5068364774403546
наивная MLE,10.738161009588527
наивная MLE,3.9324611646086307
наивная MLE,10.416999694343648
наивная MLE,10.750364880333462
наивная MLE,7.071118109457623
наивная MLE,7.217757658858199
наивная MLE,6.4450008371479255
наивная MLE,3.128091460669303
наивная MLE,1.5883090195201532
наивная MLE,5.860106575501915
наивная MLE,3.830087274711223
наивная MLE,5.538961993289937
наивная MLE,5.332481668839687
наивная MLE,9.24251821571088
наивная MLE,4.144836243125929
наивная MLE,5.438581536080606
наивная MLE,1.6383693952599898
наивная MLE,2.1537623086113125
наивная MLE,4.52764644238157
наивная MLE,2.571962842851003
наивная MLE,5.482946743979874
наивная MLE,10.487364960281887
наивная MLE,4.5697558414148745
наивная MLE,8.238640491912406
наивная MLE,11.896695772045717
наивная MLE,6.657374046298611
наивная MLE,3.190753183005871
наивная MLE,5.90852179132793
наивная MLE,2.911143521664478
наивная MLE,2.701719614594953
наивная MLE,2.547583363723889
наивная MLE,4.2993966851224075
наивная MLE,4.358656645146761
наивная MLE,9.761028941494695
наивная MLE,6.545178621034115
наивная MLE,10.34965528049041
наивная MLE,17.58327847134092
наивная MLE,7.689896449536091
наивная MLE,5.324259123679395
наивная MLE,9.134962114166187
наивная MLE,3.644662184134368
наивная MLE,7.161879486020449
наивная MLE,0.05763248594963907
наивная MLE,5.863369337103691
наивная MLE,1.5185604570567017
наивная MLE,2.013612723163471
наивная MLE,4.739533936254052
наивная MLE,4.339916782247148
наивная MLE,4.1897858339876475
наивная MLE,0.4251382528473489
наивная MLE,0.45476738950964035
наивная MLE,5.880622145398145
наивная MLE,0.36188711510830357
наивная MLE,4.311444310774915
наивная MLE,1.1784337126295918
наивная MLE,1.4809082658675086
наивная MLE,0.21458391461964427
наивная MLE,5.194374499551737
наивная MLE,11.22886752401657
наивная MLE,4.57665218553279
наивная MLE,2.459721816030334
наивная MLE,5.853006644526439
наивная MLE,11.779458882134382
наивная MLE,6.037047929745575
наивная MLE,6.079115820206555
наивная MLE,2.69914578114208
наивная MLE,5.423343841156316
наивная MLE,11.985177126889788
наивная MLE,1.7393331414119146
наивная MLE,12.891926771617388
наивная MLE,3.14982152325788
наивная MLE,3.3581781541840585
наивная MLE,35.64547158603736
наивная MLE,14.568423919192115
наивная MLE,3.9930005687276386
наивная MLE,13.135155737914825
наивная MLE,4.605336391711865
наивная MLE,25.611295754222038
наивная MLE,24.25978181980634
наивная MLE,5.3674779227298455
наивная MLE,1.2483351026548837
наивная MLE,6.107470483638921
наивная MLE,5.998134115280191
наивная MLE,1.6739368405538104
наивная MLE,1.0909004317968447
наивная MLE,10.067840418583991
наивная MLE,0.3764992878603301
наивная MLE,2.2784509661771137
наивная MLE,3.498404255621802
наивная MLE,7.072063282688988
наивная MLE,13.672078263040593
наивная MLE,0.7930544149501577
наивная MLE,1.9282625300420564
наивная MLE,3.8479630696752767
наивная MLE,4.294880756465751
наивная MLE,4.254515405314144
наивная MLE,2.470472665802774
наивная MLE,2.1796959301084233
наивная MLE,4.017863164134307
наивная MLE,6.104664235608708
наивная MLE,1.9276872983187916
наивная MLE,9.53472655108629
наивная MLE,1.6886486833154326
наивная MLE,10.645599841669434
наивная MLE,1.2081078358014135
наивная MLE,23.133122244911142
наивная MLE,11.21202318165867
наивная MLE,1.1364749887499837
наивная MLE,3.360822519086809
наивная MLE,3.0975039358344576
наивная MLE,0.2104097809460387
наивная MLE,4.81493805760382
наивная MLE,9.863988664292728
наивная MLE,11.864782101665366
наивная MLE,2.6791832650792893
наивная MLE,4.614054156492212
наивная MLE,10.079665273582549
наивная MLE,1.1002824688240722
наивная MLE,2.4552587458431057
наивная MLE,3.5775279220626874
наивная MLE,5.823501228832491
наивная MLE,6.164839833315931
наивная MLE,3.776867766808477
наивная MLE,12.64699599311397
наивная MLE,11.70405227615537
наивная MLE,3.509335773821914
наивная MLE,10.646359568126943
наивная MLE,7.424963006845566
наивная MLE,2.8231414050922288
наивная MLE,0.41854475439965894
наивная MLE,28.22825439347333
наивная MLE,2.374790657752235
наивная MLE,0.2476859904633332
наивная MLE,36.03460130477755
наивная MLE,3.621568434127525
наивная MLE,10.082770543192852
наивная MLE,22.71820500559333
наивная MLE,3.4226616314273395
наивная MLE,7.793483647827089
наивная MLE,11.409641773526271
с учётом цензуры,6.1134883918364125
с учётом цензуры,2.894741389002408
с учётом цензуры,8.370313357673469
с учётом цензуры,11.404773039467191
с учётом цензуры,6.137214243067847
с учётом цензуры,2.9093635731107805
с учётом цензуры,15.702178921717815
с учётом цензуры,1.8553853155564712
с учётом цензуры,9.028553862452416
с учётом цензуры,10.306964171454403
с учётом цензуры,7.843311436946177
с учётом цензуры,2.329907953576507
с учётом цензуры,2.3927318631595718
с учётом цензуры,15.926271784546074
с учётом цензуры,9.11617627714282
с учётом цензуры,3.7712344765613395
с учётом цензуры,8.512302687581224
с учётом цензуры,1.9529213824805183
с учётом цензуры,6.051922377044187
с учётом цензуры,11.539543955100237
с учётом цензуры,8.453492502329269
с учётом цензуры,7.745486423752863
с учётом цензуры,11.77022590242597
с учётом цензуры,2.6346348240107833
с учётом цензуры,19.671877804964126
с учётом цензуры,3.968239729421855
с учётом цензуры,4.7416237136101875
с учётом цензуры,3.9431498913464798
с учётом цензуры,16.582764409008732
с учётом цензуры,31.258899082597758
с учётом цензуры,3.589982549082741
с учётом цензуры,7.710894573329403
с учётом цензуры,7.214142797910781
с учётом цензуры,11.678943879345347
с учётом цензуры,4.785548534068624
с учётом цензуры,2.869135563557469
с учётом цензуры,9.859639041073851
с учётом цензуры,3.5531300019011467
с учётом цензуры,0.41188420434304057
с учётом цензуры,5.330923890926771
с учётом цензуры,0.1956464999043016
с учётом цензуры,2.1665701337485257
с учётом цензуры,11.604311980107138
с учётом цензуры,25.360720218818805
с учётом цензуры,3.5545837596652965
с учётом цензуры,10.58318525864636
с учётом цензуры,0.9358899212407019
с учётом цензуры,2.8175385388299476
с учётом цензуры,7.708245145326369
с учётом цензуры,2.1144324263087197
с учётом цензуры,4.089288768321865
с учётом цензуры,3.587263481726147
с учётом цензуры,10.855093191181862
с учётом цензуры,10.39324310253046
с учётом цензуры,1.584120833519569
с учётом цензуры,5.171626267570931
с учётом цензуры,15.764674211898155
с учётом цензуры,3.491903484417415
с учётом цензуры,1.9321275946425036
с учётом цензуры,3.8383414676718086
с учётом цензуры,2.24242408038854
с учётом цензуры,11.515174020241055
с учётом цензуры,3.0020185004798705
с учётом цензуры,10.556454110791366
с учётом цензуры,2.3763453667271484
с учётом цензуры,4.965096479752826
с учётом цензуры,16.759544231627892
с учётом цензуры,6.839049279445967
с учётом цензуры,13.25130170854601
с учётом цензуры,2.241371602669008
с учётом цензуры,12.207466225493869
с учётом цензуры,4.633070633637062
с учётом цензуры,14.695658835483805
с учётом цензуры,14.394408786815955
с учётом цензуры,2.6111796651849972
с учётом цензуры,13.606834803748619
с учётом цензуры,8.413497374893234
с учётом цензуры,4.645747200026046
с учётом цензуры,2.925339273509894
с учётом цензуры,21.59673228129976
с учётом цензуры,3.628438276443012
с учётом цензуры,5.013210694235143
с учётом цензуры,13.380291560850251
с учётом цензуры,20.045738892549956
с учётом цензуры,1.9747933269181543
с учётом цензуры,6.225023409501731
с учётом цензуры,4.687217442801037
с учётом цензуры,13.096609128534544
с учётом цензуры,2.8405865811469586
с учётом цензуры,3.330716588834832
с учётом цензуры,3.614402362375576
с учётом цензуры,1.822928318801091
с учётом цензуры,2.047861511634442
с учётом цензуры,9.163011997930264
с учётом цензуры,5.036797145973534
с учётом цензуры,0.4712596127113798
с учётом цензуры,12.026786517490482
с учётом цензуры,5.7542363560034175
с учётом цензуры,1.8725428739279826
с учётом цензуры,3.2551783083571393
с учётом цензуры,1.0054984677517993
с учётом цензуры,11.877533290754307
с учётом цензуры,20.528857086296714
с учётом цензуры,3.4987067816711424
с учётом цензуры,8.976053186816278
с учётом цензуры,14.659286852893986
с учётом цензуры,5.604676690938496
с учётом цензуры,8.502192104374927
с учётом цензуры,3.5587555147791106
с учётом цензуры,9.65756796152118
с учётом цензуры,11.453808465167443
с учётом цензуры,2.326583182487504
с учётом цензуры,8.064852330167238
с учётом цензуры,20.255839799546184
с учётом цензуры,5.1806581497216015
с учётом цензуры,13.765608659194132
с учётом цензуры,3.3756086498552667
с учётом цензуры,4.057277009999203
с учётом цензуры,21.668441503349186
с учётом цензуры,10.162253422875182
с учётом цензуры,17.393875641704334
с учётом цензуры,5.187188051188821
с учётом цензуры,5.692483947551754
с учётом цензуры,6.373535429058392
с учётом цензуры,12.063173006582065
с учётом цензуры,6.260828821229048
с учётом цензуры,5.725132127023051
с учётом цензуры,14.127739683298469
с учётом цензуры,8.396641980167308
с учётом цензуры,1.1106731383203097
с учётом цензуры,2.8457157781918445
с учётом цензуры,5.198682921900583
с учётом цензуры,12.243883769500723
с учётом цензуры,18.98237706097171
с учётом цензуры,11.66538522559613
с учётом цензуры,5.842230029376681
с учётом цензуры,1.9914970924330806
с учётом цензуры,10.102347061992834
с учётом цензуры,3.6326895743809327
с учётом цензуры,1.3966999980193766
с учётом цензуры,5.877625976805745
с учётом цензуры,2.809472228892463
с учётом цензуры,5.0177164690022344
с учётом цензуры,13.162301705534011
с учётом цензуры,8.423515938631917
с учётом цензуры,4.524737600067402
с учётом цензуры,7.464379874339661
с учётом цензуры,1.8293796818952726
с учётом цензуры,1.7382774448521496
с учётом цензуры,0.5630235490366063
с учётом цензуры,1.10775729929291
с учётом цензуры,6.979211018022217
с учётом цензуры,3.3973959893768653
с учётом цензуры,9.645484022102801
с учётом цензуры,9.485807697748415
с учётом цензуры,6.972989442511994
с учётом цензуры,5.579987562929503
с учётом цензуры,9.995644573747846
с учётом цензуры,0.883705135410663
с учётом цензуры,3.819767600958668
с учётом цензуры,9.563305256955054
с учётом цензуры,10.117897005767096
с учётом цензуры,3.605284185375434
с учётом цензуры,5.8789991903952235
с учётом цензуры,1.0687019653722274
с учётом цензуры,20.515239963359072
с учётом цензуры,3.00703870874136
с учётом цензуры,1.416450974759903
с учётом цензуры,4.877401336369287
с учётом цензуры,19.875888519046757
с учётом цензуры,9.387732951065452
с учётом цензуры,2.800888817757899
с учётом цензуры,2.2328456474385754
с учётом цензуры,4.019635267627494
с учётом цензуры,7.110735144867894
с учётом цензуры,2.52842464585711
с учётом цензуры,25.55789222250165
с учётом цензуры,5.149726155012083
с учётом цензуры,2.778428641046129
с учётом цензуры,4.697345827602814
с учётом цензуры,0.7844756426816644
с учётом цензуры,14.133183348781511
с учётом цензуры,24.264188972707224
с учётом цензуры,5.114109367886659
с учётом цензуры,8.10202433877856
с учётом цензуры,0.9557057004768306
с учётом цензуры,0.8543035694112758
с учётом цензуры,4.554585920908348
с учётом цензуры,1.7774624751161823
с учётом цензуры,2.5835056827020724
с учётом цензуры,8.842872055394993
с учётом цензуры,4.86003569689119
с учётом цензуры,8.169151767268563
с учётом цензуры,0.21195584917856194
с учётом цензуры,11.568177188574971
с учётом цензуры,3.2394571260938987
с учётом цензуры,5.380888531414005
с учётом цензуры,12.788827413633424
с учётом цензуры,16.303568591077656
с учётом цензуры,2.694619912143404
с учётом цензуры,2.8714184824738282
с учётом цензуры,18.918758040642935
с учётом цензуры,6.142147317868522
с учётом цензуры,1.3630891899672417
с учётом цензуры,15.976942923216416
с учётом цензуры,9.10135245198234
с учётом цензуры,8.63112440486626
с учётом цензуры,3.370255202287508
с учётом цензуры,16.059532220267066
с учётом цензуры,10.87849549516471
с учётом цензуры,6.674538761644721
с учётом цензуры,21.375128294258054
с учётом цензуры,17.90788071304593
с учётом цензуры,10.237996754912457
с учётом цензуры,3.95797766621903
с учётом цензуры,4.083050464288021
с учётом цензуры,17.32695504628571
с учётом цензуры,3.8597182778721018
с учётом цензуры,7.854556621354071
с учётом цензуры,5.119031084702685
с учётом цензуры,11.802333925995367
с учётом цензуры,1.566433377101991
с учётом цензуры,18.61309087453288
с учётом цензуры,1.6442861603114372
с учётом цензуры,12.738860175185936
с учётом цензуры,2.882770984329162
с учётом цензуры,26.331193511290188
с учётом цензуры,4.2395696765343125
с учётом цензуры,13.218646043337955
с учётом цензуры,5.119194694644546
с учётом цензуры,0.15589075274533246
с учётом цензуры,4.465917412054511
с учётом цензуры,9.778614870618533
с учётом цензуры,4.951880956130469
с учётом цензуры,9.203031086902213
с учётом цензуры,4.168928228510397
с учётом цензуры,4.461081978045518
с учётом цензуры,29.804599036148176
с учётом цензуры,5.554521330245095
с учётом цензуры,6.042946831816728
с учётом цензуры,17.77319266493821
с учётом цензуры,3.497781359474179
с учётом цензуры,13.701080897473524
с учётом цензуры,6.303226192043958
с учётом цензуры,12.273946889826838
с учётом цензуры,2.944598935678962
с учётом цензуры,15.55022800546725
с учётом цензуры,25.666739439955123
с учётом цензуры,6.385001210835026
с учётом цензуры,4.682329323506766
с учётом цензуры,3.1763841320402393
с учётом цензуры,7.199748397576201
с учётом цензуры,1.8298645964616318
с учётом цензуры,17.641952700578468
с учётом цензуры,11.538062960759419
с учётом цензуры,1.1449024891911934
с учётом цензуры,6.938169047116797
с учётом цензуры,5.089081124181935
с учётом цензуры,5.208844801625291
с учётом цензуры,10.713191992535805
с учётом цензуры,8.55926867897615
с учётом цензуры,2.2054922199414158
с учётом цензуры,5.6590312013793715
с учётом цензуры,0.7801640159289039
с учётом цензуры,4.60438284908646
с учётом цензуры,11.322480493928193
с учётом цензуры,4.140741734029418
с учётом цензуры,5.886388978457884
с учётом цензуры,8.615618490867469
с учётом цензуры,4.620616974778564
с учётом цензуры,25.433826810039207
с учётом цензуры,0.5870535118930246
с учётом цензуры,4.46555098185288
с учётом цензуры,5.130536782988664
с учётом цензуры,6.333315766815835
с учётом цензуры,5.119177564042402
с учётом цензуры,6.676889004730943
с учётом цензуры,4.171056625070563
с учётом цензуры,0.10261724400165069
с учётом цензуры,1.2842133852519806
с учётом цензуры,3.6812001010041513
с учётом цензуры,14.497215479989329
с учётом цензуры,2.4454528241262046
с учётом цензуры,6.195317369033345
с учётом цензуры,14.330845323986264
с учётом цензуры,2.6724868337165555
с учётом цензуры,8.788902672187978
с учётом цензуры,12.682279477728612
с учётом цензуры,8.727344200334795
с учётом цензуры,2.190403024776366
с учётом цензуры,9.87189031834534
с учётом цензуры,35.90666724227488
с учётом цензуры,22.930983810412336
с учётом цензуры,10.908483439612
с учётом цензуры,11.159858745075788
с учётом цензуры,4.934714001545633
с учётом цензуры,10.726825764482681
с учётом цензуры,1.9980523386148317
с учётом цензуры,13.405242270041366
с учётом цензуры,3.1202639901338562
с учётом цензуры,7.21618567341283
с учётом цензуры,6.355862240722207
с учётом цензуры,4.175941206740947
с учётом цензуры,20.955249076163724
с учётом цензуры,3.1101328820428593
с учётом цензуры,2.4470455736287597
с учётом цензуры,13.331504925943456
с учётом цензуры,8.366315705332443
с учётом цензуры,14.2833507278077
с учётом цензуры,4.010335580240005
с учётом цензуры,4.392341744300833
с учётом цензуры,1.4962394250404467
с учётом цензуры,6.846599811498353
с учётом цензуры,8.199554667876509
с учётом цензуры,2.29482945532266
с учётом цензуры,5.404046164242449
с учётом цензуры,10.050221465351127
с учётом цензуры,8.310802865603199
с учётом цензуры,2.552521744729805
с учётом цензуры,11.639811232768752
с учётом цензуры,5.010671404828475
с учётом цензуры,7.524916887902957
с учётом цензуры,26.5090117326194
с учётом цензуры,1.5754487618571837
с учётом цензуры,6.502446777219265
с учётом цензуры,3.8072997686002084
с учётом цензуры,2.923665091469395
с учётом цензуры,14.737004875841716
с учётом цензуры,5.741455693085806
с учётом цензуры,1.6617938672018748
с учётом цензуры,15.289595639278076
с учётом цензуры,8.731565765163701
с учётом цензуры,9.45581230612812
с учётом цензуры,6.5297176786078825
с учётом цензуры,8.30264326978743
с учётом цензуры,9.090129305708182
с учётом цензуры,14.16353430344815
с учётом цензуры,6.729700515686762
с учётом цензуры,3.55205844021147
с учётом цензуры,8.754976245463734
с учётом цензуры,3.826718373286313
с учётом цензуры,7.743211941289449
с учётом цензуры,2.1082040676860596
с учётом цензуры,6.983667656035995
с учётом цензуры,13.41711963297606
с учётом цензуры,6.968338515448366
с учётом цензуры,3.3333570059632223
с учётом цензуры,2.398847246324453
с учётом цензуры,6.592115790302488
с учётом цензуры,4.384418376341083
с учётом цензуры,12.992950514694861
с учётом цензуры,20.3339919791385
с учётом цензуры,12.917610680521523
с учётом цензуры,1.9018662485457327
с учётом цензуры,7.864312216298059
с учётом цензуры,12.820466335770686
с учётом цензуры,25.736967594849745
с учётом цензуры,21.735619958223484
с учётом цензуры,13.990759061021746
с учётом цензуры,1.3134794207990226
с учётом цензуры,1.868452602571414
с учётом цензуры,7.946765834628897
с учётом цензуры,3.1225983823961196
с учётом цензуры,13.925695504193452
с учётом цензуры,1.515878764689903
с учётом цензуры,6.400624328560177
с учётом цензуры,8.717403888366707
с учётом цензуры,3.552489018056489
с учётом цензуры,0.832275490213656
с учётом цензуры,4.056237411150226
с учётом цензуры,8.838644315191445
с учётом цензуры,2.967178688984974
с учётом цензуры,11.59716152576817
с учётом цензуры,4.179090784253024
с учётом цензуры,8.139720231584494
с учётом цензуры,1.0546935758330762
с учётом цензуры,14.964496037199533
с учётом цензуры,11.690471942348413
с учётом цензуры,8.679469116334602
с учётом цензуры,7.7698412397760075
с учётом цензуры,2.6792272035648335
с учётом цензуры,15.836716981489614
с учётом цензуры,6.686411243893124
с учётом цензуры,13.351491734416506
с учётом цензуры,6.329560144513708
с учётом цензуры,16.416624980894834
с учётом цензуры,1.9516195188738628
с учётом цензуры,15.24561621666418
с учётом цензуры,62.493657661666084
с учётом цензуры,2.6965947192530706
с учётом цензуры,11.420765632277135
с учётом цензуры,6.150616843006281
с учётом цензуры,1.253965528812754
с учётом цензуры,1.060241029920198
с учётом цензуры,0.7457986587382797
с учётом цензуры,23.81119236667122
с учётом цензуры,1.6360806646830175
с учётом цензуры,7.534764891896739
с учётом цензуры,15.121067778787317
с учётом цензуры,1.688223838962585
с учётом цензуры,3.785816504053308
с учётом цензуры,2.062024190748006
с учётом цензуры,4.505970173666881
с учётом цензуры,9.707620441812441
с учётом цензуры,2.9062270331103726
с учётом цензуры,0.796105357443859
с учётом цензуры,11.389284765897683
с учётом цензуры,3.6184741753177248
с учётом цензуры,22.672431418817926
с учётом цензуры,5.331364438581734
с учётом цензуры,6.638227799339502
с учётом цензуры,15.550459645300972
с учётом цензуры,2.9282710843911985
с учётом цензуры,14.489764347198022
с учётом цензуры,7.955359191977324
с учётом цензуры,6.705589363847807
с учётом цензуры,2.9501004113768445
с учётом цензуры,2.3993147661488994
с учётом цензуры,0.7535538781982775
с учётом цензуры,8.582844360895571
с учётом цензуры,3.0299831414185157
с учётом цензуры,1.8763885772548836
с учётом цензуры,8.264393530888686
с учётом цензуры,9.799269786877037
с учётом цензуры,3.2128903200145205
с учётом цензуры,4.324922890825384
с учётом цензуры,16.36606793830343
с учётом цензуры,8.090218336147862
с учётом цензуры,4.700311562169706
с учётом цензуры,0.5444398754245492
с учётом цензуры,5.752922874505901
с учётом цензуры,1.5457308002928642
с учётом цензуры,4.71209658794093
с учётом цензуры,5.51348078372553
с учётом цензуры,16.77798833128782
с учётом цензуры,18.159929395880354
с учётом цензуры,4.68494064139839
с учётом цензуры,14.486501925225495
с учётом цензуры,1.2117267169205999
с учётом цензуры,2.8713204125339225
с учётом цензуры,8.66546081609461
с учётом цензуры,5.93710406582589
с учётом цензуры,1.9827058039163763
с учётом цензуры,2.179682222132771
с учётом цензуры,6.244092159225631
с учётом цензуры,3.9833359624298286
с учётом цензуры,1.2573370335513587
с учётом цензуры,3.606914676701906
с учётом цензуры,0.5381425731470918
с учётом цензуры,2.5052296215551997
с учётом цензуры,4.819912732943601
с учётом цензуры,10.117873961645074
с учётом цензуры,2.211296408320339
с учётом цензуры,17.609269868682066
с учётом цензуры,9.929490863374372
с учётом цензуры,21.68960803661392
с учётом цензуры,6.668735827533211
с учётом цензуры,22.06462783524176
с учётом цензуры,6.891241181046145
с учётом цензуры,7.769619801000456
с учётом цензуры,13.40387012084479
с учётом цензуры,11.430310736401351
с учётом цензуры,6.935259258480765
с учётом цензуры,3.503923583498685
с учётом цензуры,2.4844393491244543
с учётом цензуры,11.29028599170719
с учётом цензуры,0.600504955327707
с учётом цензуры,15.886982345885157
с учётом цензуры,34.699978798177696
с учётом цензуры,15.123322325985066
с учётом цензуры,5.229003897183134
с учётом цензуры,1.8388272575293045
с учётом цензуры,5.802394348755272
с учётом цензуры,6.698312024827503
с учётом цензуры,4.124149905620063
с учётом цензуры,8.11536087133254
с учётом цензуры,3.377264849591783
с учётом цензуры,11.767911022471491
с учётом цензуры,0.5808353252989361
с учётом цензуры,3.98291667784832
с учётом цензуры,2.937045045664618
с учётом цензуры,7.913624559754549
с учётом цензуры,1.7599134090865953
с учётом цензуры,14.02779597835219
с учётом цензуры,7.245926246697067
с учётом цензуры,3.3509848718186985
с учётом цензуры,2.5549402502149223
с учётом цензуры,0.5391432889206313
с учётом цензуры,5.787455900092215
с учётом цензуры,5.209295028190465
с учётом цензуры,2.251469619239627
с учётом цензуры,3.3066033322361204
с учётом цензуры,5.81996711269754
с учётом цензуры,0.7509766905306643
с учётом цензуры,2.0933625249975982
с учётом цензуры,12.596981635882665
с учётом цензуры,6.666590603624636
с учётом цензуры,8.325613450141724
с учётом цензуры,9.546200635863006
с учётом цензуры,1.8895873233693303
с учётом цензуры,3.594386970648284
с учётом цензуры,6.383458260273841
с учётом цензуры,7.602747557298947
с учётом цензуры,7.88198810087769
с учётом цензуры,3.9080353774307337
с учётом цензуры,17.558008980863175
с учётом цензуры,13.375119279899346
с учётом цензуры,12.28232774422277
с учётом цензуры,18.386584617898915
с учётом цензуры,19.632334471723063
с учётом цензуры,9.606671354561264
с учётом цензуры,4.22433412747378
с учётом цензуры,5.69906341950737
с учётом цензуры,2.2158906405156293
с учётом цензуры,1.9958328822875302
с учётом цензуры,1.463119205847208
с учётом цензуры,5.743602520281377
с учётом цензуры,11.135685585537871
с учётом цензуры,0.4273922269739132
с учётом цензуры,0.42941120461848714
с учётом цензуры,4.447217880880998
с учётом цензуры,44.2546228105934
с учётом цензуры,2.645491237840052
с учётом цензуры,4.850655539916732
с учётом цензуры,7.787303559595445
с учётом цензуры,3.297217417201034
с учётом цензуры,0.17858917650328424
с учётом цензуры,6.144258463737468
с учётом цензуры,8.158783587474309
с учётом цензуры,1.8049736682593431
с учётом цензуры,6.779811714394102
с учётом цензуры,5.195472665138327
с учётом цензуры,9.054412214082692
с учётом цензуры,2.7562226126857237
с учётом цензуры,9.772881620210741
с учётом цензуры,1.2870318463117787
с учётом цензуры,46.675135974816364
с учётом цензуры,0.7205315449103157
с учётом цензуры,1.4935847247240113
с учётом цензуры,1.3296601039620188
с учётом цензуры,12.670790709563
с учётом цензуры,7.351476086439774
с учётом цензуры,1.4092941704797393
с учётом цензуры,6.05314187102209
с учётом цензуры,2.68268700278749
с учётом цензуры,2.0597711503367457
с учётом цензуры,7.945981938052061
с учётом цензуры,0.45393783707188917
с учётом цензуры,13.25893261330183
с учётом цензуры,18.006678298367156
с учётом цензуры,7.2134240179534155
с учётом цензуры,9.955756707830664
с учётом цензуры,5.657737184144346
с учётом цензуры,12.46366924751722
с учётом цензуры,18.66738288157431
с учётом цензуры,3.7797923465946046
с учётом цензуры,12.085637728699357
с учётом цензуры,0.9065964488544672
с учётом цензуры,10.644236560895962
с учётом цензуры,15.279115530252325
с учётом цензуры,0.6429989591283085
с учётом цензуры,1.970053440295365
с учётом цензуры,15.212533901854064
с учётом цензуры,9.828572179964352
с учётом цензуры,3.7217511296893253
с учётом цензуры,1.2288280048746616
с учётом цензуры,4.7211202641044485
с учётом цензуры,3.9699623305868266
с учётом цензуры,1.0202617298735759
с учётом цензуры,5.9413506161999905
с учётом цензуры,5.112219731407682
с учётом цензуры,4.407357715963228
с учётом цензуры,1.379348212446819
с учётом цензуры,43.10571785862791
с учётом цензуры,9.825056961011757
с учётом цензуры,7.44110977403772
с учётом цензуры,7.887855680086265
с учётом цензуры,2.453174610502379
с учётом цензуры,4.494421043856935
с учётом цензуры,36.281895526487844
с учётом цензуры,1.45720794737186
с учётом цензуры,2.326360563880945
с учётом цензуры,8.666094461508191
с учётом цензуры,8.471294123087867
с учётом цензуры,7.499162474981182
с учётом цензуры,6.808398549882352
с учётом цензуры,4.018267328395889
с учётом цензуры,11.732294286293644
с учётом цензуры,12.341251034969286
с учётом цензуры,1.0591694623298513
с учётом цензуры,2.940753237574179
с учётом цензуры,2.2487679259603586
с учётом цензуры,6.158181346361173
с учётом цензуры,6.101558223254505
с учётом цензуры,5.0833917705659735
с учётом цензуры,5.284993818455393
с учётом цензуры,19.364690691037655
с учётом цензуры,3.376967320711896
с учётом цензуры,2.239983184860176
с учётом цензуры,4.2830231864391735
с учётом цензуры,3.0818246051642646
с учётом цензуры,3.3588439560965364
с учётом цензуры,2.4865089578590713
с учётом цензуры,2.5162928548940586
с учётом цензуры,2.716828623399966
с учётом цензуры,1.7233913312958187
с учётом цензуры,11.545408400421664
с учётом цензуры,1.261259640376141
с учётом цензуры,9.113345064346957
с учётом цензуры,1.0179080151387672
с учётом цензуры,2.194862874558139
с учётом цензуры,0.6243947485761852
с учётом цензуры,16.760101374765473
с учётом цензуры,2.085836939680648
с учётом цензуры,13.289525619681523
с учётом цензуры,4.092868947078603
с учётом цензуры,6.305174303331974
с учётом цензуры,6.745199394831796
с учётом цензуры,8.057937116618504
с учётом цензуры,10.16237389053288
с учётом цензуры,17.776794634228878
с учётом цензуры,2.555306334499309
с учётом цензуры,4.265157523759106
с учётом цензуры,7.13546179930755
с учётом цензуры,6.783703545516129
с учётом цензуры,6.903852871575105
с учётом цензуры,1.1043338568157939
с учётом цензуры,4.018691905673071
с учётом цензуры,1.8968618283082177
с учётом цензуры,15.872411103701918
с учётом цензуры,5.731382295522025
с учётом цензуры,7.921703472717297
с учётом цензуры,10.251552330390105
с учётом цензуры,11.449818413546396
с учётом цензуры,5.570222664779914
с учётом цензуры,6.241985127505379
с учётом цензуры,18.042334596693728
с учётом цензуры,1.3266313711875026
с учётом цензуры,0.5490880491539776
с учётом цензуры,2.817336755223975
с учётом цензуры,6.664356356329547
с учётом цензуры,13.226717489364809
с учётом цензуры,4.357259244127768
с учётом цензуры,12.472023068294044
с учётом цензуры,4.9765041625996815
с учётом цензуры,2.3416801623663566
с учётом цензуры,3.7051380630551325
с учётом цензуры,13.319298178940043
с учётом цензуры,3.01820159534833
с учётом цензуры,5.141330700132704
с учётом цензуры,13.133183920896785
с учётом цензуры,10.609663985481639
с учётом цензуры,0.6042566539851478
с учётом цензуры,1.310708013711611
с учётом цензуры,15.62253156122054
с учётом цензуры,0.757924404499762
с учётом цензуры,22.597126814860374
с учётом цензуры,0.8753035754258857
с учётом цензуры,3.8923658168403272
с учётом цензуры,13.85903045594192
с учётом цензуры,8.428649328501226
с учётом цензуры,0.9953152091350113
с учётом цензуры,8.394633725355556
с учётом цензуры,0.6246745861169362
с учётом цензуры,1.8068473892064212
с учётом цензуры,8.145448885189296
с учётом цензуры,7.6361615613844975
с учётом цензуры,2.596356584952775
с учётом цензуры,1.7021593687275547
с учётом цензуры,10.91203984963484
с учётом цензуры,3.1260751639799
с учётом цензуры,2.262992220928483
с учётом цензуры,6.630004660317995
с учётом цензуры,11.9429221822308
с учётом цензуры,19.013870881275963
с учётом цензуры,4.6853664174713545
с учётом цензуры,4.663751155693359
с учётом цензуры,4.2258089923369315
с учётом цензуры,7.741798078049618
с учётом цензуры,6.250343802111422
с учётом цензуры,0.9067421380374939
с учётом цензуры,3.9673101467752243
с учётом цензуры,14.549186005115935
с учётом цензуры,2.9048801737889973
с учётом цензуры,10.59848428283636
с учётом цензуры,4.66118000909416
с учётом цензуры,9.716675517695272
с учётом цензуры,9.48151428628774
с учётом цензуры,5.803703929126228
с учётом цензуры,3.852128978220588
с учётом цензуры,23.816716123768316
с учётом цензуры,12.784895737319923
с учётом цензуры,6.267897771749194
с учётом цензуры,4.867914249211739
с учётом цензуры,4.163105416683734
с учётом цензуры,11.362911536259334
с учётом цензуры,21.398762884684743
с учётом цензуры,11.742593924605684
с учётом цензуры,1.343495906193048
с учётом цензуры,14.948413033442211
с учётом цензуры,4.785302121881882
с учётом цензуры,3.5158371244673905
с учётом цензуры,4.325978774978433
с учётом цензуры,0.46348175915981804
с учётом цензуры,2.9873081627668214
с учётом цензуры,2.402787183444351
с учётом цензуры,0.06873980512180398
с учётом цензуры,13.541176637994754
с учётом цензуры,4.428488818245182
с учётом цензуры,2.2803182695464237
с учётом цензуры,13.334544751840168
с учётом цензуры,3.8063991522439307
с учётом цензуры,11.511367945592445
с учётом цензуры,13.468278143416637
с учётом цензуры,1.7791529385326654
с учётом цензуры,0.25339314151119413
с учётом цензуры,0.3080322518827194
с учётом цензуры,5.104679760987758
с учётом цензуры,18.09054807183908
с учётом цензуры,17.834218688536485
с учётом цензуры,2.054601501387272
с учётом цензуры,12.453622409825604
с учётом цензуры,2.1014925339416415
с учётом цензуры,4.137605608884037
с учётом цензуры,9.518179310445394
с учётом цензуры,6.037841043556414
с учётом цензуры,9.813704616034208
с учётом цензуры,8.05204022946702
с учётом цензуры,5.319275249648015
с учётом цензуры,11.424121976296908
с учётом цензуры,8.122548370998535
с учётом цензуры,6.4108372040564765
с учётом цензуры,4.210472823864636
с учётом цензуры,5.827079290346406
с учётом цензуры,7.093693057158868
с учётом цензуры,0.9536343739372537
с учётом цензуры,2.911022448529425
с учётом цензуры,1.2343202013189796
с учётом цензуры,4.054263427794845
с учётом цензуры,19.616129036135757
с учётом цензуры,38.847777960282066
с учётом цензуры,10.022301692171187
с учётом цензуры,0.0712967312027587
с учётом цензуры,4.820635932226264
с учётом цензуры,3.278622043665748
с учётом цензуры,6.8446618053479735
с учётом цензуры,19.570567671314123
с учётом цензуры,8.013097003604052
с учётом цензуры,3.90401789593799
с учётом цензуры,3.80249272800368
с учётом цензуры,5.6501773164672535
с учётом цензуры,4.0039521043822655
с учётом цензуры,4.788836031562882
с учётом цензуры,6.857960451628286
с учётом цензуры,5.621232010079967
с учётом цензуры,5.525740066983782
с учётом цензуры,3.8210303222529354
с учётом цензуры,3.660699895744147
с учётом цензуры,1.9877911354644606
с учётом цензуры,8.726609250545591
с учётом цензуры,3.615218442222367
с учётом цензуры,3.0261457364793194
с учётом цензуры,9.5782041359127
с учётом цензуры,12.06862627625938
с учётом цензуры,4.5692779591350305
с учётом цензуры,9.610541407530759
с учётом цензуры,3.0301495350784666
с учётом цензуры,3.773441845322469
с учётом цензуры,5.3941355872103065
с учётом цензуры,6.1249093748402075
с учётом цензуры,5.361624859905104
с учётом цензуры,6.045570001840611
с учётом цензуры,2.8352408834255938
с учётом цензуры,3.150666719668303
с учётом цензуры,1.0713869220542551
с учётом цензуры,10.528230170430632
с учётом цензуры,0.14914186594725126
с учётом цензуры,3.7160823326988344
с учётом цензуры,5.073552751449066
с учётом цензуры,6.270041449374643
с учётом цензуры,1.9118248360309498
с учётом цензуры,4.884358892035541
с учётом цензуры,1.2058520613733996
с учётом цензуры,9.504911424654924
с учётом цензуры,3.885191029588113
с учётом цензуры,10.259859747331545
с учётом цензуры,12.15017433824062
с учётом цензуры,10.687837767960184
с учётом цензуры,2.4406375753210217
с учётом цензуры,2.799194526626294
с учётом цензуры,15.401722798997955
с учётом цензуры,16.736668784883495
с учётом цензуры,8.808656953472616
с учётом цензуры,7.433023169170734
с учётом цензуры,6.667938489431245
с учётом цензуры,1.8103328886445194
с учётом цензуры,1.8381916493455335
с учётом цензуры,1.622464308968099
с учётом цензуры,11.543888965945676
с учётом цензуры,18.059679213286856
с учётом цензуры,9.57669949748662
с учётом цензуры,2.7733931061431245
с учётом цензуры,4.39272254237843
с учётом цензуры,2.853501065482908
с учётом цензуры,9.208800561504532
с учётом цензуры,12.356485648345362
с учётом цензуры,1.765024295106617
с учётом цензуры,16.018902478764986
с учётом цензуры,16.108388875973993
с учётом цензуры,13.510169912562397
с учётом цензуры,2.034273383105068
с учётом цензуры,7.704102134006408
с учётом цензуры,6.236443573730904
с учётом цензуры,5.860434408938133
с учётом цензуры,1.1894418301583638
с учётом цензуры,9.838605091279907
с учётом цензуры,4.774396247680582
с учётом цензуры,10.482957119914147
с учётом цензуры,2.947279307500438
с учётом цензуры,25.033471114983847
с учётом цензуры,19.291430770438325
с учётом цензуры,9.193420230883639
с учётом цензуры,15.284698319069626
с учётом цензуры,21.899705559909876
с учётом цензуры,15.882971431630274
с учётом цензуры,17.682022741500987
с учётом цензуры,4.636686474326877
с учётом цензуры,21.519074739529636
с учётом цензуры,10.826505526623247
с учётом цензуры,32.41075065637903
с учётом цензуры,5.7026253501012345
с учётом цензуры,17.141060024763384
с учётом цензуры,17.650843241523617
с учётом цензуры,5.3686173711780105
с учётом цензуры,4.175992180559199
с учётом цензуры,9.56212813400606
с учётом цензуры,1.4920084185265454
с учётом цензуры,18.894563576437644
с учётом цензуры,1.271965460981515
с учётом цензуры,35.86887358944402
с учётом цензуры,7.456092492713815
с учётом цензуры,0.9918241141791714
с учётом цензуры,5.046175143484321
с учётом цензуры,1.9194146141572554
с учётом цензуры,9.483335178818509
с учётом цензуры,0.24175586176842395
с учётом цензуры,7.176689108313555
с учётом цензуры,11.224584935533894
с учётом цензуры,1.3106942809625546
с учётом цензуры,1.584087981942276
с учётом цензуры,5.453464141074413
с учётом цензуры,4.667359387277958
с учётом цензуры,4.505490306892458
с учётом цензуры,35.33856755209118
с учётом цензуры,19.462080268990235
с учётом цензуры,9.62786085349603
с учётом цензуры,3.186195763555283
с учётом цензуры,5.42481490971252
с учётом цензуры,10.092392919719579
с учётом цензуры,13.008181292066759
с учётом цензуры,0.15826968940745026
с учётом цензуры,12.168879949451657
с учётом цензуры,12.367579676964361
с учётом цензуры,15.675429137580302
с учётом цензуры,8.97433350096063
с учётом цензуры,11.401304569779882
с учётом цензуры,8.264561230760446
с учётом цензуры,2.860554317323675
с учётом цензуры,1.406893765360105
с учётом цензуры,3.2432820069852806
с учётом цензуры,8.358179972307196
с учётом цензуры,5.632733434671071
с учётом цензуры,3.3753434425702276
с учётом цензуры,6.142810274621441
с учётом цензуры,19.444299813484974
с учётом цензуры,0.5879871051290254
с учётом цензуры,7.255376867139714
с учётом цензуры,13.820464777536886
с учётом цензуры,31.149227906649212
с учётом цензуры,10.30472143430585
с учётом цензуры,0.3911271503296832
с учётом цензуры,9.554562959016739
с учётом цензуры,2.6943810080141164
с учётом цензуры,1.5346318614076044
с учётом цензуры,14.287020786218765
с учётом цензуры,8.399181282929847
с учётом цензуры,7.022006640432091
с учётом цензуры,14.95590931064348
с учётом цензуры,0.1479411923064013
с учётом цензуры,11.938200124820199
с учётом цензуры,0.05976464734317451
с учётом цензуры,0.2666179952103158
с учётом цензуры,6.712356817563085
с учётом цензуры,4.584329215771256
с учётом цензуры,11.111523471071365
с учётом цензуры,5.6482801564691165
с учётом цензуры,11.31912070537916
с учётом цензуры,7.877941088064375
с учётом цензуры,7.554327577052377
с учётом цензуры,5.188080017350466
с учётом цензуры,6.483685392052419
с учётом цензуры,12.697732890289641
с учётом цензуры,4.350148129710809
с учётом цензуры,5.238306951490984
с учётом цензуры,16.25309681202206
с учётом цензуры,6.781920473493273
с учётом цензуры,5.371517524023511
с учётом цензуры,2.8985297774949568
с учётом цензуры,8.079313895522409
с учётом цензуры,9.052736072566985
с учётом цензуры,12.106566447979894
с учётом цензуры,7.295376949284982
с учётом цензуры,4.367010125729981
с учётом цензуры,0.07501376008330866
с учётом цензуры,15.318575231378357
с учётом цензуры,2.276265303774288
с учётом цензуры,3.4567443496684076
с учётом цензуры,1.118386303604917
с учётом цензуры,3.431457665362922
с учётом цензуры,5.941033787964317
с учётом цензуры,11.550047667557088
с учётом цензуры,0.6982585934525792
с учётом цензуры,10.00729532082832
с учётом цензуры,1.2939539263397224
с учётом цензуры,0.8778645080596625
с учётом цензуры,9.840635965459377
с учётом цензуры,4.149385664434085
с учётом цензуры,0.6586381002706722
с учётом цензуры,7.7992295842503045
с учётом цензуры,10.866703604526194
с учётом цензуры,17.42373180165991
с учётом цензуры,1.247072383376017
с учётом цензуры,20.004823109010378
с учётом цензуры,5.50578997619678
с учётом цензуры,11.094513091270828
с учётом цензуры,7.886793164188802
с учётом цензуры,6.788100242507252
с учётом цензуры,8.762659575325983
с учётом цензуры,2.39207244684557
с учётом цензуры,8.276695907443857
с учётом цензуры,10.97004603467592
с учётом цензуры,2.145542747140148
с учётом цензуры,3.9745907409365326
с учётом цензуры,1.411093014415626
с учётом цензуры,3.199935229032025
с учётом цензуры,7.333293121638317
с учётом цензуры,4.36853766366692
с учётом цензуры,7.718876238741584
с учётом цензуры,3.171051722998877
с учётом цензуры,9.53732175300986
с учётом цензуры,23.61715830141379
с учётом цензуры,7.0105139760682444
с учётом цензуры,8.22735901901316
с учётом цензуры,2.187246034791833
с учётом цензуры,3.2831611959627525
с учётом цензуры,2.068296945999787
с учётом цензуры,8.337348417351235
с учётом цензуры,1.5480085957068157
с учётом цензуры,8.086584539270037
с учётом цензуры,7.685798633415271
с учётом цензуры,6.344786253275887
с учётом цензуры,9.224848381173803
с учётом цензуры,9.22147093954114
с учётом цензуры,12.25045631455135
с учётом цензуры,8.261845418121103
с учётом цензуры,8.123396290038801
с учётом цензуры,18.51555625349761
с учётом цензуры,3.065886888753361
с учётом цензуры,15.151194884113682
с учётом цензуры,5.376412081364974
с учётом цензуры,18.75877354534269
с учётом цензуры,2.6378419223380374
с учётом цензуры,3.735788708087309
с учётом цензуры,1.5863517770738538
с учётом цензуры,2.766022427777184
с учётом цензуры,6.0062356604648794
с учётом цензуры,19.606346275482576
с учётом цензуры,3.529876978983298
с учётом цензуры,2.634831585461542
с учётом цензуры,18.596913663274155
с учётом цензуры,6.058700421248622
с учётом цензуры,19.461429533595677
с учётом цензуры,1.7833547161541063
с учётом цензуры,9.973717999529267
с учётом цензуры,3.2267540751210446
с учётом цензуры,9.386702733824013
с учётом цензуры,1.7251329605010017
с учётом цензуры,7.564205867303705
с учётом цензуры,4.424146044095026
с учётом цензуры,9.040642170650132
с учётом цензуры,15.028074391331034
с учётом цензуры,2.0574296860800136
с учётом цензуры,3.700299295409546
с учётом цензуры,7.80976969703543
с учётом цензуры,16.657106128658697
с учётом цензуры,2.385222440539435
с учётом цензуры,1.221951124174342
с учётом цензуры,15.919549725951269
с учётом цензуры,10.361999009515019
с учётом цензуры,4.367432984326118
с учётом цензуры,0.6524043393457492
с учётом цензуры,10.928026845910095
с учётом цензуры,8.405467351572208
с учётом цензуры,17.429272674158597
с учётом цензуры,5.25267198064086
с учётом цензуры,11.179102903721295
с учётом цензуры,3.816943807667716
с учётом цензуры,12.100253629706373
с учётом цензуры,3.447386533677479
с учётом цензуры,1.4909191141485891
с учётом цензуры,9.51399583430785
с учётом цензуры,6.500692975632514
с учётом цензуры,12.726491177602606
с учётом цензуры,13.091705794679033
с учётом цензуры,20.06603379076933
с учётом цензуры,2.7990837263901143
с учётом цензуры,11.758771163604317
с учётом цензуры,1.277604953637256
с учётом цензуры,14.76101842919348
с учётом цензуры,1.717489214109112
с учётом цензуры,2.1859573692893246
с учётом цензуры,3.4587485866028844
с учётом цензуры,2.42937664450274
с учётом цензуры,2.3643291550295786
с учётом цензуры,13.328745707446664
с учётом цензуры,2.691648985283657
с учётом цензуры,9.45160835987621
с учётом цензуры,10.202669457800301
с учётом цензуры,7.95995829091577
с учётом цензуры,6.692816409220109
с учётом цензуры,9.074679531970915
с учётом цензуры,14.948791324404496
с учётом цензуры,2.7430162397257716
с учётом цензуры,0.44283694639017906
с учётом цензуры,6.9476522466363075
с учётом цензуры,0.15088655149825586
с учётом цензуры,21.40078994777994
с учётом цензуры,5.2000108708797725
с учётом цензуры,10.517460591974608
с учётом цензуры,9.545593895110018
с учётом цензуры,1.0566691212333743
с учётом цензуры,13.42398848571085
с учётом цензуры,4.5333208480528855
с учётом цензуры,1.294237864321733
с учётом цензуры,2.2365204168766883
с учётом цензуры,8.706930353992652
с учётом цензуры,0.43272244762166057
с учётом цензуры,14.380291201158412
с учётом цензуры,1.6251983510383492
с учётом цензуры,3.575424707338751
с учётом цензуры,11.400874146801762
с учётом цензуры,8.774850703313104
с учётом цензуры,7.216350700034918
с учётом цензуры,3.513367474755021
с учётом цензуры,17.002414599846833
с учётом цензуры,16.654175144454605
с учётом цензуры,5.809097350935095
с учётом цензуры,2.589813474254162
с учётом цензуры,19.551030171247127
с учётом цензуры,0.4465839522969303
с учётом цензуры,2.9809900143229027
с учётом цензуры,8.011128964499017
с учётом цензуры,14.684508420425656
с учётом цензуры,6.043516021773433
с учётом цензуры,3.2006194009628084
с учётом цензуры,1.911242427044746
с учётом цензуры,2.989204488850013
с учётом цензуры,16.22883449821493
с учётом цензуры,13.080564710510568
с учётом цензуры,8.066410884567816
с учётом цензуры,3.129193618537092
с учётом цензуры,7.278353947506547
с учётом цензуры,5.990177429251256
с учётом цензуры,11.750845689517378
с учётом цензуры,13.145816757776025
с учётом цензуры,5.831184719310186
с учётом цензуры,3.646743048797713
с учётом цензуры,17.36047841743266
с учётом цензуры,16.74986314517492
с учётом цензуры,0.9702537948915964
с учётом цензуры,5.693489922660988
с учётом цензуры,10.261934521473469
с учётом цензуры,6.95475756841423
с учётом цензуры,3.550127167929399
с учётом цензуры,10.421070243094276
с учётом цензуры,17.888540891131264
с учётом цензуры,11.942044893821292
с учётом цензуры,26.414523703946536
с учётом цензуры,12.034111332745205
с учётом цензуры,39.305705707409516
с учётом цензуры,0.6649287484044418
с учётом цензуры,9.868526620949943
с учётом цензуры,3.6189113229523198
с учётом цензуры,1.0512040553119504
с учётом цензуры,5.798550691256247
с учётом цензуры,8.609011410314519
с учётом цензуры,22.07574514580794
с учётом цензуры,11.079363812092742
с учётом цензуры,8.376155951216003
с учётом цензуры,20.90716876075931
с учётом цензуры,3.4431061080500855
с учётом цензуры,2.856569937952507
с учётом цензуры,11.292940446588803
с учётом цензуры,3.5527133275718468
с учётом цензуры,11.93557185748175
с учётом цензуры,21.980098809519035
с учётом цензуры,7.586530089436882
с учётом цензуры,10.267994637977749
с учётом цензуры,13.456551402602953
с учётом цензуры,4.317415177246919
с учётом цензуры,17.28617256473579
с учётом цензуры,0.14796111431514095
с учётом цензуры,15.83626052721737
с учётом цензуры,5.715545316136873
с учётом цензуры,4.311898574715043
с учётом цензуры,1.66974521788477
с учётом цензуры,1.5265884142176633
с учётом цензуры,9.646012664110508
с учётом цензуры,27.759018813825968
с учётом цензуры,14.981252804443603
с учётом цензуры,2.3875657811475675
с учётом цензуры,3.4428007140794765
с учётом цензуры,25.482627663405655
с учётом цензуры,8.600681289024246
с учётом цензуры,4.157167798824783
с учётом цензуры,4.134402069503618
с учётом цензуры,3.5357775577956834
с учётом цензуры,0.816903726491327
с учётом цензуры,8.377265950907177
с учётом цензуры,4.640562459508933
с учётом цензуры,6.163219641147901
с учётом цензуры,8.760376762199986
с учётом цензуры,5.893544230329407
с учётом цензуры,2.2926917121420307
с учётом цензуры,12.160187545045053
с учётом цензуры,13.568090452786368
с учётом цензуры,4.592369102207063
с учётом цензуры,4.335582678760472
с учётом цензуры,6.41916707618053
с учётом цензуры,3.318066651886113
с учётом цензуры,6.057494163415953
с учётом цензуры,6.932526303892137
с учётом цензуры,7.933361119732631
с учётом цензуры,22.028151993759586
с учётом цензуры,0.22031951532721847
с учётом цензуры,12.550742572831284
с учётом цензуры,10.171655152361692
с учётом цензуры,4.883151956350222
с учётом цензуры,2.6001067898378474
с учётом цензуры,6.993228875465208
с учётом цензуры,4.175248800974131
с учётом цензуры,5.59547971315929
с учётом цензуры,5.561362342582211
с учётом цензуры,15.594046921888879
с учётом цензуры,20.100697360307784
с учётом цензуры,12.696816172266342
с учётом цензуры,7.665531140800241
с учётом цензуры,3.487148267419035
с учётом цензуры,10.19445217776866
с учётом цензуры,8.195319793480362
с учётом цензуры,9.09591942725234
с учётом цензуры,10.271205460407998
с учётом цензуры,10.288479255127651
с учётом цензуры,9.013508570929673
с учётом цензуры,5.694580026764919
с учётом цензуры,1.8116374838485398
с учётом цензуры,0.6346160971660432
с учётом цензуры,14.302181693745354
с учётом цензуры,10.617653021874633
с учётом цензуры,4.986112398181446
с учётом цензуры,9.150771049145204
с учётом цензуры,2.963300494691499
с учётом цензуры,5.516337819259293
с учётом цензуры,16.090410214206063
с учётом цензуры,10.036805123517674
с учётом цензуры,2.3456547896986395
с учётом цензуры,2.507618501830901
с учётом цензуры,2.7014762844060445
с учётом цензуры,18.323034318324034
с учётом цензуры,5.222636399710578
с учётом цензуры,6.724384337406686
с учётом цензуры,7.322093454111956
с учётом цензуры,6.795648862615996
с учётом цензуры,7.135463101004391
с учётом цензуры,3.483208278735803
с учётом цензуры,9.187108614923293
с учётом цензуры,11.38861658613708
с учётом цензуры,6.503784965939314
с учётом цензуры,3.676718262219179
с учётом цензуры,7.580434277232328
с учётом цензуры,6.223359602506266
с учётом цензуры,17.67455274064526
с учётом цензуры,3.522658392985602
с учётом цензуры,3.613061251552028
с учётом цензуры,6.090072686403594
с учётом цензуры,3.782132650869574
с учётом цензуры,0.3549690610881202
с учётом цензуры,4.452135064166164
с учётом цензуры,3.5255438578385974
с учётом цензуры,3.935464033590895
с учётом цензуры,3.903554617546276
с учётом цензуры,8.541254460469174
с учётом цензуры,24.05776139900651
с учётом цензуры,0.33978648989924787
с учётом цензуры,11.84820937082042
с учётом цензуры,1.887652226150605
с учётом цензуры,0.998519629573708
с учётом цензуры,1.7587214220048688
с учётом цензуры,22.22313212574889
с учётом цензуры,5.675043147474562
с учётом цензуры,1.3227907077787986
с учётом цензуры,9.671760716234607
с учётом цензуры,9.380892107643595
с учётом цензуры,5.298598529248365
с учётом цензуры,13.618862836602979
с учётом цензуры,2.7151055646293476
с учётом цензуры,9.314741609158489
с учётом цензуры,3.006697952266821
с учётом цензуры,16.235659520469046
с учётом цензуры,3.138535524190562
с учётом цензуры,10.348718041558708
с учётом цензуры,12.667667818677716
с учётом цензуры,3.488247980234376
с учётом цензуры,6.032898610726859
с учётом цензуры,9.651622326560064
с учётом цензуры,8.526483281266474
с учётом цензуры,6.4922255476036295
с учётом цензуры,10.095464320084004
с учётом цензуры,1.8324577089263476
с учётом цензуры,16.814243353108758
с учётом цензуры,7.001146011773022
с учётом цензуры,7.461506746731357
с учётом цензуры,3.672987313118437
с учётом цензуры,8.008377313368317
с учётом цензуры,26.390617888811455
с учётом цензуры,4.096939381505689
с учётом цензуры,2.9093732630058726
с учётом цензуры,3.9825700312090104
с учётом цензуры,2.0454321659080534
с учётом цензуры,3.8770558707822294
с учётом цензуры,2.335022789146209
с учётом цензуры,5.300664973689046
с учётом цензуры,6.277770439462493
с учётом цензуры,3.2023733379494974
с учётом цензуры,19.538538176243073
с учётом цензуры,13.249722947051282
с учётом цензуры,2.647065010035303
с учётом цензуры,10.160388921663957
с учётом цензуры,1.6437720691284863
с учётом цензуры,10.861403479911129
с учётом цензуры,26.681240615368
с учётом цензуры,3.2107450772913966
с учётом цензуры,1.5014153914239616
с учётом цензуры,1.8531549754363117
с учётом цензуры,4.55045550439657
с учётом цензуры,3.1785738082951003
с учётом цензуры,5.993971817566763
с учётом цензуры,10.837971643646037
с учётом цензуры,2.3988439306106444
с учётом цензуры,2.544484372071323
с учётом цензуры,0.4771328476152293
с учётом цензуры,8.098231432968602
с учётом цензуры,9.899054973576792
с учётом цензуры,4.808782565283689
с учётом цензуры,9.610153160286252
с учётом цензуры,15.009429872044361
с учётом цензуры,8.44572090746248
с учётом цензуры,13.680356938848858
с учётом цензуры,28.055521806094923
с учётом цензуры,19.62086875277826
с учётом цензуры,3.4677706042298184
с учётом цензуры,21.36551364850659
с учётом цензуры,3.406152965059885
с учётом цензуры,5.557748684929086
с учётом цензуры,7.645800442773193
с учётом цензуры,14.872994919875513
с учётом цензуры,17.198236334742976
с учётом цензуры,6.478432289767604
с учётом цензуры,13.5197834944812
с учётом цензуры,5.89465789722006
с учётом цензуры,12.475976409870123
с учётом цензуры,1.5791957285329898
с учётом цензуры,18.36087403369715
с учётом цензуры,24.760062042885643
с учётом цензуры,3.423078173637192
с учётом цензуры,5.740577583524954
с учётом цензуры,1.4559111429943754
с учётом цензуры,8.98794039860011
с учётом цензуры,6.435259557975667
с учётом цензуры,6.017156132193729
с учётом цензуры,3.4126029761526917
с учётом цензуры,5.40259492576262
с учётом цензуры,2.280272095956702
с учётом цензуры,14.1028052725137
с учётом цензуры,2.768463589216543
с учётом цензуры,3.1605657747867357
с учётом цензуры,1.3362553455443764
с учётом цензуры,0.7322538172296076
с учётом цензуры,9.221557599501697
с учётом цензуры,7.334426185018348
с учётом цензуры,3.7099113744189416
с учётом цензуры,5.068304486777962
с учётом цензуры,4.431137793035164
с учётом цензуры,4.592465198117674
с учётом цензуры,10.342768766863987
с учётом цензуры,8.447263679702152
с учётом цензуры,9.652865660300739
с учётом цензуры,2.808151119131319
с учётом цензуры,31.24232865395094
с учётом цензуры,14.048683202179669
с учётом цензуры,10.249021055988097
с учётом цензуры,4.217671876759496
с учётом цензуры,4.131731048442143
с учётом цензуры,15.776366809047364
с учётом цензуры,6.23908268470432
с учётом цензуры,7.611104787237385
с учётом цензуры,1.2695254070686688
с учётом цензуры,5.71167352807728
с учётом цензуры,11.959035327088703
с учётом цензуры,4.68522373221948
с учётом цензуры,0.05798769917114067
с учётом цензуры,3.881199559275062
с учётом цензуры,12.1635347367873
с учётом цензуры,10.314032564075626
с учётом цензуры,15.967280442026386
с учётом цензуры,5.719908488467442
с учётом цензуры,2.035235166414445
с учётом цензуры,5.1677093046243145
с учётом цензуры,2.8753722266882975
с учётом цензуры,7.390315056081501
с учётом цензуры,1.3698625141856036
с учётом цензуры,5.312399100830918
с учётом цензуры,18.977027140797034
с учётом цензуры,2.2395096558349623
с учётом цензуры,7.517106953609712
с учётом цензуры,8.02066513527386
с учётом цензуры,12.397242763656667
с учётом цензуры,12.488970184834024
с учётом цензуры,8.4185459060371
с учётом цензуры,6.320099804670962
с учётом цензуры,8.48153667220476
с учётом цензуры,3.1223769855176178
с учётом цензуры,3.4262627751439707
с учётом цензуры,9.02096988016166
с учётом цензуры,4.081648370923735
с учётом цензуры,12.436922771373823
с учётом цензуры,6.513299892120012
с учётом цензуры,8.82426390823758
с учётом цензуры,2.490501785690368
с учётом цензуры,9.2848708112081
с учётом цензуры,33.542443632145925
с учётом цензуры,3.114682868988478
с учётом цензуры,3.209838691891017
с учётом цензуры,5.667951598170827
с учётом цензуры,1.2323872120928627
с учётом цензуры,5.099754301099167
с учётом цензуры,3.340267585542789
с учётом цензуры,4.682386145883156
с учётом цензуры,16.763234526107578
с учётом цензуры,5.665959101899068
с учётом цензуры,20.154102713546344
с учётом цензуры,2.6040327800728664
с учётом цензуры,16.30837022017366
с учётом цензуры,13.822300968139743
с учётом цензуры,1.3871008232182505
с учётом цензуры,10.617490199243857
с учётом цензуры,1.562316978971918
с учётом цензуры,21.024478340868413
с учётом цензуры,26.005415916113357
с учётом цензуры,10.09876691360695
с учётом цензуры,1.4198099084001141
с учётом цензуры,3.4435734195603307
с учётом цензуры,2.8004614488366117
с учётом цензуры,13.209559986337416
с учётом цензуры,2.5704899235805296
с учётом цензуры,7.760894523381333
с учётом цензуры,3.9312089652967517
с учётом цензуры,5.561507224899161
с учётом цензуры,4.036483305387664
с учётом цензуры,10.480246655607356
с учётом цензуры,9.878284086177873
с учётом цензуры,4.77986331969544
с учётом цензуры,8.277263692851305
с учётом цензуры,3.7909126131003257
с учётом цензуры,10.211915115805121
с учётом цензуры,11.445753426236768
с учётом цензуры,7.314952818813298
с учётом цензуры,1.0165357795563645
с учётом цензуры,10.855847391982572
с учётом цензуры,11.293896153057958
с учётом цензуры,14.149938701405812
с учётом цензуры,12.59743417521025
с учётом цензуры,0.4239108154715016
с учётом цензуры,4.343391467534026
с учётом цензуры,2.7034057432562677
с учётом цензуры,4.092985725954643
с учётом цензуры,7.817947934205885
с учётом цензуры,22.73165559615609
с учётом цензуры,3.158889384877538
с учётом цензуры,7.8259589788108865
с учётом цензуры,1.5423290942755379
с учётом цензуры,2.390752368187455
с учётом цензуры,0.13363919055334736
с учётом цензуры,7.490247013623856
с учётом цензуры,26.252660872241663
с учётом цензуры,4.95522163846803
с учётом цензуры,8.17881727588314
с учётом цензуры,4.458230831534853
с учётом цензуры,12.564914892768368
с учётом цензуры,5.70693674146759
с учётом цензуры,5.948006034477746
с учётом цензуры,2.846362700079711
с учётом цензуры,1.9967200373707292
с учётом цензуры,14.261099218054966
с учётом цензуры,11.598603643837393
с учётом цензуры,5.368212727950166
с учётом цензуры,2.8584713618553876
с учётом цензуры,3.6689210721138776
с учётом цензуры,5.08612260009795
с учётом цензуры,2.043728706573094
с учётом цензуры,9.13737558441812
с учётом цензуры,3.3276217571982154
с учётом цензуры,9.388944229454879
с учётом цензуры,10.159541714639333
с учётом цензуры,5.09969784353234
с учётом цензуры,6.123622788548916
с учётом цензуры,17.099927598335423
с учётом цензуры,3.8247662585016955
с учётом цензуры,9.216802034733233
с учётом цензуры,7.5230379022640825
с учётом цензуры,11.30610848380217
с учётом цензуры,0.7009700117448159
с учётом цензуры,1.59031556844574
с учётом цензуры,5.584410186738793
с учётом цензуры,3.0817814603086493
с учётом цензуры,7.694124531765717
с учётом цензуры,0.08971026655113859
с учётом цензуры,1.947213515028984
с учётом цензуры,2.865921702591798
с учётом цензуры,6.45652353796584
с учётом цензуры,7.612809973641635
с учётом цензуры,5.683651806423485
с учётом цензуры,2.5658151156576183
с учётом цензуры,16.929912409415852
с учётом цензуры,1.733016925574778
с учётом цензуры,3.814456544179678
с учётом цензуры,1.3305660979249785
с учётом цензуры,15.028669603115981
с учётом цензуры,1.788056449103295
с учётом цензуры,9.110508016893164
с учётом цензуры,4.039826248492657
с учётом цензуры,5.241504746776892
с учётом цензуры,1.591338073748778
с учётом цензуры,2.053113434010254
с учётом цензуры,25.69415748866861
с учётом цензуры,4.89780500281307
с учётом цензуры,29.801653921122732
с учётом цензуры,1.3934198949108647
с учётом цензуры,2.239695705525834
с учётом цензуры,2.006813713135455
с учётом цензуры,19.893834177544285
с учётом цензуры,3.0670672318194723
с учётом цензуры,8.596471162064525
с учётом цензуры,8.789131958164939
с учётом цензуры,12.200756366952834
с учётом цензуры,9.282538618160533
с учётом цензуры,10.441440004194309
с учётом цензуры,10.83459420210066
с учётом цензуры,5.953523852793145
с учётом цензуры,7.071268410273217
с учётом цензуры,5.124696383885885
с учётом цензуры,6.513784872808139
с учётом цензуры,4.785416364080039
с учётом цензуры,13.263821427064798
с учётом цензуры,40.72405113578999
с учётом цензуры,18.759488276931513
с учётом цензуры,0.29620266431133524
с учётом цензуры,6.250257642623767
с учётом цензуры,9.874860354042415
с учётом цензуры,11.587346670004973
с учётом цензуры,5.101895331736081
с учётом цензуры,1.75258681751792
с учётом цензуры,4.223352036576842
с учётом цензуры,12.520494712785691
с учётом цензуры,11.070896757522057
с учётом цензуры,12.330854163082464
с учётом цензуры,1.338962471981838
с учётом цензуры,7.705746281800389
с учётом цензуры,14.626599306117415
с учётом цензуры,2.515906637988506
с учётом цензуры,7.669849000917189
с учётом цензуры,7.995004981789325
с учётом цензуры,1.3398113997961747
с учётом цензуры,9.479893185125139
с учётом цензуры,5.290474147796088
с учётом цензуры,8.274860598671257
с учётом цензуры,1.7175276254934346
с учётом цензуры,1.1777778383769872
с учётом цензуры,12.382095310123947
с учётом цензуры,19.78043856855581
с учётом цензуры,16.59623870130413
с учётом цензуры,20.952570685345616
с учётом цензуры,4.554507018052504
с учётом цензуры,3.812279393060782
с учётом цензуры,0.5243356937272309
с учётом цензуры,1.470841653891719
с учётом цензуры,2.2711385640007116
с учётом цензуры,8.80989416331483
с учётом цензуры,3.116701983769792
с учётом цензуры,9.446074707247439
с учётом цензуры,7.656379276592672
с учётом цензуры,6.580368494811523
с учётом цензуры,4.986870161686088
с учётом цензуры,8.59662143473347
с учётом цензуры,2.6553403154253674
с учётом цензуры,10.75793328965041
с учётом цензуры,6.7850039714150725
с учётом цензуры,2.824922086109717
с учётом цензуры,6.9031840110498415
с учётом цензуры,1.643388006197655
с учётом цензуры,4.39222262768985
с учётом цензуры,9.184180260743364
с учётом цензуры,4.957392314998047
с учётом цензуры,0.7458412185701233
с учётом цензуры,1.775315858330315
с учётом цензуры,8.848940021067914
с учётом цензуры,7.9584135820532875
с учётом цензуры,4.446811149163583
с учётом цензуры,4.548584565040944
с учётом цензуры,5.335712382926184
с учётом цензуры,17.307093695136768
с учётом цензуры,19.775848292039463
с учётом цензуры,22.84501234155555
с учётом цензуры,3.396070029628724
с учётом цензуры,6.2266429994109656
с учётом цензуры,3.5851596812467
с учётом цензуры,10.599437511813033
с учётом цензуры,16.12752083274073
с учётом цензуры,8.843147287790776
с учётом цензуры,24.701480026983308
с учётом цензуры,13.48319532976015
с учётом цензуры,3.443898801725015
с учётом цензуры,5.890161024863442
с учётом цензуры,3.5108485969369
с учётом цензуры,14.334350234370019
с учётом цензуры,14.231867756554315
с учётом цензуры,8.433867128376699
с учётом цензуры,2.156829724986467
с учётом цензуры,5.42246477068443
с учётом цензуры,3.4044272019752424
с учётом цензуры,10.452710481420064
с учётом цензуры,4.787172162636425
с учётом цензуры,0.8262889606919982
с учётом цензуры,11.805488478677526
с учётом цензуры,7.828143465169028
с учётом цензуры,6.075094192439846
с учётом цензуры,36.74162224865909
с учётом цензуры,2.2309726615143948
с учётом цензуры,5.969996484524327
с учётом цензуры,7.085853811363064
с учётом цензуры,7.537206566087205
с учётом цензуры,3.459991860801065
с учётом цензуры,8.190645859542538
с учётом цензуры,9.316905099904735
с учётом цензуры,3.4546610765304706
с учётом цензуры,6.32050351456409
с учётом цензуры,9.138605157550508
с учётом цензуры,3.743187531469647
с учётом цензуры,7.402130461251884
с учётом цензуры,22.432401497534606
с учётом цензуры,8.128437439300356
с учётом цензуры,3.3313498252578926
с учётом цензуры,4.930685853536172
с учётом цензуры,10.185287443576406
с учётом цензуры,14.168492334743945
с учётом цензуры,3.078928840484719
с учётом цензуры,1.0618968699540108
с учётом цензуры,0.5564950659525474
с учётом цензуры,5.270898182511281
с учётом цензуры,3.520728053735839
с учётом цензуры,0.997210126791657
с учётом цензуры,3.4080000355298568
с учётом цензуры,8.103857116680892
с учётом цензуры,21.539567668282885
с учётом цензуры,6.327708565096032
с учётом цензуры,2.655959310737599
с учётом цензуры,5.327977371488744
с учётом цензуры,10.070003025999222
с учётом цензуры,2.620996661518419
с учётом цензуры,4.443778732786795
с учётом цензуры,9.201176468329106
с учётом цензуры,6.002143542217697
с учётом цензуры,1.1028675811047401
с учётом цензуры,10.985570229998034
с учётом цензуры,6.390356989434194
с учётом цензуры,4.469249938077802
с учётом цензуры,2.1881068323668225
с учётом цензуры,0.5434425395044372
с учётом цензуры,29.751449155101422
с учётом цензуры,1.4405992854746226
с учётом цензуры,8.65010480710359
с учётом цензуры,5.668381617008811
с учётом цензуры,5.498026308633243
с учётом цензуры,9.326164128373616
с учётом цензуры,5.093629200182877
с учётом цензуры,18.107390335830278
с учётом цензуры,9.622471431260937
с учётом цензуры,3.971008014894233
с учётом цензуры,3.4771315655696036
с учётом цензуры,7.261823041801539
с учётом цензуры,11.241597379573227
с учётом цензуры,5.727395276223547
с учётом цензуры,15.956437290914927
с учётом цензуры,18.451618766388783
с учётом цензуры,2.2489238480041633
с учётом цензуры,2.15476667192735
с учётом цензуры,11.056250672144557
с учётом цензуры,3.8296435464138217
с учётом цензуры,8.513636811117872
с учётом цензуры,5.864144542738472
с учётом цензуры,1.4118286649836318
с учётом цензуры,1.873178014738191
с учётом цензуры,11.629507356654434
с учётом цензуры,4.7977868593501105
с учётом цензуры,11.058901238513899
с учётом цензуры,8.385800170503735
с учётом цензуры,5.467549436321262
с учётом цензуры,9.885315755734856
с учётом цензуры,6.416079530950679
с учётом цензуры,4.901730643640917
с учётом цензуры,8.522179406405378
с учётом цензуры,5.9211427980164135
с учётом цензуры,26.761148989107305
с учётом цензуры,8.070504783190941
с учётом цензуры,17.56512586148853
с учётом цензуры,5.641393228604665
с учётом цензуры,9.587893191344952
с учётом цензуры,3.928837797130449
с учётом цензуры,7.966066035140547
с учётом цензуры,1.4483031678942686
с учётом цензуры,25.867095752715677
с учётом цензуры,10.351519221807857
с учётом цензуры,2.710177565545973
с учётом цензуры,11.341269356267238
с учётом цензуры,0.2521679147517217
с учётом цензуры,9.643031485951719
с учётом цензуры,5.273589943044334
с учётом цензуры,6.457087695699102
с учётом цензуры,17.11768787493987
с учётом цензуры,2.8925250357384136
с учётом цензуры,7.217971711831888
с учётом цензуры,3.0218056408396023
с учётом цензуры,0.38311161499734925
с учётом цензуры,4.754902639836339
с учётом цензуры,6.005344926402726
с учётом цензуры,0.9805238438979108
с учётом цензуры,4.428257319778871
с учётом цензуры,1.848552410127886
с учётом цензуры,24.676683671314503
с учётом цензуры,2.867524161767704
с учётом цензуры,15.649278771149525
с учётом цензуры,3.190375164108489
с учётом цензуры,1.1676651874098458
с учётом цензуры,4.488232841124916
с учётом цензуры,5.575493139268174
с учётом цензуры,25.433217651387796
с учётом цензуры,4.457289138298199
с учётом цензуры,3.291580415558922
с учётом цензуры,2.9749530215017654
с учётом цензуры,25.968751655090077
с учётом цензуры,7.705762573831942
с учётом цензуры,15.74525317261257
с учётом цензуры,3.1053130608413877
с учётом цензуры,16.44062089651711
с учётом цензуры,27.439665733070456
с учётом цензуры,4.2485233450774
с учётом цензуры,11.551483843849597
с учётом цензуры,1.096615353993411
с учётом цензуры,25.630884607393902
с учётом цензуры,11.172223367242713
с учётом цензуры,11.490984430911396
с учётом цензуры,2.9228065211797976
с учётом цензуры,4.9404626750417195
с учётом цензуры,14.733914733283
с учётом цензуры,8.24980948017253
с учётом цензуры,9.100782929941087
с учётом цензуры,8.953592103800034
с учётом цензуры,3.652704794567455
с учётом цензуры,7.603286707061385
с учётом цензуры,3.0028943713955005
с учётом цензуры,5.109864367044765
с учётом цензуры,17.622231012234153
с учётом цензуры,8.856241340948433
с учётом цензуры,3.6412535284135106
с учётом цензуры,12.555880854263819
с учётом цензуры,23.82715943776275
с учётом цензуры,2.88525825187116
с учётом цензуры,0.6311313048558578
с учётом цензуры,6.413342296433724
с учётом цензуры,4.659582312026043
с учётом цензуры,3.451127142534732
с учётом цензуры,2.6588385009938356
с учётом цензуры,1.8303054681487143
с учётом цензуры,6.2324113022361
с учётом цензуры,17.29873742547962
с учётом цензуры,5.637862845728282
с учётом цензуры,3.450365892017524
с учётом цензуры,7.664049897797344
с учётом цензуры,6.064877823933707
с учётом цензуры,3.251496975547058
с учётом цензуры,5.040326684662677
с учётом цензуры,4.905326424321274
с учётом цензуры,0.6156979543281365
с учётом цензуры,16.142864475721687
с учётом цензуры,6.31729199139301
с учётом цензуры,4.734365615660445
с учётом цензуры,20.09632325952364
с учётом цензуры,17.935471837520176
с учётом цензуры,7.0396753869390585
с учётом цензуры,13.364098909838445
с учётом цензуры,5.3166323530822925
с учётом цензуры,11.241600117461513
с учётом цензуры,2.754502610877643
с учётом цензуры,5.269413090493457
с учётом цензуры,2.580240562315085
с учётом цензуры,0.9209541471351175
с учётом цензуры,16.26799501830016
с учётом цензуры,12.284743551214085
с учётом цензуры,23.137187222522254
с учётом цензуры,7.433346295401535
с учётом цензуры,0.9801960908548
с учётом цензуры,12.155262204310855
с учётом цензуры,8.70958924931397
с учётом цензуры,3.4048285363558586
с учётом цензуры,9.660482869922465
с учётом цензуры,2.9995222237082215
с учётом цензуры,6.2167470906575355
с учётом цензуры,13.049144919673186
с учётом цензуры,12.684310419533203
с учётом цензуры,3.55947588682692
с учётом цензуры,11.848005880293012
с учётом цензуры,23.599938840089443
с учётом цензуры,10.19046214027723
с учётом цензуры,1.5485932643068072
с учётом цензуры,20.44958528484097
с учётом цензуры,3.3773630112637387
с учётом цензуры,2.0403953972293616
с учётом цензуры,17.398913179492553
с учётом цензуры,5.345081914970635
с учётом цензуры,6.304304200370046
с учётом цензуры,0.43732475362982026
с учётом цензуры,8.364046101198879
с учётом цензуры,2.265342600803874
с учётом цензуры,3.1362776542333477
с учётом цензуры,9.657551635691457
с учётом цензуры,21.617648796203447
с учётом цензуры,4.276886015109774
с учётом цензуры,1.378623955128872
с учётом цензуры,13.827388407662564
с учётом цензуры,5.581820310168686
с учётом цензуры,5.299704165008702
с учётом цензуры,1.4520054367236102
с учётом цензуры,8.521482514981058
с учётом цензуры,5.422750376417575
с учётом цензуры,12.696000802196025
с учётом цензуры,11.089770589383898
с учётом цензуры,24.931882210463304
с учётом цензуры,1.9270325739058038
с учётом цензуры,19.92357840887439
с учётом цензуры,7.945043082272129
с учётом цензуры,4.080229715541704
с учётом цензуры,11.143654666931784
с учётом цензуры,4.228995578477841
с учётом цензуры,21.825424995864108
с учётом цензуры,6.947628728753675
с учётом цензуры,3.3724813334519057
с учётом цензуры,6.482419550651913
с учётом цензуры,4.665334381211436
с учётом цензуры,4.645438417644956
с учётом цензуры,7.966170246254534
с учётом цензуры,15.001700156541002
с учётом цензуры,9.943591651116677
с учётом цензуры,10.352116804250546
с учётом цензуры,18.220083833339377
с учётом цензуры,7.759117629145715
с учётом цензуры,0.9743685233729116
с учётом цензуры,2.720335287944098
с учётом цензуры,2.090599069908079
с учётом цензуры,0.04536483415660685
с учётом цензуры,10.734488446367141
с учётом цензуры,11.4169942046848
с учётом цензуры,2.3283775147351764
с учётом цензуры,0.4977442030075028
с учётом цензуры,3.2750628182810653
с учётом цензуры,79.96713896861169
с учётом цензуры,6.736939625467058
с учётом цензуры,5.506128778352936
с учётом цензуры,11.028063364575138
с учётом цензуры,15.449061848216399
с учётом цензуры,10.824507042249659
с учётом цензуры,1.3665872824653276
с учётом цензуры,8.221832267411907
с учётом цензуры,2.1341933577516774
с учётом цензуры,6.245591642531551
с учётом цензуры,14.335038336234401
с учётом цензуры,4.958678427036318
с учётом цензуры,8.79650616181201
с учётом цензуры,16.252119697734287
с учётом цензуры,13.096512901212549
с учётом цензуры,1.7398176712738427
с учётом цензуры,1.5769225737983674
с учётом цензуры,8.289392890047282
с учётом цензуры,11.779122485549944
с учётом цензуры,4.519069471048073
с учётом цензуры,16.657361552554555
с учётом цензуры,2.556731492579921
с учётом цензуры,11.668980289273636
с учётом цензуры,22.63247725491979
с учётом цензуры,10.612059238718865
с учётом цензуры,9.685237588994394
с учётом цензуры,2.4777393322656946
с учётом цензуры,6.83020006581048
с учётом цензуры,31.162543683324305
с учётом цензуры,5.797184652441768
с учётом цензуры,6.067594818998037
с учётом цензуры,9.05008806054472
с учётом цензуры,2.1711878064986783
с учётом цензуры,8.635736800686628
с учётом цензуры,7.965553415507276
с учётом цензуры,6.938767358859747
с учётом цензуры,5.191792427383608
с учётом цензуры,4.084819591332667
с учётом цензуры,4.754819920205608
с учётом цензуры,10.8845187543741
с учётом цензуры,2.0995880205153052
с учётом цензуры,6.627818751205125
с учётом цензуры,2.6028707490792016
с учётом цензуры,11.926769764288684
с учётом цензуры,0.7645222634567895
с учётом цензуры,4.342087626400094
с учётом цензуры,6.711984139147986
с учётом цензуры,1.1109730189494516
с учётом цензуры,17.481704937183377
с учётом цензуры,2.1700455940441628
с учётом цензуры,2.184156442970216
с учётом цензуры,7.470791718771991
с учётом цензуры,1.5649968842032909
с учётом цензуры,12.825619336569497
с учётом цензуры,5.630520041963715
с учётом цензуры,3.502255962022352
с учётом цензуры,10.816757418007338
с учётом цензуры,28.16710280886847
с учётом цензуры,3.8861658604921816
с учётом цензуры,1.3860555523601257
с учётом цензуры,12.98972650848284
с учётом цензуры,7.484958120317483
с учётом цензуры,6.637365794702916
с учётом цензуры,3.545148063845183
с учётом цензуры,8.907678275783232
с учётом цензуры,8.40683958581917
с учётом цензуры,2.300718004973189
с учётом цензуры,9.665031116050873
с учётом цензуры,11.851443929893549
с учётом цензуры,3.367363530201091
с учётом цензуры,9.114903614803858
с учётом цензуры,6.631072153090461
с учётом цензуры,2.675893174367128
с учётом цензуры,3.6607938403011904
с учётом цензуры,7.9274756996167435
с учётом цензуры,14.537905047510382
с учётом цензуры,3.9330595338404404
с учётом цензуры,4.118107012223159
с учётом цензуры,6.010945044350798
с учётом цензуры,4.347494184298331
с учётом цензуры,10.862969767097647
с учётом цензуры,1.533568408886763
с учётом цензуры,19.466335190312435
с учётом цензуры,1.4594909981991995
с учётом цензуры,10.163262850012153
с учётом цензуры,2.0745924293124287
с учётом цензуры,5.885902038474843
с учётом цензуры,6.46095913572964
с учётом цензуры,4.356220919007895
с учётом цензуры,4.588427569283707
с учётом цензуры,0.5922647833069656
с учётом цензуры,8.505373980269148
с учётом цензуры,1.8307620439443504
с учётом цензуры,4.440838464505019
с учётом цензуры,3.9097732384428525
с учётом цензуры,5.563219902347907
с учётом цензуры,2.7826005863526313
с учётом цензуры,18.024517610304148
с учётом цензуры,3.9336159840989726
с учётом цензуры,0.6695475720290502
с учётом цензуры,5.399928082459622
с учётом цензуры,14.238632573452886
с учётом цензуры,5.770298449254897
с учётом цензуры,3.291745239658547
с учётом цензуры,4.326336752055298
с учётом цензуры,7.728095132798601
с учётом цензуры,13.270204848050064
с учётом цензуры,0.8222143140513396
с учётом цензуры,4.7016189101574835
с учётом цензуры,2.610628018060962
с учётом цензуры,22.000644732077642
с учётом цензуры,3.739518287169254
с учётом цензуры,4.251326039156998
с учётом цензуры,0.772828770656234
с учётом цензуры,18.545703823370587
с учётом цензуры,2.0554927990484817
с учётом цензуры,7.65284895639549
с учётом цензуры,5.417253529951273
с учётом цензуры,2.6358896882842835
с учётом цензуры,0.9351361843608422
с учётом цензуры,4.634523339092403
с учётом цензуры,3.103129238612213
с учётом цензуры,16.17716508158434
с учётом цензуры,2.8280408825015604
с учётом цензуры,12.531466700740008
с учётом цензуры,0.4372712694831748
с учётом цензуры,6.745978335306767
с учётом цензуры,5.461133666259842
с учётом цензуры,6.148877727130844
с учётом цензуры,4.814475585092972
с учётом цензуры,2.1658900395848972
с учётом цензуры,2.08738082821188
с учётом цензуры,6.754197683208032
с учётом цензуры,2.14022047042401
с учётом цензуры,4.029328836754897
с учётом цензуры,2.5409682059110033
с учётом цензуры,7.693552817044009
с учётом цензуры,34.60141494169714
с учётом цензуры,6.243883212021929
с учётом цензуры,15.726177483531538
с учётом цензуры,6.1115834213525355
с учётом цензуры,1.1795639678292895
с учётом цензуры,5.157004575491303
с учётом цензуры,14.702330046175371
с учётом цензуры,1.4574816140761389
с учётом цензуры,5.020541586000986
с учётом цензуры,0.6797876370012821
с учётом цензуры,5.693605610767882
с учётом цензуры,5.233730566508239
с учётом цензуры,12.926654113966926
с учётом цензуры,6.659267486817219
с учётом цензуры,0.5506162007133457
с учётом цензуры,3.394133601345726
с учётом цензуры,1.6602854191344656
с учётом цензуры,12.312879521995445
с учётом цензуры,6.373781080018181
с учётом цензуры,3.0915431340876824
с учётом цензуры,9.727205144266815
с учётом цензуры,3.482380505625659
с учётом цензуры,6.650926495614419
с учётом цензуры,4.272844665317294
с учётом цензуры,5.580843226850404
с учётом цензуры,8.12288404623097
с учётом цензуры,3.2670590307295786
с учётом цензуры,3.2143901863730497
с учётом цензуры,4.838856581342432
с учётом цензуры,5.68140009599796
с учётом цензуры,9.78214153825504
с учётом цензуры,10.82980311664383
с учётом цензуры,5.344175219849348
с учётом цензуры,13.325291964674891
с учётом цензуры,16.061171395290362
с учётом цензуры,4.231851588873873
с учётом цензуры,30.44335293402876
с учётом цензуры,3.640004433661542
с учётом цензуры,9.503679103582167
с учётом цензуры,9.284232570467765
с учётом цензуры,4.088113448311304
с учётом цензуры,13.792662532525584
с учётом цензуры,2.5283180367153686
с учётом цензуры,13.286886893601942
с учётом цензуры,27.2172421591708
с учётом цензуры,22.118739984723703
с учётом цензуры,3.244258006427218
с учётом цензуры,8.530676028216059
с учётом цензуры,2.039830905267634
с учётом цензуры,19.981431679865832
с учётом цензуры,25.08759645772999
с учётом цензуры,1.1822526261511856
с учётом цензуры,5.169122855511907
с учётом цензуры,11.805443354790299
с учётом цензуры,2.545055735334681
с учётом цензуры,7.382661410086179
с учётом цензуры,7.612314033045001
с учётом цензуры,14.554149667249348
с учётом цензуры,6.438365961599855
с учётом цензуры,5.442752458995962
с учётом цензуры,8.99495897907846
с учётом цензуры,10.204276829324094
с учётом цензуры,4.301004581231737
с учётом цензуры,6.35095141138405
с учётом цензуры,3.9225971910905013
с учётом цензуры,2.3718521132407124
с учётом цензуры,14.724772677183399
с учётом цензуры,5.259347263913306
с учётом цензуры,4.285820484858944
с учётом цензуры,0.9025963781692392
с учётом цензуры,7.454302641396211
с учётом цензуры,7.584945976280219
с учётом цензуры,5.360573235942451
с учётом цензуры,0.4987653553103758
с учётом цензуры,8.575454501497962
с учётом цензуры,0.9903854148456477
с учётом цензуры,9.1460290708748
с учётом цензуры,18.813471889727197
с учётом цензуры,2.2673332916051683
с учётом цензуры,3.971921327047806
с учётом цензуры,2.7152081743961
с учётом цензуры,2.454873886472838
с учётом цензуры,5.958028419067875
с учётом цензуры,3.8119329275875296
с учётом цензуры,0.972351680142546
с учётом цензуры,1.8795107722679523
с учётом цензуры,6.886792497662854
с учётом цензуры,3.3129660494097664
с учётом цензуры,1.9348559033802895
с учётом цензуры,9.32815956439008
с учётом цензуры,5.064674617196959
с учётом цензуры,1.2296410470466392
с учётом цензуры,3.0612280970155794
с учётом цензуры,5.707881238634242
с учётом цензуры,1.2212869591862354
с учётом цензуры,5.215580253712384
с учётом цензуры,3.1425683802477793
с учётом цензуры,14.005716299899177
с учётом цензуры,3.690236033892819
с учётом цензуры,2.185090231407408
с учётом цензуры,10.223535985640144
с учётом цензуры,8.084245415757515
с учётом цензуры,8.324460532335019
с учётом цензуры,6.905129639823238
с учётом цензуры,7.11092269422295
с учётом цензуры,3.5778933364200887
с учётом цензуры,12.431907997055449
с учётом цензуры,11.80108625780213
с учётом цензуры,12.031866608857618
с учётом цензуры,5.379528012885169
с учётом цензуры,7.712232890719918
с учётом цензуры,1.47500665164138
с учётом цензуры,1.3471741190033453
с учётом цензуры,8.952743709970523
с учётом цензуры,0.18006224893362993
с учётом цензуры,8.974624408205518
с учётом цензуры,9.965502119897671
с учётом цензуры,8.40357918384088
с учётом цензуры,4.566525952393627
с учётом цензуры,8.440400738786739
с учётом цензуры,7.669334652708194
с учётом цензуры,8.3560525098851
с учётом цензуры,7.181091208488221
с учётом цензуры,5.598631201299479
с учётом цензуры,20.53646789640738
с учётом цензуры,0.13161527597188905
с учётом цензуры,6.099741306222799
с учётом цензуры,9.405951478747529
с учётом цензуры,6.195184518019047
с учётом цензуры,14.661840538170887
с учётом цензуры,2.4042144888701698
с учётом цензуры,1.1173856709953325
с учётом цензуры,3.702470532197616
с учётом цензуры,19.50097159254802
с учётом цензуры,4.983260858885118
с учётом цензуры,1.064906948026142
с учётом цензуры,3.4425932344983754
с учётом цензуры,9.996781971600793
с учётом цензуры,2.113003760479084
с учётом цензуры,9.27927934224986
с учётом цензуры,1.5082762501835874
с учётом цензуры,15.593886304158051
с учётом цензуры,17.524723424945655
с учётом цензуры,11.75931279649755
с учётом цензуры,15.043615000204927
с учётом цензуры,1.4901000324357476
с учётом цензуры,2.308326459293952
с учётом цензуры,3.7410062638603727
с учётом цензуры,9.757098092924938
с учётом цензуры,10.609943582543934
с учётом цензуры,7.489523987826411
с учётом цензуры,7.3124816857172075
с учётом цензуры,1.201504572241952
с учётом цензуры,1.6570408355880555
с учётом цензуры,4.39200467447468
с учётом цензуры,21.689624872382623
с учётом цензуры,10.252818036125982
с учётом цензуры,8.817352511233311
с учётом цензуры,0.9085974771762851
с учётом цензуры,3.5505888187068546
с учётом цензуры,0.9163021549344776
с учётом цензуры,5.631016250942402
с учётом цензуры,7.073396830204498
с учётом цензуры,15.670258925677249
с учётом цензуры,10.885970979683506
с учётом цензуры,2.4077782286691165
с учётом цензуры,19.25113239935776
с учётом цензуры,18.89007343806751
с учётом цензуры,11.910351351383559
с учётом цензуры,4.093681793483079
с учётом цензуры,11.70518972309348
с учётом цензуры,14.91866683383741
с учётом цензуры,16.01317919911206
с учётом цензуры,7.495610596082598
с учётом цензуры,1.6131313790662694
с учётом цензуры,10.776309873638919
с учётом цензуры,5.4229213827767815
с учётом цензуры,8.759349650995416
с учётом цензуры,17.937921013395957
с учётом цензуры,25.240670058361015
с учётом цензуры,0.9302591616768275
с учётом цензуры,4.2862124359804445
с учётом цензуры,5.886933602607033
с учётом цензуры,7.629415024873179
с учётом цензуры,2.303304026004227
с учётом цензуры,11.29547440387515
с учётом цензуры,2.405324316208892
с учётом цензуры,6.009993595567868
с учётом цензуры,3.876880758947573
с учётом цензуры,2.4502754294994755
с учётом цензуры,5.724654871023879
с учётом цензуры,4.5338104232260505
с учётом цензуры,4.475558824012519
с учётом цензуры,3.1951781395524845
с учётом цензуры,3.6954630499453187
с учётом цензуры,9.922375379646919
с учётом цензуры,3.2387428873021546
с учётом цензуры,63.52654515510841
с учётом цензуры,1.7735601460208983
с учётом цензуры,2.5810923298150703
с учётом цензуры,3.2032341143721474
с учётом цензуры,0.23071908898475546
с учётом цензуры,11.893006670035044
с учётом цензуры,1.1526304673959589
с учётом цензуры,22.861306380967413
с учётом цензуры,8.58144295284204
с учётом цензуры,6.363964927532668
с учётом цензуры,11.914992257045073
с учётом цензуры,11.73303447345185
с учётом цензуры,4.2307375857753104
с учётом цензуры,3.9780654148030186
с учётом цензуры,5.826814768238716
с учётом цензуры,22.760977524424167
с учётом цензуры,10.74237844993274
с учётом цензуры,7.820286768696617
с учётом цензуры,35.99357162484071
с учётом цензуры,0.5089001031177266
с учётом цензуры,4.528785319765452
с учётом цензуры,3.7115421880333823
с учётом цензуры,4.823550567433182
с учётом цензуры,6.040996824914082
с учётом цензуры,8.054378635784655
с учётом цензуры,3.487393598010908
с учётом цензуры,7.090709985305451
с учётом цензуры,15.786079358817904
с учётом цензуры,7.143677596096911
с учётом цензуры,13.195401494309603
с учётом цензуры,10.17340161638645
с учётом цензуры,9.827269130053645
с учётом цензуры,1.0788421029222097
с учётом цензуры,12.470830372826287
с учётом цензуры,3.7426514698029165
с учётом цензуры,3.8895893025755344
с учётом цензуры,9.780005461369338
с учётом цензуры,29.82156619121891
с учётом цензуры,15.641988219236476
с учётом цензуры,1.105016814904649
с учётом цензуры,5.970359809612496
с учётом цензуры,12.75380638681476
с учётом цензуры,0.8501819430940498
с учётом цензуры,1.4053681599233978
с учётом цензуры,11.078476576884183
с учётом цензуры,5.27101173764201
с учётом цензуры,3.1640417678545623
с учётом цензуры,12.749575378032397
с учётом цензуры,27.601152339837633
с учётом цензуры,12.6575655973281
с учётом цензуры,6.716357105164203
с учётом цензуры,4.756662563843518
с учётом цензуры,1.0274535892109637
с учётом цензуры,13.659513337999353
с учётом цензуры,1.203671063539164
с учётом цензуры,13.78413952235786
с учётом цензуры,2.4303187863310525
с учётом цензуры,9.68809632607994
с учётом цензуры,3.542508325056877
с учётом цензуры,6.0183981436917025
с учётом цензуры,0.9973231201481689
с учётом цензуры,21.872547313736014
с учётом цензуры,30.978876705646343
с учётом цензуры,11.348175826800922
с учётом цензуры,3.933487894486147
с учётом цензуры,2.6177873610257514
с учётом цензуры,1.046290076796467
с учётом цензуры,2.5700805552704993
с учётом цензуры,12.064184873927411
с учётом цензуры,3.831487870863543
с учётом цензуры,2.639749693472194
с учётом цензуры,5.443117709527282
с учётом цензуры,8.364962087305386
с учётом цензуры,10.661881032143544
с учётом цензуры,10.013169278993399
с учётом цензуры,8.912416095027469
с учётом цензуры,8.292493147227166
с учётом цензуры,0.5651193410344284
с учётом цензуры,2.4757621102493013
с учётом цензуры,9.63371638209832
с учётом цензуры,8.28706538270169
с учётом цензуры,1.3713040930318647
с учётом цензуры,13.997321086860016
с учётом цензуры,16.903576230665934
с учётом цензуры,13.039049422678676
с учётом цензуры,2.912453631578449
с учётом цензуры,6.302378689835298
с учётом цензуры,0.9910528393737583
с учётом цензуры,8.113829392882437
с учётом цензуры,1.7348732307783328
с учётом цензуры,19.514175862499215
с учётом цензуры,11.13694284527433
с учётом цензуры,7.922912299466024
с учётом цензуры,5.464064756007881
с учётом цензуры,1.2602754168955943
с учётом цензуры,27.77508130735951
с учётом цензуры,8.271316920568564
с учётом цензуры,27.091490267160502
с учётом цензуры,2.997228232535698
с учётом цензуры,6.182058598181573
с учётом цензуры,10.468647407536837
с учётом цензуры,2.4860918657425173
с учётом цензуры,8.244826336763978
с учётом цензуры,15.302734704999656
с учётом цензуры,19.44068362200304
с учётом цензуры,11.87389976516851
с учётом цензуры,3.1380908537123817
с учётом цензуры,33.616285439408415
с учётом цензуры,9.562613298154808
с учётом цензуры,6.9323892919918855
с учётом цензуры,6.2973423616995055
с учётом цензуры,8.836837289222096
с учётом цензуры,11.243826307339436
с учётом цензуры,3.3885417695514017
с учётом цензуры,5.985250616842671
с учётом цензуры,4.429671303353994
с учётом цензуры,4.079365725149149
с учётом цензуры,7.89895507286416
с учётом цензуры,2.021120465868555
с учётом цензуры,3.9836368563917537
с учётом цензуры,5.95041762822424
с учётом цензуры,2.2207549876875636
с учётом цензуры,5.5215737914915
с учётом цензуры,5.1441688211287655
с учётом цензуры,1.7090859034280506
с учётом цензуры,10.563453757512809
с учётом цензуры,1.7171269235933675
с учётом цензуры,7.0277145248354795
с учётом цензуры,4.722830137922694
с учётом цензуры,4.345633339184332
с учётом цензуры,11.979894854120015
с учётом цензуры,5.559765791242601
с учётом цензуры,0.3872018940557219
с учётом цензуры,1.6482462531533848
с учётом цензуры,18.242886663881407
с учётом цензуры,11.12599679654132
с учётом цензуры,5.578312871223041
с учётом цензуры,8.083148368206079
с учётом цензуры,5.155443692880022
с учётом цензуры,4.8680607735353565
с учётом цензуры,8.524068616780946
с учётом цензуры,14.736911177541042
с учётом цензуры,12.582360099288874
с учётом цензуры,0.17101503563580772
с учётом цензуры,3.9434248232173834
с учётом цензуры,8.163240476748065
с учётом цензуры,8.701778131014626
с учётом цензуры,2.593990233359147
с учётом цензуры,1.9048422872397877
с учётом цензуры,19.98070411191419
с учётом цензуры,0.5330165157200241
с учётом цензуры,15.292643958702618
с учётом цензуры,7.946219257602494
с учётом цензуры,2.1414634603357214
с учётом цензуры,11.212076544633744
с учётом цензуры,9.867843273996835
с учётом цензуры,14.65478426830712
с учётом цензуры,4.144445286679984
с учётом цензуры,0.9302764239056396
с учётом цензуры,1.7814075352827412
с учётом цензуры,7.397489412100896
с учётом цензуры,4.297343921132864
с учётом цензуры,11.989297368945637
с учётом цензуры,4.246279826940496
с учётом цензуры,2.963254019227742
с учётом цензуры,4.4042016325745035
с учётом цензуры,12.510756181239548
с учётом цензуры,6.55486492521477
с учётом цензуры,3.0421871906023794
с учётом цензуры,9.492897980008506
с учётом цензуры,25.547359534977335
с учётом цензуры,7.93127166654069
с учётом цензуры,3.3330786554966885
с учётом цензуры,9.426339075342694
с учётом цензуры,6.386964386014246
с учётом цензуры,5.425758879123906
с учётом цензуры,8.377497599228787
с учётом цензуры,9.173570489115637
с учётом цензуры,5.364487446390323
с учётом цензуры,12.47380545867407
с учётом цензуры,6.35503015814236
с учётом цензуры,6.7063762337589825
с учётом цензуры,2.2316856134684806
с учётом цензуры,1.607887282394999
с учётом цензуры,11.945824018483753
с учётом цензуры,0.5457084711554749
с учётом цензуры,5.266893249970102
с учётом цензуры,5.020992041765525
с учётом цензуры,1.6948685146198237
с учётом цензуры,7.745084100380919
с учётом цензуры,4.785058799542739
с учётом цензуры,5.405610815031972
с учётом цензуры,7.207288921309034
с учётом цензуры,0.4381372053831821
с учётом цензуры,9.872114800519887
с учётом цензуры,0.10176631980248668
с учётом цензуры,7.627993070700207
с учётом цензуры,10.694681160838261
с учётом цензуры,1.8940647842835405
с учётом цензуры,4.726368616230316
с учётом цензуры,8.347831216638971
с учётом цензуры,6.904832617702029
с учётом цензуры,5.854727915955497
с учётом цензуры,8.649078200175888
с учётом цензуры,5.737678981142256
с учётом цензуры,7.173689617975976
с учётом цензуры,22.68628641241217
с учётом цензуры,1.3555750180221553
с учётом цензуры,20.551496307456652
с учётом цензуры,14.094299724272636
с учётом цензуры,4.375909885246413
с учётом цензуры,3.236298624926057
с учётом цензуры,13.221666599222713
с учётом цензуры,7.775161878570199
с учётом цензуры,2.896324419690097
с учётом цензуры,1.6523041914334777
с учётом цензуры,1.7113686065428493
с учётом цензуры,5.129600293075044
с учётом цензуры,1.266352186441702
с учётом цензуры,3.6847660289926494
с учётом цензуры,4.3091204023665615
с учётом цензуры,7.030539495619708
с учётом цензуры,24.082294629988734
с учётом цензуры,13.487087599762049
с учётом цензуры,6.6467656898281415
с учётом цензуры,4.7717975927203256
с учётом цензуры,9.73003742581066
с учётом цензуры,7.852994426546966
с учётом цензуры,3.274080925059063
с учётом цензуры,3.1334426945388394
с учётом цензуры,1.5909814707514598
с учётом цензуры,5.528893273964281
с учётом цензуры,7.622677151982529
с учётом цензуры,15.985549303321395
с учётом цензуры,14.776618412242543
с учётом цензуры,18.796884787918515
с учётом цензуры,3.765462167291723
с учётом цензуры,9.036074698290316
с учётом цензуры,11.115700264808078
с учётом цензуры,2.4534656691178722
с учётом цензуры,22.73842352257136
с учётом цензуры,9.021070202012242
с учётом цензуры,6.142735389117735
с учётом цензуры,2.503059524604595
с учётом цензуры,16.113217839145506
с учётом цензуры,9.662587370014261
с учётом цензуры,5.70808901684689
с учётом цензуры,12.314373815680124
с учётом цензуры,7.381279796913947
с учётом цензуры,14.784342864475486
с учётом цензуры,10.125029563450118
с учётом цензуры,9.56480103095049
с учётом цензуры,2.5519998464815044
с учётом цензуры,4.881087778014904
с учётом цензуры,2.415562371932968
с учётом цензуры,8.325745895165696
с учётом цензуры,4.043269189617694
с учётом цензуры,3.5630775078577734
с учётом цензуры,4.356729333845905
с учётом цензуры,1.4988733187311536
с учётом цензуры,0.9604154098991609
с учётом цензуры,3.8021052652106073
с учётом цензуры,7.123440527293013
с учётом цензуры,3.472026256579845
с учётом цензуры,9.145503364057474
с учётом цензуры,5.502768695431593
с учётом цензуры,2.79732161367222
с учётом цензуры,17.5594724260699
с учётом цензуры,20.419463538215346
с учётом цензуры,2.9955901093791573
с учётом цензуры,0.5321289493832552
с учётом цензуры,7.005549356636612
с учётом цензуры,5.696383880180179
с учётом цензуры,2.14570518124603
с учётом цензуры,3.900749919861374
с учётом цензуры,8.518921982479075
с учётом цензуры,17.23509815336131
с учётом цензуры,3.5203114510406146
с учётом цензуры,22.329175175158213
с учётом цензуры,1.3725016027751582
с учётом цензуры,12.954686111404904
с учётом цензуры,7.894347073301863
с учётом цензуры,1.9060097988691855
с учётом цензуры,6.486704594585315
с учётом цензуры,4.516340609327913
с учётом цензуры,5.295082707891494
с учётом цензуры,14.236806122648193
с учётом цензуры,4.4924247788445655
с учётом цензуры,3.1488173790843224
с учётом цензуры,9.859359511007382
с учётом цензуры,3.616576125845597
с учётом цензуры,10.72425573709017
с учётом цензуры,5.887985040542441
с учётом цензуры,3.0089913798298054
с учётом цензуры,1.3882335071346459
с учётом цензуры,5.8725742918098796
с учётом цензуры,4.493457591934679
с учётом цензуры,0.3598187346348286
с учётом цензуры,9.069555073371067
с учётом цензуры,17.35254341375623
с учётом цензуры,17.766480954617833
с учётом цензуры,1.5505345754694104
с учётом цензуры,3.0568454027467133
с учётом цензуры,1.5119745075171265
с учётом цензуры,0.25254367373298225
с учётом цензуры,21.38741046152676
с учётом цензуры,4.488706891366013
с учётом цензуры,32.053934377122346
с учётом цензуры,3.8570079976654967
с учётом цензуры,0.7482080878685716
с учётом цензуры,3.469928043860465
с учётом цензуры,34.32762666616849
с учётом цензуры,21.42772388712898
с учётом цензуры,19.598974149617504
с учётом цензуры,2.579026583939596
с учётом цензуры,3.494306333358692
с учётом цензуры,2.965422137182837
с учётом цензуры,1.6461910125014705
с учётом цензуры,5.877504819533058
с учётом цензуры,17.15015399528368
с учётом цензуры,13.221448215320404
с учётом цензуры,14.806337086824797
с учётом цензуры,15.745355735095021
с учётом цензуры,0.39679925039921066
с учётом цензуры,7.366204776016277
с учётом цензуры,9.138732855937326
с учётом цензуры,5.509134281915139
с учётом цензуры,1.7710158209376754
с учётом цензуры,5.837331446822451
с учётом цензуры,9.488050169277223
с учётом цензуры,27.55351155460869
с учётом цензуры,9.884738461348213
с учётом цензуры,9.546199943006908
с учётом цензуры,0.6921215197869258
с учётом цензуры,6.944255796146888
с учётом цензуры,17.714353961251863
с учётом цензуры,21.826115478987546
с учётом цензуры,13.224349782567986
с учётом цензуры,5.561446080412759
с учётом цензуры,7.94332314204992
с учётом цензуры,14.073985143702266
с учётом цензуры,4.899972411877184
с учётом цензуры,7.925320340663264
с учётом цензуры,7.106929572489632
с учётом цензуры,4.137339668705111
с учётом цензуры,4.395655165889378
с учётом цензуры,0.5930825418382644
с учётом цензуры,13.042080612134418
с учётом цензуры,11.245924303578256
с учётом цензуры,12.420263893973999
с учётом цензуры,6.474504191093632
с учётом цензуры,18.977719228976927
с учётом цензуры,4.864963113315494
с учётом цензуры,18.552036854602846
с учётом цензуры,2.7794265114470904
с учётом цензуры,2.9244983392747597
с учётом цензуры,3.977689558132477
с учётом цензуры,4.4413867810082674
с учётом цензуры,2.653390412017494
с учётом цензуры,2.4740371148921576
с учётом цензуры,8.528864846006647
с учётом цензуры,11.62631780832633
с учётом цензуры,6.142088495623297
с учётом цензуры,2.341642070865212
с учётом цензуры,2.946983059601599
с учётом цензуры,16.687979721647643
с учётом цензуры,16.976458406131428
с учётом цензуры,25.654539766026137
с учётом цензуры,15.018505248925932
с учётом цензуры,1.2658643671797711
с учётом цензуры,5.74056243085031
с учётом цензуры,3.529959046743775
с учётом цензуры,6.881623650778851
с учётом цензуры,1.8772089095747786
с учётом цензуры,6.36848883589397
с учётом цензуры,8.800268011117131
с учётом цензуры,6.63165514616129
с учётом цензуры,4.185875137945567
с учётом цензуры,1.1013643311816024
с учётом цензуры,1.2562084101934157
с учётом цензуры,0.1311706492183012
с учётом цензуры,2.467134745848309
с учётом цензуры,5.66209572916733
с учётом цензуры,7.444666019004034
с учётом цензуры,5.950098038553455
с учётом цензуры,4.252044475483596
с учётом цензуры,0.3523903743394095
с учётом цензуры,1.0229175872298288
с учётом цензуры,3.042227127729824
с учётом цензуры,1.2452269562990266
с учётом цензуры,16.235087941331987
с учётом цензуры,6.79563482523277
с учётом цензуры,3.8842957480412057
с учётом цензуры,1.9384688112187947
с учётом цензуры,3.094488024419484
с учётом цензуры,2.674829393226343
с учётом цензуры,8.501490152165534
с учётом цензуры,1.5822446158719496
с учётом цензуры,10.92030114461259
с учётом цензуры,18.895928985699925
с учётом цензуры,11.797899136167949
с учётом цензуры,3.5153347414190605
с учётом цензуры,0.4719550095953882
с учётом цензуры,9.207798869859733
с учётом цензуры,15.418398596510244
с учётом цензуры,18.478097189547626
с учётом цензуры,12.287063847818485
с учётом цензуры,1.7002971748435625
с учётом цензуры,2.8181532314878073
с учётом цензуры,5.362743951138914
с учётом цензуры,7.094419028746811
с учётом цензуры,25.08443455921121
с учётом цензуры,8.196810575179008
с учётом цензуры,8.124574975126812
с учётом цензуры,4.043262288283246
с учётом цензуры,10.838898046985886
с учётом цензуры,2.480277055799317
с учётом цензуры,14.336683709715698
с учётом цензуры,9.060687699833164
с учётом цензуры,10.832111672850136
с учётом цензуры,8.19388319634397
с учётом цензуры,4.4814150115476625
с учётом цензуры,15.908999443714032
с учётом цензуры,7.533926168027998
с учётом цензуры,12.236884247215418
с учётом цензуры,18.96489587264375
с учётом цензуры,10.991825824929554
с учётом цензуры,1.0234559840360538
с учётом цензуры,10.042586783096368
с учётом цензуры,8.59629482257271
с учётом цензуры,22.700534801347615
с учётом цензуры,1.0349028957918336
с учётом цензуры,2.3657778008469754
с учётом цензуры,11.780741172176338
с учётом цензуры,13.183343869202014
с учётом цензуры,3.1066251824693523
с учётом цензуры,1.8674310881299128
с учётом цензуры,1.5817932755454667
с учётом цензуры,5.394574063618873
с учётом цензуры,2.0165495795126858
с учётом цензуры,9.286561436018877
с учётом цензуры,11.00561182830791
с учётом цензуры,8.270532051881178
с учётом цензуры,7.837226981032453
с учётом цензуры,4.875144342575724
с учётом цензуры,11.517913899497426
с учётом цензуры,6.872096486293495
с учётом цензуры,2.5645260362585907
с учётом цензуры,30.54469144598425
с учётом цензуры,3.7180075210398513
с учётом цензуры,3.9527290007765212
с учётом цензуры,7.972014642532729
с учётом цензуры,8.668322793516122
с учётом цензуры,2.043053531568496
с учётом цензуры,16.53140692531642
с учётом цензуры,4.995046762458313
с учётом цензуры,13.42088107829486
с учётом цензуры,9.935515821715313
с учётом цензуры,2.130645861568476
с учётом цензуры,2.267195239244978
с учётом цензуры,6.938597880810138
с учётом цензуры,5.911274830895812
с учётом цензуры,9.831606394715564
с учётом цензуры,5.000568092773837
с учётом цензуры,0.5094551583570607
с учётом цензуры,3.586723788273993
с учётом цензуры,4.125270470163804
с учётом цензуры,7.1893570153151805
с учётом цензуры,3.2952603063557726
с учётом цензуры,7.408342984148795
с учётом цензуры,13.252917803837367
с учётом цензуры,3.2970956191331866
с учётом цензуры,2.8561456831196366
с учётом цензуры,4.741684145845803
с учётом цензуры,0.27164278429372374
с учётом цензуры,17.72863864326178
с учётом цензуры,4.632551288247004
с учётом цензуры,21.289208350119626
с учётом цензуры,4.793163979783248
с учётом цензуры,0.49166924582865457
с учётом цензуры,6.886001930184557
с учётом цензуры,1.1926200091755241
с учётом цензуры,5.844122088805468
с учётом цензуры,0.5641470668903537
с учётом цензуры,10.346017150671969
с учётом цензуры,6.91713340818848
с учётом цензуры,10.052118798017599
с учётом цензуры,14.312217675779658
с учётом цензуры,13.028528527668024
с учётом цензуры,18.867697206085953
с учётом цензуры,4.96674067845181
с учётом цензуры,4.251004652023161
с учётом цензуры,1.906212450559567
с учётом цензуры,4.506106228951091
с учётом цензуры,13.751066364762519
с учётом цензуры,3.4090326427165487
с учётом цензуры,5.330660138899614
с учётом цензуры,5.186198982932749
с учётом цензуры,6.18100545941017
с учётом цензуры,2.909551601061685
с учётом цензуры,12.176642889485318
с учётом цензуры,3.5355068151540725
с учётом цензуры,7.746910936903066
с учётом цензуры,5.9539175616157465
с учётом цензуры,6.385524103767172
с учётом цензуры,1.5524279409108606
с учётом цензуры,2.8353888146012163
с учётом цензуры,1.7450574544607198
с учётом цензуры,2.2082918124760176
с учётом цензуры,2.077045361207231
с учётом цензуры,1.5026567977822334
с учётом цензуры,19.99912585426932
с учётом цензуры,0.509077144979733
с учётом цензуры,10.540782521538972
с учётом цензуры,2.72718566516211
с учётом цензуры,4.4460952011120725
с учётом цензуры,7.989432875297381
с учётом цензуры,2.560591361461237
с учётом цензуры,1.3732999799341497
с учётом цензуры,11.72457888011267
с учётом цензуры,2.372877652722282
с учётом цензуры,8.161803207609251
с учётом цензуры,1.5289389907266275
с учётом цензуры,0.43267511752502386
с учётом цензуры,3.668868616463497
с учётом цензуры,3.917048361224835
с учётом цензуры,10.42364657276792
с учётом цензуры,2.1141269833280996
с учётом цензуры,32.819744966163256
с учётом цензуры,2.577388353047977
с учётом цензуры,5.6621243063753095
с учётом цензуры,2.453066991778839
с учётом цензуры,4.103433789169252
с учётом цензуры,20.86661379526251
с учётом цензуры,4.615571350183437
с учётом цензуры,2.1126903988831023
с учётом цензуры,2.162791198866739
с учётом цензуры,5.504701122526921
с учётом цензуры,0.6719567585480882
с учётом цензуры,7.40799739822547
с учётом цензуры,8.312652760773451
с учётом цензуры,4.032694377206119
с учётом цензуры,13.778280842028346
с учётом цензуры,6.656609536366937
с учётом цензуры,7.642656868591783
с учётом цензуры,2.976434059293519
с учётом цензуры,2.2052915210601602
с учётом цензуры,2.736335605453991
с учётом цензуры,0.92928080703593
с учётом цензуры,2.280378283980191
с учётом цензуры,10.571132385485681
с учётом цензуры,4.922974958410851
с учётом цензуры,5.5049769888808395
с учётом цензуры,5.837330407546814
с учётом цензуры,22.639320666695948
с учётом цензуры,5.550876219960034
с учётом цензуры,3.4579562993991457
с учётом цензуры,10.296814022934829
с учётом цензуры,10.727882807414698
с учётом цензуры,23.969330250734586
с учётом цензуры,15.481232744256094
с учётом цензуры,18.98079181835473
с учётом цензуры,1.9060512317496212
с учётом цензуры,5.341552813165283
с учётом цензуры,6.17839984524729
с учётом цензуры,5.917723668445908
с учётом цензуры,7.766124641000133
с учётом цензуры,7.617793851367032
с учётом цензуры,12.8158826668066
с учётом цензуры,17.481332808750143
с учётом цензуры,3.914144777480302
с учётом цензуры,12.506241748767476
с учётом цензуры,0.3900483349581937
с учётом цензуры,1.1695477639341814
с учётом цензуры,7.191345002495294
с учётом цензуры,5.42168268414532
с учётом цензуры,4.425659605653971
с учётом цензуры,0.44889680718856817
с учётом цензуры,6.138199585699484
с учётом цензуры,12.838437077819435
с учётом цензуры,8.134234549078545
с учётом цензуры,16.670734829340617
с учётом цензуры,9.47750833310867
с учётом цензуры,7.917366429533256
с учётом цензуры,5.535833230765918
с учётом цензуры,1.884243426563781
с учётом цензуры,3.6015829697831037
с учётом цензуры,0.4601234135556338
с учётом цензуры,5.9882414817277825
с учётом цензуры,5.312628798472475
с учётом цензуры,1.41458185837804
с учётом цензуры,4.140971194354652
с учётом цензуры,1.9258378627451804
с учётом цензуры,7.704341049434049
с учётом цензуры,11.948912587177142
с учётом цензуры,21.323429324363673
с учётом цензуры,16.006251464238645
с учётом цензуры,8.763987622151884
с учётом цензуры,5.823912183824115
с учётом цензуры,84.01124543572303
с учётом цензуры,6.33296663160282
с учётом цензуры,1.529641114892006
с учётом цензуры,2.379722720760566
с учётом цензуры,1.4116024615293643
с учётом цензуры,3.2235703644901372
с учётом цензуры,1.3264559541982277
с учётом цензуры,16.439898395975963
с учётом цензуры,9.834254525052108
с учётом цензуры,1.2221474031778046
с учётом цензуры,6.291632719884721
с учётом цензуры,5.355412296580072
с учётом цензуры,1.728508696433869
с учётом цензуры,4.0747749995591835
с учётом цензуры,3.280347588019102
с учётом цензуры,1.815877169873304
с учётом цензуры,6.399503232046207
с учётом цензуры,11.459177379412555
с учётом цензуры,2.6101408104304036
с учётом цензуры,3.6826978676862816
с учётом цензуры,4.346150774052688
с учётом цензуры,2.7220512737936287
с учётом цензуры,1.6910047620055026
с учётом цензуры,1.9066017261881194
с учётом цензуры,1.208389157248238
с учётом цензуры,3.776761526608515
с учётом цензуры,16.982205358140746
с учётом цензуры,5.929683810005328
с учётом цензуры,17.01364272952607
с учётом цензуры,3.516104790072956
с учётом цензуры,0.6913601022024479
с учётом цензуры,33.53359545512363
с учётом цензуры,4.381151935095057
с учётом цензуры,10.682130846129581
с учётом цензуры,3.963796819462539
с учётом цензуры,5.732937392772197
с учётом цензуры,6.636813261413765
с учётом цензуры,4.174500634952273
с учётом цензуры,4.485011246084764
с учётом цензуры,0.13826286490966214
с учётом цензуры,14.134315381239674
с учётом цензуры,3.737197344499474
с учётом цензуры,5.6995182398958555
с учётом цензуры,10.33043643402059
с учётом цензуры,6.79018833487399
с учётом цензуры,21.673134098912797
с учётом цензуры,10.191626433936285
с учётом цензуры,0.5059605636571393
с учётом цензуры,4.604586552656249
с учётом цензуры,23.17973142653136
с учётом цензуры,8.221573189812837
с учётом цензуры,4.435524691643089
с учётом цензуры,4.8942819477780475
с учётом цензуры,13.434501049585784
с учётом цензуры,14.138428441162585
с учётом цензуры,9.917954849435562
с учётом цензуры,0.8608832035557946
с учётом цензуры,5.9871771548908885
с учётом цензуры,8.931856364203608
с учётом цензуры,12.585829192354392
с учётом цензуры,1.3623656398775172
с учётом цензуры,5.787637527907914
с учётом цензуры,6.041228561926488
с учётом цензуры,5.076783763620668
с учётом цензуры,12.343601554447577
с учётом цензуры,2.6098220154712526
с учётом цензуры,3.235238615173727
с учётом цензуры,2.112939872528957
с учётом цензуры,6.996605177587572
с учётом цензуры,3.8450420566655663
с учётом цензуры,2.343710072207897
с учётом цензуры,20.386792711769072
с учётом цензуры,3.5753613977510166
с учётом цензуры,5.465496704224923
с учётом цензуры,13.976626099432629
с учётом цензуры,14.229113462610673
с учётом цензуры,0.6846900972771448
с учётом цензуры,12.339355921905177
с учётом цензуры,6.987889981375026
с учётом цензуры,2.339433976444149
с учётом цензуры,17.760436179196844
с учётом цензуры,2.9011745519402603
с учётом цензуры,0.4358361586350189
с учётом цензуры,2.0964162370169905
с учётом цензуры,14.047280242953372
с учётом цензуры,15.753797842944248
с учётом цензуры,2.6489718991507702
с учётом цензуры,10.052649684458887
с учётом цензуры,18.817760733006544
с учётом цензуры,2.5385648465801114
с учётом цензуры,4.020722288967659
с учётом цензуры,16.069443450153614
с учётом цензуры,4.459362279128959
с учётом цензуры,10.634209484842131
с учётом цензуры,5.381748313571881
с учётом цензуры,6.288977647032263
с учётом цензуры,0.7174738127639735
с учётом цензуры,0.8363235836925578
с учётом цензуры,9.353354464650346
с учётом цензуры,2.6854894709862176
с учётом цензуры,7.173126618846236
с учётом цензуры,18.201577234573204
с учётом цензуры,4.717852359632109
с учётом цензуры,0.23799327216484983
с учётом цензуры,15.02079255074587
с учётом цензуры,0.14829551063864282
с учётом цензуры,4.298599544323515
с учётом цензуры,1.3352242471202125
с учётом цензуры,18.61309154575985
с учётом цензуры,8.713381954328025
с учётом цензуры,21.44764982975937
с учётом цензуры,0.864894180325699
с учётом цензуры,6.439054418762254
с учётом цензуры,7.2028085887466995
с учётом цензуры,3.272709859733311
с учётом цензуры,2.2958121567812784
с учётом цензуры,9.97113315019501
с учётом цензуры,2.5373762578999703
с учётом цензуры,5.729352592963455
с учётом цензуры,5.134110119352676
с учётом цензуры,2.858666385387178
с учётом цензуры,19.084281349202904
с учётом цензуры,17.642919970267332
с учётом цензуры,6.933624656843969
с учётом цензуры,2.1511231086429805
с учётом цензуры,7.8441558398090985
с учётом цензуры,7.185205734680407
с учётом цензуры,24.382885621095514
с учётом цензуры,9.125282614582627
с учётом цензуры,1.3961984726039856
с учётом цензуры,2.662736093010691
с учётом цензуры,6.627354363699746
с учётом цензуры,11.378661290094207
с учётом цензуры,4.078265324481505
с учётом цензуры,0.7034779333685057
с учётом цензуры,4.677441438211238
с учётом цензуры,6.548193843209789
с учётом цензуры,11.037846696896768
с учётом цензуры,8.186295331241881
с учётом цензуры,7.370815521640896
с учётом цензуры,15.394776783313425
с учётом цензуры,5.9534183095007185
с учётом цензуры,1.4036752259212826
с учётом цензуры,4.7471079903037365
с учётом цензуры,5.077576066252558
с учётом цензуры,0.8189968447909232
с учётом цензуры,8.25964438520269
с учётом цензуры,7.138004667138042
с учётом цензуры,5.434412549740594
с учётом цензуры,18.59804901863228
с учётом цензуры,5.709234393880082
с учётом цензуры,5.194177604102065
с учётом цензуры,1.9852913434833162
с учётом цензуры,5.007848962859363
с учётом цензуры,0.7292864194386253
с учётом цензуры,5.094215395366306
с учётом цензуры,7.436363057764618
с учётом цензуры,3.454839416052
с учётом цензуры,0.03992923001767766
с учётом цензуры,0.8590513888349061
с учётом цензуры,3.231898999723211
с учётом цензуры,7.678240441957749
с учётом цензуры,14.826602826924995
с учётом цензуры,2.001622173012048
с учётом цензуры,2.210131785740952
с учётом цензуры,1.293061771309381
с учётом цензуры,17.633497335895868
с учётом цензуры,1.6882927064176618
с учётом цензуры,5.142311000869821
с учётом цензуры,1.8255060221623598
с учётом цензуры,1.5937853039025596
с учётом цензуры,12.770258865446621
с учётом цензуры,12.510868983123059
с учётом цензуры,4.13629468827409
с учётом цензуры,1.6419508341393088
с учётом цензуры,1.6506305541941941
с учётом цензуры,5.509253261536998
с учётом цензуры,5.884527941260762
с учётом цензуры,8.02833790653042
с учётом цензуры,16.57472330496936
с учётом цензуры,2.1403472390779257
с учётом цензуры,1.22042460108536
с учётом цензуры,5.721782735987284
с учётом цензуры,0.050457340037546566
с учётом цензуры,8.932276217825224
с учётом цензуры,19.230239655617826
с учётом цензуры,25.336599587737325
с учётом цензуры,2.7118945016460474
с учётом цензуры,2.2121460064610186
с учётом цензуры,7.506731194078019
с учётом цензуры,3.7968476877774933
с учётом цензуры,22.756590537967675
с учётом цензуры,2.4900458809164228
с учётом цензуры,2.9969094335303907
с учётом цензуры,4.731271663171915
с учётом цензуры,5.902043016596636
с учётом цензуры,7.608727237203279
с учётом цензуры,9.865974376324118
с учётом цензуры,3.077029895836215
с учётом цензуры,2.685851718777071
с учётом цензуры,12.226650355721317
с учётом цензуры,8.606797609712768
с учётом цензуры,5.925354785650187
с учётом цензуры,6.90539806492488
с учётом цензуры,8.07542730759533
с учётом цензуры,13.67925634301058
с учётом цензуры,3.997722454910619
с учётом цензуры,7.507979606637423
с учётом цензуры,5.773026771878956
с учётом цензуры,3.601905675463774
с учётом цензуры,2.402198782921005
с учётом цензуры,3.239745444264816
с учётом цензуры,4.282519133000281
с учётом цензуры,1.3953622916841752
с учётом цензуры,9.177000691978584
с учётом цензуры,10.773627945458855
с учётом цензуры,1.1471557878479866
с учётом цензуры,3.8365759570189986
с учётом цензуры,9.367594884360825
с учётом цензуры,13.565620683592885
с учётом цензуры,13.280372277850194
с учётом цензуры,4.267430737342685
с учётом цензуры,12.283952015515395
с учётом цензуры,9.577134761516913
с учётом цензуры,2.9420504427175227
с учётом цензуры,11.914740101443856
с учётом цензуры,2.024629939364725
с учётом цензуры,8.732242656061436
с учётом цензуры,2.161370368770651
с учётом цензуры,2.952604236262649
с учётом цензуры,3.22165682739986
с учётом цензуры,11.378318547227606
с учётом цензуры,5.839407203801327
с учётом цензуры,9.424815522953176
с учётом цензуры,1.2772903089138552
с учётом цензуры,15.286252954187146
с учётом цензуры,14.687423098205576
с учётом цензуры,5.62775781048816
с учётом цензуры,0.2901137657953068
с учётом цензуры,5.393333971718896
с учётом цензуры,3.5109447551045427
с учётом цензуры,10.931680518827845
с учётом цензуры,4.40608336252661
с учётом цензуры,17.39269291461564
с учётом цензуры,3.611805954142684
с учётом цензуры,0.7642498386594838
с учётом цензуры,2.461336037569731
с учётом цензуры,3.9313847789394427
с учётом цензуры,5.264243468429396
с учётом цензуры,9.652749309536018
с учётом цензуры,13.32967785670146
с учётом цензуры,13.074897491156914
с учётом цензуры,5.384394325522633
с учётом цензуры,3.012632738998893
с учётом цензуры,1.7653425142208183
с учётом цензуры,14.69213147886235
с учётом цензуры,2.9427384366240985
с учётом цензуры,14.742409755116629
с учётом цензуры,4.337153629194271
с учётом цензуры,0.2711214687163738
с учётом цензуры,2.069620947278457
с учётом цензуры,2.4493277965142535
с учётом цензуры,10.237147463586643
с учётом цензуры,6.841343692506713
с учётом цензуры,6.54964256259858
с учётом цензуры,6.105600823820394
с учётом цензуры,7.346715971577021
с учётом цензуры,8.623131516938008
с учётом цензуры,6.0086888777211485
с учётом цензуры,2.382499755500307
с учётом цензуры,13.018013280293719
с учётом цензуры,5.741207067369869
с учётом цензуры,4.600114785933696
с учётом цензуры,1.358921277470567
с учётом цензуры,5.156589436869135
с учётом цензуры,18.767199154533632
с учётом цензуры,3.307592909061225
с учётом цензуры,4.849869070168837
с учётом цензуры,5.664872905885961
с учётом цензуры,15.408465765264387
с учётом цензуры,8.778729569994207
с учётом цензуры,5.418646762773447
с учётом цензуры,6.229291419195412
с учётом цензуры,5.250290607571915
с учётом цензуры,20.555585905289625
с учётом цензуры,4.253544457480521
с учётом цензуры,2.640615850306938
с учётом цензуры,13.623118555940888
с учётом цензуры,5.078402671629973
с учётом цензуры,4.307125693346585
с учётом цензуры,12.166949984014998
с учётом цензуры,17.633982565598068
с учётом цензуры,7.741622308667676
с учётом цензуры,3.5123495274663
с учётом цензуры,13.20114190098476
с учётом цензуры,7.403847006892268
с учётом цензуры,4.342640847205852
с учётом цензуры,4.043028171120829
с учётом цензуры,9.743160046148095
с учётом цензуры,1.1007827742712304
с учётом цензуры,1.846062374165733
с учётом цензуры,1.370069520746696
с учётом цензуры,9.535312614973211
с учётом цензуры,4.968390498223153
с учётом цензуры,9.856541923288715
с учётом цензуры,6.803484153585536
с учётом цензуры,5.838553163278911
с учётом цензуры,1.6193267490937222
с учётом цензуры,2.345258777433995
с учётом цензуры,17.651705422554937
с учётом цензуры,8.943411342319994
с учётом цензуры,3.578313770332751
с учётом цензуры,5.555309600791476
с учётом цензуры,13.327540610767883
с учётом цензуры,5.54121681692992
с учётом цензуры,15.759126186610164
с учётом цензуры,9.937206603487507
с учётом цензуры,8.036887880676762
с учётом цензуры,15.266347441703084
с учётом цензуры,5.509604235871992
с учётом цензуры,4.949381962689918
с учётом цензуры,12.09054708927648
с учётом цензуры,7.336477329416743
с учётом цензуры,2.1948768041781728
с учётом цензуры,0.5591582056209428
с учётом цензуры,1.2056029114423543
с учётом цензуры,3.8657942657622026
с учётом цензуры,23.423257112237078
с учётом цензуры,5.9952674567698
с учётом цензуры,3.651567784578625
с учётом цензуры,4.599541598113969
с учётом цензуры,5.60781200589584
с учётом цензуры,13.102035429499614
с учётом цензуры,8.026332134820455
с учётом цензуры,8.486623382261818
с учётом цензуры,9.10037025469059
с учётом цензуры,12.156772738876871
с учётом цензуры,2.584904775714272
с учётом цензуры,21.038147946029973
с учётом цензуры,0.6332093040786992
с учётом цензуры,4.405643840655053
с учётом цензуры,4.734157963172224
с учётом цензуры,1.4299952946503194
с учётом цензуры,16.9109397324371
с учётом цензуры,7.772322480398651
с учётом цензуры,10.60548580767816
с учётом цензуры,2.574772928396837
с учётом цензуры,1.697244455311722
с учётом цензуры,7.758412491489034
с учётом цензуры,11.219275836950844
с учётом цензуры,5.421934263047621
с учётом цензуры,6.472551686414048
с учётом цензуры,10.74774675923402
с учётом цензуры,6.792045890074297
с учётом цензуры,13.513436522164932
с учётом цензуры,3.991913845549458
с учётом цензуры,12.610290900960477
с учётом цензуры,0.1640985747937748
с учётом цензуры,1.6972650857263494
с учётом цензуры,17.62986042219212
с учётом цензуры,3.051261461932371
с учётом цензуры,6.453824961753528
с учётом цензуры,21.611358125941884
с учётом цензуры,5.150330252025841
с учётом цензуры,3.6827414834241066
с учётом цензуры,16.035850039546567
с учётом цензуры,4.001776444952292
с учётом цензуры,11.338797488776226
с учётом цензуры,1.2236377782208978
с учётом цензуры,8.430727069112818
с учётом цензуры,21.00083592941025
с учётом цензуры,7.533359229207227
с учётом цензуры,0.8850592433023677
с учётом цензуры,8.702318065528335
с учётом цензуры,8.347918621658009
с учётом цензуры,6.405672329905185
с учётом цензуры,16.58989726044349
с учётом цензуры,6.195354865841043
с учётом цензуры,7.243358004068551
с учётом цензуры,2.741607664537331
с учётом цензуры,8.463876247882828
с учётом цензуры,6.893238072540247
с учётом цензуры,6.867576670992489
с учётом цензуры,3.5487552725777167
с учётом цензуры,5.23731982133608
с учётом цензуры,0.9032009977341549
с учётом цензуры,2.5025714165429647
с учётом цензуры,23.24534542515738
с учётом цензуры,4.145416588539165
с учётом цензуры,18.000459659816666
с учётом цензуры,15.958406826016162
с учётом цензуры,2.9336977465981717
с учётом цензуры,5.477456875735012
с учётом цензуры,8.422516750465824
с учётом цензуры,1.8056927666498765
с учётом цензуры,5.690513522238749
с учётом цензуры,4.7153058153869445
с учётом цензуры,2.538504055144545
с учётом цензуры,12.749792789940793
с учётом цензуры,14.202111924139832
с учётом цензуры,3.2023554552914333
с учётом цензуры,3.998170997190028
с учётом цензуры,7.972643482972654
с учётом цензуры,0.7315532004501503
с учётом цензуры,0.4459574010925493
с учётом цензуры,0.18738731208175805
с учётом цензуры,1.3681117452216671
с учётом цензуры,5.838102540361811
с учётом цензуры,3.6942205508087973
с учётом цензуры,3.9729333020076405
с учётом цензуры,7.418433254217904
с учётом цензуры,5.201650914870053
с учётом цензуры,0.5267742649418972
с учётом цензуры,9.99940867425229
с учётом цензуры,4.191315234634505
с учётом цензуры,1.9930289557546192
с учётом цензуры,5.2684533949382075
с учётом цензуры,12.413685630729136
с учётом цензуры,12.563478468645053
с учётом цензуры,27.466137150355326
с учётом цензуры,0.24606751024313606
с учётом цензуры,3.52364236042475
с учётом цензуры,2.390478870547729
с учётом цензуры,14.751146918160648
с учётом цензуры,6.069667546387206
с учётом цензуры,11.961827807805186
с учётом цензуры,17.602326768533565
с учётом цензуры,19.888755029882123
с учётом цензуры,0.22682203702749607
с учётом цензуры,4.666048109643166
с учётом цензуры,4.238414486644168
с учётом цензуры,3.5497965861956904
с учётом цензуры,10.620092194019692
с учётом цензуры,2.7421012721898927
с учётом цензуры,9.550654182354117
с учётом цензуры,16.573269194796875
с учётом цензуры,3.2032284418530383
с учётом цензуры,5.422606998057543
с учётом цензуры,4.432718614396016
с учётом цензуры,7.591827704471104
с учётом цензуры,3.089070804359426
с учётом цензуры,4.985073759819126
с учётом цензуры,8.273867861500127
с учётом цензуры,10.12374736050542
с учётом цензуры,11.345798764378127
с учётом цензуры,15.339688700697351
с учётом цензуры,5.457607644821514
с учётом цензуры,6.924141667116661
с учётом цензуры,12.948295560626125
с учётом цензуры,0.19815633693690862
с учётом цензуры,8.023391364631456
с учётом цензуры,2.0963316347727305
с учётом цензуры,9.805230568376182
с учётом цензуры,5.567661740153049
с учётом цензуры,10.889391349985583
с учётом цензуры,4.118766448351319
с учётом цензуры,8.129498048368847
с учётом цензуры,13.045211079687244
с учётом цензуры,5.6838011176127825
с учётом цензуры,9.084600031727133
с учётом цензуры,9.31642034172226
с учётом цензуры,5.945150403589242
с учётом цензуры,5.321476599943435
с учётом цензуры,15.662897122718844
с учётом цензуры,18.23764283804434
с учётом цензуры,2.3997461786902092
с учётом цензуры,0.5975991986905304
с учётом цензуры,2.4240850401650076
с учётом цензуры,16.57634161010167
с учётом цензуры,7.834587169394997
с учётом цензуры,4.503527684100125
с учётом цензуры,0.5423696364295446
с учётом цензуры,15.367522530335455
с учётом цензуры,10.126829045228394
с учётом цензуры,2.477067675238276
с учётом цензуры,7.986953773415795
с учётом цензуры,4.53653434635642
с учётом цензуры,0.8622839627525553
с учётом цензуры,3.9146474426003772
с учётом цензуры,4.284773645944222
с учётом цензуры,7.0342364304636344
с учётом цензуры,8.218244682456637
с учётом цензуры,3.7073934340131074
с учётом цензуры,3.44030080651173
с учётом цензуры,4.25347746809237
с учётом цензуры,8.792384413961823
с учётом цензуры,7.912510608052581
с учётом цензуры,9.349349481810304
с учётом цензуры,1.5858474140948462
с учётом цензуры,13.353614723337117
с учётом цензуры,6.1453270939198035
с учётом цензуры,10.076136979643886
с учётом цензуры,8.735446678676997
с учётом цензуры,9.255082239106551
с учётом цензуры,3.304317744440858
с учётом цензуры,1.975928507729832
с учётом цензуры,8.605786574063822
с учётом цензуры,6.349341688351759
с учётом цензуры,2.336706286536138
с учётом цензуры,5.368468456794219
с учётом цензуры,7.273526808136387
с учётом цензуры,7.808482737893024
с учётом цензуры,5.898984891758147
с учётом цензуры,4.785815983994203
с учётом цензуры,18.323506451332197
с учётом цензуры,4.858278786184559
с учётом цензуры,8.70955735669247
с учётом цензуры,7.030634391839848
с учётом цензуры,8.075468877652213
с учётом цензуры,6.597092334310886
с учётом цензуры,3.8600086935667814
с учётом цензуры,8.26259009125381
с учётом цензуры,7.239321121142829
с учётом цензуры,2.6923461365913357
с учётом цензуры,3.3809564339814675
с учётом цензуры,4.041851581683852
с учётом цензуры,5.49733938099754
с учётом цензуры,2.159286606543176
с учётом цензуры,5.355227370630175
с учётом цензуры,4.431750353819671
с учётом цензуры,4.253010379706556
с учётом цензуры,1.7448386838132193
с учётом цензуры,7.440475320524776
с учётом цензуры,8.45695538385203
с учётом цензуры,8.971597021548426
с учётом цензуры,15.804138047904921
с учётом цензуры,3.050813523121603
с учётом цензуры,17.085836074880916
с учётом цензуры,11.30366810688447
с учётом цензуры,1.8362104475921412
с учётом цензуры,7.920881259533768
с учётом цензуры,5.8285406984951775
с учётом цензуры,4.406062365830019
с учётом цензуры,3.683574666840757
с учётом цензуры,9.13616178054516
с учётом цензуры,10.037951232385037
с учётом цензуры,3.223984152051608
с учётом цензуры,12.789428006178714
с учётом цензуры,7.701666312632053
с учётом цензуры,5.972155799494544
с учётом цензуры,15.216687707548349
с учётом цензуры,13.447216140595197
с учётом цензуры,3.6783946951901174
с учётом цензуры,10.746662635408411
с учётом цензуры,14.474886197819213
с учётом цензуры,4.914829732143492
с учётом цензуры,7.716827673464716
с учётом цензуры,3.3528969973200193
с учётом цензуры,2.535158119432062
с учётом цензуры,7.824738285371536
с учётом цензуры,1.0021436229746896
с учётом цензуры,4.459873208771091
с учётом цензуры,0.42590154075363684
с учётом цензуры,2.182092108333354
с учётом цензуры,18.98725325875437
с учётом цензуры,5.897364352161506
с учётом цензуры,9.355493981949277
с учётом цензуры,4.201793115235926
с учётом цензуры,11.993000827295582
с учётом цензуры,0.8575084622978452
с учётом цензуры,6.965861743127662
с учётом цензуры,5.926202243181027
с учётом цензуры,8.165400074854812
с учётом цензуры,9.734955460705685
с учётом цензуры,20.518719214083923
с учётом цензуры,3.568482333429982
с учётом цензуры,11.988315269552096
с учётом цензуры,13.39823948989744
с учётом цензуры,1.8238881523338888
с учётом цензуры,4.394777430191104
с учётом цензуры,10.092416884369436
с учётом цензуры,13.240037605457282
с учётом цензуры,11.800917119287558
с учётом цензуры,7.446943308615969
с учётом цензуры,7.236532972399264
с учётом цензуры,9.257642042523841
с учётом цензуры,2.600707214438441
с учётом цензуры,12.98859526932825
с учётом цензуры,11.739816577673873
с учётом цензуры,13.540379058810121
с учётом цензуры,2.0772173012160997
с учётом цензуры,2.3999234841687085
с учётом цензуры,19.25425141890747
с учётом цензуры,2.0137122017145908
с учётом цензуры,1.5034874412409123
с учётом цензуры,0.6778976033922329
с учётом цензуры,11.235367981819195
с учётом цензуры,9.184892012926332
с учётом цензуры,1.786921920852266
с учётом цензуры,19.95508002665108
с учётом цензуры,14.957277740615073
с учётом цензуры,0.8399773665073483
с учётом цензуры,4.690126326237599
с учётом цензуры,10.43936770622846
с учётом цензуры,10.386564749111301
с учётом цензуры,13.98319485412828
с учётом цензуры,2.2564260693009794
с учётом цензуры,0.4543477571296947
с учётом цензуры,9.263917723427138
с учётом цензуры,12.579010139318397
с учётом цензуры,4.836146140600229
с учётом цензуры,11.232665698021407
с учётом цензуры,7.415795566229354
с учётом цензуры,11.6258329915772
с учётом цензуры,0.37632644740021076
с учётом цензуры,5.616504773442248
с учётом цензуры,2.7317767473861423
с учётом цензуры,9.730889210512832
с учётом цензуры,7.255767994714594
с учётом цензуры,3.2797537230652316
с учётом цензуры,23.63611482535778
с учётом цензуры,5.630150970884863
с учётом цензуры,2.983629578994699
с учётом цензуры,4.456720727922865
с учётом цензуры,7.50214421976224
с учётом цензуры,8.12817944546535
с учётом цензуры,7.608021871144686
с учётом цензуры,6.372942201563697
с учётом цензуры,4.254805716769692
с учётом цензуры,3.7723355707502972
с учётом цензуры,2.797653429192678
с учётом цензуры,8.031309471207855
с учётом цензуры,3.546486878718106
с учётом цензуры,11.229652803598352
с учётом цензуры,2.832588075480608
с учётом цензуры,8.396805898369012
с учётом цензуры,9.257903549567931
с учётом цензуры,11.097941080983606
с учётом цензуры,17.331394738855693
с учётом цензуры,8.046130718213956
с учётом цензуры,2.414486345376108
с учётом цензуры,4.534246220033344
с учётом цензуры,2.500075676352156
с учётом цензуры,5.9013908322115505
с учётом цензуры,11.382671618151223
с учётом цензуры,7.344382527889365
с учётом цензуры,3.7705694582956495
с учётом цензуры,8.743164153977787
с учётом цензуры,16.045880136021758
с учётом цензуры,1.9837650609466735
с учётом цензуры,2.933019028597753
с учётом цензуры,6.478533100353273
с учётом цензуры,7.076000773835738
с учётом цензуры,1.2916316614767651
с учётом цензуры,10.455309357850897
с учётом цензуры,6.21288921287263
с учётом цензуры,6.215891145437073
с учётом цензуры,16.057736308863042
с учётом цензуры,4.343191203705202
с учётом цензуры,1.729400032989515
с учётом цензуры,7.994977663547303
с учётом цензуры,2.980260525792233
с учётом цензуры,3.6137233895218857
с учётом цензуры,8.689226105635008
с учётом цензуры,4.627794016136478
с учётом цензуры,4.434269548738289
с учётом цензуры,2.9809045284794653
с учётом цензуры,2.559615724499173
с учётом цензуры,10.787121984599793
с учётом цензуры,9.21755761019535
с учётом цензуры,9.38983251922783
с учётом цензуры,12.359990558885173
с учётом цензуры,7.738339079115003
с учётом цензуры,15.749604161336658
с учётом цензуры,7.060923374276003
с учётом цензуры,5.0209041542443495
с учётом цензуры,2.6903888552206094
с учётом цензуры,0.6674607076303312
с учётом цензуры,23.482865145816593
с учётом цензуры,18.899482122108637
с учётом цензуры,7.311784682896333
с учётом цензуры,7.90721891962757
с учётом цензуры,6.525517427980794
с учётом цензуры,2.539536667215543
с учётом цензуры,5.322251827284642
с учётом цензуры,2.2572938445975597
с учётом цензуры,7.3323703792132005
с учётом цензуры,7.012815612898666
с учётом цензуры,13.890711309886626
с учётом цензуры,4.687571929489603
с учётом цензуры,8.041340011786302
с учётом цензуры,3.4467170228886532
с учётом цензуры,5.943292169901298
с учётом цензуры,1.884771650922426
с учётом цензуры,20.79025570817718
с учётом цензуры,5.114696919278215
с учётом цензуры,0.9397314322754565
с учётом цензуры,0.36932329340384873
с учётом цензуры,8.583862415806045
с учётом цензуры,19.54869907107704
с учётом цензуры,1.8108506657397956
с учётом цензуры,6.0494166856038305
с учётом цензуры,13.560862571563552
с учётом цензуры,7.5745639231624695
с учётом цензуры,6.37359148222367
с учётом цензуры,7.272437144764968
с учётом цензуры,6.420380522317438
с учётом цензуры,10.92757559466968
с учётом цензуры,11.75978988162069
с учётом цензуры,9.67745834780313
с учётом цензуры,6.6987871693763275
с учётом цензуры,8.518848831107874
с учётом цензуры,0.6769941609038997
с учётом цензуры,7.574182693646332
с учётом цензуры,7.22474336747301
с учётом цензуры,9.730792786163263
с учётом цензуры,12.09505124991214
с учётом цензуры,0.10642157042202713
с учётом цензуры,22.728143876366662
с учётом цензуры,4.67519614045366
с учётом цензуры,11.434046218744644
с учётом цензуры,4.395702331153471
с учётом цензуры,17.88165517283305
с учётом цензуры,13.291471480862018
с учётом цензуры,8.932431408982083
с учётом цензуры,14.094875973757341
с учётом цензуры,6.476111529213732
с учётом цензуры,19.406079267804294
с учётом цензуры,1.2890228190025983
с учётом цензуры,9.828450751519554
с учётом цензуры,18.131110937302633
с учётом цензуры,14.052233418864823
с учётом цензуры,10.349611851481988
с учётом цензуры,9.919148699245257
с учётом цензуры,15.40703624302716
с учётом цензуры,4.290251386929723
с учётом цензуры,2.1106165018725256
с учётом цензуры,15.103729413007194
с учётом цензуры,11.060879695316473
с учётом цензуры,8.873215852611338
с учётом цензуры,6.425666767448883
с учётом цензуры,16.14813780243571
с учётом цензуры,9.665017475658379
с учётом цензуры,3.9879054826865916
с учётом цензуры,11.42360317032545
с учётом цензуры,1.4838267120352824
с учётом цензуры,3.321289938665143
с учётом цензуры,13.52058567270267
с учётом цензуры,10.06124969347763
с учётом цензуры,12.106560317477365
с учётом цензуры,6.062475836020974
с учётом цензуры,17.2233584928924
с учётом цензуры,3.448124501578194
с учётом цензуры,21.072420399273874
с учётом цензуры,5.524738317893234
с учётом цензуры,13.823476685902502
с учётом цензуры,3.6508790946871086
с учётом цензуры,6.11885703732443
с учётом цензуры,6.264357467637929
с учётом цензуры,4.717116279143479
с учётом цензуры,0.6078171266723047
с учётом цензуры,18.392577262952933
с учётом цензуры,8.697227535843874
с учётом цензуры,5.076745081394618
с учётом цензуры,7.776203238146377
с учётом цензуры,6.229257611070885
с учётом цензуры,1.508621921858282
с учётом цензуры,6.979069554429035
с учётом цензуры,11.726278109113863
с учётом цензуры,7.6548411848354325
с учётом цензуры,7.99614981969512
с учётом цензуры,1.9884325952650055
с учётом цензуры,19.61681061275247
с учётом цензуры,2.2734175673633614
с учётом цензуры,4.417444426694794
с учётом цензуры,1.9893596354534746
с учётом цензуры,8.909689506599857
с учётом цензуры,41.445229855894155
с учётом цензуры,13.262003889586806
с учётом цензуры,3.0023858945533997
с учётом цензуры,2.9356057394904567
с учётом цензуры,3.5931296544948594
с учётом цензуры,6.117400949526326
с учётом цензуры,16.013075543043044
с учётом цензуры,6.36998885064668
с учётом цензуры,17.75017761437622
с учётом цензуры,6.064301768262137
с учётом цензуры,12.235782574282759
с учётом цензуры,8.987011083400702
с учётом цензуры,5.359450746443208
с учётом цензуры,12.612629226798033
с учётом цензуры,100.64088784947819
с учётом цензуры,0.8816175098305986
с учётом цензуры,7.024603084300388
с учётом цензуры,3.237112480407182
с учётом цензуры,1.4368910652692422
с учётом цензуры,8.498539810214004
с учётом цензуры,2.4304700290638475
с учётом цензуры,15.627319931011822
с учётом цензуры,20.344550123210556
с учётом цензуры,4.342136503463627
с учётом цензуры,5.672878658707992
с учётом цензуры,1.1707763172248324
с учётом цензуры,6.153582459442577
с учётом цензуры,9.533523293952351
с учётом цензуры,6.846433592702914
с учётом цензуры,4.764233043693079
с учётом цензуры,16.975004027911
с учётом цензуры,3.7070278034769304
с учётом цензуры,3.5888262232092645
с учётом цензуры,5.413719537994069
с учётом цензуры,2.6981982575701053
с учётом цензуры,2.8194391285528657
с учётом цензуры,18.455255281643822
с учётом цензуры,12.987628528677348
с учётом цензуры,2.772344373207379
с учётом цензуры,8.504940722810696
с учётом цензуры,5.8415039660760435
с учётом цензуры,2.4006593031499044
с учётом цензуры,9.346530829745282
с учётом цензуры,14.959893739095568
с учётом цензуры,0.6160056233834728
с учётом цензуры,10.8705338029561
с учётом цензуры,4.591841299229836
с учётом цензуры,6.291732054606899
с учётом цензуры,8.951236508631137
с учётом цензуры,5.0624759127735155
с учётом цензуры,7.241758552670277
с учётом цензуры,4.284236572029159
с учётом цензуры,13.221694400377485
с учётом цензуры,11.826131843377024
с учётом цензуры,4.55988673980928
с учётом цензуры,4.893093329208261
с учётом цензуры,8.039999060547492
с учётом цензуры,9.899430006494345
с учётом цензуры,4.520345357399186
с учётом цензуры,8.460762046952038
с учётом цензуры,9.156806605244043
с учётом цензуры,25.2022544877904
с учётом цензуры,6.175841212560394
с учётом цензуры,5.495968450095318
с учётом цензуры,11.237288878311139
с учётом цензуры,3.11271467516944
с учётом цензуры,3.0915673505258643
с учётом цензуры,2.25694173220177
с учётом цензуры,1.8797232209743835
с учётом цензуры,6.9534194998187155
с учётом цензуры,7.392783911459263
с учётом цензуры,6.0748675809170365
с учётом цензуры,1.5856735402027622
с учётом цензуры,7.369849036228778
с учётом цензуры,6.258273647662044
с учётом цензуры,2.00708714082212
с учётом цензуры,5.326904692714827
с учётом цензуры,0.7016472978104392
с учётом цензуры,1.5026295646897863
с учётом цензуры,3.7988959104636173
с учётом цензуры,5.2423284925124225
с учётом цензуры,9.260421901615558
с учётом цензуры,12.214062941968942
с учётом цензуры,0.6551312055531553
с учётом цензуры,8.89956303089213
с учётом цензуры,0.9194295575977022
с учётом цензуры,5.9354958403532345
с учётом цензуры,5.774975192088493
с учётом цензуры,6.37646074226994
с учётом цензуры,2.778888666524092
с учётом цензуры,2.2968796537297544
с учётом цензуры,4.86554428862673
с учётом цензуры,6.114391577866002
с учётом цензуры,17.888345467445568
с учётом цензуры,14.294813811096544
с учётом цензуры,3.310144896851866
с учётом цензуры,6.7046071405568295
с учётом цензуры,4.592491604824
с учётом цензуры,9.284083082183182
с учётом цензуры,7.771838787081389
с учётом цензуры,21.755932252261978
с учётом цензуры,27.33310651059108
с учётом цензуры,5.027346310410611
с учётом цензуры,5.144412334621572
с учётом цензуры,4.584222465514545
с учётом цензуры,1.5157202994474168
с учётом цензуры,3.1235793056131467
с учётом цензуры,5.391396061289959
с учётом цензуры,7.347581325163144
с учётом цензуры,10.522518546390716
с учётом цензуры,5.664874881880321
с учётом цензуры,10.354716006714833
с учётом цензуры,7.539733496345746
с учётом цензуры,14.733524658945736
с учётом цензуры,16.866740573999454
с учётом цензуры,56.24341964778007
с учётом цензуры,7.191890475755464
с учётом цензуры,1.719882203271871
с учётом цензуры,10.690615089347169
с учётом цензуры,4.797554157601239
с учётом цензуры,9.232618924630982
с учётом цензуры,5.196332069491632
с учётом цензуры,3.3348436864149718
с учётом цензуры,13.337760571050218
с учётом цензуры,12.03381138344392
с учётом цензуры,23.516586832794133
с учётом цензуры,3.033269297678644
с учётом цензуры,3.9906212044281286
с учётом цензуры,5.8527822814076815
с учётом цензуры,0.633094858521392
с учётом цензуры,2.366620791352988
с учётом цензуры,0.8371903512451587
с учётом цензуры,0.6738294285713416
с учётом цензуры,2.8942497823849265
с учётом цензуры,11.408459882002877
с учётом цензуры,5.91959995381495
с учётом цензуры,1.4140673634004188
с учётом цензуры,7.950593164251724
с учётом цензуры,6.370197883060181
с учётом цензуры,2.6029616341553
с учётом цензуры,2.8035192777607008
с учётом цензуры,6.346962455830557
с учётом цензуры,13.731495748121642
с учётом цензуры,20.84645240075387
с учётом цензуры,5.449012949211239
с учётом цензуры,1.8539481799988349
с учётом цензуры,38.880839522480635
с учётом цензуры,17.356829814108814
с учётом цензуры,1.897543981212627
с учётом цензуры,16.120284540706795
с учётом цензуры,16.90465841281773
с учётом цензуры,10.55596779824362
с учётом цензуры,2.285518739903813
с учётом цензуры,4.306178415379926
с учётом цензуры,9.54746329185993
с учётом цензуры,3.1079588807152603
с учётом цензуры,3.93792559288464
с учётом цензуры,10.879122971127401
с учётом цензуры,3.0274272057117235
с учётом цензуры,6.554813401077983
с учётом цензуры,7.322476235324775
с учётом цензуры,24.570692006280435
с учётом цензуры,4.647013921518819
с учётом цензуры,17.02178479083178
с учётом цензуры,4.864255488435327
с учётом цензуры,3.088845013966396
с учётом цензуры,12.89851145912672
с учётом цензуры,18.959666726773676
с учётом цензуры,2.756938423459249
с учётом цензуры,10.727333223282209
с учётом цензуры,4.413316046343162
с учётом цензуры,14.26342581224852
с учётом цензуры,5.076123036888896
с учётом цензуры,12.408325891793872
с учётом цензуры,10.07538231108802
с учётом цензуры,9.484709287896646
с учётом цензуры,4.895304216294964
с учётом цензуры,8.21027713772917
с учётом цензуры,7.645148187013834
с учётом цензуры,4.809002024201808
с учётом цензуры,8.770736974718636
с учётом цензуры,0.22311958618567804
с учётом цензуры,5.500439767409986
с учётом цензуры,0.2931279973412516
с учётом цензуры,3.6220240460111692
с учётом цензуры,7.718224287842298
с учётом цензуры,6.195026743851212
с учётом цензуры,9.366925393816556
с учётом цензуры,5.286215175354738
с учётом цензуры,5.079733696693923
с учётом цензуры,3.368855829091349
с учётом цензуры,4.870146662418167
с учётом цензуры,4.691581027941569
с учётом цензуры,11.424577640860159
с учётом цензуры,1.9262972077948213
с учётом цензуры,29.253133624158977
с учётом цензуры,1.308245352257156
с учётом цензуры,10.738093095759593
с учётом цензуры,17.66367193663107
с учётом цензуры,1.2291455258111978
с учётом цензуры,8.295775018733824
с учётом цензуры,18.932261808802956
с учётом цензуры,11.829643856964069
с учётом цензуры,2.504564945969565
с учётом цензуры,1.2488291867018555
с учётом цензуры,8.82988657196646
с учётом цензуры,8.678231484478841
с учётом цензуры,7.495791196584068
с учётом цензуры,2.037658690555769
с учётом цензуры,4.191219282758881
с учётом цензуры,6.423033245685284
с учётом цензуры,7.1671531051354265
с учётом цензуры,11.404660142608492
с учётом цензуры,4.778963476435003
с учётом цензуры,15.390707341670858
с учётом цензуры,19.928530347682575
с учётом цензуры,6.332330470725676
с учётом цензуры,10.506565344800793
с учётом цензуры,7.382411327969009
с учётом цензуры,4.864323499433381
с учётом цензуры,6.54171607907742
с учётом цензуры,1.890492100963947
с учётом цензуры,3.7370208115477435
с учётом цензуры,2.9853215271764775
с учётом цензуры,5.488341647052534
с учётом цензуры,3.64340821038965
с учётом цензуры,1.0944931555307624
с учётом цензуры,10.678205938558397
с учётом цензуры,1.8338458518393832
с учётом цензуры,14.93250844657123
с учётом цензуры,0.16873550640210674
с учётом цензуры,15.505634283157812
с учётом цензуры,3.1748795940882166
с учётом цензуры,9.074609881897532
с учётом цензуры,16.504779278385676
с учётом цензуры,5.2611043621158124
с учётом цензуры,6.204363813750192
с учётом цензуры,12.067160507016965
с учётом цензуры,3.438297042398153
с учётом цензуры,9.152302925506739
с учётом цензуры,3.448369282191779
с учётом цензуры,9.827648158912925
с учётом цензуры,4.6421920522938285
с учётом цензуры,11.642334019551257
с учётом цензуры,18.472776277342405
с учётом цензуры,13.8165568093561
с учётом цензуры,5.972009816710804
с учётом цензуры,4.898549873703204
с учётом цензуры,5.473418270227248
с учётом цензуры,1.942468178295429
с учётом цензуры,23.33783927417518
с учётом цензуры,4.998674390039673
с учётом цензуры,9.17863900462503
с учётом цензуры,3.0754313076602138
с учётом цензуры,0.4266078131757621
с учётом цензуры,2.032193751045177
с учётом цензуры,6.597927738047486
с учётом цензуры,6.669790039749795
с учётом цензуры,1.3933183780632472
с учётом цензуры,2.8555513702014514
с учётом цензуры,7.303317497927798
с учётом цензуры,5.834827547270421
с учётом цензуры,14.426677783802244
с учётом цензуры,4.126175505265935
с учётом цензуры,5.660303273198854
с учётом цензуры,0.6125449031576066
с учётом цензуры,11.445608277669864
с учётом цензуры,12.985753481131617
с учётом цензуры,3.271842584909027
с учётом цензуры,2.835776268384619
с учётом цензуры,1.997296149724132
с учётом цензуры,5.473000046696031
с учётом цензуры,8.826456130143018
с учётом цензуры,6.553655365615953
с учётом цензуры,10.762704630248539
с учётом цензуры,8.786571689199747
с учётом цензуры,10.919942306180449
с учётом цензуры,4.160018442050111
с учётом цензуры,12.278542731816856
с учётом цензуры,2.1652129873700208
с учётом цензуры,20.036425421864646
с учётом цензуры,9.90647001627075
с учётом цензуры,4.393435015743093
с учётом цензуры,1.1058565412876171
с учётом цензуры,0.7632656891205725
с учётом цензуры,0.5186778785076516
с учётом цензуры,12.756215689489569
с учётом цензуры,5.968687536832155
с учётом цензуры,4.827358727142838
с учётом цензуры,2.967406755101196
с учётом цензуры,1.9524010357727626
с учётом цензуры,14.215186070500712
с учётом цензуры,2.6547990975592586
с учётом цензуры,1.3140842021677845
с учётом цензуры,0.1872902580377312
с учётом цензуры,12.633332533903548
с учётом цензуры,6.6904503541189
с учётом цензуры,4.649784367033374
с учётом цензуры,3.299642322709549
с учётом цензуры,8.136587465096445
с учётом цензуры,1.8601250842513342
с учётом цензуры,2.777124996812058
с учётом цензуры,20.14770422801527
с учётом цензуры,0.48002374892269795
с учётом цензуры,20.11742821018553
с учётом цензуры,10.025909993460921
с учётом цензуры,2.7634649746197377
с учётом цензуры,1.6113430966263667
с учётом цензуры,4.266266422852999
с учётом цензуры,8.01622182087118
с учётом цензуры,9.34308347197388
с учётом цензуры,8.866536884187148
с учётом цензуры,9.55439749124779
с учётом цензуры,7.188633031529359
с учётом цензуры,1.0074166450587156
с учётом цензуры,6.139147703172444
с учётом цензуры,25.303065670489808
с учётом цензуры,10.744119301549388
с учётом цензуры,0.4671548607513193
с учётом цензуры,11.529692134460918
с учётом цензуры,7.509979594731575
с учётом цензуры,1.6715912383430955
с учётом цензуры,8.620990994187483
с учётом цензуры,10.163387798610726
с учётом цензуры,2.026985722575971
с учётом цензуры,3.9544576902219832
с учётом цензуры,1.523021034028255
с учётом цензуры,4.8711460519296494
с учётом цензуры,17.562024435015328
с учётом цензуры,32.230909158523865
с учётом цензуры,17.94176319196788
с учётом цензуры,4.722674880215199
с учётом цензуры,3.6929772412014437
с учётом цензуры,3.384622915362862
с учётом цензуры,8.245746639695158
с учётом цензуры,9.608399348015212
с учётом цензуры,4.698716596100255
с учётом цензуры,5.267177423338026
с учётом цензуры,2.8910341313015153
с учётом цензуры,2.6777092004973184
с учётом цензуры,24.70459781386743
с учётом цензуры,5.271001837083987
с учётом цензуры,8.210988359825134
с учётом цензуры,0.8297073469588367
с учётом цензуры,1.750616338961669
с учётом цензуры,4.815807880641265
с учётом цензуры,11.13579880983028
с учётом цензуры,0.9833251404713396
с учётом цензуры,6.6146028838391615
с учётом цензуры,13.869669454004706
с учётом цензуры,4.844556962261153
с учётом цензуры,3.1306446040996954
с учётом цензуры,6.497106130757311
с учётом цензуры,5.046974845480922
с учётом цензуры,3.7045845512728164
с учётом цензуры,2.95461282466379
с учётом цензуры,8.986702825982778
с учётом цензуры,12.157702631508752
с учётом цензуры,6.545702041966449
с учётом цензуры,3.2817494294231064
с учётом цензуры,7.959495671500896
с учётом цензуры,2.222447847388664
с учётом цензуры,5.065993283847773
с учётом цензуры,5.580090844581192
с учётом цензуры,0.16254526788308002
с учётом цензуры,8.899896323289608
с учётом цензуры,4.426927914059213
с учётом цензуры,1.800605460408105
с учётом цензуры,29.646929387298364
с учётом цензуры,9.342227097911556
с учётом цензуры,17.12424047636628
с учётом цензуры,4.676536816441548
с учётом цензуры,1.8281434879285523
с учётом цензуры,3.762855206769559
с учётом цензуры,9.622082705599315
с учётом цензуры,0.9648403250868127
с учётом цензуры,8.139930417576105
с учётом цензуры,3.1320401043224333
с учётом цензуры,16.35120460020121
с учётом цензуры,22.68711091191594
с учётом цензуры,4.363010457863488
с учётом цензуры,1.3446406607313985
с учётом цензуры,3.7106842405619114
с учётом цензуры,4.1457772048616
с учётом цензуры,9.808834842628059
с учётом цензуры,7.52478123267101
с учётом цензуры,9.25922148429903
с учётом цензуры,7.095791585538496
с учётом цензуры,3.166354148185818
с учётом цензуры,1.264441826271002
с учётом цензуры,1.6868161632906262
с учётом цензуры,8.409173783529058
с учётом цензуры,4.998146135217162
с учётом цензуры,2.061505749571516
с учётом цензуры,7.9254152671480504
с учётом цензуры,5.420023435969134
с учётом цензуры,1.2638034770308648
с учётом цензуры,8.997404776636145
с учётом цензуры,7.697730502933567
с учётом цензуры,4.785642832907627
с учётом цензуры,3.1789764526473094
с учётом цензуры,28.53009908908721
с учётом цензуры,6.221747279548713
с учётом цензуры,3.3956739547864228
с учётом цензуры,12.259894886825538
с учётом цензуры,14.54757052619534
с учётом цензуры,8.956622755236342
с учётом цензуры,9.507780793497457
с учётом цензуры,15.203974039011353
с учётом цензуры,3.3727735444420737
с учётом цензуры,25.212667914649817
с учётом цензуры,0.4814127670583831
с учётом цензуры,10.534741344819167
с учётом цензуры,13.891046810902795
с учётом цензуры,10.971587340765147
с учётом цензуры,1.3164231722982418
с учётом цензуры,6.11854144251677
с учётом цензуры,1.3828767070226784
с учётом цензуры,10.110644586894356
с учётом цензуры,8.644360627428563
с учётом цензуры,19.457200182028433
с учётом цензуры,14.574343193171476
с учётом цензуры,3.98939537477841
с учётом цензуры,0.6613883681419599
с учётом цензуры,15.470019465941562
с учётом цензуры,4.509994668534448
с учётом цензуры,1.8860126014363472
с учётом цензуры,3.2004394202988546
с учётом цензуры,3.4131499391167996
с учётом цензуры,1.4615768901881248
с учётом цензуры,13.1458793733089
с учётом цензуры,2.8003521556849043
с учётом цензуры,3.3871449558057583
с учётом цензуры,3.6278267647771214
с учётом цензуры,5.493398299003263
с учётом цензуры,2.228079749790341
с учётом цензуры,11.04752187433899
с учётом цензуры,6.007870986310522
с учётом цензуры,2.0036906713698177
с учётом цензуры,11.893110599632056
с учётом цензуры,6.463221011326067
с учётом цензуры,16.52563687137527
с учётом цензуры,12.022913537099162
с учётом цензуры,3.813027953968944
с учётом цензуры,2.723108894102097
с учётом цензуры,11.585042558426526
с учётом цензуры,1.3333443585667035
с учётом цензуры,13.553792738525331
с учётом цензуры,2.0845517904272604
с учётом цензуры,20.673031673921056
с учётом цензуры,46.59621635616193
с учётом цензуры,17.498454754984397
с учётом цензуры,5.045708887508021
с учётом цензуры,20.655526131037966
с учётом цензуры,20.768322559625723
с учётом цензуры,11.227619272222507
с учётом цензуры,2.859772203896601
с учётом цензуры,9.74504445302359
с учётом цензуры,3.8808647514903996
с учётом цензуры,1.1191154994921269
с учётом цензуры,7.35055738320807
с учётом цензуры,8.727137709298894
с учётом цензуры,15.262146151248462
с учётом цензуры,5.605581537031747
с учётом цензуры,13.45884407754085
с учётом цензуры,8.208936372723668
с учётом цензуры,3.5695468630689415
с учётом цензуры,6.0278562224381105
с учётом цензуры,0.5319207584887002
с учётом цензуры,14.191273100556893
с учётом цензуры,7.584662837448139
с учётом цензуры,0.6511291812206746
с учётом цензуры,8.349530216008928
с учётом цензуры,2.2789463824287584
с учётом цензуры,0.4110902987068776
с учётом цензуры,9.61850007892368
с учётом цензуры,7.309195680491676
с учётом цензуры,4.7979110546337385
с учётом цензуры,7.239582866560247
с учётом цензуры,12.844894640117886
с учётом цензуры,3.286567629685969
с учётом цензуры,9.065321156109533
с учётом цензуры,5.376394620661798
с учётом цензуры,6.145302400554775
с учётом цензуры,2.9933794749024587
с учётом цензуры,24.022442316956734
с учётом цензуры,4.31462582609533
с учётом цензуры,6.0188288485067964
с учётом цензуры,5.184034598335966
с учётом цензуры,1.609582157290617
с учётом цензуры,2.180027670452603
с учётом цензуры,5.27470922722401
с учётом цензуры,1.0880780840752624
с учётом цензуры,12.841035263925567
с учётом цензуры,3.6127271024986394
с учётом цензуры,4.776520018995912
с учётом цензуры,0.706704752439086
с учётом цензуры,15.366874736876307
с учётом цензуры,10.209233841496093
с учётом цензуры,1.1640803050599917
с учётом цензуры,14.930015462191534
с учётом цензуры,4.926386771512972
с учётом цензуры,5.824070750430949
с учётом цензуры,2.763300749129716
с учётом цензуры,0.33649943062886406
с учётом цензуры,2.615690246593063
с учётом цензуры,4.755610489749644
с учётом цензуры,13.247390893718087
с учётом цензуры,3.0317733384073726
с учётом цензуры,8.57283247166028
с учётом цензуры,8.96234385930231
с учётом цензуры,0.5089499471492301
с учётом цензуры,6.098871933284839
с учётом цензуры,9.031297566391004
с учётом цензуры,4.922174213536952
с учётом цензуры,8.332699997118382
с учётом цензуры,6.227593774633811
с учётом цензуры,4.131520147177622
с учётом цензуры,4.382148493112411
с учётом цензуры,8.184539116077637
с учётом цензуры,2.29776927728106
с учётом цензуры,8.59544228586874
с учётом цензуры,2.7338942168378724
с учётом цензуры,5.265075408751472
с учётом цензуры,8.97461911619175
с учётом цензуры,10.134114061716472
с учётом цензуры,11.804133760791707
с учётом цензуры,4.9490223430949705
с учётом цензуры,10.878558907683034
с учётом цензуры,8.30859622481227
с учётом цензуры,2.454768629009272
с учётом цензуры,15.71337667684411
с учётом цензуры,2.919182638345561
с учётом цензуры,0.8137708484396009
с учётом цензуры,6.002687728233702
с учётом цензуры,2.4833216054782854
с учётом цензуры,12.38197063383178
с учётом цензуры,0.6821079560070933
с учётом цензуры,10.364617155093327
с учётом цензуры,12.803927509279063
с учётом цензуры,2.504677145297245
с учётом цензуры,4.122060996016169
с учётом цензуры,9.146083372790528
с учётом цензуры,3.3251762095573385
с учётом цензуры,1.1467574155350198
с учётом цензуры,8.30174908243423
с учётом цензуры,5.8572362295657205
с учётом цензуры,3.2705647617803955
с учётом цензуры,3.173323259502083
с учётом цензуры,8.885771572569706
с учётом цензуры,3.356154938183667
с учётом цензуры,13.162663156563042
с учётом цензуры,11.895782486561474
с учётом цензуры,11.462920294030571
с учётом цензуры,12.522020026306036
с учётом цензуры,7.5116214027098245
с учётом цензуры,7.880206520906581
с учётом цензуры,1.274062988150357
с учётом цензуры,27.54564950822857
с учётом цензуры,7.9762659369153655
с учётом цензуры,8.466224669692835
с учётом цензуры,23.85385823773648
с учётом цензуры,4.2822223061001194
с учётом цензуры,7.062961926971242
с учётом цензуры,4.6104758275695525
с учётом цензуры,2.7980163647551373
с учётом цензуры,10.54092650741588
с учётом цензуры,2.1733935024292106
с учётом цензуры,27.832129737983507
с учётом цензуры,8.34277728704415
с учётом цензуры,13.983999710670908
с учётом цензуры,1.9539613288775564
с учётом цензуры,15.49223827050408
с учётом цензуры,6.994636503347774
с учётом цензуры,1.385735040515701
с учётом цензуры,5.880498128692715
с учётом цензуры,16.627083631159707
с учётом цензуры,25.401840011196196
с учётом цензуры,13.574696482659206
с учётом цензуры,5.341488149828069
с учётом цензуры,11.532690753289778
с учётом цензуры,1.0267267414682975
с учётом цензуры,2.041873835003673
с учётом цензуры,2.650805387158858
с учётом цензуры,5.808578433780854
с учётом цензуры,7.286874404290167
с учётом цензуры,4.441604240553692
с учётом цензуры,3.853853454408121
с учётом цензуры,4.4180392243741045
с учётом цензуры,2.0393707014894282
с учётом цензуры,6.504272350620874
с учётом цензуры,4.230759320282901
с учётом цензуры,4.119290667589461
с учётом цензуры,3.717360210873885
с учётом цензуры,0.8194548428950387
с учётом цензуры,17.62160770939002
с учётом цензуры,5.898088755907034
с учётом цензуры,3.4286368036802757
с учётом цензуры,6.457656329563129
с учётом цензуры,6.250982852538822
с учётом цензуры,5.965280310480335
с учётом цензуры,9.861803267568243
с учётом цензуры,0.9852316761305187
с учётом цензуры,15.00540603035386
с учётом цензуры,10.360982502294865
с учётом цензуры,18.156318829877012
с учётом цензуры,11.790147012598451
с учётом цензуры,16.7527540333648
с учётом цензуры,11.395573733134778
с учётом цензуры,0.6859936337642035
с учётом цензуры,7.82326998222932
с учётом цензуры,4.310837874504422
с учётом цензуры,9.090693276063499
с учётом цензуры,0.6893642397341986
с учётом цензуры,3.2136395669076907
с учётом цензуры,4.648380504732729
с учётом цензуры,9.146125696380626
с учётом цензуры,0.892203570366644
с учётом цензуры,8.69300991952836
с учётом цензуры,1.0567965712920735
с учётом цензуры,4.270337851529734
с учётом цензуры,24.62577244834972
с учётом цензуры,4.372094543931623
с учётом цензуры,7.712292785636972
с учётом цензуры,0.36659690195009254
с учётом цензуры,11.796253483052062
с учётом цензуры,11.302388526831791
с учётом цензуры,2.9440520633095
с учётом цензуры,3.988614670703088
с учётом цензуры,4.077940493908018
с учётом цензуры,7.5088508320433025
с учётом цензуры,12.13595503458657
с учётом цензуры,5.425306628396717
с учётом цензуры,4.599402700274654
с учётом цензуры,5.348246654045029
с учётом цензуры,6.998689066353079
с учётом цензуры,3.2819881952816066
с учётом цензуры,24.68354878090005
с учётом цензуры,13.96414228359361
с учётом цензуры,16.53894417600408
с учётом цензуры,7.559331712578604
с учётом цензуры,13.783254937781368
с учётом цензуры,2.480632632228552
с учётом цензуры,0.9335977418258234
с учётом цензуры,4.413488034153075
с учётом цензуры,16.997091952590964
с учётом цензуры,0.27819883262807443
с учётом цензуры,6.846049501588738
с учётом цензуры,6.226489651924198
с учётом цензуры,14.674100760264025
с учётом цензуры,17.203444666939205
с учётом цензуры,11.203279321125128
с учётом цензуры,5.904787890455209
с учётом цензуры,17.69315150639663
с учётом цензуры,17.459359286398563
с учётом цензуры,7.883269908730179
с учётом цензуры,5.762070975477937
с учётом цензуры,6.4475332417179425
с учётом цензуры,5.818615545874865
с учётом цензуры,11.76461211863323
с учётом цензуры,10.783171424518589
с учётом цензуры,6.893308969929228
с учётом цензуры,8.019740960697517
с учётом цензуры,15.139961794239117
с учётом цензуры,0.3401909828212185
с учётом цензуры,6.398478501451884
с учётом цензуры,10.96492428763559
с учётом цензуры,19.469839861865164
с учётом цензуры,24.085386110919742
с учётом цензуры,4.162857579094227
с учётом цензуры,6.558344602571854
с учётом цензуры,2.8616475685175597
с учётом цензуры,6.452774002871199
с учётом цензуры,2.1235861954803386
с учётом цензуры,3.688079269510573
с учётом цензуры,5.13965546108146
с учётом цензуры,0.29940478916211877
с учётом цензуры,5.185065219690518
с учётом цензуры,8.409794341904501
с учётом цензуры,21.93854727302817
с учётом цензуры,4.061983472465686
с учётом цензуры,2.293119878210608
с учётом цензуры,14.13500266204112
с учётом цензуры,3.5712386168968084
с учётом цензуры,10.432944805694078
с учётом цензуры,2.907280242891493
с учётом цензуры,1.820289732063405
с учётом цензуры,6.613512056172648
с учётом цензуры,8.066983517716864
с учётом цензуры,9.891961226833825
с учётом цензуры,13.980091925032978
с учётом цензуры,14.742463046780038
с учётом цензуры,15.946343500210064
с учётом цензуры,10.568258723961808
с учётом цензуры,7.273325446409972
с учётом цензуры,2.539116887812611
с учётом цензуры,6.82562817162731
с учётом цензуры,17.056385406480512
с учётом цензуры,15.980152078338186
с учётом цензуры,2.3645375699319082
с учётом цензуры,2.2583537553329815
с учётом цензуры,15.774674906628782
с учётом цензуры,6.539942406033267
с учётом цензуры,0.957401893067596
с учётом цензуры,2.803852006896167
с учётом цензуры,14.714304022973636
с учётом цензуры,3.1977741639441075
с учётом цензуры,4.655751330934137
с учётом цензуры,0.7086057858068066
с учётом цензуры,10.750083424397712
с учётом цензуры,1.2231462792428178
с учётом цензуры,17.804141654701276
с учётом цензуры,13.106195170994138
с учётом цензуры,4.034431721132377
с учётом цензуры,7.011220170138998
с учётом цензуры,3.073903564001922
с учётом цензуры,12.43777431930803
с учётом цензуры,5.663439961847898
с учётом цензуры,9.998744935152626
с учётом цензуры,7.8009643111576406
с учётом цензуры,6.352448489672591
с учётом цензуры,10.170081604632895
с учётом цензуры,1.110376177294448
с учётом цензуры,45.03317804079867
с учётом цензуры,3.5060432843934155
с учётом цензуры,6.10043517943012
с учётом цензуры,2.5750263945955973
с учётом цензуры,2.078426036742953
с учётом цензуры,4.672593690535041
с учётом цензуры,17.004002591064374
с учётом цензуры,4.063408118398037
с учётом цензуры,7.4634843138754094
с учётом цензуры,0.17567571825269981
с учётом цензуры,10.171267716709497
с учётом цензуры,7.915195556549494
с учётом цензуры,7.408162218165492
с учётом цензуры,2.1095378297163525
с учётом цензуры,13.242791980938744
с учётом цензуры,2.2084825869501428
с учётом цензуры,14.541607578068742
с учётом цензуры,16.628743162419013
с учётом цензуры,12.0369921766097
с учётом цензуры,2.8323414643301517
с учётом цензуры,4.80833606626609
с учётом цензуры,4.519205180815394
с учётом цензуры,5.1685926574647265
с учётом цензуры,1.059009484738724
с учётом цензуры,4.352465303958339
с учётом цензуры,8.865869404886004
с учётом цензуры,6.038372864832938
с учётом цензуры,3.296042262673218
с учётом цензуры,16.282388903693725
с учётом цензуры,0.1727881253580365
с учётом цензуры,0.0203233257642566
с учётом цензуры,11.335405254764412
с учётом цензуры,8.541210278049942
с учётом цензуры,21.28589250514978
с учётом цензуры,7.371264579218446
с учётом цензуры,6.729090293679078
с учётом цензуры,3.1613310766189673
с учётом цензуры,2.374104886293802
с учётом цензуры,1.1294505322854496
с учётом цензуры,31.090726813113392
с учётом цензуры,17.70207605280676
с учётом цензуры,2.791937777362207
с учётом цензуры,3.5519131899350698
с учётом цензуры,3.6310889814882503
с учётом цензуры,2.634309245018072
с учётом цензуры,5.751639968390942
с учётом цензуры,2.0226130001612725
с учётом цензуры,4.563593170146742
с учётом цензуры,11.298947799731817
с учётом цензуры,1.6351295288481584
с учётом цензуры,11.814267291130285
с учётом цензуры,2.9557695319723862
с учётом цензуры,2.4397344559474563
с учётом цензуры,5.347521919868157
с учётом цензуры,5.711934963832595
с учётом цензуры,8.448809012465116
с учётом цензуры,8.756312861200279
с учётом цензуры,9.95307176480774
с учётом цензуры,8.069838967616596
с учётом цензуры,22.817556365175985
с учётом цензуры,4.743630314334061
с учётом цензуры,3.9779400843662294
с учётом цензуры,2.759543712019066
с учётом цензуры,3.5103558732254454
с учётом цензуры,5.064695688644222
с учётом цензуры,0.7464233608685412
с учётом цензуры,2.531623023445904
с учётом цензуры,10.875514678681322
с учётом цензуры,8.151504828868108
с учётом цензуры,3.3039760425675815
с учётом цензуры,2.6086112663494463
с учётом цензуры,1.2436150834253195
с учётом цензуры,9.493597272745085
с учётом цензуры,6.147084411062274
с учётом цензуры,8.852339435153548
с учётом цензуры,5.990661498132615
с учётом цензуры,20.946743375643628
с учётом цензуры,7.173298321939951
с учётом цензуры,7.765500218601368
с учётом цензуры,1.8664473904092933
с учётом цензуры,7.3317657830771985
с учётом цензуры,4.352384597210869
с учётом цензуры,6.363846329050706
с учётом цензуры,3.7018733441623892
с учётом цензуры,4.807248951209702
с учётом цензуры,12.12947341693935
с учётом цензуры,11.485324299546285
с учётом цензуры,36.572859159497526
с учётом цензуры,9.572368924980582
с учётом цензуры,5.961316914398715
с учётом цензуры,7.559452172199237
с учётом цензуры,1.7739241173398395
с учётом цензуры,4.5683950579532215
с учётом цензуры,5.88794461965707
с учётом цензуры,3.139452038245285
с учётом цензуры,0.8864329548495635
с учётом цензуры,6.067541201953261
с учётом цензуры,13.020898250157185
с учётом цензуры,7.7555278408672645
с учётом цензуры,1.1254622007321748
с учётом цензуры,4.223017768861098
с учётом цензуры,8.281489511282343
с учётом цензуры,3.624845592065366
с учётом цензуры,6.8733584873535865
с учётом цензуры,4.520467789569165
с учётом цензуры,21.170003280380428
с учётом цензуры,7.195694833985328
с учётом цензуры,10.415760575536495
с учётом цензуры,6.517160407589383
с учётом цензуры,13.381056276298086
с учётом цензуры,6.430105520909737
с учётом цензуры,11.527061240669434
с учётом цензуры,8.032263452501155
с учётом цензуры,6.296729503964842
с учётом цензуры,1.07347517651265
с учётом цензуры,3.5691221401595947
с учётом цензуры,10.357064690561332
с учётом цензуры,3.071155528344965
с учётом цензуры,3.052834489951113
с учётом цензуры,2.932663715175121
с учётом цензуры,0.6031667521843754
с учётом цензуры,11.44763565887198
с учётом цензуры,2.2542765114556165
с учётом цензуры,1.1853180293068395
с учётом цензуры,25.772814129438036
с учётом цензуры,9.160838407644377
с учётом цензуры,22.74668415100062
с учётом цензуры,10.206855326451311
с учётом цензуры,23.46802118888182
с учётом цензуры,7.984238945105468
с учётом цензуры,38.899166158471
с учётом цензуры,6.334561757185153
с учётом цензуры,9.386944598267764
с учётом цензуры,3.0607847143216986
с учётом цензуры,12.603335144391751
с учётом цензуры,9.513230439029709
с учётом цензуры,6.17762316833443
с учётом цензуры,15.910574985066845
с учётом цензуры,11.959049002624267
с учётом цензуры,5.012609029403746
с учётом цензуры,0.4582231180369144
с учётом цензуры,30.77899932112529
с учётом цензуры,6.5546455970152095
с учётом цензуры,2.3230901838695823
с учётом цензуры,8.177041168995695
с учётом цензуры,4.429147408556569
с учётом цензуры,12.090365676343644
с учётом цензуры,2.6278578130471386
с учётом цензуры,5.383251302740702
с учётом цензуры,2.876400884037459
с учётом цензуры,3.44569606607263
с учётом цензуры,0.9694797321589577
с учётом цензуры,13.208915341967206
с учётом цензуры,2.818937070267022
с учётом цензуры,4.4868251518486035
с учётом цензуры,0.30853043825419857
с учётом цензуры,4.008006533880844
с учётом цензуры,3.331701933803497
с учётом цензуры,2.775536824018631
с учётом цензуры,4.040478828668786
с учётом цензуры,4.057339499863621
с учётом цензуры,18.201778399549415
с учётом цензуры,6.087653022257303
с учётом цензуры,5.095568773945876
с учётом цензуры,16.71047285290559
с учётом цензуры,2.4801322365498613
с учётом цензуры,0.350562614121443
с учётом цензуры,6.485346791541301
с учётом цензуры,8.385896711971736
с учётом цензуры,12.375075459181488
с учётом цензуры,15.889823631815469
с учётом цензуры,14.078376084328372
с учётом цензуры,22.76064171193269
с учётом цензуры,2.324057688986037
с учётом цензуры,0.2705889630919284
с учётом цензуры,8.84779509786393
с учётом цензуры,28.866371390214425
с учётом цензуры,3.240322536344989
с учётом цензуры,1.4901309410533528
с учётом цензуры,3.519631917979817
с учётом цензуры,6.711567469752808
с учётом цензуры,1.1005177242841606
с учётом цензуры,12.230091225003157
с учётом цензуры,10.09199869752835
с учётом цензуры,5.062595470305912
с учётом цензуры,6.4923206403864455
с учётом цензуры,1.1039840748335383
с учётом цензуры,0.8680359253845145
с учётом цензуры,5.363288465633879
с учётом цензуры,2.531546741241159
с учётом цензуры,1.3776454308803348
с учётом цензуры,7.895990476308278
с учётом цензуры,4.678881178948052
с учётом цензуры,3.1862590583924666
с учётом цензуры,3.9036545639690443
с учётом цензуры,2.532022736247474
с учётом цензуры,1.9812625624639144
с учётом цензуры,17.763484096874144
с учётом цензуры,2.7379698633691962
с учётом цензуры,3.8336023295101613
с учётом цензуры,28.74305794201947
с учётом цензуры,4.299484050163847
с учётом цензуры,19.699412854036943
с учётом цензуры,5.904869727318009
с учётом цензуры,3.8318396400972863
с учётом цензуры,4.822976523903204
с учётом цензуры,0.9291347090097049
с учётом цензуры,0.6634904262115532
с учётом цензуры,11.451623954270957
с учётом цензуры,7.304019035381252
с учётом цензуры,4.8202045241107205
с учётом цензуры,0.2575806062972607
с учётом цензуры,12.63997548102254
с учётом цензуры,4.996114438309019
с учётом цензуры,12.484989992005843
с учётом цензуры,2.5031183935941392
с учётом цензуры,7.716213604667067
с учётом цензуры,1.5447106450254553
с учётом цензуры,2.393432076368797
с учётом цензуры,0.3997377138826608
с учётом цензуры,7.014937496395067
с учётом цензуры,4.648531004684333
с учётом цензуры,5.50406158205791
с учётом цензуры,4.890064660623812
с учётом цензуры,4.454587503164408
с учётом цензуры,0.6004035136080674
с учётом цензуры,6.523564695551607
с учётом цензуры,5.237341563589743
с учётом цензуры,22.782599720310603
с учётом цензуры,4.004201247976259
с учётом цензуры,15.050978352966197
с учётом цензуры,10.760700810873763
с учётом цензуры,4.343587597325273
с учётом цензуры,12.665276258273114
с учётом цензуры,13.138863770685633
с учётом цензуры,4.777663018286727
с учётом цензуры,12.415551967590563
с учётом цензуры,11.692337336458785
с учётом цензуры,8.724055576381978
с учётом цензуры,4.431819313365832
с учётом цензуры,32.66799376134809
с учётом цензуры,5.707957140767296
с учётом цензуры,6.562924055405936
с учётом цензуры,0.6731789721125718
с учётом цензуры,3.4843896474973834
с учётом цензуры,10.4089876848661
с учётом цензуры,18.081541195829935
с учётом цензуры,3.3745465142015862
с учётом цензуры,3.566088866528863
с учётом цензуры,5.043408530488871
с учётом цензуры,10.17527117607492
с учётом цензуры,1.8709023308091324
с учётом цензуры,1.633312017049962
с учётом цензуры,6.441853833327027
с учётом цензуры,15.247809392485388
с учётом цензуры,0.5726295274632951
с учётом цензуры,1.172971658102089
с учётом цензуры,9.530492200588474
с учётом цензуры,1.0454996218450812
с учётом цензуры,5.072742305886218
с учётом цензуры,4.027926833047813
с учётом цензуры,13.043823909870268
с учётом цензуры,22.822510458279147
с учётом цензуры,5.991241819492392
с учётом цензуры,1.4791878211964953
с учётом цензуры,10.809378799701236
с учётом цензуры,2.809612983310159
с учётом цензуры,3.8015572205831973
с учётом цензуры,14.397843149855259
с учётом цензуры,0.7467335687310439
с учётом цензуры,6.222695006138385
с учётом цензуры,9.477943859771262
с учётом цензуры,8.334994302753742
с учётом цензуры,3.6343798405619303
с учётом цензуры,2.309016705894461
с учётом цензуры,4.610295218313082
с учётом цензуры,4.994356703968602
с учётом цензуры,2.9295247400491924
с учётом цензуры,17.513437208961648
с учётом цензуры,4.9533844799671245
с учётом цензуры,3.1285303094983936
с учётом цензуры,16.442590218011045
с учётом цензуры,1.6184769310987932
с учётом цензуры,0.9534718608053284
с учётом цензуры,4.699423679306175
с учётом цензуры,16.149277988028725
с учётом цензуры,4.003076351251957
с учётом цензуры,0.66816841172333
с учётом цензуры,9.544546473238066
с учётом цензуры,2.0607043222256443
с учётом цензуры,6.485534694725437
с учётом цензуры,8.449555285218707
с учётом цензуры,42.308271185457045
с учётом цензуры,5.63374433035104
с учётом цензуры,12.273203749124754
с учётом цензуры,6.241412052280018
с учётом цензуры,6.79544299846706
с учётом цензуры,6.898367010833903
с учётом цензуры,0.6332441422259294
с учётом цензуры,8.302122785889402
с учётом цензуры,7.958251307639431
с учётом цензуры,7.331115232867594
с учётом цензуры,0.35344691703463477
с учётом цензуры,7.7784139003706505
с учётом цензуры,2.7702351133410557
с учётом цензуры,1.327770293007894
с учётом цензуры,42.035378029892655
с учётом цензуры,0.5058271642725171
с учётом цензуры,1.800025441934449
с учётом цензуры,11.23487589365503
с учётом цензуры,11.464419048484828
с учётом цензуры,29.063205348421658
с учётом цензуры,3.3416791061333933
с учётом цензуры,4.808772360563149
с учётом цензуры,4.115838819026829
с учётом цензуры,2.123778841445491
с учётом цензуры,1.3776304698178152
с учётом цензуры,2.5379299694455253
с учётом цензуры,5.946994859222316
с учётом цензуры,6.844879461552891
с учётом цензуры,11.82082019210881
с учётом цензуры,3.7124432644791305
с учётом цензуры,8.935188900806585
с учётом цензуры,8.41477299427438
с учётом цензуры,2.1889095490013326
с учётом цензуры,8.195241031323345
с учётом цензуры,1.0495367973406036
с учётом цензуры,4.047818079762114
с учётом цензуры,7.4177466734141415
с учётом цензуры,2.9077139308669366
с учётом цензуры,44.19479193130935
с учётом цензуры,5.263681452706335
с учётом цензуры,4.624031593111756
с учётом цензуры,6.174319577187617
с учётом цензуры,6.201068801121944
с учётом цензуры,10.232291655782365
с учётом цензуры,6.882262055023284
с учётом цензуры,0.25306710558627804
с учётом цензуры,10.80878822629591
с учётом цензуры,18.79057451826396
с учётом цензуры,11.072752555900918
с учётом цензуры,1.8203708622147339
с учётом цензуры,6.7541870296247914
с учётом цензуры,8.658623709743612
с учётом цензуры,7.503955088690548
с учётом цензуры,8.132179387363244
с учётом цензуры,8.592919114082372
с учётом цензуры,5.929265822582843
с учётом цензуры,4.269864188409129
с учётом цензуры,1.4002281221145507
с учётом цензуры,3.0385309885005984
с учётом цензуры,3.3224667192474726
с учётом цензуры,9.74420636343425
с учётом цензуры,8.319424983700525
с учётом цензуры,10.448032083519543
с учётом цензуры,7.530167433147652
с учётом цензуры,9.93079515945836
с учётом цензуры,9.355318830695696
с учётом цензуры,2.130678896929366
с учётом цензуры,2.2935336357855167
с учётом цензуры,0.27037722170384604
с учётом цензуры,4.272544209060817
с учётом цензуры,8.175249035023333
с учётом цензуры,9.355428195992962
с учётом цензуры,0.16899844367054626
с учётом цензуры,0.8348348585898803
с учётом цензуры,14.5262877041347
с учётом цензуры,2.1849441212535154
с учётом цензуры,3.2111802924216053
с учётом цензуры,3.9847047076585125
с учётом цензуры,31.114392880746873
с учётом цензуры,6.568242779372487
с учётом цензуры,8.163158253872952
с учётом цензуры,4.116389745583958
с учётом цензуры,15.414641582832196
с учётом цензуры,13.650578561411336
с учётом цензуры,4.6043070716911245
с учётом цензуры,5.379176000735497
с учётом цензуры,5.9493870851544175
с учётом цензуры,0.12088866033720083
с учётом цензуры,4.333344687104125
с учётом цензуры,12.78398290566939
с учётом цензуры,4.368844493005252
с учётом цензуры,1.7002191089716625
с учётом цензуры,17.856734021647192
с учётом цензуры,20.646466407448493
с учётом цензуры,6.664980429680985
с учётом цензуры,3.8575926551614232
с учётом цензуры,1.0078802783924177
с учётом цензуры,2.845457146550105
с учётом цензуры,6.663337291617212
с учётом цензуры,4.944873141595594
с учётом цензуры,1.5504215396968797
с учётом цензуры,8.540290882775315
с учётом цензуры,10.59831923704494
с учётом цензуры,1.6522869211036197
с учётом цензуры,5.220793230899011
с учётом цензуры,2.7476845825219747
с учётом цензуры,6.685637884495881
с учётом цензуры,3.783604191275581
с учётом цензуры,15.411594959943226
с учётом цензуры,11.804363316787157
с учётом цензуры,6.321572112159324
с учётом цензуры,9.308005036065131
с учётом цензуры,0.579718112943103
с учётом цензуры,5.191755044051209
с учётом цензуры,1.0280205558054931
с учётом цензуры,6.968720377735382
с учётом цензуры,20.343523524122574
с учётом цензуры,6.903443644857347
с учётом цензуры,29.821968293285153
с учётом цензуры,7.102145806154152
с учётом цензуры,6.288081920068468
с учётом цензуры,11.803237732843115
с учётом цензуры,3.4538635064910497
с учётом цензуры,11.881070831106475
с учётом цензуры,12.190547493266118
с учётом цензуры,9.069006839949424
с учётом цензуры,1.9341778659419635
с учётом цензуры,1.912874235383629
с учётом цензуры,2.9525622655949304
с учётом цензуры,8.049879693195766
с учётом цензуры,1.5749260812483654
с учётом цензуры,9.620726258433272
с учётом цензуры,9.190882628962514
с учётом цензуры,5.911549271581718
с учётом цензуры,2.2368769916875966
с учётом цензуры,6.360389585876052
с учётом цензуры,0.3923998036922885
с учётом цензуры,8.217237097330752
с учётом цензуры,15.871393728200939
с учётом цензуры,9.505590793673624
с учётом цензуры,8.465589818431749
с учётом цензуры,15.49481349740346
с учётом цензуры,6.557774197662576
с учётом цензуры,1.1133720395159807
с учётом цензуры,2.6546269470744246
с учётом цензуры,5.885858496226458
с учётом цензуры,20.362016294054932
с учётом цензуры,7.60771122199211
с учётом цензуры,14.382255181896543
с учётом цензуры,7.110495588064235
с учётом цензуры,1.656383652069893
с учётом цензуры,30.675245355573868
с учётом цензуры,2.3176087501605656
с учётом цензуры,0.5178054779808536
с учётом цензуры,3.9317777636731144
с учётом цензуры,5.047600239885059
с учётом цензуры,25.58419028691405
с учётом цензуры,21.25216464300767
с учётом цензуры,6.271189569352862
с учётом цензуры,15.674138749412737
с учётом цензуры,13.255352103209281
с учётом цензуры,3.078812474397578
с учётом цензуры,2.244258612843143
с учётом цензуры,5.775412294987426
с учётом цензуры,12.643823553141255
с учётом цензуры,3.3204027446393694
с учётом цензуры,7.914398796536478
с учётом цензуры,3.512111708062928
с учётом цензуры,7.884934923072002
с учётом цензуры,13.876407697946675
с учётом цензуры,10.4574065674261
с учётом цензуры,8.96310236172799
с учётом цензуры,2.63294709366237
с учётом цензуры,7.864830797132909
с учётом цензуры,10.400417607956257
с учётом цензуры,4.804806925996039
с учётом цензуры,4.220108062822376
с учётом цензуры,3.45106066246511
с учётом цензуры,7.148640251962833
с учётом цензуры,5.1467160335234885
с учётом цензуры,5.581329232851573
с учётом цензуры,2.6802341523023014
с учётом цензуры,8.658344928528509
с учётом цензуры,3.1403731609328336
с учётом цензуры,1.391550660847502
с учётом цензуры,8.32242186854157
с учётом цензуры,2.2797408333706346
с учётом цензуры,1.8701497286623734
с учётом цензуры,0.5709355709559462
с учётом цензуры,17.718394429460687
с учётом цензуры,5.941216922432479
с учётом цензуры,0.8017026174635918
с учётом цензуры,0.2083361974693552
с учётом цензуры,13.035078207364567
с учётом цензуры,2.832101056147731
с учётом цензуры,10.833582115337979
с учётом цензуры,3.1245891841539826
с учётом цензуры,4.746040606155393
с учётом цензуры,5.89972886110246
с учётом цензуры,7.768199475763332
с учётом цензуры,11.040941309840058
с учётом цензуры,3.3619553882623885
с учётом цензуры,8.807807002623319
с учётом цензуры,5.962471495093864
с учётом цензуры,13.793948808007286
с учётом цензуры,3.5551883248889395
с учётом цензуры,12.198182831395265
с учётом цензуры,11.964972630660117
с учётом цензуры,18.10346379437737
с учётом цензуры,22.25579725975788
с учётом цензуры,4.554946892310972
с учётом цензуры,11.432763205396968
с учётом цензуры,4.187268104416416
с учётом цензуры,12.069655732016408
с учётом цензуры,8.379974700768908
с учётом цензуры,3.405592010447853
с учётом цензуры,13.173306717843058
с учётом цензуры,5.987257093302527
с учётом цензуры,0.9896025670137745
с учётом цензуры,6.64734869692476
с учётом цензуры,2.5626253649708186
с учётом цензуры,12.255072518523843
с учётом цензуры,8.975818856727656
с учётом цензуры,5.599886024719834
с учётом цензуры,9.901242623148338
с учётом цензуры,5.94577621978882
с учётом цензуры,18.059972901592122
с учётом цензуры,6.652772166880421
с учётом цензуры,3.189248187508664
с учётом цензуры,8.266854155850886
с учётом цензуры,20.45812422205974
с учётом цензуры,13.75736372304873
с учётом цензуры,8.760412101717929
с учётом цензуры,7.7919681419432685
с учётом цензуры,3.7825170727950312
с учётом цензуры,8.94414511226563
с учётом цензуры,2.810378759586449
с учётом цензуры,2.5133823373185984
с учётом цензуры,11.372587450802571
с учётом цензуры,12.953404340111792
с учётом цензуры,4.73369513397905
с учётом цензуры,11.075092082737704
с учётом цензуры,6.331140965855026
с учётом цензуры,9.080326513263998
с учётом цензуры,5.3951929807794645
с учётом цензуры,5.253446491104107
с учётом цензуры,15.661143482200236
с учётом цензуры,10.696931881894528
с учётом цензуры,8.82228526790163
с учётом цензуры,10.120504898983098
с учётом цензуры,9.314165178858897
с учётом цензуры,5.677089002937303
с учётом цензуры,12.85323219528792
с учётом цензуры,3.775046286150211
с учётом цензуры,24.34165111183012
с учётом цензуры,10.484581410692421
с учётом цензуры,7.399491313156446
с учётом цензуры,1.2773815274912148
с учётом цензуры,2.936809809110451
с учётом цензуры,3.7186840176460345
с учётом цензуры,14.409263756244101
с учётом цензуры,6.0943746840583115
с учётом цензуры,17.221095144943877
с учётом цензуры,24.029601958340816
с учётом цензуры,5.008222814941496
с учётом цензуры,15.93478376119048
с учётом цензуры,14.219340704495393
с учётом цензуры,0.6437357793400286
с учётом цензуры,4.598619427463301
с учётом цензуры,9.371571088091082
с учётом цензуры,14.07833086689141
с учётом цензуры,11.796655652526601
с учётом цензуры,4.90895844342121
с учётом цензуры,2.1285618549138627
с учётом цензуры,1.5348349628133426
с учётом цензуры,1.3471820025948638
с учётом цензуры,1.9737532813566407
с учётом цензуры,12.333658816794653
с учётом цензуры,23.556793202608617
с учётом цензуры,6.697474834100381
с учётом цензуры,10.75319972349326
с учётом цензуры,9.971873223707684
с учётом цензуры,7.797118332008067
с учётом цензуры,14.02166130173607
с учётом цензуры,2.5624610278397566
с учётом цензуры,12.283242348964837
с учётом цензуры,2.703795081111932
с учётом цензуры,11.500789129731691
с учётом цензуры,1.1889859629016548
с учётом цензуры,11.911677846639758
с учётом цензуры,2.8893115699417145
с учётом цензуры,12.578552523279106
с учётом цензуры,11.722817317533421
с учётом цензуры,32.24328959861431
с учётом цензуры,5.381683575194256
с учётом цензуры,6.016564502443913
с учётом цензуры,8.648378288749495
с учётом цензуры,2.719796894200501
с учётом цензуры,3.173261444193317
с учётом цензуры,18.4305163720941
с учётом цензуры,14.52283991649631
с учётом цензуры,22.447202409022726
с учётом цензуры,9.095710483581124
с учётом цензуры,3.2651280369983207
с учётом цензуры,1.8179064279496213
с учётом цензуры,1.2987261687358023
с учётом цензуры,6.210293511235982
с учётом цензуры,1.3583214457699184
с учётом цензуры,5.88179069742764
с учётом цензуры,6.269070778307172
с учётом цензуры,8.820894748129858
с учётом цензуры,12.081680564015647
с учётом цензуры,5.0266472277145375
с учётом цензуры,8.589210329915199
с учётом цензуры,2.845582221110029
с учётом цензуры,5.4060823602019275
с учётом цензуры,3.953136096646269
с учётом цензуры,2.356667446918347
с учётом цензуры,5.111056895205055
с учётом цензуры,0.9338514388738709
с учётом цензуры,7.916010656884538
с учётом цензуры,2.604387398239051
с учётом цензуры,4.092752862205085
с учётом цензуры,1.7931252713494172
с учётом цензуры,5.218509017462294
с учётом цензуры,9.134981616681554
с учётом цензуры,1.5980123275631086
с учётом цензуры,8.247284276382763
с учётом цензуры,5.404511750986977
с учётом цензуры,3.572642358603636
с учётом цензуры,3.648145989881232
с учётом цензуры,20.569412719690554
с учётом цензуры,4.909098968339273
с учётом цензуры,4.836640223010377
с учётом цензуры,6.292322741013505
с учётом цензуры,5.715892265581646
с учётом цензуры,12.365024713643914
с учётом цензуры,2.8372819851747106
с учётом цензуры,14.71451188862241
с учётом цензуры,7.458687033471422
с учётом цензуры,28.646836187735037
с учётом цензуры,3.860072862027165
с учётом цензуры,0.9021980387466815
с учётом цензуры,1.7031901687323803
с учётом цензуры,4.482215479657107
с учётом цензуры,8.04316336976948
с учётом цензуры,10.885582119089332
с учётом цензуры,8.38892550309299
с учётом цензуры,13.372094665605866
с учётом цензуры,1.4665128946568764
с учётом цензуры,1.1686082090522762
с учётом цензуры,10.25543160657794
с учётом цензуры,15.35594841219243
с учётом цензуры,20.8341956173445
с учётом цензуры,4.243170047344082
с учётом цензуры,1.4455777655764313
с учётом цензуры,14.2970731222723
с учётом цензуры,10.880373006540353
с учётом цензуры,7.670505948111096
с учётом цензуры,8.933995310951982
с учётом цензуры,6.774854139755157
с учётом цензуры,1.494391256696425
с учётом цензуры,3.9897681103565836
с учётом цензуры,16.944888743516287
с учётом цензуры,15.815701563300808
с учётом цензуры,22.91549162478036
с учётом цензуры,11.405322472072253
с учётом цензуры,3.7215305017684526
с учётом цензуры,7.978255747243988
с учётом цензуры,5.534800268264388
с учётом цензуры,0.47392708097790803
с учётом цензуры,1.081060768938066
с учётом цензуры,5.799471255163575
с учётом цензуры,2.961481782528825
с учётом цензуры,2.035263394169544
с учётом цензуры,0.5651197543939945
с учётом цензуры,8.067685528724132
с учётом цензуры,2.0993574159989716
с учётом цензуры,7.012232764527704
с учётом цензуры,15.987023168860148
с учётом цензуры,2.753261808820662
с учётом цензуры,13.323275310239545
с учётом цензуры,0.9327027204079966
с учётом цензуры,3.3683883995958346
с учётом цензуры,0.9218097773928118
с учётом цензуры,12.18300633426519
с учётом цензуры,5.947196759393616
с учётом цензуры,5.429979042239098
с учётом цензуры,4.39128590575762
с учётом цензуры,5.810606937398145
с учётом цензуры,6.503792573007039
с учётом цензуры,4.611760882657571
с учётом цензуры,9.116188272498428
с учётом цензуры,10.478346825499322
с учётом цензуры,8.823199344953935
с учётом цензуры,17.809038021980754
с учётом цензуры,7.881061685317578
с учётом цензуры,1.7642335465845242
с учётом цензуры,6.830563467249626
с учётом цензуры,5.7903683162402
с учётом цензуры,9.838184410374073
с учётом цензуры,9.628186536169492
с учётом цензуры,2.53849484896209
с учётом цензуры,4.786361013439765
с учётом цензуры,13.913614158445725
с учётом цензуры,1.4784161815621295
с учётом цензуры,14.916258310403796
с учётом цензуры,1.7562511794605387
с учётом цензуры,1.0103732260556104
с учётом цензуры,7.848577205095626
с учётом цензуры,17.783294812806858
с учётом цензуры,8.33017378452438
с учётом цензуры,4.581044548173904
с учётом цензуры,5.037542502797888
с учётом цензуры,7.175875605204965
с учётом цензуры,0.9597445248621335
с учётом цензуры,8.569291366673935
с учётом цензуры,2.2971902106296263
с учётом цензуры,13.008145329662565
с учётом цензуры,2.59693005648724
с учётом цензуры,0.8228652517630975
с учётом цензуры,5.183667425353788
с учётом цензуры,2.5150098032669557
с учётом цензуры,6.150606014268888
с учётом цензуры,7.596574926354717
с учётом цензуры,3.839313116449304
с учётом цензуры,12.611236757227292
с учётом цензуры,2.5912755882715164
с учётом цензуры,2.391140468210387
с учётом цензуры,1.8557275322709152
с учётом цензуры,0.08285899480367462
с учётом цензуры,5.200824579511635
с учётом цензуры,10.085967844413295
с учётом цензуры,1.8733591987053297
с учётом цензуры,12.800708172037927
с учётом цензуры,2.2919522754417363
с учётом цензуры,4.074236293973497
с учётом цензуры,17.142630148298842
с учётом цензуры,13.271350896979012
с учётом цензуры,5.8356770841345735
с учётом цензуры,21.9671579057981
с учётом цензуры,13.312031989699866
с учётом цензуры,1.5418262963981635
с учётом цензуры,4.694067689989721
с учётом цензуры,4.539633709539654
с учётом цензуры,1.8570559960668125
с учётом цензуры,7.715095306187683
с учётом цензуры,14.006146583661916
с учётом цензуры,10.741414123295575
с учётом цензуры,0.5094628624290639
с учётом цензуры,7.302727422783719
с учётом цензуры,4.208909057196993
с учётом цензуры,7.444389297744756
с учётом цензуры,3.2835754139392654
с учётом цензуры,7.749910634110855
с учётом цензуры,2.282613176408178
с учётом цензуры,18.311601202460608
с учётом цензуры,11.998588943231653
с учётом цензуры,1.8948526303541624
с учётом цензуры,18.031993335015247
с учётом цензуры,6.324702639839703
с учётом цензуры,7.160258948174617
с учётом цензуры,8.670444832303323
с учётом цензуры,20.884677401906192
с учётом цензуры,1.9024788475796075
с учётом цензуры,6.057766868250978
с учётом цензуры,19.63534563414381
с учётом цензуры,11.301900142581829
с учётом цензуры,8.433542922412515
с учётом цензуры,13.047877276025783
с учётом цензуры,0.9358317617352716
с учётом цензуры,2.712275920304372
с учётом цензуры,6.307468865425439
с учётом цензуры,3.7832772000538544
с учётом цензуры,5.510591524039551
с учётом цензуры,3.56756806320265
с учётом цензуры,6.4126103931046785
с учётом цензуры,8.355234429102996
с учётом цензуры,16.499934108810173
с учётом цензуры,7.488639546538835
с учётом цензуры,20.782698825329092
с учётом цензуры,5.010215420185827
с учётом цензуры,18.812454642978572
с учётом цензуры,2.690802735185812
с учётом цензуры,2.5843582127467397
с учётом цензуры,5.560157718826054
с учётом цензуры,15.140619397359753
с учётом цензуры,26.042177745884157
с учётом цензуры,2.75742674257848
с учётом цензуры,26.277721034652615
с учётом цензуры,0.1917647054537646
с учётом цензуры,8.026675506875657
с учётом цензуры,36.72787950179089
с учётом цензуры,2.511324059384861
с учётом цензуры,10.389721755536
с учётом цензуры,9.592174527361689
с учётом цензуры,7.6760131909807106
с учётом цензуры,6.129801214575792
с учётом цензуры,13.102777663984806
с учётом цензуры,16.62477470526689
с учётом цензуры,4.039749227908738
с учётом цензуры,21.88971030787693
с учётом цензуры,3.5211011023795615
с учётом цензуры,3.3595945624888204
с учётом цензуры,7.6186764122860176
с учётом цензуры,11.487629219805221
с учётом цензуры,3.021406099346253
с учётом цензуры,4.387796162016119
с учётом цензуры,9.224479951173084
с учётом цензуры,6.995398270226012
с учётом цензуры,6.569805507250658
с учётом цензуры,0.11845181256305924
с учётом цензуры,2.8149800053187377
с учётом цензуры,8.782980407493804
с учётом цензуры,15.172059654059737
с учётом цензуры,9.831458724709504
с учётом цензуры,10.911849276484972
с учётом цензуры,9.822255583393396
с учётом цензуры,11.014645749835326
с учётом цензуры,6.752796391941842
с учётом цензуры,2.942668813063828
с учётом цензуры,11.304892136675642
с учётом цензуры,22.069849250186866
с учётом цензуры,10.503332071448854
с учётом цензуры,5.182306581738274
с учётом цензуры,4.899578554487548
с учётом цензуры,14.396327729983541
с учётом цензуры,1.1430474913965127
с учётом цензуры,7.417839501722615
с учётом цензуры,11.725664126862075
с учётом цензуры,5.1401344126195045
с учётом цензуры,9.744212331723652
с учётом цензуры,2.4108496935836454
с учётом цензуры,8.364305039737337
с учётом цензуры,12.228504498646105
с учётом цензуры,7.1278362328001945
с учётом цензуры,1.1327607966295357
с учётом цензуры,4.029176731243069
с учётом цензуры,17.11127452436038
с учётом цензуры,2.7142908929824014
с учётом цензуры,4.67756028357611
с учётом цензуры,8.222357828999229
с учётом цензуры,5.989235844579292
с учётом цензуры,10.949861519246394
с учётом цензуры,3.1587273384054053
с учётом цензуры,4.614117536293149
с учётом цензуры,7.276092530234039
с учётом цензуры,3.7787112234465723
с учётом цензуры,8.183728119925275
с учётом цензуры,0.5713115866591568
с учётом цензуры,3.4769857880238835
с учётом цензуры,3.0412277843439113
с учётом цензуры,2.0470611144661697
с учётом цензуры,10.04352424379076
с учётом цензуры,1.5164567123197414
с учётом цензуры,0.8844278212825846
с учётом цензуры,11.898667381468252
с учётом цензуры,8.591646062724482
с учётом цензуры,6.486867903343654
с учётом цензуры,2.3839341827731575
с учётом цензуры,30.32001760297932
с учётом цензуры,5.493209661557508
с учётом цензуры,0.5974100487421425
с учётом цензуры,1.8480702704047618
с учётом цензуры,9.181278318817998
с учётом цензуры,6.185607665350471
с учётом цензуры,0.9046555394175128
с учётом цензуры,13.79046749948652
с учётом цензуры,31.21220397364156
с учётом цензуры,7.616275049215969
с учётом цензуры,11.069655297760844
с учётом цензуры,5.656486947118085
с учётом цензуры,6.399568896556295
с учётом цензуры,2.7546590638833264
с учётом цензуры,6.355299427621612
с учётом цензуры,8.409662644157047
с учётом цензуры,5.2214806529076645
с учётом цензуры,5.278556168045323
с учётом цензуры,0.6917602025793637
с учётом цензуры,4.31482852453798
с учётом цензуры,4.534525462815229
с учётом цензуры,1.3253424820203346
с учётом цензуры,10.708036240958446
с учётом цензуры,10.671705386863128
с учётом цензуры,3.8368530961269394
с учётом цензуры,2.3772927809579785
с учётом цензуры,9.055987908098032
с учётом цензуры,11.413024531286595
с учётом цензуры,22.20335610803646
с учётом цензуры,6.708841272745719
с учётом цензуры,3.6690157325731283
с учётом цензуры,8.671180796796662
с учётом цензуры,8.829661744427451
с учётом цензуры,6.206759508093848
с учётом цензуры,1.4302716673173577
с учётом цензуры,2.5878906983971985
с учётом цензуры,0.9108761430916706
с учётом цензуры,1.6492470646106963
с учётом цензуры,0.6045553981841999
с учётом цензуры,4.57429126246628
с учётом цензуры,9.957500368474324
с учётом цензуры,8.012118686627758
с учётом цензуры,4.740915982706435
с учётом цензуры,3.2098261893679494
с учётом цензуры,9.388187993643058
с учётом цензуры,6.64439276259196
с учётом цензуры,0.17359693094017364
с учётом цензуры,13.180622568974323
с учётом цензуры,16.66071887373716
с учётом цензуры,2.812582183995697
с учётом цензуры,0.054265323772463805
с учётом цензуры,13.1069418301425
с учётом цензуры,10.132616468887155
с учётом цензуры,1.1277554456868155
с учётом цензуры,1.782820315633
с учётом цензуры,6.224930774026403
с учётом цензуры,1.843595175967255
с учётом цензуры,9.731594416433087
с учётом цензуры,9.863662475658298
с учётом цензуры,11.159236116630916
с учётом цензуры,7.096345740678284
с учётом цензуры,4.886468751572266
с учётом цензуры,1.3150385459296647
с учётом цензуры,1.2184922031638175
с учётом цензуры,7.668402711593017
с учётом цензуры,6.251042550872157
с учётом цензуры,2.144256748569476
с учётом цензуры,2.5041054287296522
с учётом цензуры,59.31496762389089
с учётом цензуры,11.327949581965079
с учётом цензуры,8.836913867213864
с учётом цензуры,20.881755627860404
с учётом цензуры,2.735474453288104
с учётом цензуры,0.9449502379398417
с учётом цензуры,1.708642455048813
с учётом цензуры,12.951142504494719
с учётом цензуры,3.2557488530971814
с учётом цензуры,12.473209958922757
с учётом цензуры,21.251252757479747
с учётом цензуры,6.158131920248698
с учётом цензуры,5.586853315222623
с учётом цензуры,2.54974961606482
с учётом цензуры,4.74207265589784
с учётом цензуры,9.592051552510013
с учётом цензуры,2.9009838282574423
с учётом цензуры,9.832216544218483
с учётом цензуры,5.554694304085743
с учётом цензуры,9.85307397417115
с учётом цензуры,7.4400313253125585
с учётом цензуры,2.6000376370289153
с учётом цензуры,20.70546279827998
с учётом цензуры,8.696772505190138
с учётом цензуры,7.947782657686181
с учётом цензуры,4.858336229776019
с учётом цензуры,7.024957934163849
с учётом цензуры,6.957796648525592
с учётом цензуры,5.806874130515154
с учётом цензуры,4.006606890036149
с учётом цензуры,6.338055425542442
с учётом цензуры,3.2558247582214284
с учётом цензуры,2.2041576521578783
с учётом цензуры,2.8067786525454017
с учётом цензуры,4.718638003232448
с учётом цензуры,4.605578890467288
с учётом цензуры,1.3181107750321972
с учётом цензуры,5.2237467930623405
с учётом цензуры,6.456409349135741
с учётом цензуры,1.7838513027635767
с учётом цензуры,3.1766274486455757
с учётом цензуры,8.660677916263916
с учётом цензуры,7.774809918573889
с учётом цензуры,1.7084157307696135
с учётом цензуры,5.083989957398677
с учётом цензуры,9.502217745586925
с учётом цензуры,27.403319236541783
с учётом цензуры,3.424830159897754
с учётом цензуры,2.9095901823774595
с учётом цензуры,32.23581306906972
с учётом цензуры,15.859490558034555
с учётом цензуры,13.0388212006836
с учётом цензуры,2.723407416411743
с учётом цензуры,5.1034721292581064
с учётом цензуры,10.229031181990543
с учётом цензуры,5.535855275565553
с учётом цензуры,5.408632341297096
с учётом цензуры,10.71529748958527
с учётом цензуры,12.557806678118055
с учётом цензуры,2.049332923724471
с учётом цензуры,7.7287112492132275
с учётом цензуры,5.8406276792379686
с учётом цензуры,6.3353623075955525
с учётом цензуры,4.13960725637749
с учётом цензуры,1.476244257971287
с учётом цензуры,5.114150967483305
с учётом цензуры,6.7477013762367015
с учётом цензуры,8.373403676302775
с учётом цензуры,4.236212261467596
с учётом цензуры,24.889847249724102
с учётом цензуры,10.30750720189685
с учётом цензуры,13.403331481635902
с учётом цензуры,3.1640135024529346
с учётом цензуры,4.203278162269404
с учётом цензуры,21.932051796140026
с учётом цензуры,16.69029045354443
с учётом цензуры,21.99555250247816
с учётом цензуры,18.649783307930264
с учётом цензуры,3.665933295460757
с учётом цензуры,5.718528566328577
с учётом цензуры,23.506916642434906
с учётом цензуры,5.182874728216059
с учётом цензуры,3.5124620407047593
с учётом цензуры,4.4500545510994005
с учётом цензуры,2.5908208757165045
с учётом цензуры,9.10235008432687
с учётом цензуры,22.77625462094675
с учётом цензуры,13.858092027544473
с учётом цензуры,6.908248504402875
с учётом цензуры,3.498485499362636
с учётом цензуры,1.798186164039515
с учётом цензуры,3.820482928543357
с учётом цензуры,1.6424825789519126
с учётом цензуры,3.5611168629774106
с учётом цензуры,6.2781332749980985
с учётом цензуры,1.188276421949689
с учётом цензуры,9.584560332654352
с учётом цензуры,11.57381182307841
с учётом цензуры,9.64188818244583
с учётом цензуры,8.495683169603053
с учётом цензуры,9.923398861730835
с учётом цензуры,6.021420397699712
с учётом цензуры,1.9518722112160956
с учётом цензуры,8.184679870163876
с учётом цензуры,5.228735332570801
с учётом цензуры,9.742384501542766
с учётом цензуры,38.27744501774161
с учётом цензуры,10.378714066419214
с учётом цензуры,2.4432666378867793
с учётом цензуры,1.5631883526651174
с учётом цензуры,3.458329040442249
с учётом цензуры,1.4627310635400903
с учётом цензуры,21.252156434672376
с учётом цензуры,16.065909864558186
с учётом цензуры,3.415425443435205
с учётом цензуры,16.224975814837332
с учётом цензуры,3.789818441349933
с учётом цензуры,4.709269583129809
с учётом цензуры,4.535596114320432
с учётом цензуры,6.515512628164241
с учётом цензуры,7.390477591946771
с учётом цензуры,6.469881751323083
с учётом цензуры,22.363603264420814
с учётом цензуры,3.3512247039161434
с учётом цензуры,4.8068086575929705
с учётом цензуры,8.8719042727066
с учётом цензуры,4.9289452586611
с учётом цензуры,2.4326148498239775
с учётом цензуры,2.9985026242339354
с учётом цензуры,7.380015643566974
с учётом цензуры,7.154877615951504
с учётом цензуры,1.1239646860394168
с учётом цензуры,8.385010360516798
с учётом цензуры,0.9756115823526131
с учётом цензуры,2.893702956331356
с учётом цензуры,2.720241504720671
с учётом цензуры,3.3103729443274896
с учётом цензуры,9.635931545209681
с учётом цензуры,2.3167675692211125
с учётом цензуры,4.350406076020387
с учётом цензуры,16.67216940951938
с учётом цензуры,12.400827853143717
с учётом цензуры,2.5466208921142197
с учётом цензуры,8.753929391434097
с учётом цензуры,10.376179702406732
с учётом цензуры,14.626461267138874
с учётом цензуры,0.7376835639003764
с учётом цензуры,10.107295523328933
с учётом цензуры,4.7862906445775
с учётом цензуры,10.865799608357122
с учётом цензуры,0.2605079103945754
с учётом цензуры,3.9661088187482934
с учётом цензуры,0.7501491082528999
с учётом цензуры,23.360539471719346
с учётом цензуры,4.150618153616291
с учётом цензуры,5.8043964825865
с учётом цензуры,1.16131386575072
с учётом цензуры,2.169053536222855
с учётом цензуры,24.11042805274244
с учётом цензуры,4.888445249794408
с учётом цензуры,4.731341902732797
с учётом цензуры,6.091320630098994
с учётом цензуры,5.642397073756751
с учётом цензуры,20.187862947901678
с учётом цензуры,0.07542381811257279
с учётом цензуры,2.9281551805213484
с учётом цензуры,0.1843018464581354
с учётом цензуры,16.871870690507656
с учётом цензуры,4.755259086101455
с учётом цензуры,6.975774253682003
с учётом цензуры,16.642958280187884
с учётом цензуры,8.006071819318702
с учётом цензуры,7.55162717294528
с учётом цензуры,3.0666210532273546
с учётом цензуры,7.8495211183765266
с учётом цензуры,11.51729151152149
с учётом цензуры,3.361070224908396
с учётом цензуры,2.5537670789977027
с учётом цензуры,8.741303206807785
с учётом цензуры,5.5036990989109285
с учётом цензуры,8.855129984690073
с учётом цензуры,1.9225544071901632
с учётом цензуры,3.9387629725856645
с учётом цензуры,0.5825838298704383
с учётом цензуры,2.0048161415123493
с учётом цензуры,2.865855797329208
с учётом цензуры,8.237640016040343
с учётом цензуры,13.23180401595717
с учётом цензуры,10.90085601905367
с учётом цензуры,1.6343079601145543
с учётом цензуры,6.6011998400308824
с учётом цензуры,4.659585366133374
с учётом цензуры,1.0271201747900964
с учётом цензуры,3.108615331555611
с учётом цензуры,0.8831913545853256
с учётом цензуры,7.141542467860459
с учётом цензуры,2.239481900734803
с учётом цензуры,1.295589943576004
с учётом цензуры,7.8821928914457695
с учётом цензуры,9.297206445535867
с учётом цензуры,4.492601696862622
с учётом цензуры,4.661563698121019
с учётом цензуры,0.0652652818698376
с учётом цензуры,6.524812087078643
с учётом цензуры,13.503315226557895
с учётом цензуры,2.39312307254047
с учётом цензуры,11.191677066796148
с учётом цензуры,4.16663118013339
с учётом цензуры,4.011004764612929
с учётом цензуры,9.080245290267078
с учётом цензуры,5.612516692072964
с учётом цензуры,5.500740225728718
с учётом цензуры,4.461715073788271
с учётом цензуры,9.324558968213855
с учётом цензуры,8.366631297567048
с учётом цензуры,2.1321979230548407
с учётом цензуры,3.14576730984978
с учётом цензуры,0.32266405231653006
с учётом цензуры,19.943459433241035
с учётом цензуры,3.1476104520352224
с учётом цензуры,3.825474128501889
с учётом цензуры,4.462665934522456
с учётом цензуры,11.687135713391541
с учётом цензуры,25.439837879856043
с учётом цензуры,5.795173796394531
с учётом цензуры,3.1639950933379266
с учётом цензуры,0.24778574770121486
с учётом цензуры,7.742614318618695
с учётом цензуры,10.696308719228048
с учётом цензуры,5.580406739286408
с учётом цензуры,9.966357472776686
с учётом цензуры,10.983862924767932
с учётом цензуры,12.578813490292314
с учётом цензуры,2.757040553248267
с учётом цензуры,14.248621196019897
с учётом цензуры,5.123208006398464
с учётом цензуры,11.247393006807094
с учётом цензуры,12.83403620032685
с учётом цензуры,7.290399110416798
с учётом цензуры,0.527545835473497
с учётом цензуры,6.107768815058913
с учётом цензуры,12.74449879694459
с учётом цензуры,18.12941060800621
с учётом цензуры,16.44890891788902
с учётом цензуры,8.134822686837383
с учётом цензуры,4.623619588034284
с учётом цензуры,4.591675824056657
с учётом цензуры,7.519803857115425
с учётом цензуры,16.345350945922064
с учётом цензуры,2.4253850426753587
с учётом цензуры,6.538624368794034
с учётом цензуры,8.552743011975604
с учётом цензуры,4.608474989187423
с учётом цензуры,1.3156804499472934
с учётом цензуры,14.862865380007811
с учётом цензуры,0.9041426890154207
с учётом цензуры,23.562668902364344
с учётом цензуры,2.41028614212258
с учётом цензуры,10.885775343115949
с учётом цензуры,0.5208646009836825
с учётом цензуры,3.2200568447617464
с учётом цензуры,4.374056631654865
с учётом цензуры,10.138672100121045
с учётом цензуры,7.150868249512237
с учётом цензуры,2.6123293676852675
с учётом цензуры,11.4701787057099
с учётом цензуры,7.162222270527363
с учётом цензуры,5.4686032082833895
с учётом цензуры,5.978941145258117
с учётом цензуры,2.6342844274976924
с учётом цензуры,6.507474330603275
с учётом цензуры,10.495056027399496
с учётом цензуры,1.6359793272862015
с учётом цензуры,4.463867977153874
с учётом цензуры,2.2708549717006385
с учётом цензуры,24.76068464141523
с учётом цензуры,10.922869689291593
с учётом цензуры,7.653098490822259
с учётом цензуры,2.888017780289455
с учётом цензуры,6.310270044354912
с учётом цензуры,4.943280422600397
с учётом цензуры,7.889552505276342
с учётом цензуры,2.1294342021243047
с учётом цензуры,19.586824712019055
с учётом цензуры,0.34626125128402707
с учётом цензуры,8.142356106236196
с учётом цензуры,1.641927002177887
с учётом цензуры,15.732163705685815
с учётом цензуры,13.487807721164224
с учётом цензуры,3.455466975449272
с учётом цензуры,1.6898705347877037
с учётом цензуры,11.764060443999396
с учётом цензуры,11.285725400873782
с учётом цензуры,2.007594401949536
с учётом цензуры,10.63381511316201
с учётом цензуры,25.54576530475309
с учётом цензуры,4.285635246816883
с учётом цензуры,5.380369005898654
с учётом цензуры,2.7379864276738513
с учётом цензуры,1.7988744206195448
с учётом цензуры,2.2926046269349007
с учётом цензуры,5.118162516940011
с учётом цензуры,0.9178923313910474
с учётом цензуры,7.438325414310282
с учётом цензуры,7.194317779969565
с учётом цензуры,11.4854722733451
с учётом цензуры,2.5267625067703183
с учётом цензуры,3.6157176932412987
с учётом цензуры,3.042336994684119
с учётом цензуры,4.95658964275716
с учётом цензуры,12.446154919231345
с учётом цензуры,6.794889542364755
с учётом цензуры,59.36545176259655
с учётом цензуры,8.45619063520434
с учётом цензуры,10.983983152751803
с учётом цензуры,0.9103519300551363
с учётом цензуры,11.954081612111661
с учётом цензуры,3.7241357568639426
с учётом цензуры,7.021263091551323
с учётом цензуры,2.7587826896364547
с учётом цензуры,1.259692348637238
с учётом цензуры,0.676004019958862
с учётом цензуры,7.4019573312364715
с учётом цензуры,5.348826573075256
с учётом цензуры,2.6636952819872355
с учётом цензуры,1.5167030193396238
с учётом цензуры,4.625002023371687
с учётом цензуры,5.6867018116587245
с учётом цензуры,12.204519569642365
с учётом цензуры,4.77406541575468
с учётом цензуры,5.407391445984946
с учётом цензуры,4.742398949598603
с учётом цензуры,12.210076124516217
с учётом цензуры,9.278551882563088
с учётом цензуры,5.3830237770618385
с учётом цензуры,11.630317440600805
с учётом цензуры,6.457877576920896
с учётом цензуры,0.843280973762884
с учётом цензуры,1.7297233196338655
с учётом цензуры,10.315763653293585
с учётом цензуры,0.7517072606093812
с учётом цензуры,3.0560048064596685
с учётом цензуры,9.240227770483704
с учётом цензуры,6.192701869957379
с учётом цензуры,3.4685701366008272
с учётом цензуры,10.739994168881042
с учётом цензуры,4.855074856818411
с учётом цензуры,15.531618344646779
с учётом цензуры,5.168315361437794
с учётом цензуры,5.39597127085682
с учётом цензуры,2.330165939704897
с учётом цензуры,2.719560865798341
с учётом цензуры,0.09537878423773435
с учётом цензуры,22.697574080984573
с учётом цензуры,4.967471784142592
с учётом цензуры,20.350239948910204
с учётом цензуры,4.970202472545454
с учётом цензуры,2.285179767878077
с учётом цензуры,4.519227272929141
с учётом цензуры,9.851412740658137
с учётом цензуры,9.301423318692763
с учётом цензуры,0.5152010923094332
с учётом цензуры,17.987618383439518
с учётом цензуры,1.456074520492071
с учётом цензуры,11.599472659330958
с учётом цензуры,9.952415338124831
с учётом цензуры,7.657936492249792
с учётом цензуры,0.6091632304956901
с учётом цензуры,24.011463649090736
с учётом цензуры,17.967802972743574
с учётом цензуры,1.4763719243932358
с учётом цензуры,2.8332507203580812
с учётом цензуры,11.283194558645807
с учётом цензуры,6.381243512417336
с учётом цензуры,2.4746035746775794
с учётом цензуры,5.347952533598326
с учётом цензуры,5.505463696629987
с учётом цензуры,3.2696397245101334
с учётом цензуры,1.302194170796068
с учётом цензуры,1.0292563112041122
с учётом цензуры,4.843289081915561
с учётом цензуры,10.424664282661183
с учётом цензуры,11.678527801054237
с учётом цензуры,6.418823280101238
с учётом цензуры,7.693458607850427
с учётом цензуры,12.026579788971702
с учётом цензуры,9.91869529845787
с учётом цензуры,5.721799175231141
с учётом цензуры,8.973259610794965
с учётом цензуры,12.803712113190276
с учётом цензуры,15.97169892584889
с учётом цензуры,10.772738014452768
с учётом цензуры,9.228241715401868
с учётом цензуры,3.938909542113506
с учётом цензуры,9.230391765849133
с учётом цензуры,23.54800272791063
с учётом цензуры,10.591716648701457
с учётом цензуры,5.371415236562001
с учётом цензуры,3.13331454838327
с учётом цензуры,1.257555151084501
с учётом цензуры,0.9009480122255367
с учётом цензуры,4.504478255934597
с учётом цензуры,0.9028402421610794
с учётом цензуры,2.744730875490342
с учётом цензуры,13.271982588925184
с учётом цензуры,16.991380483650897
с учётом цензуры,2.993620174075285
с учётом цензуры,2.1859665258726526
с учётом цензуры,9.78505129194712
с учётом цензуры,2.2448285268059873
с учётом цензуры,2.9446162129459212
с учётом цензуры,8.51605037776755
с учётом цензуры,0.02506072609556711
с учётом цензуры,11.79177795348453
с учётом цензуры,1.2586315709728164
с учётом цензуры,4.620876025449908
с учётом цензуры,4.0328174758821556
с учётом цензуры,14.265363488141382
с учётом цензуры,1.7066711123431473
с учётом цензуры,17.283266464374183
с учётом цензуры,1.9074351599167105
с учётом цензуры,3.32377280251471
с учётом цензуры,5.9588864761124265
с учётом цензуры,4.868760440912564
с учётом цензуры,4.371756128062864
с учётом цензуры,3.441544748790755
с учётом цензуры,1.0786305799429963
с учётом цензуры,10.51439554632707
с учётом цензуры,6.627470503569922
с учётом цензуры,4.213478423152547
с учётом цензуры,7.207352697627336
с учётом цензуры,9.666962416383852
с учётом цензуры,5.111874296279618
с учётом цензуры,2.6877431273701258
с учётом цензуры,7.409767506631053
с учётом цензуры,5.655712845548021
с учётом цензуры,4.28898049716578
с учётом цензуры,13.25158912037876
с учётом цензуры,5.621098085960011
с учётом цензуры,2.991025398700027
с учётом цензуры,3.7781917263442164
с учётом цензуры,10.205567702344554
с учётом цензуры,18.850150626097083
с учётом цензуры,7.990956824780826
с учётом цензуры,4.43618987629372
с учётом цензуры,7.214061294029985
с учётом цензуры,3.431652084462259
с учётом цензуры,3.1095865629055215
с учётом цензуры,4.863177956423667
с учётом цензуры,2.636051844786832
с учётом цензуры,6.5951348845641995
с учётом цензуры,15.403767946434359
с учётом цензуры,13.043202409495771
с учётом цензуры,21.968870712477184
с учётом цензуры,5.83585388395702
с учётом цензуры,3.0817952829719237
с учётом цензуры,2.0163308467781844
с учётом цензуры,8.934652534953946
с учётом цензуры,1.061674533873263
с учётом цензуры,0.8757108939633858
с учётом цензуры,6.709797828451231
с учётом цензуры,2.596300427661914
с учётом цензуры,5.433464133257658
с учётом цензуры,3.612241959043672
с учётом цензуры,2.701672779298233
с учётом цензуры,16.527008656555015
с учётом цензуры,5.864616032308881
с учётом цензуры,4.461561599167766
с учётом цензуры,26.130382270802528
с учётом цензуры,6.572749797627072
с учётом цензуры,3.7015030572054353
с учётом цензуры,3.6411623052668745
с учётом цензуры,9.202133750826
с учётом цензуры,16.57178149482295
с учётом цензуры,15.290183166388083
с учётом цензуры,7.184967162091816
с учётом цензуры,4.581753447968999
с учётом цензуры,1.676750683096899
с учётом цензуры,3.2770412320683064
с учётом цензуры,5.079596217390102
с учётом цензуры,0.833490034432038
с учётом цензуры,6.183838708662501
с учётом цензуры,11.400142559925543
с учётом цензуры,11.913070408655392
с учётом цензуры,5.106616359760566
с учётом цензуры,10.433234257414368
с учётом цензуры,24.53386732466906
с учётом цензуры,1.8481432451215154
с учётом цензуры,8.889070584456872
с учётом цензуры,2.664132891619774
с учётом цензуры,4.2851745791008335
с учётом цензуры,1.548105772993781
с учётом цензуры,12.573017152564603
с учётом цензуры,3.244119580425494
с учётом цензуры,20.208582923485338
с учётом цензуры,0.7347058762472183
с учётом цензуры,7.26512056443468
с учётом цензуры,4.0680817117022166
с учётом цензуры,0.6981580457411465
с учётом цензуры,14.097553264515572
с учётом цензуры,4.790847696636676
с учётом цензуры,4.441131648329377
с учётом цензуры,7.565888456276972
с учётом цензуры,1.1692201579536987
с учётом цензуры,1.7678364304185072
с учётом цензуры,11.324253680249116
с учётом цензуры,3.373533079491917
с учётом цензуры,4.6066078611097865
с учётом цензуры,1.4245276305183316
с учётом цензуры,21.11812691636596
с учётом цензуры,6.823874098303568
с учётом цензуры,10.333482076691398
с учётом цензуры,1.4417661586162982
с учётом цензуры,2.8689609071693982
с учётом цензуры,6.7559481726056525
с учётом цензуры,7.528114861560534
с учётом цензуры,4.124065300741596
с учётом цензуры,4.613241244417326
с учётом цензуры,0.4964619642887408
с учётом цензуры,2.4276090488228412
с учётом цензуры,6.077482342378398
с учётом цензуры,4.538535569366868
с учётом цензуры,3.488374529634253
с учётом цензуры,0.4861947382203875
с учётом цензуры,4.212651390199599
с учётом цензуры,15.452850969551726
с учётом цензуры,30.213939131246274
с учётом цензуры,9.192669275743821
с учётом цензуры,4.401015615659706
с учётом цензуры,4.925014625946686
с учётом цензуры,2.6847598448632692
с учётом цензуры,6.196987928860244
с учётом цензуры,8.626651326954995
с учётом цензуры,13.474817260403295
с учётом цензуры,1.6576136782580855
с учётом цензуры,1.568558314985869
с учётом цензуры,0.7627583361840576
с учётом цензуры,7.610490889805545
с учётом цензуры,3.7348310696108693
с учётом цензуры,2.904287408407394
с учётом цензуры,5.801315420853462
с учётом цензуры,12.073689714018018
с учётом цензуры,7.766125081073531
с учётом цензуры,0.5537090888899648
с учётом цензуры,4.348363397503311
с учётом цензуры,6.419406068848453
с учётом цензуры,8.135259135957133
с учётом цензуры,17.345138616862165
с учётом цензуры,2.187140834849837
с учётом цензуры,6.623698566961975
с учётом цензуры,1.0153810522633218
с учётом цензуры,1.0983070018649752
с учётом цензуры,1.577691287164422
с учётом цензуры,11.691535237605779
с учётом цензуры,6.480362126561214
с учётом цензуры,21.687382201664626
с учётом цензуры,3.109164633207516
с учётом цензуры,20.793067438500255
с учётом цензуры,1.4029206326633408
с учётом цензуры,13.139528059983505
с учётом цензуры,3.338395650579428
с учётом цензуры,0.5852690631463553
с учётом цензуры,4.257868540388371
с учётом цензуры,5.721429683280773
с учётом цензуры,8.277845385306263
с учётом цензуры,4.888964273685835
с учётом цензуры,12.375288155122135
с учётом цензуры,3.1881398195338044
с учётом цензуры,2.738085956702721
с учётом цензуры,1.299930786456197
с учётом цензуры,15.077421554405117
с учётом цензуры,8.691425840457246
с учётом цензуры,4.917093251307813
с учётом цензуры,12.096521591231818
с учётом цензуры,10.363014454783881
с учётом цензуры,3.8975241614469116
с учётом цензуры,4.76170388344187
с учётом цензуры,7.751483618157207
с учётом цензуры,2.9220266431054505
с учётом цензуры,10.220306376073422
с учётом цензуры,6.933844398510009
с учётом цензуры,8.093187323376942
с учётом цензуры,8.919516557963536
с учётом цензуры,18.872324090205897
с учётом цензуры,5.211259199387033
с учётом цензуры,1.0502403189013745
с учётом цензуры,0.4840875297130149
с учётом цензуры,11.23713244321496
с учётом цензуры,12.753122678146111
с учётом цензуры,12.64083955075852
с учётом цензуры,4.991782515807525
с учётом цензуры,17.00302056913135
с учётом цензуры,10.130488339092484
с учётом цензуры,12.455367816518665
с учётом цензуры,5.453005966124912
с учётом цензуры,3.270286788760905
с учётом цензуры,3.038635918554929
с учётом цензуры,5.084733065253982
с учётом цензуры,3.233602383430122
с учётом цензуры,0.27740523211515794
с учётом цензуры,7.991184228567569
с учётом цензуры,8.57652373290549
с учётом цензуры,5.7134333508871125
с учётом цензуры,4.601129858597343
с учётом цензуры,4.6514206844142025
с учётом цензуры,5.587416612273149
с учётом цензуры,4.633822477812262
с учётом цензуры,10.346884021476825
с учётом цензуры,1.805129764901487
с учётом цензуры,6.286572599791288
с учётом цензуры,3.7619696134800926
с учётом цензуры,1.3374794390973817
с учётом цензуры,12.96999424051053
с учётом цензуры,2.9996660729936653
с учётом цензуры,5.896476314404717
с учётом цензуры,5.079737229085137
с учётом цензуры,14.207893658564963
с учётом цензуры,6.14568667437833
с учётом цензуры,2.7223650768030256
с учётом цензуры,9.486616498763098
с учётом цензуры,6.608527384133355
с учётом цензуры,4.014462647042268
с учётом цензуры,8.663547362902973
с учётом цензуры,32.76596185084087
с учётом цензуры,4.974856367942932
с учётом цензуры,0.38720212829031186
с учётом цензуры,15.267036053201348
с учётом цензуры,5.100108118342364
с учётом цензуры,3.1534295499593172
с учётом цензуры,7.525764627910849
с учётом цензуры,11.955477850536358
с учётом цензуры,26.25678347109669
с учётом цензуры,3.8720797998639505
с учётом цензуры,4.836885236574955
с учётом цензуры,15.097521918827645
с учётом цензуры,17.76594939843706
с учётом цензуры,1.94066888929078
с учётом цензуры,5.193107518349043
с учётом цензуры,4.800370201238826
с учётом цензуры,8.990505142788782
с учётом цензуры,11.050885142565296
с учётом цензуры,6.641678281074299
с учётом цензуры,3.671260647885431
с учётом цензуры,13.480227295949256
с учётом цензуры,9.43805473626267
с учётом цензуры,9.79052483534861
с учётом цензуры,3.599031470893174
с учётом цензуры,5.691213770587467
с учётом цензуры,5.2956877554994755
с учётом цензуры,7.352833544371395
с учётом цензуры,5.333119609300133
с учётом цензуры,3.6459236577340466
с учётом цензуры,5.3573143913569705
с учётом цензуры,7.384358719119359
с учётом цензуры,9.052392311334112
с учётом цензуры,15.694424247621173
с учётом цензуры,8.080879601761591
с учётом цензуры,11.794490583155783
с учётом цензуры,4.044162281645358
с учётом цензуры,7.519481554630099
с учётом цензуры,9.120561473720745
с учётом цензуры,3.3259228741682834
с учётом цензуры,1.6885792715167764
с учётом цензуры,33.1201615918568
с учётом цензуры,9.362231999885125
с учётом цензуры,1.0857552904414713
с учётом цензуры,4.022081931611033
с учётом цензуры,23.876953414123612
с учётом цензуры,15.299535294512138
с учётом цензуры,26.845884472919543
с учётом цензуры,3.1980484909509723
с учётом цензуры,17.566667568424595
с учётом цензуры,25.58762402489387
с учётом цензуры,9.153463833943652
с учётом цензуры,11.218446591951508
с учётом цензуры,9.293495604431964
с учётом цензуры,14.335214045047518
с учётом цензуры,4.413573075074715
с учётом цензуры,1.5633801990225038
с учётом цензуры,3.9019431396183872
с учётом цензуры,8.193846544802598
с учётом цензуры,10.176241220808702
с учётом цензуры,28.171626089124175
с учётом цензуры,7.6450391468360825
с учётом цензуры,2.067459173857651
с учётом цензуры,2.8707729238513355
с учётом цензуры,4.310795496744434
с учётом цензуры,8.657172768162557
с учётом цензуры,9.606631979804634
с учётом цензуры,14.918124368789655
с учётом цензуры,0.7425671029335645
с учётом цензуры,0.7474999742351456
с учётом цензуры,14.500584472819812
с учётом цензуры,5.956405562211248
с учётом цензуры,31.602050477710407
с учётом цензуры,6.668156002839876
с учётом цензуры,7.457649731228457
с учётом цензуры,39.29839524219746
с учётом цензуры,16.71839819846066
с учётом цензуры,23.387757978217262
с учётом цензуры,7.8169758495919615
с учётом цензуры,5.517016139832838
с учётом цензуры,9.78512630860884
с учётом цензуры,1.134004636708131
с учётом цензуры,0.14229484680532578
с учётом цензуры,1.3240257620446214
с учётом цензуры,10.35865263001531
с учётом цензуры,3.2759385065279885
с учётом цензуры,4.416277091769772
с учётом цензуры,17.188471444678928
с учётом цензуры,2.9858334459888956
с учётом цензуры,1.5470454834864473
с учётом цензуры,31.454554044076986
с учётом цензуры,15.017266072731896
с учётом цензуры,9.182871392008924
с учётом цензуры,15.191456255297444
с учётом цензуры,4.083295471486447
с учётом цензуры,7.983819994328665
с учётом цензуры,3.0298851126011628
с учётом цензуры,1.4485111969302926
с учётом цензуры,6.3855464095429975
с учётом цензуры,3.21254330456097
с учётом цензуры,7.198266775132372
с учётом цензуры,8.215222258556112
с учётом цензуры,2.5168762313585646
с учётом цензуры,0.5409117017539157
с учётом цензуры,2.938947299609416
с учётом цензуры,3.089512315231158
с учётом цензуры,13.229255429349715
с учётом цензуры,7.064128426689877
с учётом цензуры,3.886244186226917
с учётом цензуры,7.4448923110610705
с учётом цензуры,0.6778131037118533
с учётом цензуры,7.020171337813387
с учётом цензуры,12.489058728555541
с учётом цензуры,6.559243191490953
с учётом цензуры,14.514420676207923
с учётом цензуры,2.428086353784776
с учётом цензуры,8.917599041048732
с учётом цензуры,4.9968606689626345
с учётом цензуры,19.530455113429255
с учётом цензуры,2.3084263848147137
с учётом цензуры,7.660107254330898
с учётом цензуры,14.206864734977362
с учётом цензуры,4.347013942165242
с учётом цензуры,9.137541699944888
с учётом цензуры,10.623338247321762
с учётом цензуры,3.4728640066692713
с учётом цензуры,5.471969280870753
с учётом цензуры,18.357794350411112
с учётом цензуры,16.17233161794632
с учётом цензуры,8.602959422387475
с учётом цензуры,4.476928776055869
с учётом цензуры,10.853717267581482
с учётом цензуры,0.5315669997386351
с учётом цензуры,0.9964733449726836
с учётом цензуры,1.8888857911858912
с учётом цензуры,15.696539607491445
с учётом цензуры,11.051030744395076
с учётом цензуры,4.642679719512433
с учётом цензуры,3.3768506494088175
с учётом цензуры,10.912317938240932
с учётом цензуры,7.724251965159557
с учётом цензуры,7.538690786014657
с учётом цензуры,3.5804257074765493
с учётом цензуры,5.597058745976898
с учётом цензуры,13.573269062793274
с учётом цензуры,9.705038277411091
с учётом цензуры,1.5704300550835266
с учётом цензуры,3.2083583011728907
с учётом цензуры,14.697049377748947
с учётом цензуры,12.818013463518705
с учётом цензуры,11.360635320840743
с учётом цензуры,2.698447910210752
с учётом цензуры,8.880436406464343
с учётом цензуры,4.877041161147147
с учётом цензуры,10.874173852884457
с учётом цензуры,2.14668233701239
с учётом цензуры,2.73199425635182
с учётом цензуры,0.6168089564613674
с учётом цензуры,3.2005900615825045
с учётом цензуры,5.346302522068793
с учётом цензуры,11.027088392988679
с учётом цензуры,10.98206282579975
с учётом цензуры,8.835359485154303
с учётом цензуры,6.244697776592972
с учётом цензуры,4.624638802333813
с учётом цензуры,8.104529427307387
с учётом цензуры,4.504248038676989
с учётом цензуры,1.9559567335181414
с учётом цензуры,7.9267940277491995
с учётом цензуры,5.900457496915831
с учётом цензуры,14.170992835466015
с учётом цензуры,1.1330978769037825
с учётом цензуры,11.572619994658263
с учётом цензуры,6.524387502661288
с учётом цензуры,2.0565210552280053
с учётом цензуры,12.800632239997878
с учётом цензуры,15.378237707591984
с учётом цензуры,4.049635121734491
с учётом цензуры,6.859889614983297
с учётом цензуры,6.660783170899627
с учётом цензуры,6.389337719473006
с учётом цензуры,18.460484507425324
с учётом цензуры,3.717152224787897
с учётом цензуры,1.399528304790043
с учётом цензуры,13.160084871262391
с учётом цензуры,5.015855305276845
с учётом цензуры,8.252625369820027
с учётом цензуры,1.3509376196476082
с учётом цензуры,9.066949569657437
с учётом цензуры,16.60805863367627
с учётом цензуры,2.4408357983278184
с учётом цензуры,4.696154133215121
с учётом цензуры,8.098383388211841
с учётом цензуры,4.113296422812298
с учётом цензуры,9.383189271128527
с учётом цензуры,7.9594870431287355
с учётом цензуры,9.51050167865967
с учётом цензуры,4.235609775317114
с учётом цензуры,2.2582668702298196
с учётом цензуры,10.236444243163254
с учётом цензуры,3.758953610810599
с учётом цензуры,4.010947480866738
с учётом цензуры,3.2341829116592153
с учётом цензуры,2.3820174027417664
с учётом цензуры,1.6273537992176423
с учётом цензуры,10.109317112351112
с учётом цензуры,1.1950298071599117
с учётом цензуры,9.773962162411221
с учётом цензуры,16.81363060462989
с учётом цензуры,5.6360255648491995
с учётом цензуры,15.853829087769597
с учётом цензуры,1.293873733317236
с учётом цензуры,2.9350901946183456
с учётом цензуры,3.2833738727574295
с учётом цензуры,4.59187106748548
с учётом цензуры,4.962204516121779
с учётом цензуры,2.8014143445878075
с учётом цензуры,7.909366224404181
с учётом цензуры,11.284105569035919
с учётом цензуры,9.270117822299317
с учётом цензуры,10.893295788410878
с учётом цензуры,2.703244021486185
с учётом цензуры,3.0850459150907246
с учётом цензуры,6.254362432098102
с учётом цензуры,5.230693444668283
с учётом цензуры,3.887139495971586
с учётом цензуры,5.004142638080764
с учётом цензуры,4.611547194309497
с учётом цензуры,11.604769013678949
с учётом цензуры,1.734923255069108
с учётом цензуры,5.23451140162326
с учётом цензуры,14.25619889372675
с учётом цензуры,4.971416254200927
с учётом цензуры,12.65377063496139
с учётом цензуры,4.090066855738043
с учётом цензуры,16.057670574538733
с учётом цензуры,7.548679784897978
с учётом цензуры,2.09410330362843
с учётом цензуры,0.5380097221573247
с учётом цензуры,7.503732863500495
с учётом цензуры,9.20366318881773
с учётом цензуры,7.626895223953258
с учётом цензуры,6.261085012665921
с учётом цензуры,5.2385990197946315
с учётом цензуры,11.757987549474631
с учётом цензуры,7.514226153221535
с учётом цензуры,2.2638997716507734
с учётом цензуры,10.746540842418305
с учётом цензуры,5.150989067480807
с учётом цензуры,3.0927404209799136
с учётом цензуры,3.249534738852431
с учётом цензуры,13.925397316681602
с учётом цензуры,5.457191267036333
с учётом цензуры,9.752318896053218
с учётом цензуры,10.807733958293046
с учётом цензуры,6.816562374593298
с учётом цензуры,5.802999495539604
с учётом цензуры,14.130441128444293
с учётом цензуры,23.668179561855737
с учётом цензуры,1.3341331145484834
с учётом цензуры,4.973062218741225
с учётом цензуры,9.989720878041641
с учётом цензуры,5.602478791051328
с учётом цензуры,1.7738749739653812
с учётом цензуры,3.0413951199140636
с учётом цензуры,6.909603479811624
с учётом цензуры,26.967669139583407
с учётом цензуры,5.424200781042553
с учётом цензуры,8.232703043567813
с учётом цензуры,16.363695959070583
с учётом цензуры,12.326696502235716
с учётом цензуры,25.689361404411194
с учётом цензуры,6.0539612443670014
с учётом цензуры,4.561110557982065
с учётом цензуры,10.11996281104148
с учётом цензуры,1.9759116266076768
с учётом цензуры,6.946936385600667
с учётом цензуры,11.736071196759465
с учётом цензуры,9.856717866739391
с учётом цензуры,2.7264162179993305
с учётом цензуры,2.758408757747727
с учётом цензуры,9.891785000387511
с учётом цензуры,1.4385507994768731
с учётом цензуры,4.979695000044085
с учётом цензуры,10.43563321347903
с учётом цензуры,13.581764432900936
с учётом цензуры,0.4287993886848854
с учётом цензуры,3.5711096150419874
с учётом цензуры,25.78930198737048
с учётом цензуры,2.7191245079153625
с учётом цензуры,5.331419255893039
с учётом цензуры,2.8408431255833237
с учётом цензуры,0.6509464297588057
с учётом цензуры,4.91582119368534
с учётом цензуры,2.7485983809382617
с учётом цензуры,25.41238367694418
с учётом цензуры,2.1694136748945922
с учётом цензуры,5.042301972258251
с учётом цензуры,9.926543442712822
с учётом цензуры,6.2594240515017034
с учётом цензуры,6.223054737218813
с учётом цензуры,3.3063990093311153
с учётом цензуры,1.13631775597995
с учётом цензуры,6.843817014731089
с учётом цензуры,4.922768646309306
с учётом цензуры,7.2630223634027615
с учётом цензуры,12.525888428039144
с учётом цензуры,2.574255594654963
с учётом цензуры,6.290572891161838
с учётом цензуры,4.454518805843202
с учётом цензуры,1.9558046051034088
с учётом цензуры,8.250722681762793
с учётом цензуры,5.64525747058401
с учётом цензуры,10.380697988056717
с учётом цензуры,16.8085175223209
с учётом цензуры,7.652136715122787
с учётом цензуры,7.731259282073292
с учётом цензуры,15.673805182638112
с учётом цензуры,5.788085354440217
с учётом цензуры,2.970206742510754
с учётом цензуры,1.60320450017032
с учётом цензуры,1.998585315623193
с учётом цензуры,15.691641965582575
с учётом цензуры,7.986603246391988
с учётом цензуры,15.51451692582035
с учётом цензуры,1.6188380067535535
с учётом цензуры,10.902248297396191
с учётом цензуры,2.9416108580075933
с учётом цензуры,11.08499392658095
с учётом цензуры,6.071062048585473
с учётом цензуры,5.623489995805157
с учётом цензуры,5.4157492052411715
с учётом цензуры,1.3723348534626671
с учётом цензуры,4.45491209140706
с учётом цензуры,8.97211342687059
с учётом цензуры,1.6449041743293815
с учётом цензуры,4.4608756623602615
с учётом цензуры,8.529839070665924
с учётом цензуры,15.417691684979555
с учётом цензуры,25.33073125099503
с учётом цензуры,5.03637070339729
с учётом цензуры,7.598131701876696
с учётом цензуры,14.976572475144872
с учётом цензуры,4.243917991528078
с учётом цензуры,3.4408348991809596
с учётом цензуры,8.036618454311299
с учётом цензуры,6.03176195929422
с учётом цензуры,3.0943405836003226
с учётом цензуры,5.885645419378917
с учётом цензуры,10.636855840520079
с учётом цензуры,6.121084221177021
с учётом цензуры,0.7411524533857705
с учётом цензуры,30.85947762928512
с учётом цензуры,6.704518163330508
с учётом цензуры,6.673411602286308
с учётом цензуры,11.482761437996487
с учётом цензуры,1.1152251373348296
с учётом цензуры,9.628457489292662
с учётом цензуры,5.244170860291664
с учётом цензуры,13.139738990753326
с учётом цензуры,7.304306127173808
с учётом цензуры,8.585355164386598
с учётом цензуры,4.841628580726046
с учётом цензуры,2.6144523152133834
с учётом цензуры,22.016146845807462
с учётом цензуры,1.9374820659175502
с учётом цензуры,3.389587900096566
с учётом цензуры,3.9188059759310163
с учётом цензуры,7.922265535103475
с учётом цензуры,1.65984936499824
с учётом цензуры,7.622805208174441
с учётом цензуры,3.0322958832178313
с учётом цензуры,2.497119990011588
с учётом цензуры,11.544114060928806
с учётом цензуры,10.51810683735789
с учётом цензуры,1.6784882639278667
с учётом цензуры,5.150609665183399
с учётом цензуры,5.067517388717513
с учётом цензуры,1.8433331945852083
с учётом цензуры,3.9544383593019323
с учётом цензуры,12.861545874516583
с учётом цензуры,7.62905467858119
с учётом цензуры,8.328866230624342
с учётом цензуры,8.217492435467259
с учётом цензуры,8.641383040739306
с учётом цензуры,15.104461008204964
с учётом цензуры,10.215551912295386
с учётом цензуры,17.01857301286777
с учётом цензуры,11.011319451183926
с учётом цензуры,9.328837177590602
с учётом цензуры,16.177995458500636
с учётом цензуры,4.139031501794827
с учётом цензуры,2.112952998165489
с учётом цензуры,8.997297410674305
с учётом цензуры,19.84673107577858
с учётом цензуры,7.170496218480526
с учётом цензуры,12.8085211833789
с учётом цензуры,10.458700209601917
с учётом цензуры,15.813299987099573
с учётом цензуры,6.85428243066673
с учётом цензуры,5.898326254163408
с учётом цензуры,4.866270363242257
с учётом цензуры,5.363357460977338
с учётом цензуры,18.296396355329435
с учётом цензуры,7.438625942430278
с учётом цензуры,0.7888220606544554
с учётом цензуры,2.0272354067822995
с учётом цензуры,11.374845884603332
с учётом цензуры,4.8039741182621665
с учётом цензуры,3.579363278429261
с учётом цензуры,7.717727445873569
с учётом цензуры,24.469335509384187
с учётом цензуры,4.498416232921992
с учётом цензуры,3.3027465584958993
с учётом цензуры,5.24391563217408
с учётом цензуры,20.37688818532387
с учётом цензуры,1.9549898319150605
с учётом цензуры,9.469050413054118
с учётом цензуры,5.890111986461458
с учётом цензуры,5.606618595300125
с учётом цензуры,16.75441692916319
с учётом цензуры,4.842905169373416
с учётом цензуры,20.90654019382324
с учётом цензуры,0.7513708681326634
с учётом цензуры,1.7229021258981478
с учётом цензуры,3.4081801669660834
с учётом цензуры,0.5104221034892993
с учётом цензуры,14.290423034975932
с учётом цензуры,8.877763941679813
с учётом цензуры,5.7956911663406645
с учётом цензуры,2.564427616441958
с учётом цензуры,3.1774166670204966
с учётом цензуры,6.322725285801111
с учётом цензуры,2.8248604182375505
с учётом цензуры,12.240123026632872
с учётом цензуры,6.184690939098552
с учётом цензуры,23.628065277657832
с учётом цензуры,6.724656055510636
с учётом цензуры,4.3460942207695545
с учётом цензуры,16.532927310416575
с учётом цензуры,1.5872477314211293
с учётом цензуры,5.442974403785044
с учётом цензуры,6.248390354451715
с учётом цензуры,3.642618777039189
с учётом цензуры,3.7087964719250217
с учётом цензуры,0.9983411261708206
с учётом цензуры,11.660237832579744
с учётом цензуры,4.087079526327421
с учётом цензуры,3.5849021797619796
с учётом цензуры,10.889088977562617
с учётом цензуры,12.67687678539725
с учётом цензуры,10.691990063547593
с учётом цензуры,2.9566385418381547
с учётом цензуры,6.6621654323528245
с учётом цензуры,2.2179340153517995
с учётом цензуры,2.463551909970184
с учётом цензуры,7.733290356261919
с учётом цензуры,29.992479002213898
с учётом цензуры,5.9548496592643385
с учётом цензуры,6.304839456984007
с учётом цензуры,10.851470029653113
с учётом цензуры,16.2067532819557
с учётом цензуры,2.232263367495115
с учётом цензуры,2.537944962545738
с учётом цензуры,3.510729025905661
с учётом цензуры,13.353453334709268
с учётом цензуры,4.943017799531714
с учётом цензуры,12.76998376912652
с учётом цензуры,8.01391613575104
с учётом цензуры,0.835857194144046
с учётом цензуры,17.248837108759204
с учётом цензуры,5.713291889733956
с учётом цензуры,3.576637461086853
с учётом цензуры,1.5503831759574302
с учётом цензуры,10.053863748151079
с учётом цензуры,10.92084850647149
с учётом цензуры,11.16801221679356
с учётом цензуры,4.677349339141697
с учётом цензуры,5.120004468866723
с учётом цензуры,0.8104441848874496
с учётом цензуры,2.795445780726562
с учётом цензуры,16.069568455931684
с учётом цензуры,10.630714576583358
с учётом цензуры,0.9626712994855248
с учётом цензуры,1.1071587329958164
с учётом цензуры,7.091103441703685
с учётом цензуры,9.786245536701987
с учётом цензуры,10.110782761503595
с учётом цензуры,6.238607653185663
с учётом цензуры,17.76616190285002
с учётом цензуры,15.350181257236748
с учётом цензуры,0.19175075681640869
с учётом цензуры,1.8733105901492921
с учётом цензуры,3.4074975308676017
с учётом цензуры,10.799514758094585
с учётом цензуры,5.526260366679712
с учётом цензуры,2.5556245899479926
с учётом цензуры,3.583855859192316
с учётом цензуры,0.6512647826662136
с учётом цензуры,1.5116490289834055
с учётом цензуры,1.365544716504303
с учётом цензуры,12.031509322521583
с учётом цензуры,0.9083266643424499
с учётом цензуры,5.245167767746017
с учётом цензуры,3.695903134692937
с учётом цензуры,21.85033480536725
с учётом цензуры,2.686798931795317
с учётом цензуры,15.744019309842617
с учётом цензуры,3.2946107532220523
с учётом цензуры,16.712210360417714
с учётом цензуры,9.793684382183441
с учётом цензуры,12.731429540463003
с учётом цензуры,7.9777241646722175
с учётом цензуры,4.259502261932578
с учётом цензуры,1.519454140845398
с учётом цензуры,0.2837284204396387
с учётом цензуры,7.312595368246072
с учётом цензуры,11.362038692884159
с учётом цензуры,8.297827675430929
с учётом цензуры,7.686450443269191
с учётом цензуры,3.280864210129698
с учётом цензуры,2.024967277052498
с учётом цензуры,4.276997567209676
с учётом цензуры,12.269252844422928
с учётом цензуры,4.661825948438792
с учётом цензуры,1.1483673301597823
с учётом цензуры,1.4500496608447089
с учётом цензуры,11.468099958877735
с учётом цензуры,6.291605338040971
с учётом цензуры,9.426003126072235
с учётом цензуры,4.245438028650035
с учётом цензуры,5.33479509535622
с учётом цензуры,9.36178838244988
с учётом цензуры,2.2924543410784177
с учётом цензуры,9.175351644098468
с учётом цензуры,0.8758094039694397
с учётом цензуры,2.669590673500551
с учётом цензуры,6.16522424394862
с учётом цензуры,7.991230737246448
с учётом цензуры,5.602164729293036
с учётом цензуры,24.148077150915793
с учётом цензуры,2.259120903697306
с учётом цензуры,5.743021410948147
с учётом цензуры,3.5019442571160404
с учётом цензуры,2.907781153646299
с учётом цензуры,10.084048780507857
с учётом цензуры,14.42867488942904
с учётом цензуры,2.3814462116544792
с учётом цензуры,3.46879079217084
с учётом цензуры,4.6907731147000025
с учётом цензуры,3.0886984886836153
с учётом цензуры,3.038634499901931
с учётом цензуры,5.33714471875349
с учётом цензуры,0.08633784225303215
с учётом цензуры,7.859021909647
с учётом цензуры,0.8192172638231204
с учётом цензуры,1.0645756626906835
с учётом цензуры,3.7088551631242086
с учётом цензуры,19.125452446056293
с учётом цензуры,12.699333502000265
с учётом цензуры,5.6621907757202665
с учётом цензуры,3.666447773850989
с учётом цензуры,1.9538046619451106
с учётом цензуры,14.644395106532063
с учётом цензуры,4.492146956366358
с учётом цензуры,8.370404226501426
с учётом цензуры,9.613568144374183
с учётом цензуры,10.350615406411618
с учётом цензуры,19.16041621128162
с учётом цензуры,2.8115741466343387
с учётом цензуры,1.3241785517620386
с учётом цензуры,6.992042673385297
с учётом цензуры,10.218554988910885
с учётом цензуры,10.168294608707578
с учётом цензуры,1.8798444068972564
с учётом цензуры,14.95202821665727
с учётом цензуры,3.48411595796835
с учётом цензуры,9.867899301594063
с учётом цензуры,9.53171627273449
с учётом цензуры,14.771614482270941
с учётом цензуры,17.26312701463545
с учётом цензуры,1.7740427288701106
с учётом цензуры,8.594680838813114
с учётом цензуры,4.971199595816055
с учётом цензуры,4.607407945038466
с учётом цензуры,3.53157344663796
с учётом цензуры,9.319017570904974
с учётом цензуры,9.736393585863645
с учётом цензуры,8.339442327867683
с учётом цензуры,4.260274491419625
с учётом цензуры,0.3053784895781524
с учётом цензуры,17.133596591525563
с учётом цензуры,9.958930611057733
с учётом цензуры,26.427375163573323
с учётом цензуры,1.9955071049115936
с учётом цензуры,6.477409930952401
с учётом цензуры,5.889624110739653
с учётом цензуры,2.7411670127241137
с учётом цензуры,8.030520390070794
с учётом цензуры,0.24837177661693569
с учётом цензуры,5.633780295174948
с учётом цензуры,7.530501929306447
с учётом цензуры,1.4634355181845116
с учётом цензуры,1.708303905676684
с учётом цензуры,15.52700314388985
с учётом цензуры,8.976067084888578
с учётом цензуры,7.723591455955161
с учётом цензуры,2.455970054680168
с учётом цензуры,0.2547674828350555
с учётом цензуры,16.174131718232395
с учётом цензуры,5.697006829245469
с учётом цензуры,4.939357120910918
с учётом цензуры,0.8845060731922482
с учётом цензуры,6.9502202836801645
с учётом цензуры,5.096059130485971
с учётом цензуры,3.102236037782212
с учётом цензуры,17.189404204959324
с учётом цензуры,5.710177470512521
с учётом цензуры,2.802633983402761
с учётом цензуры,6.664904223842105
с учётом цензуры,6.952828495538955
с учётом цензуры,8.737527762028027
с учётом цензуры,4.99506794547173
с учётом цензуры,7.147901700387316
с учётом цензуры,18.99884896754168
с учётом цензуры,10.268863296812887
с учётом цензуры,20.75901834504419
с учётом цензуры,5.042524697290498
с учётом цензуры,1.3503961821217525
с учётом цензуры,3.4837058985479223
с учётом цензуры,15.125252324910573
с учётом цензуры,14.929688621915286
с учётом цензуры,16.41466189607988
с учётом цензуры,4.738232208594782
с учётом цензуры,3.92953985253732
с учётом цензуры,1.7828093272240728
с учётом цензуры,7.256011218279058
с учётом цензуры,0.30217197131746787
с учётом цензуры,3.5717239772782765
с учётом цензуры,1.6346835050363948
с учётом цензуры,7.901338675281991
с учётом цензуры,6.018083315171702
с учётом цензуры,4.268563978185936
с учётом цензуры,4.824456063094758
с учётом цензуры,40.49363536812933
с учётом цензуры,17.087842157928275
с учётом цензуры,8.570539970705582
с учётом цензуры,3.8640562416427158
с учётом цензуры,10.737767416200018
с учётом цензуры,5.580137237800883
с учётом цензуры,1.1109201638065445
с учётом цензуры,2.40637394752414
с учётом цензуры,4.121069946218563
с учётом цензуры,19.812147105249778
с учётом цензуры,4.064361904920003
с учётом цензуры,2.856642304840202
с учётом цензуры,0.4446783682792302
с учётом цензуры,2.5598399105960894
с учётом цензуры,9.559255973102449
с учётом цензуры,2.310219818644443
с учётом цензуры,8.399089623609525
с учётом цензуры,8.625617111025853
с учётом цензуры,10.763187901710841
с учётом цензуры,4.137192346541113
с учётом цензуры,3.3720861634496497
с учётом цензуры,7.969812210281343
с учётом цензуры,4.479895756350095
с учётом цензуры,10.591323752163582
с учётом цензуры,14.81782742732739
с учётом цензуры,2.8752706492917772
с учётом цензуры,2.756817673026641
с учётом цензуры,21.453667285310644
с учётом цензуры,3.0228639682941063
с учётом цензуры,4.812272212447347
с учётом цензуры,4.2753189581739885
с учётом цензуры,1.3396057527268344
с учётом цензуры,13.149774722555666
с учётом цензуры,6.116361886706157
с учётом цензуры,8.564185412659624
с учётом цензуры,4.226737237657378
с учётом цензуры,6.163858344579756
с учётом цензуры,12.200428481356468
с учётом цензуры,8.621445198958542
с учётом цензуры,5.726527127546653
с учётом цензуры,3.551663463790634
с учётом цензуры,3.8748984967302613
с учётом цензуры,3.5525479054251856
с учётом цензуры,7.5891339450276085
с учётом цензуры,5.941914125328043
с учётом цензуры,7.376232619582842
с учётом цензуры,3.822919329677132
с учётом цензуры,7.8289038732361895
с учётом цензуры,10.491965210357352
с учётом цензуры,9.305008987592878
с учётом цензуры,14.481219487960814
с учётом цензуры,8.463434444480306
с учётом цензуры,5.176084986683911
с учётом цензуры,15.833168745485267
с учётом цензуры,10.899481820213744
с учётом цензуры,2.9606205913988086
с учётом цензуры,17.580146442252214
с учётом цензуры,7.869289135673923
с учётом цензуры,6.3944893567731915
с учётом цензуры,9.212881727047064
с учётом цензуры,13.029479111529724
с учётом цензуры,8.005815673945705
с учётом цензуры,1.3316233876798356
с учётом цензуры,4.421702879515002
с учётом цензуры,15.336414594717331
с учётом цензуры,1.517251199109594
с учётом цензуры,4.5376219029576355
с учётом цензуры,11.203624483775844
с учётом цензуры,22.99969361536732
с учётом цензуры,7.455582304408701
с учётом цензуры,10.756283602629987
с учётом цензуры,2.1402566981761244
с учётом цензуры,8.865474560343126
с учётом цензуры,7.603709076572914
с учётом цензуры,8.830092273583324
с учётом цензуры,28.625004091147808
с учётом цензуры,16.567609582742627
с учётом цензуры,26.22112063325249
с учётом цензуры,6.566921509319292
с учётом цензуры,6.464622795400106
с учётом цензуры,7.333651882984011
с учётом цензуры,0.9130345094976521
с учётом цензуры,3.683398121166548
с учётом цензуры,16.49394608651025
с учётом цензуры,9.080467689250536
с учётом цензуры,16.577634521666905
с учётом цензуры,3.3423732725755095
с учётом цензуры,14.090729273260305
с учётом цензуры,3.7384934542329615
с учётом цензуры,9.269447243964292
с учётом цензуры,6.111623103496069
с учётом цензуры,5.5939891687870915
с учётом цензуры,8.272081395608817
с учётом цензуры,19.056584811505946
с учётом цензуры,2.9833437469804664
с учётом цензуры,4.46943209718626
с учётом цензуры,2.2417883507725267
с учётом цензуры,3.195533136837799
с учётом цензуры,0.7412375972885336
с учётом цензуры,7.405069868423756
с учётом цензуры,11.871805311310698
с учётом цензуры,7.194257059487295
с учётом цензуры,14.16381241349936
с учётом цензуры,5.619913575629837
с учётом цензуры,13.483012492026308
с учётом цензуры,5.719029269221672
с учётом цензуры,8.61751781749226
с учётом цензуры,7.7806803606522745
с учётом цензуры,12.071672501254518
с учётом цензуры,2.8549834276342416
с учётом цензуры,3.8156846524253853
с учётом цензуры,3.767916279026801
с учётом цензуры,4.533626057749323
с учётом цензуры,7.043554550468518
с учётом цензуры,2.189287436872136
с учётом цензуры,8.456403753832559
с учётом цензуры,10.133674238762142
с учётом цензуры,5.443650162147011
с учётом цензуры,7.2154592189657905
с учётом цензуры,6.998284279430787
с учётом цензуры,3.304836247576322
с учётом цензуры,6.093646018150514
с учётом цензуры,5.674316978715183
с учётом цензуры,2.589530806723368
с учётом цензуры,3.575017808764647
с учётом цензуры,13.563374839166077
с учётом цензуры,5.346984585250477
с учётом цензуры,7.313127312614769
с учётом цензуры,14.41474772210177
с учётом цензуры,6.6745766097293115
с учётом цензуры,9.515055102534554
с учётом цензуры,7.7398278016821465
с учётом цензуры,15.744393452465951
с учётом цензуры,6.003981298923424
с учётом цензуры,7.014392241697524
с учётом цензуры,2.6921713088734354
с учётом цензуры,8.961144403272588
с учётом цензуры,5.034758292899677
с учётом цензуры,0.6773856656372648
с учётом цензуры,5.563130158065459
с учётом цензуры,4.7370500720451565
с учётом цензуры,3.8879796413581627
с учётом цензуры,8.448209436194063
с учётом цензуры,5.248185347680895
с учётом цензуры,2.383811317022568
с учётом цензуры,4.854840468714838
с учётом цензуры,1.9365836094743585
с учётом цензуры,9.07466780511759
с учётом цензуры,0.6971639850775048
с учётом цензуры,1.353167952060204
с учётом цензуры,4.629775469331133
с учётом цензуры,6.6659369735847065
с учётом цензуры,18.235202364862403
с учётом цензуры,14.55324372802649
с учётом цензуры,6.470314913401699
с учётом цензуры,2.832447145640412
с учётом цензуры,1.5556188841126244
с учётом цензуры,7.097628916077733
с учётом цензуры,1.5496066887916777
с учётом цензуры,26.60541518103052
с учётом цензуры,3.192679762603161
с учётом цензуры,10.746185431116242
с учётом цензуры,6.064635930328462
с учётом цензуры,4.93699675584403
с учётом цензуры,6.243763117360334
с учётом цензуры,6.032130271657026
с учётом цензуры,18.032420866993
с учётом цензуры,8.376806093580676
с учётом цензуры,13.545593023290909
с учётом цензуры,14.670039279334542
с учётом цензуры,9.31949330066286
с учётом цензуры,12.276300862347966
с учётом цензуры,11.946274207952758
с учётом цензуры,2.5578934364008097
с учётом цензуры,9.060262137291302
с учётом цензуры,4.456986359009268
с учётом цензуры,2.1200725254261785
с учётом цензуры,10.100698410921082
с учётом цензуры,23.33429536797125
с учётом цензуры,3.1260348256772432
с учётом цензуры,10.221008698091465
с учётом цензуры,8.212205938749578
с учётом цензуры,9.595570164967317
с учётом цензуры,7.6349211802562955
с учётом цензуры,2.993354782402826
с учётом цензуры,15.282763517637367
с учётом цензуры,8.058061280663228
с учётом цензуры,3.5079292051378097
с учётом цензуры,3.2479785173604534
с учётом цензуры,4.967936973524612
с учётом цензуры,5.1339928680019264
с учётом цензуры,9.521305151143286
с учётом цензуры,14.595580695225923
с учётом цензуры,14.946643658869661
с учётом цензуры,1.1180374658602232
с учётом цензуры,5.428336696504749
с учётом цензуры,16.14837361750362
с учётом цензуры,3.611417265999223
с учётом цензуры,4.481912441195617
с учётом цензуры,9.982820683272337
с учётом цензуры,1.2108251634549891
с учётом цензуры,17.177934129491444
с учётом цензуры,4.056686125647292
с учётом цензуры,1.111739402272911
с учётом цензуры,1.2893513987384142
с учётом цензуры,14.558251073720989
с учётом цензуры,10.577601483026974
с учётом цензуры,47.37412598539817
с учётом цензуры,3.5382968842634233
с учётом цензуры,7.2496972449374395
с учётом цензуры,9.964294260928623
с учётом цензуры,5.236432333178964
с учётом цензуры,8.325603906864902
с учётом цензуры,1.9645214163170943
с учётом цензуры,2.924197126459887
с учётом цензуры,2.3379145090246864
с учётом цензуры,10.410853767268836
с учётом цензуры,2.6409330125153225
с учётом цензуры,6.917041326900449
с учётом цензуры,11.41349406701703
с учётом цензуры,7.762764835835598
с учётом цензуры,18.052637256012275
с учётом цензуры,2.6691535132867106
с учётом цензуры,2.6774070235834624
с учётом цензуры,3.9102205625095205
с учётом цензуры,3.630419062311557
с учётом цензуры,3.195211636085034
с учётом цензуры,8.671753685804068
с учётом цензуры,0.4289159010333859
с учётом цензуры,7.234687483837165
с учётом цензуры,4.818482860431206
с учётом цензуры,19.640097134214372
с учётом цензуры,0.8419637246669003
с учётом цензуры,3.599913912559503
с учётом цензуры,12.03334270314853
с учётом цензуры,4.584290707904199
с учётом цензуры,9.098148767577438
с учётом цензуры,4.121729396069066
с учётом цензуры,1.275491401161372
с учётом цензуры,6.589335121917881
с учётом цензуры,8.574017544151294
с учётом цензуры,3.23377320915318
с учётом цензуры,10.986190286257301
с учётом цензуры,4.135604376063311
с учётом цензуры,0.4418943029744575
с учётом цензуры,12.290096680851102
с учётом цензуры,7.586569705883325
с учётом цензуры,13.619538831321583
с учётом цензуры,7.245603018075704
с учётом цензуры,8.75457942987826
с учётом цензуры,10.235237637423042
с учётом цензуры,3.2022511835281415
с учётом цензуры,6.17634795997744
с учётом цензуры,0.976357468585894
с учётом цензуры,2.0155560545263174
с учётом цензуры,1.420790609022492
с учётом цензуры,3.298743029109191
с учётом цензуры,4.2160034362295296
с учётом цензуры,4.697504614663963
с учётом цензуры,10.057968571806633
с учётом цензуры,2.893895115195022
с учётом цензуры,1.7133577815000551
с учётом цензуры,5.184201943522418
с учётом цензуры,7.946721643418735
с учётом цензуры,3.2570388686426552
с учётом цензуры,12.012406729859606
с учётом цензуры,7.236484112971678
с учётом цензуры,5.7086290311900845
с учётом цензуры,10.976785695996952
с учётом цензуры,7.802529871283012
с учётом цензуры,2.3035792802523067
с учётом цензуры,5.788985276348675
с учётом цензуры,6.620608301257022
с учётом цензуры,7.19787277394642
с учётом цензуры,5.421321477807286
с учётом цензуры,2.5849585142472513
с учётом цензуры,2.6595452944079256
с учётом цензуры,7.203928648606364
с учётом цензуры,1.2310544360176858
с учётом цензуры,3.7119494840485743
с учётом цензуры,21.410095206174077
с учётом цензуры,5.111807366706883
с учётом цензуры,0.542020219265337
с учётом цензуры,4.169402944538888
с учётом цензуры,2.339015664127484
с учётом цензуры,19.50438801961932
с учётом цензуры,6.311584201139927
с учётом цензуры,5.9449147482801035
с учётом цензуры,16.676485574185193
с учётом цензуры,32.60633317803636
с учётом цензуры,4.662026629915643
с учётом цензуры,1.162215940463383
с учётом цензуры,7.264656401466564
с учётом цензуры,4.489028507473134
с учётом цензуры,1.702559252878403
с учётом цензуры,3.083868474970198
с учётом цензуры,6.288696432094464
с учётом цензуры,7.827637971583725
с учётом цензуры,4.698604037904549
с учётом цензуры,0.6642416887416164
с учётом цензуры,13.58342134832727
с учётом цензуры,17.221696833054
с учётом цензуры,15.081666539154838
с учётом цензуры,3.304150422961843
с учётом цензуры,5.052267288080863
с учётом цензуры,9.286985002700836
с учётом цензуры,9.956549801302057
с учётом цензуры,0.666118765674022
с учётом цензуры,2.9907719171149036
с учётом цензуры,10.308780298218807
с учётом цензуры,10.328183410965742
с учётом цензуры,5.501471790800254
с учётом цензуры,6.144600273126858
с учётом цензуры,7.249837694508777
с учётом цензуры,3.4713138324350443
с учётом цензуры,2.2624126171055536
с учётом цензуры,1.250999281278715
с учётом цензуры,5.525606415530402
с учётом цензуры,7.8923487493036495
с учётом цензуры,1.1615569752016255
с учётом цензуры,3.2823375237749657
с учётом цензуры,16.52203665755945
с учётом цензуры,6.167977383144867
с учётом цензуры,1.1514342588189403
с учётом цензуры,35.64204917850033
с учётом цензуры,13.66882783931759
с учётом цензуры,12.010497049242097
с учётом цензуры,3.4013856507289746
с учётом цензуры,17.461470243947577
с учётом цензуры,3.768785305005729
с учётом цензуры,2.938343083603469
с учётом цензуры,1.758691385089746
с учётом цензуры,4.3675233923838155
с учётом цензуры,3.732090555771645
с учётом цензуры,2.3350042741229537
с учётом цензуры,15.675264840013133
с учётом цензуры,8.742146560237606
с учётом цензуры,5.887009594455187
с учётом цензуры,3.7879674432359898
с учётом цензуры,7.796397308444031
с учётом цензуры,11.66196615292118
с учётом цензуры,5.393005581091868
с учётом цензуры,4.1475563193596425
с учётом цензуры,8.48737009013645
с учётом цензуры,8.193803317764077
с учётом цензуры,17.14834321912172
с учётом цензуры,13.248834214230088
с учётом цензуры,2.8139633861565945
с учётом цензуры,8.295338836674318
с учётом цензуры,6.0222231831838595
с учётом цензуры,2.6232592899595937
с учётом цензуры,7.738405774160467
с учётом цензуры,3.0248296211455212
с учётом цензуры,3.3564308826362166
с учётом цензуры,8.61407261543354
с учётом цензуры,6.021236264932526
с учётом цензуры,5.850108373742078
с учётом цензуры,3.3249148843033733
с учётом цензуры,2.7811083816738456
с учётом цензуры,1.0634225729708147
с учётом цензуры,0.7527632388297225
с учётом цензуры,5.576281955927431
с учётом цензуры,6.109762222630779
с учётом цензуры,19.514901620786446
с учётом цензуры,1.1571061615930875
с учётом цензуры,2.563341662528688
с учётом цензуры,5.561974491917022
с учётом цензуры,4.37360657012164
с учётом цензуры,4.68834674562081
с учётом цензуры,13.03517022734476
с учётом цензуры,0.4116285216755308
с учётом цензуры,8.39780782275317
с учётом цензуры,5.299252275400123
с учётом цензуры,0.905812171542574
с учётом цензуры,7.850637452910526
с учётом цензуры,10.944767320102338
с учётом цензуры,2.4654551824894293
с учётом цензуры,3.4930596060505508
с учётом цензуры,6.134910053241466
с учётом цензуры,17.118217843281144
с учётом цензуры,15.259304757939173
с учётом цензуры,7.191953633402535
с учётом цензуры,6.57999256187432
с учётом цензуры,18.270247710511093
с учётом цензуры,5.6345186637514875
с учётом цензуры,9.942944912792566
с учётом цензуры,15.111922550770702
с учётом цензуры,6.105533038091728
с учётом цензуры,7.140181445982533
с учётом цензуры,55.55482006105395
с учётом цензуры,8.69679607520935
с учётом цензуры,8.8567982532559
с учётом цензуры,9.052519510526235
с учётом цензуры,4.8598320497014855
с учётом цензуры,7.517745455714476
с учётом цензуры,14.556319304996125
с учётом цензуры,10.17336509199816
с учётом цензуры,4.693774067668785
с учётом цензуры,19.611152006484478
с учётом цензуры,3.927334577850296
с учётом цензуры,14.34590046839606
с учётом цензуры,11.612937895449846
с учётом цензуры,12.916099832133854
с учётом цензуры,12.976725179437768
с учётом цензуры,3.7553799425785717
с учётом цензуры,0.1859944177042481
с учётом цензуры,3.7603777079658665
с учётом цензуры,4.736103126441748
с учётом цензуры,2.9231782146990555
с учётом цензуры,8.890700085809588
с учётом цензуры,8.956323163271414
с учётом цензуры,15.724345509228243
с учётом цензуры,4.48197133103676
с учётом цензуры,2.8412167678274303
с учётом цензуры,4.134521133968486
с учётом цензуры,14.214221855262258
с учётом цензуры,19.722652790788214
с учётом цензуры,11.57703386532166
с учётом цензуры,5.0704758929418245
с учётом цензуры,18.56901692243499
с учётом цензуры,7.48839976624437
с учётом цензуры,0.33690765088407093
с учётом цензуры,11.66082736777549
с учётом цензуры,7.466099665863777
с учётом цензуры,3.5017568197523317
с учётом цензуры,5.671097015781121
с учётом цензуры,3.5926476503501443
с учётом цензуры,4.741524737370637
с учётом цензуры,16.6778758334494
с учётом цензуры,1.6390824074273793
с учётом цензуры,5.88381552754449
с учётом цензуры,4.185786414196955
с учётом цензуры,6.150771662859162
с учётом цензуры,10.99385893966429
с учётом цензуры,7.536403322990665
с учётом цензуры,10.823933050461397
с учётом цензуры,4.718953792373112
с учётом цензуры,6.403832900331574
с учётом цензуры,5.591473585727561
с учётом цензуры,12.77617840955558
с учётом цензуры,5.329928180544836
с учётом цензуры,14.708658170181089
с учётом цензуры,5.0862238060393805
с учётом цензуры,2.892968917210963
с учётом цензуры,7.754934225353525
с учётом цензуры,1.3958142333215202
с учётом цензуры,10.65668700593574
с учётом цензуры,7.155378484085917
с учётом цензуры,9.477475660635264
с учётом цензуры,6.073651283960482
с учётом цензуры,10.00807347141827
с учётом цензуры,4.134254001154581
с учётом цензуры,8.785768994718257
с учётом цензуры,5.215732796362277
с учётом цензуры,12.548013127818411
с учётом цензуры,4.069032573055657
с учётом цензуры,4.429341547127094
с учётом цензуры,0.7759615109148557
с учётом цензуры,3.678602956161927
с учётом цензуры,6.504312296179572
с учётом цензуры,3.2200455706560827
с учётом цензуры,2.668574609368663
с учётом цензуры,3.383879643579772
с учётом цензуры,1.4121147344255078
с учётом цензуры,8.887867133774431
с учётом цензуры,6.466929283459558
с учётом цензуры,2.7864181674754427
с учётом цензуры,24.368640291395064
с учётом цензуры,0.11165258677078613
с учётом цензуры,1.9561301505695068
с учётом цензуры,5.304853031143933
с учётом цензуры,1.7147588237198885
с учётом цензуры,15.09848489009049
с учётом цензуры,1.793562242459566
с учётом цензуры,4.913791348426485
с учётом цензуры,1.8470403341969943
с учётом цензуры,7.7652217487090605
с учётом цензуры,2.5573681561615347
с учётом цензуры,6.344975192573084
с учётом цензуры,3.2361296838598874
с учётом цензуры,19.884789041665044
с учётом цензуры,3.1562538087541108
с учётом цензуры,1.8420815723061221
с учётом цензуры,15.306230180005418
с учётом цензуры,4.665834977584542
с учётом цензуры,10.760832572196012
с учётом цензуры,11.475470327223238
с учётом цензуры,12.928933864960038
с учётом цензуры,4.214119209792587
с учётом цензуры,5.665449084432723
с учётом цензуры,14.46165346344386
с учётом цензуры,22.007318470297093
с учётом цензуры,10.676370124877229
с учётом цензуры,9.874118171637678
с учётом цензуры,16.590067690607547
с учётом цензуры,7.649353719121976
с учётом цензуры,9.964153916466593
с учётом цензуры,2.947004464239734
с учётом цензуры,14.52006305235786
с учётом цензуры,11.315099049824543
с учётом цензуры,13.516194446970779
с учётом цензуры,1.9896361383219086
с учётом цензуры,0.5982404347608214
с учётом цензуры,28.112889149818383
с учётом цензуры,1.6862085444113517
с учётом цензуры,7.061068471758951
с учётом цензуры,3.6529874600702343
с учётом цензуры,5.391236052531732
с учётом цензуры,21.370239162684783
с учётом цензуры,10.446376934615179
с учётом цензуры,8.472296483005252
с учётом цензуры,53.193785380633386
с учётом цензуры,4.7171019972062656
с учётом цензуры,2.9869716692315915
с учётом цензуры,9.3697219863655
с учётом цензуры,5.556893901128389
с учётом цензуры,4.486531535709629
с учётом цензуры,4.489882265379139
с учётом цензуры,2.888513961915783
с учётом цензуры,4.506559188942565
с учётом цензуры,2.474067922245047
с учётом цензуры,0.4388931249145235
с учётом цензуры,6.401337769656076
с учётом цензуры,3.2874700058411688
с учётом цензуры,6.8558347343406645
с учётом цензуры,33.47654333647965
с учётом цензуры,19.5697319588229
с учётом цензуры,8.973008827345119
с учётом цензуры,19.718351815514836
с учётом цензуры,2.370206541156667
с учётом цензуры,4.432860769459489
с учётом цензуры,4.173491438316539
с учётом цензуры,12.578621918827693
с учётом цензуры,2.3577074787252874
с учётом цензуры,4.4703437479730095
с учётом цензуры,7.51177288445332
с учётом цензуры,2.7020660087401964
с учётом цензуры,8.68816738042047
с учётом цензуры,6.640138069793137
с учётом цензуры,14.720222476592149
с учётом цензуры,1.463664186114238
с учётом цензуры,2.5002667271315127
с учётом цензуры,6.7559061838308345
с учётом цензуры,11.917368065310015
с учётом цензуры,6.145543072495848
с учётом цензуры,10.074474407541235
с учётом цензуры,3.603316871413914
с учётом цензуры,22.840024170648093
с учётом цензуры,15.481267652852155
с учётом цензуры,2.4422322780455357
с учётом цензуры,12.475015531304324
с учётом цензуры,22.859672256359524
с учётом цензуры,5.460256442208457
с учётом цензуры,8.45697711419289
с учётом цензуры,5.248775275087073
с учётом цензуры,2.0122201134304376
с учётом цензуры,0.3989316873397379
с учётом цензуры,4.990587901257118
с учётом цензуры,0.8612423564683463
с учётом цензуры,8.748139824853965
с учётом цензуры,25.77672042389394
с учётом цензуры,14.099196437860975
с учётом цензуры,22.023911812339232
с учётом цензуры,1.2652006712326358
с учётом цензуры,4.428697157525793
с учётом цензуры,5.161282857782652
с учётом цензуры,8.664356344892907
с учётом цензуры,2.3913125200220726
с учётом цензуры,3.9790061113183843
с учётом цензуры,9.743769067626062
с учётом цензуры,1.2146528941615484
с учётом цензуры,8.574502456321571
с учётом цензуры,10.780656223680968
с учётом цензуры,0.37229637860263476
с учётом цензуры,11.52663377453414
с учётом цензуры,12.516934507517806
с учётом цензуры,9.420299974133634
с учётом цензуры,0.6238093979328936
с учётом цензуры,4.96037029492047
с учётом цензуры,11.591687701685952
с учётом цензуры,5.367397176286533
с учётом цензуры,4.818867031885386
с учётом цензуры,5.009224996974684
с учётом цензуры,1.380497691762712
с учётом цензуры,1.2922435589031873
с учётом цензуры,3.1546665081661684
с учётом цензуры,12.852926465171969
с учётом цензуры,6.7585133404720334
с учётом цензуры,10.53767792581457
с учётом цензуры,14.40948110238091
с учётом цензуры,3.6195499186175346
с учётом цензуры,6.049605376930681
с учётом цензуры,0.2620509450381508
с учётом цензуры,9.36795416080124
с учётом цензуры,14.548695476357985
с учётом цензуры,7.496169835472971
с учётом цензуры,2.699754394272394
с учётом цензуры,4.749117314378168
с учётом цензуры,22.57382108122623
с учётом цензуры,0.990579938757551
с учётом цензуры,16.874007250574753
с учётом цензуры,3.300415053910467
с учётом цензуры,11.598968810210309
с учётом цензуры,8.560406112370796
с учётом цензуры,2.2538446999268316
с учётом цензуры,12.884195629950042
с учётом цензуры,3.220460148772989
с учётом цензуры,1.9419077532228937
с учётом цензуры,3.713832978492957
с учётом цензуры,5.568264960410235
с учётом цензуры,5.196619717397972
с учётом цензуры,27.21350246796739
с учётом цензуры,8.692148607137472
с учётом цензуры,6.75588274668244
с учётом цензуры,7.688546170482601
с учётом цензуры,10.820922608079385
с учётом цензуры,6.342730158771886
с учётом цензуры,4.833967000127076
с учётом цензуры,4.269965473795088
с учётом цензуры,1.8558250047239924
с учётом цензуры,3.4097379889635135
с учётом цензуры,12.981634402052265
с учётом цензуры,8.439410270283716
с учётом цензуры,2.437346127507479
с учётом цензуры,7.301641940983984
с учётом цензуры,14.951537497666795
с учётом цензуры,1.2575211439827194
с учётом цензуры,0.5805940584204251
с учётом цензуры,8.620165087878707
с учётом цензуры,10.41173376575038
с учётом цензуры,0.360633043719896
с учётом цензуры,2.7795867504541683
с учётом цензуры,2.487429271688339
с учётом цензуры,4.9165605083700505
с учётом цензуры,5.0929849668421845
с учётом цензуры,24.453076972280144
с учётом цензуры,1.8122456840274057
с учётом цензуры,9.962142209071477
с учётом цензуры,21.069254217995432
с учётом цензуры,4.446376608529915
с учётом цензуры,4.707796857886204
с учётом цензуры,2.3257289253765427
с учётом цензуры,6.254979490264767
с учётом цензуры,8.219208524570744
с учётом цензуры,2.0252429052986005
с учётом цензуры,5.381332308162776
с учётом цензуры,26.74855828846372
с учётом цензуры,2.89463263942132
с учётом цензуры,7.558444441058152
с учётом цензуры,1.0177361749692173
с учётом цензуры,2.5964311825083564
с учётом цензуры,2.046134590483133
с учётом цензуры,10.250328231506256
с учётом цензуры,8.05712167564575
с учётом цензуры,7.556049485506255
с учётом цензуры,1.5445137282395498
с учётом цензуры,10.162664624175216
с учётом цензуры,5.735241607967346
с учётом цензуры,0.32141277627002146
с учётом цензуры,3.6827517562810272
с учётом цензуры,20.88734752752221
с учётом цензуры,1.4412830121288662
с учётом цензуры,5.625410586060383
с учётом цензуры,12.798486502889503
с учётом цензуры,2.588372439520476
с учётом цензуры,18.87798090912365
с учётом цензуры,5.314577879611699
с учётом цензуры,0.17015844976589065
с учётом цензуры,5.6454364965206745
с учётом цензуры,2.125644310558235
с учётом цензуры,2.1399641427754275
с учётом цензуры,1.5519998448214272
с учётом цензуры,7.44993923330896
с учётом цензуры,9.806140698241268
с учётом цензуры,17.649359823583097
с учётом цензуры,12.707540279160899
с учётом цензуры,13.668983820040669
с учётом цензуры,4.118876231318964
с учётом цензуры,2.6328327731373062
с учётом цензуры,0.1311409500971362
с учётом цензуры,32.69334771770532
с учётом цензуры,3.794083679901758
с учётом цензуры,2.3928465426593175
с учётом цензуры,5.235027670981482
с учётом цензуры,5.879131271402891
с учётом цензуры,6.107756983558696
с учётом цензуры,4.251378992876229
с учётом цензуры,5.629144245302714
с учётом цензуры,10.85868984983298
с учётом цензуры,18.345875831743943
с учётом цензуры,0.266032053822202
с учётом цензуры,6.895628349441609
с учётом цензуры,3.781806017850539
с учётом цензуры,0.18525973385311229
с учётом цензуры,6.57052031841686
с учётом цензуры,1.5575000414576887
с учётом цензуры,1.6805443071822388
с учётом цензуры,9.57484197460742
с учётом цензуры,2.7337266225843724
с учётом цензуры,11.38266784599474
с учётом цензуры,26.60547275692705
с учётом цензуры,6.021481992820444
с учётом цензуры,0.8535872593534769
с учётом цензуры,5.47956686626768
с учётом цензуры,13.366830480149059
с учётом цензуры,16.74688331494165
с учётом цензуры,6.153850778285724
с учётом цензуры,10.513165591469663
с учётом цензуры,1.347184498057795
с учётом цензуры,3.8856945632728968
с учётом цензуры,0.47042185849676227
с учётом цензуры,11.560681602001667
с учётом цензуры,2.3191023972621263
с учётом цензуры,2.871980629232832
с учётом цензуры,5.834130834495139
с учётом цензуры,10.913580265819814
с учётом цензуры,2.5008593881813077
с учётом цензуры,1.8562674823348502
с учётом цензуры,6.891710467375694
с учётом цензуры,3.965966090409997
с учётом цензуры,18.14447408900775
с учётом цензуры,6.537609383323189
с учётом цензуры,11.183423215225424
с учётом цензуры,8.963096289838749
с учётом цензуры,7.170968908721392
с учётом цензуры,1.0942599980852021
с учётом цензуры,11.681004619276639
с учётом цензуры,17.663711412356232
с учётом цензуры,7.345901177279723
с учётом цензуры,12.866094439890865
с учётом цензуры,6.324010753692376
с учётом цензуры,4.476011008100101
с учётом цензуры,8.052004063140483
с учётом цензуры,4.972480813817525
с учётом цензуры,1.5296622145341534
с учётом цензуры,6.368176703028601
с учётом цензуры,6.22925677811774
с учётом цензуры,6.165417207650217
с учётом цензуры,3.3733459461594952
с учётом цензуры,1.3792257167371307
с учётом цензуры,5.592619273402134
с учётом цензуры,1.3739883666423212
с учётом цензуры,6.381738861909378
с учётом цензуры,3.309752310090097
с учётом цензуры,13.30571286870523
с учётом цензуры,3.5162279311549653
с учётом цензуры,9.40465185726825
с учётом цензуры,6.0539194193020744
с учётом цензуры,5.844969427008452
с учётом цензуры,4.057874322135914
с учётом цензуры,13.52502301685196
с учётом цензуры,14.104870266528357
с учётом цензуры,5.875710547424249
с учётом цензуры,7.773063159173218
с учётом цензуры,9.327201368461669
с учётом цензуры,3.2339261911562756
с учётом цензуры,4.786063345354949
с учётом цензуры,1.5552390011599853
с учётом цензуры,14.225995465764917
с учётом цензуры,10.917213804128655
с учётом цензуры,4.611428125726707
с учётом цензуры,12.624260657332162
с учётом цензуры,5.501063474259816
с учётом цензуры,8.910434001662072
с учётом цензуры,3.1266331505548965
с учётом цензуры,1.0049474529970426
с учётом цензуры,10.5776445749922
с учётом цензуры,6.854708972339673
с учётом цензуры,2.1557622420451272
с учётом цензуры,7.788804162577004
с учётом цензуры,10.310958245132738
с учётом цензуры,4.138336426022717
с учётом цензуры,2.145979220650678
с учётом цензуры,2.9801236382082954
с учётом цензуры,8.046702992858558
с учётом цензуры,9.9978472692403
с учётом цензуры,7.56243706224167
с учётом цензуры,2.8976307385598377
с учётом цензуры,3.5155713536587516
с учётом цензуры,3.3521603367070107
с учётом цензуры,12.01134202834622
с учётом цензуры,18.37817256097456
с учётом цензуры,4.624074327739978
с учётом цензуры,3.7736886405531904
с учётом цензуры,11.92311997039301
с учётом цензуры,6.189414993958028
с учётом цензуры,2.398685197894583
с учётом цензуры,5.860254209171254
с учётом цензуры,2.7349931016798927
с учётом цензуры,4.867646321487326
с учётом цензуры,5.823096989362394
с учётом цензуры,13.199191408224388
с учётом цензуры,18.147802611974967
с учётом цензуры,27.10595119819869
с учётом цензуры,4.790505050707962
с учётом цензуры,5.521625566533131
с учётом цензуры,8.006099386386794
с учётом цензуры,4.826575380091061
с учётом цензуры,16.54514337314372
с учётом цензуры,1.662598189707963
с учётом цензуры,7.068841509639017
с учётом цензуры,2.9929090652185772
с учётом цензуры,1.3979283199652226
с учётом цензуры,16.939988574260585
с учётом цензуры,14.79852417189796
с учётом цензуры,6.45982961775038
с учётом цензуры,24.182869204606448
с учётом цензуры,7.254963756579354
с учётом цензуры,1.8196498752493868
с учётом цензуры,2.929469866818188
с учётом цензуры,3.5894333209029456
с учётом цензуры,7.484789642063234
с учётом цензуры,2.4899262355047593
с учётом цензуры,7.289194549444388
с учётом цензуры,4.433993318697369
с учётом цензуры,10.621211176910315
с учётом цензуры,1.275091224169476
с учётом цензуры,13.177070953663188
с учётом цензуры,14.867791456216708
с учётом цензуры,4.656720461839403
с учётом цензуры,5.890288930790557
с учётом цензуры,1.6229424896994111
с учётом цензуры,2.988949187480146
с учётом цензуры,4.087572522197319
с учётом цензуры,5.16658219265831
с учётом цензуры,2.726063548957623
с учётом цензуры,5.405826190620203
с учётом цензуры,28.567617420216155
с учётом цензуры,5.889251485932001
с учётом цензуры,19.94269788729739
с учётом цензуры,5.263111534913694
с учётом цензуры,1.7901444031286935
с учётом цензуры,3.516356254788093
с учётом цензуры,6.060607651930533
с учётом цензуры,3.323990976495055
с учётом цензуры,21.24869335970653
с учётом цензуры,6.937467620814351
с учётом цензуры,7.238142411611732
с учётом цензуры,14.821333212216041
с учётом цензуры,5.591644215401543
с учётом цензуры,4.645615141470475
с учётом цензуры,9.527223753927299
с учётом цензуры,54.397206225377545
с учётом цензуры,14.855647586623153
с учётом цензуры,3.8928905005825847
с учётом цензуры,0.8800518508794171
с учётом цензуры,4.917282225476147
с учётом цензуры,4.132658518308753
с учётом цензуры,5.6562292434550905
с учётом цензуры,5.304723967288096
с учётом цензуры,2.6174947384566907
с учётом цензуры,3.7498326108595395
с учётом цензуры,2.363746670008176
с учётом цензуры,7.099045500668978
с учётом цензуры,2.1740935961530297
с учётом цензуры,3.740042492629579
с учётом цензуры,7.156536050213172
с учётом цензуры,13.597708301001104
с учётом цензуры,5.826052012531292
с учётом цензуры,1.4626705905361976
с учётом цензуры,13.148982728733799
с учётом цензуры,8.46770318224718
с учётом цензуры,0.12113827781310244
с учётом цензуры,5.884962848269355
с учётом цензуры,1.2453769199484865
с учётом цензуры,3.6831540336526354
с учётом цензуры,2.709081419820934
с учётом цензуры,4.3133549802500335
с учётом цензуры,3.887400517396234
с учётом цензуры,8.705969330389062
с учётом цензуры,5.639822036051269
с учётом цензуры,3.303479323964933
с учётом цензуры,13.122760881234846
с учётом цензуры,11.902431695280598
с учётом цензуры,32.180499963648565
с учётом цензуры,15.394681553026572
с учётом цензуры,19.93979224697146
с учётом цензуры,8.23178583529608
с учётом цензуры,7.0933409922018935
с учётом цензуры,4.586493987258512
с учётом цензуры,5.280550690068879
с учётом цензуры,7.891706907653385
с учётом цензуры,6.662103203430995
с учётом цензуры,2.069016170792271
с учётом цензуры,2.897953465697632
с учётом цензуры,0.7505649359541459
с учётом цензуры,6.751217232774019
с учётом цензуры,2.6020182927980104
с учётом цензуры,2.6479205760521607
с учётом цензуры,6.281043237094755
с учётом цензуры,4.558533874562686
с учётом цензуры,5.430420529429254
с учётом цензуры,5.01213760118361
с учётом цензуры,4.544747336432118
с учётом цензуры,16.707753012856188
с учётом цензуры,3.1675626618988155
с учётом цензуры,1.0186303762671325
с учётом цензуры,2.2644585554274896
с учётом цензуры,1.1146869177199403
с учётом цензуры,5.469666564160701
с учётом цензуры,20.582958468502696
с учётом цензуры,13.296751182832196
с учётом цензуры,6.470400891563047
с учётом цензуры,4.499566537615931
с учётом цензуры,8.231844906940847
с учётом цензуры,2.181271214454746
с учётом цензуры,14.854742541326521
с учётом цензуры,2.6044408256286666
с учётом цензуры,2.119828909122019
с учётом цензуры,7.684775378026071
с учётом цензуры,0.1702531085112072
с учётом цензуры,22.579850037661743
с учётом цензуры,10.481859903570179
с учётом цензуры,10.626483826105137
с учётом цензуры,14.00617084889502
с учётом цензуры,5.769984430981781
с учётом цензуры,3.151588346650814
с учётом цензуры,8.163818233581843
с учётом цензуры,6.4209560940650485
с учётом цензуры,12.83796679709207
с учётом цензуры,6.517709111409362
с учётом цензуры,3.74180437777289
с учётом цензуры,4.8096601023860295
с учётом цензуры,13.71580310697155
с учётом цензуры,16.152171771897894
с учётом цензуры,7.122915998683301
с учётом цензуры,13.27363320776325
с учётом цензуры,29.329160468466952
с учётом цензуры,8.436316447346917
с учётом цензуры,6.173690387910749
с учётом цензуры,9.112363158162289
с учётом цензуры,3.054020494325379
с учётом цензуры,3.0170753974205047
с учётом цензуры,6.6664712618908535
с учётом цензуры,4.158268260902813
с учётом цензуры,7.561721116307968
с учётом цензуры,0.7703847426911533
с учётом цензуры,10.060565179454604
с учётом цензуры,15.671343774614343
с учётом цензуры,12.610314707816144
с учётом цензуры,4.602010044431167
с учётом цензуры,0.7311048442453243
с учётом цензуры,9.034868672330779
с учётом цензуры,5.356286259547737
с учётом цензуры,4.284485122923115
с учётом цензуры,4.231846182065512
с учётом цензуры,1.3470516960386536
с учётом цензуры,9.773110393356621
с учётом цензуры,1.7028261797102184
с учётом цензуры,6.424954968627638
с учётом цензуры,3.2684057493099306
с учётом цензуры,5.409223950542867
с учётом цензуры,8.835188874847747
с учётом цензуры,4.459850600448226
с учётом цензуры,8.555904949144157
с учётом цензуры,2.126416315573681
с учётом цензуры,2.1104672763422236
с учётом цензуры,13.013387707345995
с учётом цензуры,5.0826188879732
с учётом цензуры,3.045087174112993
с учётом цензуры,0.9308399005533117
с учётом цензуры,6.0234373472145
с учётом цензуры,13.866877194921699
с учётом цензуры,4.931703619537582
с учётом цензуры,8.184059228626163
с учётом цензуры,3.8419401076254216
с учётом цензуры,5.544135767215097
с учётом цензуры,6.554974124110301
с учётом цензуры,4.754671105808409
с учётом цензуры,4.100404286734713
с учётом цензуры,9.24698987357764
с учётом цензуры,0.14980610735908367
с учётом цензуры,9.708461782731018
с учётом цензуры,5.79072611171583
с учётом цензуры,6.333002092434964
с учётом цензуры,7.636200472177052
с учётом цензуры,7.592276311410875
с учётом цензуры,5.418020940101937
с учётом цензуры,9.642551076272643
с учётом цензуры,6.909054287357469
с учётом цензуры,25.6141429450586
с учётом цензуры,7.850543224982275
с учётом цензуры,12.28465644995778
с учётом цензуры,10.565283029885325
с учётом цензуры,13.673302022423512
с учётом цензуры,2.5334788736784675
с учётом цензуры,4.336442882836615
с учётом цензуры,6.506042409790281
с учётом цензуры,14.108189753673699
с учётом цензуры,12.449269448852407
с учётом цензуры,0.30313886369256665
с учётом цензуры,9.632318741101532
с учётом цензуры,2.231503906431702
с учётом цензуры,4.611190598155206
с учётом цензуры,3.257377074600272
с учётом цензуры,6.7531378279226395
с учётом цензуры,0.8683961846444787
с учётом цензуры,1.7348836303555455
с учётом цензуры,5.170969492193814
с учётом цензуры,12.768715210812097
с учётом цензуры,2.5597254982980284
с учётом цензуры,7.600182441911881
с учётом цензуры,19.16419553029212
с учётом цензуры,11.773786398130145
с учётом цензуры,33.82756069934073
с учётом цензуры,6.958699574252294
с учётом цензуры,2.912950658692332
с учётом цензуры,4.484699382781207
с учётом цензуры,3.2630002678077727
с учётом цензуры,9.059938670457932
с учётом цензуры,10.659186411460858
с учётом цензуры,16.211091237330457
с учётом цензуры,5.257480355726286
с учётом цензуры,10.118893101157564
с учётом цензуры,7.839779516047276
с учётом цензуры,8.292305242949958
с учётом цензуры,16.759270229158016
с учётом цензуры,6.7166750750308735
с учётом цензуры,10.461324818307377
с учётом цензуры,7.313810718838397
с учётом цензуры,4.4593925538714645
с учётом цензуры,8.479581335426312
с учётом цензуры,3.763259074105311
с учётом цензуры,0.30013119659084003
с учётом цензуры,5.606714068716604
с учётом цензуры,2.9007203966733686
с учётом цензуры,15.842954453644381
с учётом цензуры,4.143470445985631
с учётом цензуры,2.810998940561351
с учётом цензуры,11.0770404233468
с учётом цензуры,8.838928877071401
с учётом цензуры,3.6974085386862847
с учётом цензуры,5.9600632301243905
с учётом цензуры,6.2160705847464595
с учётом цензуры,4.798632765087876
с учётом цензуры,6.746874224096973
с учётом цензуры,2.0568505409626523
с учётом цензуры,21.939185597816085
с учётом цензуры,0.9969318990183059
с учётом цензуры,2.293683855279541
с учётом цензуры,11.96875938948552
с учётом цензуры,14.508745234689613
с учётом цензуры,2.5727713268079064
с учётом цензуры,4.051319543896903
с учётом цензуры,5.644157770791434
с учётом цензуры,15.770933692280716
с учётом цензуры,3.4892458774033184
с учётом цензуры,1.87683556004054
с учётом цензуры,16.832965040473276
с учётом цензуры,5.664989206130075
с учётом цензуры,5.989782513578758
с учётом цензуры,23.821372516132897
с учётом цензуры,5.4461775437855025
с учётом цензуры,6.43022436325723
с учётом цензуры,8.657743246487549
с учётом цензуры,5.255766700734766
с учётом цензуры,2.504706594418829
с учётом цензуры,11.807052754472158
с учётом цензуры,17.41976533955436
с учётом цензуры,18.71043113552615
с учётом цензуры,13.850355131477786
с учётом цензуры,11.65957574867716
с учётом цензуры,6.626595453563892
с учётом цензуры,2.908949859625808
с учётом цензуры,10.521269902882164
с учётом цензуры,6.84432939712928
с учётом цензуры,5.48171579704572
с учётом цензуры,13.867890812635615
с учётом цензуры,2.1925680255427533
с учётом цензуры,9.235171517119706
с учётом цензуры,1.567665694559477
с учётом цензуры,3.054149344606835
с учётом цензуры,1.4608774711147872
с учётом цензуры,2.699626660971803
с учётом цензуры,8.752091392309701
с учётом цензуры,19.276970012226727
с учётом цензуры,5.211321808366551
с учётом цензуры,5.766784474970128
с учётом цензуры,21.94940453082134
с учётом цензуры,9.176115313926257
с учётом цензуры,1.0781907734357612
с учётом цензуры,20.742741951403985
с учётом цензуры,3.317684605032815
с учётом цензуры,2.2173202324423764
с учётом цензуры,9.074548393760725
с учётом цензуры,8.200929115792375
с учётом цензуры,7.7992976097927595
с учётом цензуры,3.8914533905533464
с учётом цензуры,8.018649649541382
с учётом цензуры,0.7755988314318132
с учётом цензуры,6.3131386743977504
с учётом цензуры,4.534285692931161
с учётом цензуры,14.382165642094497
с учётом цензуры,4.92177620663971
с учётом цензуры,0.8495345941992989
с учётом цензуры,2.1968177550908603
с учётом цензуры,2.9862583437462944
с учётом цензуры,0.4795189529188102
с учётом цензуры,15.621006251371576
с учётом цензуры,25.196106977875626
с учётом цензуры,25.63187831343361
с учётом цензуры,5.137003903153322
с учётом цензуры,0.7600348056307251
с учётом цензуры,6.231058451640509
с учётом цензуры,7.85853059823767
с учётом цензуры,7.792097757179786
с учётом цензуры,7.4328942988500435
с учётом цензуры,4.361703345635743
с учётом цензуры,2.32862301922623
с учётом цензуры,5.698370148825957
с учётом цензуры,4.249237852272314
с учётом цензуры,0.019804700245403248
с учётом цензуры,1.3026129959991561
с учётом цензуры,1.4961486423349564
с учётом цензуры,25.81805620382866
с учётом цензуры,8.314394728806462
с учётом цензуры,1.7909870420707197
с учётом цензуры,1.6671099278962536
с учётом цензуры,3.528458946004409
с учётом цензуры,7.523980142923272
с учётом цензуры,14.328538104834674
с учётом цензуры,9.78161498271211
с учётом цензуры,4.37550684008457
с учётом цензуры,7.5437206216034465
с учётом цензуры,10.414140736292314
с учётом цензуры,11.246446456165359
с учётом цензуры,5.863334119822728
с учётом цензуры,9.12176627049632
с учётом цензуры,4.2992765383404725
с учётом цензуры,2.1333652530631824
с учётом цензуры,14.81904312044377
с учётом цензуры,4.707353106447225
с учётом цензуры,4.300518421275097
с учётом цензуры,6.312002612476522
с учётом цензуры,19.36120466140989
с учётом цензуры,9.836499200675771
с учётом цензуры,2.9915506934656992
с учётом цензуры,11.550383764727561
с учётом цензуры,2.4139503504893014
с учётом цензуры,5.588759197456659
с учётом цензуры,31.60822720867937
с учётом цензуры,10.534439929005782
с учётом цензуры,3.4953054068417093
с учётом цензуры,1.447916026876435
с учётом цензуры,4.147073005358457
с учётом цензуры,8.766008990257216
с учётом цензуры,31.048983919411278
с учётом цензуры,8.930636103380252
с учётом цензуры,6.241896894718788
с учётом цензуры,5.279768832572025
с учётом цензуры,65.33567612707095
с учётом цензуры,6.4252505343272475
с учётом цензуры,5.8538004224844755
с учётом цензуры,32.68383285259846
с учётом цензуры,6.927754373180937
с учётом цензуры,8.371140668043472
с учётом цензуры,3.9391807422831815
с учётом цензуры,7.265836567039199
с учётом цензуры,1.9018499503635544
с учётом цензуры,3.0927234676851185
с учётом цензуры,2.0405031497602475
с учётом цензуры,6.705244657139318
с учётом цензуры,3.8228468798310167
с учётом цензуры,6.492270365673584
с учётом цензуры,11.691933069218855
с учётом цензуры,6.992646630461119
с учётом цензуры,3.56164912808016
с учётом цензуры,2.0231080014535285
с учётом цензуры,12.40428350825447
с учётом цензуры,4.59465718084875
с учётом цензуры,14.474892635321574
с учётом цензуры,12.681531176239279
с учётом цензуры,16.488258467008365
с учётом цензуры,4.492216856303524
с учётом цензуры,4.284977204925077
с учётом цензуры,1.196133443363438
с учётом цензуры,6.037712905079291
с учётом цензуры,0.932817832261731
с учётом цензуры,3.6004860230937865
с учётом цензуры,0.4142282361776605
с учётом цензуры,3.7311030843342916
с учётом цензуры,13.729848790946448
с учётом цензуры,3.7414115791365736
с учётом цензуры,6.792918266743244
с учётом цензуры,23.991560384578438
с учётом цензуры,8.703356378480601
с учётом цензуры,14.035408386083573
с учётом цензуры,4.702991177394954
с учётом цензуры,4.404180448616718
с учётом цензуры,1.8591504047243232
с учётом цензуры,11.502651570871686
с учётом цензуры,18.889243511715783
с учётом цензуры,0.389896104239662
с учётом цензуры,0.4106975327505557
с учётом цензуры,1.7861445137066434
с учётом цензуры,2.070725307180035
с учётом цензуры,9.403193852762454
с учётом цензуры,4.310642574175908
с учётом цензуры,25.000606898414908
с учётом цензуры,10.721023725953497
с учётом цензуры,9.94615096458977
с учётом цензуры,13.39030325887553
с учётом цензуры,12.877039797322222
с учётом цензуры,8.06093663708499
с учётом цензуры,1.5984496053666555
с учётом цензуры,5.905072653896953
с учётом цензуры,4.720063583025649
с учётом цензуры,14.655750184321
с учётом цензуры,8.729333576532447
с учётом цензуры,3.1149896409131106
с учётом цензуры,7.416827837929255
с учётом цензуры,4.9269587783780455
с учётом цензуры,2.2694866590998353
с учётом цензуры,5.475655125022733
с учётом цензуры,4.885390668862218
с учётом цензуры,3.184611149317707
с учётом цензуры,32.36705401878388
с учётом цензуры,11.183677296898455
с учётом цензуры,7.177586144105662
с учётом цензуры,15.57185710572126
с учётом цензуры,2.6044097724437076
с учётом цензуры,9.770164663150945
с учётом цензуры,6.618940815152647
с учётом цензуры,3.011327369232628
с учётом цензуры,4.9363067753263365
с учётом цензуры,14.379964371646555
с учётом цензуры,9.86733404478019
с учётом цензуры,0.6671531290077161
с учётом цензуры,5.335990165750701
с учётом цензуры,8.140604647332534
с учётом цензуры,2.675009414964202
с учётом цензуры,2.179798347222939
с учётом цензуры,2.0024577947232394
с учётом цензуры,8.817946886370645
с учётом цензуры,9.958200699561992
с учётом цензуры,9.71798629167038
с учётом цензуры,8.013118600746221
с учётом цензуры,0.6584858022505181
с учётом цензуры,4.514393468534898
с учётом цензуры,3.943264190191974
с учётом цензуры,10.508981574277316
с учётом цензуры,19.78862932836811
с учётом цензуры,3.74166923964422
с учётом цензуры,6.191268802495251
с учётом цензуры,5.047750678402722
с учётом цензуры,18.582912567786146
с учётом цензуры,13.384530219577181
с учётом цензуры,1.0754404066491572
с учётом цензуры,4.2868887455507645
с учётом цензуры,7.130034824232939
с учётом цензуры,4.138202160141627
с учётом цензуры,10.50276587391211
с учётом цензуры,9.176891537219555
с учётом цензуры,9.476012566119765
с учётом цензуры,9.185592240944239
с учётом цензуры,4.567543736280737
с учётом цензуры,0.6033129050385398
с учётом цензуры,2.2357445041658055
с учётом цензуры,6.2533246384376575
с учётом цензуры,25.389821186110016
с учётом цензуры,17.19599463490364
с учётом цензуры,3.7560790591980626
с учётом цензуры,7.480774768885412
с учётом цензуры,5.879758609939464
с учётом цензуры,4.02703793014231
с учётом цензуры,3.3876476544252343
с учётом цензуры,19.004681815406947
с учётом цензуры,4.9676479936214255
с учётом цензуры,7.728089955129529
с учётом цензуры,6.946256537444331
с учётом цензуры,2.8121021356126907
с учётом цензуры,3.730233746919599
с учётом цензуры,7.985297542710511
с учётом цензуры,4.4088521669970415
с учётом цензуры,15.758889704351066
с учётом цензуры,8.34401240079845
с учётом цензуры,2.0357286715301868
с учётом цензуры,6.794821987982086
с учётом цензуры,10.242714368342924
с учётом цензуры,6.823610431977187
с учётом цензуры,2.3589713109031893
с учётом цензуры,2.5623512528504526
с учётом цензуры,6.809863375339047
с учётом цензуры,16.13388741677464
с учётом цензуры,8.075772371489647
с учётом цензуры,5.005612867712513
с учётом цензуры,3.5242485602050975
с учётом цензуры,1.0201464962133657
с учётом цензуры,6.78153430578839
с учётом цензуры,12.217148832695381
с учётом цензуры,5.83791803974157
с учётом цензуры,3.469012663654049
с учётом цензуры,7.324797063788223
с учётом цензуры,2.90552007801221
с учётом цензуры,12.71203030638813
с учётом цензуры,6.3727285464103955
с учётом цензуры,0.7180137814592086
с учётом цензуры,10.034215894036596
с учётом цензуры,4.3130215006170936
с учётом цензуры,1.8676342537848696
с учётом цензуры,12.52907511671972
с учётом цензуры,5.681473786555873
с учётом цензуры,28.802711153687646
с учётом цензуры,1.3848953541013576
с учётом цензуры,25.34149540215233
с учётом цензуры,14.563032997765484
с учётом цензуры,6.89301094173237
с учётом цензуры,14.634445882813743
с учётом цензуры,21.12911993684664
с учётом цензуры,4.471452780366348
с учётом цензуры,7.96202468450188
с учётом цензуры,6.77802340713895
с учётом цензуры,8.87782662879976
с учётом цензуры,3.1464523770154553
с учётом цензуры,4.244676216224083
с учётом цензуры,16.004098619212748
с учётом цензуры,13.896593010215911
с учётом цензуры,4.254736263950049
с учётом цензуры,6.310750686473376
с учётом цензуры,29.347573772382557
с учётом цензуры,0.22276694415537043
с учётом цензуры,2.561462024266432
с учётом цензуры,21.061401005748667
с учётом цензуры,7.31258810381747
с учётом цензуры,3.8632180814449693
с учётом цензуры,3.9996725405685174
с учётом цензуры,14.750701427455535
с учётом цензуры,28.00477402110437
с учётом цензуры,10.990064744021756
с учётом цензуры,10.44367117944319
с учётом цензуры,2.8512841838170733
с учётом цензуры,1.2350719481326788
с учётом цензуры,3.460342012180342
с учётом цензуры,14.67788718691586
с учётом цензуры,8.188527990994013
с учётом цензуры,1.8661884707311582
с учётом цензуры,1.0714937186255151
с учётом цензуры,6.084479799687633
с учётом цензуры,0.4734244433156453
с учётом цензуры,0.8853437912004887
с учётом цензуры,4.421783225466738
с учётом цензуры,24.77336721884025
с учётом цензуры,24.406135191259892
с учётом цензуры,11.05309171826751
с учётом цензуры,11.805878294969926
с учётом цензуры,8.602426493281827
с учётом цензуры,1.1459971081518443
с учётом цензуры,4.901742836938907
с учётом цензуры,5.364789965225539
с учётом цензуры,10.060358841996477
с учётом цензуры,10.774983779278354
с учётом цензуры,5.430664921827493
с учётом цензуры,3.4291846898431504
с учётом цензуры,7.169549565997326
с учётом цензуры,2.87184437890578
с учётом цензуры,8.97959761196869
с учётом цензуры,6.389849096786126
с учётом цензуры,8.723476123543485
с учётом цензуры,2.748289834392301
с учётом цензуры,5.460268462943753
с учётом цензуры,2.866872671784002
с учётом цензуры,5.435051475893561
с учётом цензуры,1.5097741610403865
с учётом цензуры,7.59149543010449
с учётом цензуры,7.800815053228733
с учётом цензуры,6.8161484104029375
с учётом цензуры,10.210746617085643
с учётом цензуры,4.944704788758693
с учётом цензуры,12.154235599702515
с учётом цензуры,1.7361164701936151
с учётом цензуры,9.756623060854164
с учётом цензуры,4.2525337822571645
с учётом цензуры,6.355523060491334
с учётом цензуры,25.532123490735994
с учётом цензуры,19.609350900797164
с учётом цензуры,16.236927616746744
с учётом цензуры,9.694114584337754
с учётом цензуры,6.068514623639555
с учётом цензуры,5.216970921677666
с учётом цензуры,8.734003447493926
с учётом цензуры,4.748835309320751
с учётом цензуры,1.940596176093774
с учётом цензуры,5.614632282518082
с учётом цензуры,2.8636034477776353
с учётом цензуры,10.523017854176029
с учётом цензуры,1.6485938750155211
с учётом цензуры,4.634742772067667
с учётом цензуры,5.690372699254578
с учётом цензуры,0.8699450849292374
с учётом цензуры,9.148172125164365
с учётом цензуры,28.323741257985294
с учётом цензуры,14.24569625894477
с учётом цензуры,11.015714621842221
с учётом цензуры,24.627818946783087
с учётом цензуры,7.4147289779872025
с учётом цензуры,9.794660451949522
с учётом цензуры,6.4282773757576015
с учётом цензуры,7.678954955059531
с учётом цензуры,0.02900394942274742
с учётом цензуры,6.882799311219871
с учётом цензуры,33.49757928766249
с учётом цензуры,14.170007725744803
с учётом цензуры,9.74389237638226
с учётом цензуры,0.7507577043152169
с учётом цензуры,8.869224129314297
с учётом цензуры,22.052836788317325
с учётом цензуры,4.086641798961908
с учётом цензуры,7.200258333076228
с учётом цензуры,3.6287901434293235
с учётом цензуры,2.4525136487122783
с учётом цензуры,7.6255284148290885
с учётом цензуры,10.523201886603612
с учётом цензуры,8.695602384087126
с учётом цензуры,5.063452485012099
с учётом цензуры,10.129683420215454
с учётом цензуры,11.799312105532682
с учётом цензуры,6.841680207839779
с учётом цензуры,4.336954255276409
с учётом цензуры,19.317261425779567
с учётом цензуры,3.145517741204585
с учётом цензуры,2.286052335327921
с учётом цензуры,16.186186125462015
с учётом цензуры,2.8168682278213706
с учётом цензуры,16.55663919994502
с учётом цензуры,18.011475856602857
с учётом цензуры,7.519346893323867
с учётом цензуры,9.830436109174963
с учётом цензуры,10.759395259540394
с учётом цензуры,10.284317322404798
с учётом цензуры,5.547107564638191
с учётом цензуры,19.017558616451762
с учётом цензуры,8.061163305384536
с учётом цензуры,0.6505156223836347
с учётом цензуры,9.217586698447738
с учётом цензуры,0.17114874664347243
с учётом цензуры,0.1375857077652554
с учётом цензуры,4.486443855375629
с учётом цензуры,9.894915413249338
с учётом цензуры,8.982869544268508
с учётом цензуры,2.633811787952954
с учётом цензуры,2.628240538656039
с учётом цензуры,1.0328876166974243
с учётом цензуры,6.697285322241937
с учётом цензуры,3.1711904373315534
с учётом цензуры,8.383037947743443
с учётом цензуры,5.049692122146133
с учётом цензуры,1.7632851740736364
с учётом цензуры,3.0649213311250554
с учётом цензуры,2.848615245206375
с учётом цензуры,1.1808540207357614
с учётом цензуры,3.6262644664714125
с учётом цензуры,3.4832812016699246
с учётом цензуры,8.553212053263161
с учётом цензуры,3.7133191137832906
с учётом цензуры,10.639166865336115
с учётом цензуры,23.355674575857204
с учётом цензуры,11.226165864812296
с учётом цензуры,7.525744042970228
с учётом цензуры,15.254154095270714
с учётом цензуры,1.9705138775621456
с учётом цензуры,14.07251918469915
с учётом цензуры,2.79554318964712
с учётом цензуры,10.470099599854887
с учётом цензуры,5.490692232594789
с учётом цензуры,0.43547318195112145
с учётом цензуры,4.171588678248882
с учётом цензуры,6.635880260204468
с учётом цензуры,9.57328878062604
с учётом цензуры,11.32334315395018
с учётом цензуры,12.214956927086583
с учётом цензуры,2.9329741847584034
с учётом цензуры,7.485225953238794
с учётом цензуры,2.3063054292498752
с учётом цензуры,1.2274191252722073
с учётом цензуры,13.914715050988672
с учётом цензуры,23.018618329135705
с учётом цензуры,7.313274318868239
с учётом цензуры,1.9241692446843106
с учётом цензуры,11.221595616494465
с учётом цензуры,7.0149536195504965
с учётом цензуры,11.362609965188883
с учётом цензуры,9.045778042976806
с учётом цензуры,1.4621900254140607
с учётом цензуры,9.848442126684601
с учётом цензуры,6.725877765117949
с учётом цензуры,3.5749826579351205
с учётом цензуры,7.050326764167156
с учётом цензуры,16.740053082765122
с учётом цензуры,2.3920887039352903
с учётом цензуры,8.733547105324751
с учётом цензуры,6.156800040338982
с учётом цензуры,14.719672464135964
с учётом цензуры,0.9615969391681047
с учётом цензуры,3.3330604566007707
с учётом цензуры,19.155472283358737
с учётом цензуры,12.39749403698296
с учётом цензуры,0.620203999546085
с учётом цензуры,5.4161067108168455
с учётом цензуры,11.591039970867687
с учётом цензуры,6.06839065778421
с учётом цензуры,1.6235844345324302
с учётом цензуры,19.71309606921144
с учётом цензуры,15.988837841416085
с учётом цензуры,3.372953739587454
с учётом цензуры,6.97345930096051
с учётом цензуры,1.9622387280165217
с учётом цензуры,5.920721965513711
с учётом цензуры,5.841969506130473
с учётом цензуры,4.814077136559172
с учётом цензуры,17.774866217651407
с учётом цензуры,1.135822211257529
с учётом цензуры,2.9483788357315546
с учётом цензуры,4.702707326783631
с учётом цензуры,8.573467833657478
с учётом цензуры,2.1680676963528187
с учётом цензуры,7.545129045030207
с учётом цензуры,3.3688152907420976
с учётом цензуры,0.7925135990749799
с учётом цензуры,6.378705940104692
с учётом цензуры,12.277935145635132
с учётом цензуры,17.085676029856252
с учётом цензуры,6.483068483926627
с учётом цензуры,12.536385367766679
с учётом цензуры,3.6868508008525818
с учётом цензуры,8.396455508079555
с учётом цензуры,13.082414341982453
с учётом цензуры,17.832030506259997
с учётом цензуры,5.0069680424692855
с учётом цензуры,8.51607697982724
с учётом цензуры,0.5289960808084688
с учётом цензуры,6.712329482781471
с учётом цензуры,4.656349449527354
с учётом цензуры,9.609391792349903
с учётом цензуры,3.132142268024288
с учётом цензуры,10.98522764045783
с учётом цензуры,2.936235989463754
с учётом цензуры,0.5438464186378025
с учётом цензуры,3.986328568946657
с учётом цензуры,3.3300463663172395
с учётом цензуры,4.297599044685513
с учётом цензуры,4.3834056811362965
с учётом цензуры,0.5263618102143894
с учётом цензуры,4.907218441003844
с учётом цензуры,7.380442896250245
с учётом цензуры,4.751499567879961
с учётом цензуры,3.280602246843529
с учётом цензуры,5.824733844598308
с учётом цензуры,1.7070464450139278
с учётом цензуры,3.7832525558444106
с учётом цензуры,6.937662267255085
с учётом цензуры,48.719898919587784
с учётом цензуры,20.15711135441366
с учётом цензуры,19.057707189147283
с учётом цензуры,0.600022467560951
с учётом цензуры,4.961922572737479
с учётом цензуры,0.9147084156821055
с учётом цензуры,12.369843586413912
с учётом цензуры,2.519037500889337
с учётом цензуры,10.15480517056441
с учётом цензуры,6.754414871079242
с учётом цензуры,8.275833565432707
с учётом цензуры,0.9576520754595651
с учётом цензуры,7.047712374085664
с учётом цензуры,17.275475755538494
с учётом цензуры,7.538025847781093
с учётом цензуры,6.67150249860723
с учётом цензуры,9.226678363422842
с учётом цензуры,5.268859740937047
с учётом цензуры,5.921155010030567
с учётом цензуры,2.2554525893462904
с учётом цензуры,7.262760306435974
с учётом цензуры,10.121690603714528
с учётом цензуры,1.6093668573718738
с учётом цензуры,7.778688018509339
с учётом цензуры,2.7518451102609998
с учётом цензуры,11.77009525726486
с учётом цензуры,7.636985284003116
с учётом цензуры,3.2172968389634224
с учётом цензуры,18.185558637490182
с учётом цензуры,7.296533133439941
с учётом цензуры,10.158992769758719
с учётом цензуры,6.220239187656789
с учётом цензуры,7.676310178747466
с учётом цензуры,10.828792431074897
с учётом цензуры,8.287537921547505
с учётом цензуры,3.744627029513165
с учётом цензуры,6.74677455217101
с учётом цензуры,10.580619369007334
с учётом цензуры,0.2611088294775117
с учётом цензуры,3.5766621991691903
с учётом цензуры,5.050303941574231
с учётом цензуры,12.819211113004052
с учётом цензуры,1.6362792906412562
с учётом цензуры,0.08008818580863
с учётом цензуры,8.699483112650446
с учётом цензуры,13.543362265153274
с учётом цензуры,2.797451926102694
с учётом цензуры,5.013700528259182
с учётом цензуры,7.246964737020546
с учётом цензуры,10.111544166321767
с учётом цензуры,4.3899092539015125
с учётом цензуры,32.577779456748814
с учётом цензуры,5.070220150010381
с учётом цензуры,2.049560078312943
с учётом цензуры,23.409390152370726
с учётом цензуры,2.8755908329642663
с учётом цензуры,1.3561366986068684
с учётом цензуры,2.772971594568843
с учётом цензуры,5.548040449212054
с учётом цензуры,13.646834812163664
с учётом цензуры,10.613000502870928
с учётом цензуры,4.191866068942483
с учётом цензуры,10.62866238495572
с учётом цензуры,2.7203618455438976
с учётом цензуры,18.839215976307173
с учётом цензуры,6.657184064155297
с учётом цензуры,4.526598812394041
с учётом цензуры,6.583632874043781
с учётом цензуры,5.546123901707926
с учётом цензуры,4.044783825738374
с учётом цензуры,2.8379881419252273
с учётом цензуры,1.750183322242341
с учётом цензуры,18.018154910265
с учётом цензуры,9.373893985978697
с учётом цензуры,2.9319415418195987
с учётом цензуры,0.17825971148695824
с учётом цензуры,3.5399266046479605
с учётом цензуры,1.1966276738404091
с учётом цензуры,5.125168538139109
с учётом цензуры,8.246918715121573
с учётом цензуры,0.9763837662253371
с учётом цензуры,3.1281700345479475
с учётом цензуры,4.554916032753692
с учётом цензуры,3.502650074180431
с учётом цензуры,4.609956216325963
с учётом цензуры,2.9688108501989197
с учётом цензуры,1.0361525645494276
с учётом цензуры,0.8197290865771393
с учётом цензуры,26.96603503086268
с учётом цензуры,8.536619079195862
с учётом цензуры,16.06374505185803
с учётом цензуры,24.06116357162133
с учётом цензуры,3.317957590051618
с учётом цензуры,11.511323835858828
с учётом цензуры,9.093703588778139
с учётом цензуры,16.454085928142447
с учётом цензуры,30.79024996845663
с учётом цензуры,7.255096451969904
с учётом цензуры,1.8936498993106832
с учётом цензуры,6.399019613401929
с учётом цензуры,6.563469476553938
с учётом цензуры,2.584894241987236
с учётом цензуры,34.565781735692326
с учётом цензуры,8.318035183697406
с учётом цензуры,2.695283765035425
с учётом цензуры,1.851357768735914
с учётом цензуры,7.9854951666570155
с учётом цензуры,11.671048187519498
с учётом цензуры,3.1685137868050237
с учётом цензуры,6.242597101555898
с учётом цензуры,6.643957823002724
с учётом цензуры,7.547537379330966
с учётом цензуры,16.053141582827198
с учётом цензуры,10.081157301205764
с учётом цензуры,10.345745563135194
с учётом цензуры,12.94981500070591
с учётом цензуры,8.402437533004948
с учётом цензуры,1.4329532111167758
с учётом цензуры,4.055307165453252
с учётом цензуры,9.917279034132378
с учётом цензуры,13.652965676332986
с учётом цензуры,10.530999451479854
с учётом цензуры,9.38363450502811
с учётом цензуры,4.635866150288455
с учётом цензуры,1.8042088617391747
с учётом цензуры,30.43525324796854
с учётом цензуры,8.36897910730777
с учётом цензуры,3.0713370396688897
с учётом цензуры,7.820993534107049
с учётом цензуры,9.361660451181606
с учётом цензуры,2.0169902691880996
с учётом цензуры,0.3051726082087272
с учётом цензуры,31.15121549876082
с учётом цензуры,0.8609246071489087
с учётом цензуры,6.029143935857135
с учётом цензуры,11.851870041945352
с учётом цензуры,2.334853362827974
с учётом цензуры,4.497343092930469
с учётом цензуры,34.86843765075559
с учётом цензуры,16.60872810205705
с учётом цензуры,18.20977123903883
с учётом цензуры,10.821955298533839
с учётом цензуры,4.1840975778546925
с учётом цензуры,24.505380421001284
с учётом цензуры,1.5246934889348733
с учётом цензуры,2.131439196858248
с учётом цензуры,2.126421994512605
с учётом цензуры,3.9327835184064246
с учётом цензуры,1.405831633872341
с учётом цензуры,24.82507702919397
с учётом цензуры,20.326288697040408
с учётом цензуры,20.380085992155195
с учётом цензуры,3.6648396766191023
с учётом цензуры,4.788385061934125
с учётом цензуры,0.5592222209861925
с учётом цензуры,11.030961636754476
с учётом цензуры,1.7384942412354314
с учётом цензуры,9.62848675317482
с учётом цензуры,7.2696070388361935
с учётом цензуры,10.774417158367587
с учётом цензуры,1.7712443303639065
с учётом цензуры,9.293422171180897
с учётом цензуры,10.897614242327391
с учётом цензуры,6.700272113725397
с учётом цензуры,9.026025756823326
с учётом цензуры,2.361877722901811
с учётом цензуры,1.9065771982754236
с учётом цензуры,3.2398835145403275
с учётом цензуры,2.1240693819738223
с учётом цензуры,7.146617078781384
с учётом цензуры,4.8082644974194455
с учётом цензуры,5.138018484835479
с учётом цензуры,7.989040106215333
с учётом цензуры,9.064839042081335
с учётом цензуры,7.5398918526545184
с учётом цензуры,2.4276931188580217
с учётом цензуры,2.640365333476907
с учётом цензуры,4.774646316530169
с учётом цензуры,3.2496215321987516
с учётом цензуры,7.122776365987514
с учётом цензуры,2.584530855014865
с учётом цензуры,9.309149002165084
с учётом цензуры,3.5245530992824694
с учётом цензуры,9.1602475029256
с учётом цензуры,4.671031218407078
с учётом цензуры,8.55488171829679
с учётом цензуры,5.338550329487221
с учётом цензуры,2.9923837134129814
с учётом цензуры,7.5172283295376054
с учётом цензуры,13.078153912589002
с учётом цензуры,7.160922618402491
с учётом цензуры,0.9029604271847571
с учётом цензуры,4.689873228147484
с учётом цензуры,0.838714650667999
с учётом цензуры,4.677872170628292
с учётом цензуры,10.376528937603453
с учётом цензуры,4.078017251135899
с учётом цензуры,4.604564308552362
с учётом цензуры,6.5948196150206
с учётом цензуры,0.38451383875896344
с учётом цензуры,17.988147347989706
с учётом цензуры,6.074898344455411
с учётом цензуры,1.7509144174618816
с учётом цензуры,2.097320948469938
с учётом цензуры,13.376305943404832
с учётом цензуры,2.515278378417188
с учётом цензуры,2.139422458856192
с учётом цензуры,3.399931042597057
с учётом цензуры,4.228906571394274
с учётом цензуры,1.5973607992578602
с учётом цензуры,14.031973970480195
с учётом цензуры,18.267307172027063
с учётом цензуры,5.514816484881727
с учётом цензуры,6.863383871873156
с учётом цензуры,0.3484312663130913
с учётом цензуры,8.467010730050935
с учётом цензуры,0.8211834886834363
с учётом цензуры,12.497229370814061
с учётом цензуры,9.352401756884477
с учётом цензуры,6.886756646467977
с учётом цензуры,29.812277092669863
с учётом цензуры,0.8569915957819324
с учётом цензуры,4.825958718321274
с учётом цензуры,5.3727835752042665
с учётом цензуры,12.939260557364568
с учётом цензуры,3.5356664557916946
с учётом цензуры,7.774267454384238
с учётом цензуры,2.227255326859345
с учётом цензуры,5.440035695306235
с учётом цензуры,2.6753694250457922
с учётом цензуры,1.65576195901266
с учётом цензуры,8.427632934850301
с учётом цензуры,13.619875032689386
с учётом цензуры,4.330417617302725
с учётом цензуры,4.426026200584955
с учётом цензуры,12.803527654570622
с учётом цензуры,3.405351690003103
с учётом цензуры,8.21865011560163
с учётом цензуры,3.178542686534064
с учётом цензуры,23.51625210811367
с учётом цензуры,5.772081050209808
с учётом цензуры,14.953796629275505
с учётом цензуры,3.3714063588742835
с учётом цензуры,1.3765923387547656
с учётом цензуры,7.616610842048322
с учётом цензуры,11.186737494304705
с учётом цензуры,9.821355337141291
с учётом цензуры,1.2006493304408776
с учётом цензуры,9.206556793524099
с учётом цензуры,2.3322888028576503
с учётом цензуры,7.45484224478625
с учётом цензуры,6.282017598297511
с учётом цензуры,19.386352968177018
с учётом цензуры,5.207359919832467
с учётом цензуры,4.0143231069972325
с учётом цензуры,5.708658892460374
с учётом цензуры,5.241008924603516
с учётом цензуры,10.249230201653631
с учётом цензуры,8.428735597363318
с учётом цензуры,6.361665518892135
с учётом цензуры,10.562078476783865
с учётом цензуры,3.353551966413659
с учётом цензуры,6.968125458197293
с учётом цензуры,14.434048279456066
с учётом цензуры,5.775342269722519
с учётом цензуры,3.0377590974152446
с учётом цензуры,2.048088207586609
с учётом цензуры,2.0188079272382993
с учётом цензуры,10.209441452610589
с учётом цензуры,3.707991392379255
с учётом цензуры,6.065714212075903
с учётом цензуры,8.088101877644451
с учётом цензуры,1.9125761640657837
с учётом цензуры,12.864122713181652
с учётом цензуры,1.1140351540375635
с учётом цензуры,6.303863238542993
с учётом цензуры,5.49293816455465
с учётом цензуры,9.50730048452672
с учётом цензуры,11.890705554627381
с учётом цензуры,22.775547086311146
с учётом цензуры,3.7324939890399604
с учётом цензуры,3.2221306896019315
с учётом цензуры,7.37823355915713
с учётом цензуры,5.703240268561358
с учётом цензуры,2.075525241898121
с учётом цензуры,5.273101103746809
с учётом цензуры,9.001896427531296
с учётом цензуры,8.52076575655121
с учётом цензуры,15.648129745777652
с учётом цензуры,14.69617733987737
с учётом цензуры,8.289647724893797
с учётом цензуры,2.0055190859382277
с учётом цензуры,13.67801041016573
с учётом цензуры,15.944715378522595
с учётом цензуры,2.228849640604286
с учётом цензуры,1.1350983049537477
с учётом цензуры,7.303170852612695
с учётом цензуры,3.3137832513121985
с учётом цензуры,6.95529541323253
с учётом цензуры,9.295200713699927
с учётом цензуры,11.879610361926158
с учётом цензуры,4.205769455477839
с учётом цензуры,2.8239337645982516
с учётом цензуры,6.74821881662247
с учётом цензуры,2.1360471878652367
с учётом цензуры,0.5391854839965503
с учётом цензуры,21.846479189829985
с учётом цензуры,6.211893377696313
с учётом цензуры,24.71029513168841
с учётом цензуры,5.795435736536608
с учётом цензуры,0.36171647460751316
с учётом цензуры,0.3956747914947734
с учётом цензуры,1.1559023144761604
с учётом цензуры,0.13970527934555046
с учётом цензуры,6.687691508563272
с учётом цензуры,8.410998829450065
с учётом цензуры,26.23224187160698
с учётом цензуры,4.651880388616856
с учётом цензуры,3.0462340326983743
с учётом цензуры,9.155739212887621
с учётом цензуры,5.4192802156094615
с учётом цензуры,13.891729756454248
с учётом цензуры,4.376329234871313
с учётом цензуры,4.077183815995578
с учётом цензуры,6.622178552508953
с учётом цензуры,0.4009776274628109
с учётом цензуры,10.932796354360732
с учётом цензуры,14.10624686339219
с учётом цензуры,9.568012976202185
с учётом цензуры,7.979881356016605
с учётом цензуры,7.377696626612901
с учётом цензуры,8.76004056071831
с учётом цензуры,4.732704748567434
с учётом цензуры,8.781524467980663
с учётом цензуры,22.91264966649632
с учётом цензуры,2.4092544627135304
с учётом цензуры,1.0251170718741012
с учётом цензуры,2.655778662163121
с учётом цензуры,3.7441482067940144
с учётом цензуры,14.128073231610621
с учётом цензуры,4.623614136985623
с учётом цензуры,4.073841051370975
с учётом цензуры,0.18630488742968204
с учётом цензуры,3.1753642397161435
с учётом цензуры,8.049472089074944
с учётом цензуры,1.4753634178463166
с учётом цензуры,3.7650321215674993
с учётом цензуры,3.081601175082982
с учётом цензуры,24.96846101872308
с учётом цензуры,28.188349968452094
с учётом цензуры,2.644431351810541
с учётом цензуры,5.128354670297302
с учётом цензуры,1.267567432665798
с учётом цензуры,7.329168369734456
с учётом цензуры,9.84347800561411
с учётом цензуры,6.049935534855354
с учётом цензуры,11.371118558401307
с учётом цензуры,8.456059917873596
с учётом цензуры,12.518168419255788
с учётом цензуры,1.3414378599236711
с учётом цензуры,7.72991082008187
с учётом цензуры,4.170671514613542
с учётом цензуры,27.802043972411724
с учётом цензуры,13.047809159764551
с учётом цензуры,6.368756206750726
с учётом цензуры,1.0438676501605815
с учётом цензуры,6.375999603004485
с учётом цензуры,0.8933951253217582
с учётом цензуры,0.9292652793013384
с учётом цензуры,2.5151462927284003
с учётом цензуры,5.519887646964465
с учётом цензуры,9.258141838673735
с учётом цензуры,17.506096026731704
с учётом цензуры,13.35845748839798
с учётом цензуры,2.6616170579720704
с учётом цензуры,5.160545756033389
с учётом цензуры,5.213263851500569
с учётом цензуры,9.88831150664713
с учётом цензуры,5.338061666634211
с учётом цензуры,11.435802246190713
с учётом цензуры,13.838077016415696
с учётом цензуры,3.8324088996631076
с учётом цензуры,5.237558978086903
с учётом цензуры,0.39844800229577343
с учётом цензуры,3.7283247672461126
с учётом цензуры,1.7141619748936947
с учётом цензуры,4.125161533133001
с учётом цензуры,7.349225146029295
с учётом цензуры,4.062358909391861
с учётом цензуры,19.706928724047216
с учётом цензуры,2.288103576967284
с учётом цензуры,2.8681201888594154
с учётом цензуры,4.795153969096545
с учётом цензуры,21.900690748205154
с учётом цензуры,6.3258331666930445
с учётом цензуры,3.3917357737365097
с учётом цензуры,9.848985359541425
с учётом цензуры,9.076445858624187
с учётом цензуры,4.582014350427967
с учётом цензуры,0.8985828750953962
с учётом цензуры,7.441961122956713
с учётом цензуры,18.997076388717698
с учётом цензуры,12.468171079743744
с учётом цензуры,7.12088758176052
с учётом цензуры,10.48685358155399
с учётом цензуры,6.75517704877497
с учётом цензуры,4.365690191356437
с учётом цензуры,10.087120826403654
с учётом цензуры,6.922150534635335
с учётом цензуры,12.991781641163143
с учётом цензуры,1.8152396774403934
с учётом цензуры,10.638084454276619
с учётом цензуры,15.345141277721252
с учётом цензуры,8.512400138386088
с учётом цензуры,7.946240289940512
с учётом цензуры,5.664420306550489
с учётом цензуры,3.5379493870950207
с учётом цензуры,10.839040532489674
с учётом цензуры,2.021077126013498
с учётом цензуры,0.2505177024197211
с учётом цензуры,12.52203741888724
с учётом цензуры,9.179057437812402
с учётом цензуры,6.396759860158488
с учётом цензуры,2.253312581281693
с учётом цензуры,3.1345951922678545
с учётом цензуры,5.584669164502785
с учётом цензуры,14.790998964284215
с учётом цензуры,2.622718075434845
с учётом цензуры,3.140108300815292
с учётом цензуры,0.6309906735377271
с учётом цензуры,5.820559746351139
с учётом цензуры,4.724536013259411
с учётом цензуры,5.648438553902998
с учётом цензуры,7.957695706756376
с учётом цензуры,4.955213973543339
с учётом цензуры,1.5034144940076624
с учётом цензуры,5.411375466360889
с учётом цензуры,21.405637716074708
с учётом цензуры,6.35418929475073
с учётом цензуры,7.091921139600032
с учётом цензуры,21.82267271798812
с учётом цензуры,18.197566089884475
с учётом цензуры,4.6608454547022635
с учётом цензуры,8.636646901746667
с учётом цензуры,8.487438139912618
с учётом цензуры,3.476548884984555
с учётом цензуры,8.71704970973707
с учётом цензуры,14.014375071629452
с учётом цензуры,7.996543846384121
с учётом цензуры,6.720601148694639
с учётом цензуры,2.6733947016938324
с учётом цензуры,0.16199740913702326
с учётом цензуры,11.045257876047724
с учётом цензуры,7.356605711820264
с учётом цензуры,18.291389393688554
с учётом цензуры,5.852352414738961
с учётом цензуры,9.605247458482953
с учётом цензуры,3.2901709418602367
с учётом цензуры,3.7857085695982713
с учётом цензуры,7.738079223090007
с учётом цензуры,16.639850242118754
с учётом цензуры,5.815259176325625
с учётом цензуры,12.962089364707317
с учётом цензуры,2.167362648995306
с учётом цензуры,34.812166750861714
с учётом цензуры,2.4474350332084414
с учётом цензуры,7.036253273762013
с учётом цензуры,3.282909628191065
с учётом цензуры,2.148053443571137
с учётом цензуры,7.114021746536208
с учётом цензуры,1.7190854800065158
с учётом цензуры,3.9926075469845617
с учётом цензуры,6.298166839313365
с учётом цензуры,7.249782365145741
с учётом цензуры,11.546215800179391
с учётом цензуры,12.264788358556618
с учётом цензуры,24.332210461687584
с учётом цензуры,2.844293342055166
с учётом цензуры,7.567202006605273
с учётом цензуры,1.833739500771628
с учётом цензуры,14.401563760489186
с учётом цензуры,1.972914337900733
с учётом цензуры,6.382328813330773
с учётом цензуры,3.5512910692846082
с учётом цензуры,7.115787413949443
с учётом цензуры,4.09717476477989
с учётом цензуры,7.5224496517382935
с учётом цензуры,6.927622137543491
с учётом цензуры,2.8475563973650413
с учётом цензуры,5.255484047225768
с учётом цензуры,7.14743002427264
с учётом цензуры,1.7508807119990166
с учётом цензуры,7.053378356545464
с учётом цензуры,4.107722114255324
с учётом цензуры,0.1286333870154386
с учётом цензуры,3.3863263761348628
с учётом цензуры,12.606865186924216
с учётом цензуры,12.404568096741095
с учётом цензуры,10.280940003824524
с учётом цензуры,2.985184214388819
с учётом цензуры,14.828540275950347
с учётом цензуры,3.3480237760118223
с учётом цензуры,3.245564493036161
с учётом цензуры,6.378208657763463
с учётом цензуры,10.321471686162887
с учётом цензуры,4.405786383858203
с учётом цензуры,4.187987963409981
с учётом цензуры,5.939932616977606
с учётом цензуры,6.427558423891317
с учётом цензуры,16.097484029469644
с учётом цензуры,3.8735582922613188
с учётом цензуры,15.28841203194738
с учётом цензуры,1.5610118265945188
с учётом цензуры,1.202284936073718
с учётом цензуры,5.894116530840607
с учётом цензуры,13.326814982385926
с учётом цензуры,8.784450337039635
с учётом цензуры,5.775274622946433
с учётом цензуры,10.835331057870173
с учётом цензуры,5.725204747921538
с учётом цензуры,2.835847917849631
с учётом цензуры,14.353677945957514
с учётом цензуры,31.636978272337704
с учётом цензуры,2.882980661203016
с учётом цензуры,9.221071426027313
с учётом цензуры,5.5552126060530025
с учётом цензуры,2.5483303912384363
с учётом цензуры,4.0038458692558505
с учётом цензуры,6.116056331921126
с учётом цензуры,22.539354242619652
с учётом цензуры,10.959738456859792
с учётом цензуры,6.331289963720998
с учётом цензуры,10.08006711193944
с учётом цензуры,12.250346817368207
с учётом цензуры,14.038361932782479
с учётом цензуры,0.11726770498395991
с учётом цензуры,3.093271062213802
с учётом цензуры,3.813306283120129
с учётом цензуры,5.802218536299353
с учётом цензуры,2.500591962720719
с учётом цензуры,1.1157984680959887
с учётом цензуры,0.19883084483854196
с учётом цензуры,5.0163653493180025
с учётом цензуры,13.27999943923053
с учётом цензуры,0.16041483452847446
с учётом цензуры,13.531535883555964
с учётом цензуры,9.423573872103297
с учётом цензуры,2.029485369870314
с учётом цензуры,6.570459233074324
с учётом цензуры,0.7349077842553384
с учётом цензуры,13.55215195959087
с учётом цензуры,1.92080998240794
с учётом цензуры,71.54136550242468
с учётом цензуры,8.843557275011735
с учётом цензуры,0.48393219576178215
с учётом цензуры,10.65186876601564
с учётом цензуры,6.406374830989888
с учётом цензуры,0.32279715928892205
с учётом цензуры,13.919694256533285
с учётом цензуры,3.5042987395899186
с учётом цензуры,7.771508682060361
с учётом цензуры,10.341555538882423
с учётом цензуры,2.6622298566011064
с учётом цензуры,7.581977991739668
с учётом цензуры,3.7478915410550204
с учётом цензуры,12.04935043160446
с учётом цензуры,4.17467674225296
с учётом цензуры,6.1941090898800635
с учётом цензуры,4.328808578101558
с учётом цензуры,15.134097376995374
с учётом цензуры,3.852961512438925
с учётом цензуры,0.7026275185700204
с учётом цензуры,14.998806365572353
с учётом цензуры,12.717232974628535
с учётом цензуры,3.7281559605711876
с учётом цензуры,1.9377513539134545
с учётом цензуры,2.4804751898926694
с учётом цензуры,10.303276949316457
с учётом цензуры,5.813476685950498
с учётом цензуры,11.331962031668404
с учётом цензуры,2.5180482913783138
с учётом цензуры,3.1562701691672608
с учётом цензуры,4.000994571207315
с учётом цензуры,8.944333863365427
с учётом цензуры,14.799566937572136
с учётом цензуры,2.1948954103187486
с учётом цензуры,9.925949999704017
с учётом цензуры,9.348399149291605
с учётом цензуры,15.029603152046331
с учётом цензуры,2.9062057026724837
с учётом цензуры,5.578322052064689
с учётом цензуры,4.181323132642262
с учётом цензуры,0.3605380419690182
с учётом цензуры,8.594143878360619
с учётом цензуры,1.8411855886680353
с учётом цензуры,9.48654321671039
с учётом цензуры,7.794246455985965
с учётом цензуры,4.137128851389795
с учётом цензуры,11.261241641590948
с учётом цензуры,2.1523349650833237
с учётом цензуры,5.765838036912589
с учётом цензуры,1.2963656002804451
с учётом цензуры,3.6562134483810818
с учётом цензуры,5.400572529895804
с учётом цензуры,4.337691011518385
с учётом цензуры,8.165870398016379
с учётом цензуры,12.285641133689799
с учётом цензуры,1.7240285017205008
с учётом цензуры,26.687164399825225
с учётом цензуры,7.150491918416397
с учётом цензуры,0.9167492937628354
с учётом цензуры,11.131668834204946
с учётом цензуры,8.4010971281531
с учётом цензуры,5.235246872426915
с учётом цензуры,8.990099562748274
с учётом цензуры,18.05851905032573
с учётом цензуры,8.241454690497564
с учётом цензуры,3.7693767244583043
с учётом цензуры,21.696118630037148
с учётом цензуры,8.13961246093934
с учётом цензуры,4.66522537242181
с учётом цензуры,14.4790170514468
с учётом цензуры,4.880764173253971
с учётом цензуры,6.562976961010655
с учётом цензуры,3.8996782590039163
с учётом цензуры,0.2699688334934507
с учётом цензуры,5.793435626586061
с учётом цензуры,10.00989795191056
с учётом цензуры,4.13355697485728
с учётом цензуры,3.153002793003094
с учётом цензуры,4.5615937269615285
с учётом цензуры,15.612242892439772
с учётом цензуры,5.7725401571385335
с учётом цензуры,4.952385212855204
с учётом цензуры,1.5574749525809235
с учётом цензуры,14.303509806734642
с учётом цензуры,8.532657630998795
с учётом цензуры,3.6737372334804737
с учётом цензуры,9.798202944230685
с учётом цензуры,3.2617603090972187
с учётом цензуры,14.811923367859958
с учётом цензуры,2.5733775713313514
с учётом цензуры,10.438993229055946
с учётом цензуры,14.029053590646617
с учётом цензуры,6.977183734450506
с учётом цензуры,8.414266325996033
с учётом цензуры,0.44572120915583713
с учётом цензуры,14.349671591378565
с учётом цензуры,6.834012504322082
с учётом цензуры,13.48942155665349
с учётом цензуры,7.204728999229629
с учётом цензуры,1.8104900917012792
с учётом цензуры,6.035688314894548
с учётом цензуры,30.78401298278331
с учётом цензуры,3.9086813671586023
с учётом цензуры,7.9516929029784915
с учётом цензуры,2.941039015019667
с учётом цензуры,2.0289875566334947
с учётом цензуры,13.434968250268899
с учётом цензуры,9.538414157494522
с учётом цензуры,5.333043282832092
с учётом цензуры,0.43913976741285
с учётом цензуры,9.358809595366889
с учётом цензуры,0.7072559936037812
с учётом цензуры,11.562979736659052
с учётом цензуры,7.316568976267014
с учётом цензуры,2.973228581910295
с учётом цензуры,3.721835441022431
с учётом цензуры,4.640963276778316
с учётом цензуры,2.64650723744357
с учётом цензуры,6.257549195484517
с учётом цензуры,8.157666455440705
с учётом цензуры,16.901096554803495
с учётом цензуры,3.005109983233358
с учётом цензуры,1.8267596078071855
с учётом цензуры,2.406525785385458
с учётом цензуры,4.4236964302147435
с учётом цензуры,2.161198037927511
с учётом цензуры,8.306782011199111
с учётом цензуры,4.885584124742914
с учётом цензуры,22.315371106477304
с учётом цензуры,4.778768192367149
с учётом цензуры,10.866320462357807
с учётом цензуры,3.6306486961280946
с учётом цензуры,2.458807283160025
с учётом цензуры,2.8221316830854706
с учётом цензуры,0.8920972034793883
с учётом цензуры,7.406455919749451
с учётом цензуры,2.278393789044791
с учётом цензуры,3.901166300216316
с учётом цензуры,5.7032635344138845
с учётом цензуры,5.38543635001232
с учётом цензуры,4.3974747624222195
с учётом цензуры,0.5260172764202958
с учётом цензуры,4.641144726276168
с учётом цензуры,0.986693650067028
с учётом цензуры,3.1615504171356728
с учётом цензуры,1.7265426111186963
с учётом цензуры,1.733727296749528
с учётом цензуры,4.086996586397466
с учётом цензуры,5.617766921471655
с учётом цензуры,13.364799138668351
с учётом цензуры,4.105824068699588
с учётом цензуры,5.35263902099537
с учётом цензуры,11.350114373950646
с учётом цензуры,2.7156413270259367
с учётом цензуры,14.323708431220373
с учётом цензуры,21.226904609680293
с учётом цензуры,2.920575524544904
с учётом цензуры,2.835571162731017
с учётом цензуры,3.271149518939231
с учётом цензуры,18.58377349051594
с учётом цензуры,9.551497377011632
с учётом цензуры,11.621552073445748
с учётом цензуры,3.869609599225922
с учётом цензуры,10.43577176038566
с учётом цензуры,1.0371912964044907
с учётом цензуры,2.172428441156898
с учётом цензуры,14.656193449688129
с учётом цензуры,1.0894051750979667
с учётом цензуры,9.976935138334028
с учётом цензуры,13.212864710806802
с учётом цензуры,1.6960912206601968
с учётом цензуры,2.8598648305189167
с учётом цензуры,7.85035341185484
с учётом цензуры,8.146386129915532
с учётом цензуры,15.066331093740942
с учётом цензуры,13.90997903481365
с учётом цензуры,0.5797496409788686
с учётом цензуры,1.6497016208432695
с учётом цензуры,20.233403846778533
с учётом цензуры,2.308091847832748
с учётом цензуры,14.375642944835652
с учётом цензуры,5.202634886632759
с учётом цензуры,5.807963989141872
с учётом цензуры,3.0698468094072746
с учётом цензуры,4.099051047952128
с учётом цензуры,3.1535715534221853
с учётом цензуры,8.739803366820341
с учётом цензуры,1.3696931827935714
с учётом цензуры,6.5949798742791685
с учётом цензуры,9.04569957956189
с учётом цензуры,4.645397911581844
с учётом цензуры,17.767185462798317
с учётом цензуры,7.188134728184346
с учётом цензуры,6.839479557504229
с учётом цензуры,11.295328501686514
с учётом цензуры,2.474652278438457
с учётом цензуры,17.740538685027996
с учётом цензуры,1.5114894136548294
с учётом цензуры,2.948657774749292
с учётом цензуры,4.540673537543677
с учётом цензуры,2.2425199201111696
с учётом цензуры,16.47430803314267
с учётом цензуры,0.9884317114180257
с учётом цензуры,5.560105922283108
с учётом цензуры,7.077023957118053
с учётом цензуры,4.206107753205144
с учётом цензуры,0.17861739593363812
с учётом цензуры,9.660901643753135
с учётом цензуры,14.0396267754458
с учётом цензуры,13.052485559685278
с учётом цензуры,13.509852150131634
с учётом цензуры,8.231359675359156
с учётом цензуры,5.43444524166423
с учётом цензуры,8.371614428233615
с учётом цензуры,3.8372753863447593
с учётом цензуры,5.541285751230582
с учётом цензуры,7.035813821980867
с учётом цензуры,18.242501617671532
с учётом цензуры,5.767823151180826
с учётом цензуры,8.85811183834005
с учётом цензуры,3.547133914203854
с учётом цензуры,3.646120672644118
с учётом цензуры,7.757659380302378
с учётом цензуры,6.055670255489152
с учётом цензуры,25.476609859676568
с учётом цензуры,3.7032433899440447
с учётом цензуры,5.200977081194305
с учётом цензуры,1.9774596089149976
с учётом цензуры,3.04237089057394
с учётом цензуры,1.98439388568447
с учётом цензуры,7.197634890149685
с учётом цензуры,24.594234057722332
с учётом цензуры,11.49740038741016
с учётом цензуры,16.369673990744293
с учётом цензуры,12.528444812881629
с учётом цензуры,5.150811971510309
с учётом цензуры,4.99453248161438
с учётом цензуры,1.722942488021869
с учётом цензуры,1.2610582512632473
с учётом цензуры,13.11077747851444
с учётом цензуры,2.0552476806428257
с учётом цензуры,1.9019055375480927
с учётом цензуры,7.378180680495228
с учётом цензуры,9.238558704083777
с учётом цензуры,1.8326236450557327
с учётом цензуры,3.987149022108446
с учётом цензуры,6.94963949970566
с учётом цензуры,5.535695974943982
с учётом цензуры,10.021735155319627
с учётом цензуры,4.65709115328224
с учётом цензуры,21.11901241190031
с учётом цензуры,8.070241665027908
с учётом цензуры,1.864692755011259
с учётом цензуры,14.285536560439684
с учётом цензуры,4.296446603586578
с учётом цензуры,1.677175076882538
с учётом цензуры,0.8369719303358607
с учётом цензуры,3.507229493545126
с учётом цензуры,3.5963522768219804
с учётом цензуры,10.823321102889444
с учётом цензуры,10.63776172167217
с учётом цензуры,5.342015605501344
с учётом цензуры,3.7831435398498887
с учётом цензуры,1.671510693437002
с учётом цензуры,7.024976959681972
с учётом цензуры,20.169708250535205
с учётом цензуры,8.836877835337521
с учётом цензуры,2.8053199543951637
с учётом цензуры,12.500327965407834
с учётом цензуры,13.957908894390014
с учётом цензуры,6.931326855871118
с учётом цензуры,7.0604207138221895
с учётом цензуры,7.015456430334792
с учётом цензуры,3.651907583721214
с учётом цензуры,5.881942614016676
с учётом цензуры,1.7960101742856598
с учётом цензуры,0.9721517857333142
с учётом цензуры,11.748832828117168
с учётом цензуры,8.025535106290182
с учётом цензуры,7.422852427665365
с учётом цензуры,4.694560851018669
с учётом цензуры,3.444321499284964
с учётом цензуры,6.24030978498393
с учётом цензуры,2.6167693292067433
с учётом цензуры,29.71000946668034
с учётом цензуры,4.259848480115597
с учётом цензуры,4.830742406692337
с учётом цензуры,21.14123149176102
с учётом цензуры,14.111671318841728
с учётом цензуры,16.633668403007583
с учётом цензуры,13.02341109317005
с учётом цензуры,4.150445457966159
с учётом цензуры,7.132218144012542
с учётом цензуры,0.5676437117493632
с учётом цензуры,1.044232480421687
с учётом цензуры,6.013218876047148
с учётом цензуры,3.1195501621260795
с учётом цензуры,8.967088796114918
с учётом цензуры,15.69908927772548
с учётом цензуры,12.67939209576484
с учётом цензуры,1.4419216873815133
с учётом цензуры,4.732301165518
с учётом цензуры,2.1444582973139337
с учётом цензуры,5.495898799123831
с учётом цензуры,3.684711764895572
с учётом цензуры,5.414393851965673
с учётом цензуры,4.236010598697888
с учётом цензуры,8.347024885425725
с учётом цензуры,7.852436456106218
с учётом цензуры,16.18299208342256
с учётом цензуры,6.858249826614375
с учётом цензуры,5.676835024197363
с учётом цензуры,3.7160625078144855
с учётом цензуры,9.522979722187612
с учётом цензуры,16.757283737354495
с учётом цензуры,10.408927761551581
с учётом цензуры,10.93971912599031
с учётом цензуры,5.387320091705077
с учётом цензуры,1.5939651022247823
с учётом цензуры,3.7830813422049525
с учётом цензуры,3.7088552874943934
с учётом цензуры,10.414786185562036
с учётом цензуры,11.313666373375462
с учётом цензуры,0.6877457721922614
с учётом цензуры,2.498863301585274
с учётом цензуры,2.9807846210260536
с учётом цензуры,2.200233910534889
с учётом цензуры,0.5726725940944182
с учётом цензуры,1.1475362732494965
с учётом цензуры,3.1011457920707577
с учётом цензуры,6.374153776457105
с учётом цензуры,12.076836424804437
с учётом цензуры,4.675007982801951
с учётом цензуры,2.074463082153426
с учётом цензуры,3.3289818788874093
с учётом цензуры,1.2075221852604519
с учётом цензуры,3.269875790241214
с учётом цензуры,4.0357803268196495
с учётом цензуры,11.249850297529576
с учётом цензуры,18.453648793664282
с учётом цензуры,5.85012321999922
с учётом цензуры,10.922010199137441
с учётом цензуры,1.7247640792572523
с учётом цензуры,1.2459498944909126
с учётом цензуры,4.772672495087549
с учётом цензуры,6.719223115733741
с учётом цензуры,3.16303691925867
с учётом цензуры,4.837663547546384
с учётом цензуры,0.8951856815431254
с учётом цензуры,14.722517251132288
с учётом цензуры,0.8638527391606887
с учётом цензуры,8.427501762269877
с учётом цензуры,7.5833120509012595
с учётом цензуры,4.612652374228061
с учётом цензуры,2.8201064596891907
с учётом цензуры,6.527366711564905
с учётом цензуры,0.9748958833201261
с учётом цензуры,3.4286179408522055
с учётом цензуры,16.242269655283007
с учётом цензуры,3.69990202920387
с учётом цензуры,4.885422565626916
с учётом цензуры,3.523663160946663
с учётом цензуры,10.375013164045793
с учётом цензуры,16.35811365502714
с учётом цензуры,2.1279479495110696
с учётом цензуры,11.021072976584232
с учётом цензуры,5.171490875093094
с учётом цензуры,9.723814917545084
с учётом цензуры,10.612019618433635
с учётом цензуры,4.027125847071314
с учётом цензуры,16.44435800252203
с учётом цензуры,13.282172830337613
с учётом цензуры,14.377142458672582
с учётом цензуры,2.1082654741207514
с учётом цензуры,7.009399578929548
с учётом цензуры,10.36896627246479
с учётом цензуры,4.831656838330085
с учётом цензуры,6.81551572868373
с учётом цензуры,3.7901316709791955
с учётом цензуры,12.935224022256584
с учётом цензуры,0.08926166701451299
с учётом цензуры,5.41249061816989
с учётом цензуры,4.599277654211038
с учётом цензуры,8.962431170557196
с учётом цензуры,4.007323830443432
с учётом цензуры,5.675996153690892
с учётом цензуры,10.323980022109572
с учётом цензуры,1.3669488705666775
с учётом цензуры,10.84061130023251
с учётом цензуры,17.95893838919718
с учётом цензуры,8.760258360288741
с учётом цензуры,33.480116713098234
с учётом цензуры,11.860889677653022
с учётом цензуры,0.7413850125520646
с учётом цензуры,5.31494297102272
с учётом цензуры,6.146524781227787
с учётом цензуры,3.612751993576626
с учётом цензуры,17.953839626271765
с учётом цензуры,14.148559962715925
с учётом цензуры,7.900425179843898
с учётом цензуры,0.4067066876330071
с учётом цензуры,4.45952091352781
с учётом цензуры,1.9864443546654256
с учётом цензуры,6.73964850178026
с учётом цензуры,8.454206293178483
с учётом цензуры,6.152548373008758
с учётом цензуры,23.838898515530786
с учётом цензуры,11.350267700577781
с учётом цензуры,2.686237547175385
с учётом цензуры,1.6910350336679048
с учётом цензуры,14.91752691049382
с учётом цензуры,15.485068986966976
с учётом цензуры,32.861443011212955
с учётом цензуры,5.860986205936332
с учётом цензуры,7.768130563473905
с учётом цензуры,14.726715478739349
с учётом цензуры,3.959104856710792
с учётом цензуры,6.645816030907274
с учётом цензуры,6.40744006311035
с учётом цензуры,6.688874696750981
с учётом цензуры,5.216124969864031
с учётом цензуры,3.7004926740885145
с учётом цензуры,5.369440668692409
с учётом цензуры,5.749490368178543
с учётом цензуры,8.718645348726403
с учётом цензуры,8.914283123973314
с учётом цензуры,13.477789376086195
с учётом цензуры,1.5782277688165696
с учётом цензуры,16.07887117433372
с учётом цензуры,1.8750797819462826
с учётом цензуры,6.677746013706416
с учётом цензуры,2.3711548018819015
с учётом цензуры,14.053935990449608
с учётом цензуры,6.019381540889408
с учётом цензуры,0.4499184284575184
с учётом цензуры,12.188291616448428
с учётом цензуры,27.116763094898033
с учётом цензуры,9.338039519667692
с учётом цензуры,22.71990184386755
с учётом цензуры,13.030597777158935
с учётом цензуры,5.40645876955851
с учётом цензуры,3.3690171344023927
с учётом цензуры,12.260656926114972
с учётом цензуры,4.287761658954291
с учётом цензуры,9.28786638036384
с учётом цензуры,13.649746615222954
с учётом цензуры,2.864770294094642
с учётом цензуры,4.052482311474597
с учётом цензуры,5.5762971062247
с учётом цензуры,21.998181634589763
с учётом цензуры,4.718384535334352
с учётом цензуры,0.9364497251340391
с учётом цензуры,6.34330909582117
с учётом цензуры,8.110922091116711
с учётом цензуры,5.01534014298114
с учётом цензуры,4.4909470705122665
с учётом цензуры,1.7201672492582754
с учётом цензуры,5.091269765328699
с учётом цензуры,4.09089929242443
с учётом цензуры,7.78778450680201
с учётом цензуры,1.7046578796955472
с учётом цензуры,13.936723830708381
с учётом цензуры,2.838823014622908
с учётом цензуры,10.996996277334706
с учётом цензуры,1.9940260934617502
с учётом цензуры,33.17017598672657
с учётом цензуры,21.89344684817606
с учётом цензуры,1.673633256245172
с учётом цензуры,5.862683215165581
с учётом цензуры,9.627491162413287
с учётом цензуры,5.538361253619063
с учётом цензуры,4.074933144190145
с учётом цензуры,13.802108010806336
с учётом цензуры,5.214169275897733
с учётом цензуры,5.18212255453625
с учётом цензуры,0.5272580650199316
с учётом цензуры,3.87104187157843
с учётом цензуры,0.6239369368643809
с учётом цензуры,12.492843103921551
с учётом цензуры,16.575964468225365
с учётом цензуры,1.5627258349713629
с учётом цензуры,11.809910439220726
с учётом цензуры,0.6381607330360103
с учётом цензуры,2.0408242570838144
с учётом цензуры,9.632949550018836
с учётом цензуры,4.151830924924758
с учётом цензуры,13.85511328774075
с учётом цензуры,15.04695892496034
с учётом цензуры,7.136298609707815
с учётом цензуры,8.644761999823528
с учётом цензуры,2.0921015193842196
с учётом цензуры,9.3750310388928
с учётом цензуры,5.919611012144948
с учётом цензуры,0.9050033599200284
с учётом цензуры,3.5263428240825214
с учётом цензуры,5.1143692196939545
с учётом цензуры,2.509409294041035
с учётом цензуры,10.117585174090465
с учётом цензуры,5.377111564844288
с учётом цензуры,3.824393460754295
с учётом цензуры,0.42961533087354736
с учётом цензуры,4.257328668565457
с учётом цензуры,11.030060872864166
с учётом цензуры,2.8656594913916726
с учётом цензуры,1.0682660049839787
с учётом цензуры,10.615741461654157
с учётом цензуры,2.6188552479574145
с учётом цензуры,6.815444935098878
с учётом цензуры,5.829864657067978
с учётом цензуры,6.555260573403653
с учётом цензуры,5.706038271865372
с учётом цензуры,6.871392102252449
с учётом цензуры,3.8691278342071636
с учётом цензуры,2.8133207885188374
с учётом цензуры,7.9288632940047705
с учётом цензуры,7.747593706793127
с учётом цензуры,2.826059979776306
с учётом цензуры,10.360021826080407
с учётом цензуры,3.113167701842304
с учётом цензуры,0.5241332109136466
с учётом цензуры,9.928084749407112
с учётом цензуры,9.739043965237654
с учётом цензуры,7.846553282011649
с учётом цензуры,4.3900775814384
с учётом цензуры,6.060520515884685
с учётом цензуры,18.27150327421179
с учётом цензуры,3.503563497412467
с учётом цензуры,1.04313219309316
с учётом цензуры,3.0171104032999287
с учётом цензуры,8.170762607521004
с учётом цензуры,15.088015458442321
с учётом цензуры,2.563815306209008
с учётом цензуры,3.3771742177027457
с учётом цензуры,11.611240353782609
с учётом цензуры,6.926339597872559
с учётом цензуры,0.7617701850653906
с учётом цензуры,6.544356539455251
с учётом цензуры,5.238284799498972
с учётом цензуры,9.52698906548488
с учётом цензуры,5.126444689376994
с учётом цензуры,1.2195439142373843
с учётом цензуры,9.111282225315962
с учётом цензуры,29.161313889620715
с учётом цензуры,7.763162603653155
с учётом цензуры,2.09938078596858
с учётом цензуры,1.9485638009818276
с учётом цензуры,5.8478926271502445
с учётом цензуры,13.541715425086789
с учётом цензуры,0.8381169301474163
с учётом цензуры,7.06899517172846
с учётом цензуры,8.072590103415745
с учётом цензуры,21.672083965409417
с учётом цензуры,3.6185389792715568
с учётом цензуры,2.076061425275884
с учётом цензуры,4.682989263145271
с учётом цензуры,4.351297213380432
с учётом цензуры,1.8167649192500819
с учётом цензуры,3.3018094312110686
с учётом цензуры,13.48585922550797
с учётом цензуры,2.8776117180388145
с учётом цензуры,0.8962616808478303
с учётом цензуры,6.76633396553456
с учётом цензуры,16.92082031381559
с учётом цензуры,6.6728893162823155
с учётом цензуры,8.299797511868503
с учётом цензуры,8.209043390324874
с учётом цензуры,7.510480552486599
с учётом цензуры,3.9990021548687498
с учётом цензуры,0.09815484149632064
с учётом цензуры,2.871691951292566
с учётом цензуры,7.913808741161935
с учётом цензуры,0.5445787762236622
с учётом цензуры,21.166356156667376
с учётом цензуры,2.9947500568580905
с учётом цензуры,19.448513842287454
с учётом цензуры,1.9418913780150338
с учётом цензуры,2.1372451594880832
с учётом цензуры,12.63975062518243
с учётом цензуры,1.6153642158152892
с учётом цензуры,16.43317795222984
с учётом цензуры,7.4991158423870345
с учётом цензуры,3.2677942558183246
с учётом цензуры,1.024191606343114
с учётом цензуры,6.468238636349232
с учётом цензуры,5.148336938619939
с учётом цензуры,13.847443563117652
с учётом цензуры,6.911392004711791
с учётом цензуры,0.1453275359706945
с учётом цензуры,14.843231377955783
с учётом цензуры,9.626740095022786
с учётом цензуры,6.113227192161911
с учётом цензуры,5.965733459112268
с учётом цензуры,2.826451554628094
с учётом цензуры,4.146288489388519
с учётом цензуры,4.045014301889431
с учётом цензуры,21.05325750768085
с учётом цензуры,3.0181795266906875
с учётом цензуры,0.8778046156677576
с учётом цензуры,10.105680831415494
с учётом цензуры,9.805499209438658
с учётом цензуры,2.795128721798965
с учётом цензуры,0.17509128426620665
с учётом цензуры,3.7661817715354333
с учётом цензуры,7.522332387274599
с учётом цензуры,15.227736250560268
с учётом цензуры,11.969752187379227
с учётом цензуры,3.2018307650143294
с учётом цензуры,2.342941328494016
с учётом цензуры,5.657503669477505
с учётом цензуры,5.238859682557203
с учётом цензуры,3.3138064144253185
с учётом цензуры,11.889854792762549
с учётом цензуры,4.262908648702984
с учётом цензуры,3.5271865366888964
с учётом цензуры,9.106401723166307
с учётом цензуры,11.116722252629973
с учётом цензуры,42.381599050597856
с учётом цензуры,11.957295769113133
с учётом цензуры,8.138287580331266
с учётом цензуры,5.319376133437876
с учётом цензуры,2.1116342786456523
с учётом цензуры,6.430603139177516
с учётом цензуры,2.3365703977528285
с учётом цензуры,1.6601586386653693
с учётом цензуры,10.719606142207038
с учётом цензуры,19.490733422905105
с учётом цензуры,2.5155825653758117
с учётом цензуры,15.181825525012277
с учётом цензуры,5.855793041459938
с учётом цензуры,0.8079405398945374
с учётом цензуры,2.42024751836808
с учётом цензуры,13.058339637286075
с учётом цензуры,5.262214591636887
с учётом цензуры,7.368271589129449
с учётом цензуры,5.640818450848548
с учётом цензуры,4.4967483880836
с учётом цензуры,6.845090096859552
с учётом цензуры,9.257691903609492
с учётом цензуры,9.019215234771153
с учётом цензуры,8.141333176567086
с учётом цензуры,0.4234779364605098
с учётом цензуры,1.8447607364967977
с учётом цензуры,4.482485572591643
с учётом цензуры,17.942616303489185
с учётом цензуры,17.481243465982974
с учётом цензуры,6.38405232582979
с учётом цензуры,6.271632559049268
с учётом цензуры,13.586245575217728
с учётом цензуры,2.4328770435188547
с учётом цензуры,2.4356848842779795
с учётом цензуры,2.56410639477019
с учётом цензуры,5.22167380187058
с учётом цензуры,4.465958275892633
с учётом цензуры,2.008281205801495
с учётом цензуры,4.115450863080909
с учётом цензуры,1.5036008325804098
с учётом цензуры,23.509575602392978
с учётом цензуры,8.138814612148327
с учётом цензуры,2.609238937620272
с учётом цензуры,0.1239671812607106
с учётом цензуры,4.755291039904449
с учётом цензуры,4.042765045226155
с учётом цензуры,22.539786519280582
с учётом цензуры,8.253703671973337
с учётом цензуры,2.601827466125764
с учётом цензуры,6.172635064605828
с учётом цензуры,9.340017324790482
с учётом цензуры,5.519697781084929
с учётом цензуры,17.53895364343894
с учётом цензуры,8.354842638042392
с учётом цензуры,9.923785890080696
с учётом цензуры,6.42067955921582
с учётом цензуры,8.874709439138853
с учётом цензуры,1.2094618301137372
с учётом цензуры,11.840524037501252
с учётом цензуры,10.362549734114136
с учётом цензуры,2.5882108314659353
с учётом цензуры,8.245705333261789
с учётом цензуры,15.765029500158626
с учётом цензуры,7.704027700581306
с учётом цензуры,6.973235565850068
с учётом цензуры,10.534711518247839
с учётом цензуры,6.789637362135432
с учётом цензуры,6.600195625545517
с учётом цензуры,10.912811346333484
с учётом цензуры,4.448309558349134
с учётом цензуры,3.1150829366490416
с учётом цензуры,4.531678282995574
с учётом цензуры,1.5275278773312346
с учётом цензуры,5.2925857085901304
с учётом цензуры,25.93707718255046
с учётом цензуры,13.35890703060884
с учётом цензуры,11.877478813217897
с учётом цензуры,1.9705257975933541
с учётом цензуры,6.135755038570704
с учётом цензуры,1.7220778364800982
с учётом цензуры,9.996424957657654
с учётом цензуры,3.090297996876933
с учётом цензуры,0.18827736672962359
с учётом цензуры,8.858363152030217
с учётом цензуры,11.92196717615299
с учётом цензуры,8.084511433310595
с учётом цензуры,4.351253458012463
с учётом цензуры,6.562902861067131
с учётом цензуры,0.20048349501672186
с учётом цензуры,14.687761526575995
с учётом цензуры,5.403776139322376
с учётом цензуры,2.950091980946368
с учётом цензуры,3.515561503576776
с учётом цензуры,8.861996116963017
с учётом цензуры,20.19389733063273
с учётом цензуры,7.3968826342718135
с учётом цензуры,5.487718480593399
с учётом цензуры,12.265312315419164
с учётом цензуры,4.530866557498291
с учётом цензуры,13.701267739874435
с учётом цензуры,12.725481922919887
с учётом цензуры,2.2923471543739944
с учётом цензуры,9.430961435358807
с учётом цензуры,14.595008083596621
с учётом цензуры,1.4099724480857034
с учётом цензуры,4.417934311848567
с учётом цензуры,0.2499418618674549
с учётом цензуры,0.20303490071823282
с учётом цензуры,0.7703561054008231
с учётом цензуры,4.268587090139541
с учётом цензуры,15.120676388032194
с учётом цензуры,23.810543812067692
с учётом цензуры,7.728969931575914
с учётом цензуры,4.8019395097322395
с учётом цензуры,2.920556598777284
с учётом цензуры,14.84725883606871
с учётом цензуры,1.374387970286389
с учётом цензуры,9.883774766988179
с учётом цензуры,7.534887145361364
с учётом цензуры,7.827816799174296
с учётом цензуры,0.8531860399023363
с учётом цензуры,7.70924502533763
с учётом цензуры,0.08868594511562403
с учётом цензуры,0.9326338520541836
с учётом цензуры,1.5942418601186124
с учётом цензуры,5.868890737057454
с учётом цензуры,2.518583607402962
с учётом цензуры,2.2418450568692023
с учётом цензуры,8.081483956252502
с учётом цензуры,6.134177740972077
с учётом цензуры,4.390323330906446
с учётом цензуры,6.133534022665559
с учётом цензуры,5.552541759647531
с учётом цензуры,2.4354288566242914
с учётом цензуры,9.267727420131978
с учётом цензуры,2.4510951583587843
с учётом цензуры,4.179973587539252
с учётом цензуры,5.025132737948044
с учётом цензуры,6.304496315068079
с учётом цензуры,11.401171752830386
с учётом цензуры,6.841018105058092
с учётом цензуры,5.828350843866682
с учётом цензуры,1.4356241678355246
с учётом цензуры,3.8894641748093752
с учётом цензуры,5.473921569483091
с учётом цензуры,0.06308474787720718
с учётом цензуры,5.857250669476458
с учётом цензуры,2.892560044816357
с учётом цензуры,7.811852341251462
с учётом цензуры,13.23125552140381
с учётом цензуры,2.759003075131755
с учётом цензуры,16.795281976663787
с учётом цензуры,1.845028824478326
с учётом цензуры,1.8305332289017269
с учётом цензуры,0.5860452171637766
с учётом цензуры,4.4311051843085245
с учётом цензуры,3.3516070730954763
с учётом цензуры,3.7678495870479725
с учётом цензуры,5.607845022862178
с учётом цензуры,20.477518608717883
с учётом цензуры,6.022103508486628
с учётом цензуры,2.009602264712639
с учётом цензуры,2.4804966627403084
с учётом цензуры,2.1729400721201317
с учётом цензуры,6.2031736198473375
с учётом цензуры,8.270994039929867
с учётом цензуры,9.290582684354366
с учётом цензуры,18.658755592900775
с учётом цензуры,29.936878735912916
с учётом цензуры,3.4954779508431097
с учётом цензуры,4.350998167210891
с учётом цензуры,2.994338722992527
с учётом цензуры,2.2504911683318403
с учётом цензуры,4.121726512638109
с учётом цензуры,1.6218180478618724
с учётом цензуры,11.386401662142461
с учётом цензуры,7.9607771824147235
с учётом цензуры,8.788807393364298
с учётом цензуры,2.7286359038356056
с учётом цензуры,0.723515625231657
с учётом цензуры,12.180948962154625
с учётом цензуры,5.900949540492647
с учётом цензуры,3.4708394022035773
с учётом цензуры,1.607766894094519
с учётом цензуры,11.269314192588649
с учётом цензуры,4.730228166414432
с учётом цензуры,2.9766832999387702
с учётом цензуры,3.0243801616300434
с учётом цензуры,8.664422027823658
с учётом цензуры,10.426118874632817
с учётом цензуры,3.5275078365851456
с учётом цензуры,5.344896908081396
с учётом цензуры,2.7868195847939115
с учётом цензуры,14.880851859213141
с учётом цензуры,4.9712416730932025
с учётом цензуры,17.38353623999231
с учётом цензуры,6.616108027420901
с учётом цензуры,1.783447623943104
с учётом цензуры,0.7475458375183658
с учётом цензуры,8.560716935265123
с учётом цензуры,3.5581948418529596
с учётом цензуры,4.753870991420464
с учётом цензуры,2.645707834450801
с учётом цензуры,16.45200257319046
с учётом цензуры,3.4136085847512154
с учётом цензуры,5.789463343872625
с учётом цензуры,7.676803875268494
с учётом цензуры,7.883079528472907
с учётом цензуры,8.003813489496846
с учётом цензуры,1.0873925751381046
с учётом цензуры,5.6363018540738965
с учётом цензуры,6.478428167822658
с учётом цензуры,3.600428037307138
с учётом цензуры,11.006015172410379
с учётом цензуры,13.376212144276398
с учётом цензуры,3.0707442977353385
с учётом цензуры,15.531409577837344
с учётом цензуры,2.517974416469488
с учётом цензуры,4.450357533381449
с учётом цензуры,4.849700256761202
с учётом цензуры,18.158917003400223
с учётом цензуры,24.309613999745864
с учётом цензуры,15.274408277446957
с учётом цензуры,10.96423103250038
с учётом цензуры,3.4881724188058287
с учётом цензуры,2.586601294306294
с учётом цензуры,12.727563785241717
с учётом цензуры,8.071684934606417
с учётом цензуры,7.145176770085173
с учётом цензуры,2.583085310865247
с учётом цензуры,4.420291315695827
с учётом цензуры,15.25645486852302
с учётом цензуры,7.389954423687854
с учётом цензуры,5.220423329577516
с учётом цензуры,0.4113781953977443
с учётом цензуры,6.748532939460733
с учётом цензуры,6.56647743685464
с учётом цензуры,10.498117327023591
с учётом цензуры,11.998796428700011
с учётом цензуры,1.5518597374373344
с учётом цензуры,11.525156491388943
с учётом цензуры,3.0555079076448854
с учётом цензуры,1.651939762776143
с учётом цензуры,19.48456652806135
с учётом цензуры,6.660969244739485
с учётом цензуры,2.6414453001304694
с учётом цензуры,11.897777602883338
с учётом цензуры,2.957283529010808
с учётом цензуры,30.095842222568805
с учётом цензуры,4.828864833116258
с учётом цензуры,6.493174258581649
с учётом цензуры,4.530503436327628
с учётом цензуры,4.38950539348546
с учётом цензуры,7.6864974639513886
с учётом цензуры,8.444209619250136
с учётом цензуры,11.478892822869067
с учётом цензуры,6.767765828423041
с учётом цензуры,2.345753631274036
с учётом цензуры,3.8021818960126983
с учётом цензуры,2.666421881419588
с учётом цензуры,3.050923279044547
с учётом цензуры,6.671363663813016
с учётом цензуры,3.9990169999676413
с учётом цензуры,5.121959433944164
с учётом цензуры,2.6470786860462674
с учётом цензуры,8.631259335594718
с учётом цензуры,12.613766395693485
с учётом цензуры,3.3424511951873384
с учётом цензуры,16.446043172300634
с учётом цензуры,6.55132740299402
с учётом цензуры,5.1711691498355945
с учётом цензуры,6.036146311314522
с учётом цензуры,1.1996377897376063
с учётом цензуры,19.181749589897027
с учётом цензуры,3.8522893852819147
с учётом цензуры,1.8551360024641053
с учётом цензуры,5.195513409577214
с учётом цензуры,8.593422195940636
с учётом цензуры,7.4725064121127165
с учётом цензуры,52.15800108702574
с учётом цензуры,1.7428733814059418
с учётом цензуры,5.4540610723244365
с учётом цензуры,20.62497428390568
с учётом цензуры,0.3751132923090474
с учётом цензуры,5.149306342695959
с учётом цензуры,0.18630178613308387
с учётом цензуры,8.613113994017986
с учётом цензуры,1.9488740363866608
с учётом цензуры,3.822859779037859
с учётом цензуры,8.2589872993831
с учётом цензуры,0.687883518352081
с учётом цензуры,4.5819970758139394
с учётом цензуры,2.1440171092693303
с учётом цензуры,16.20471834179762
с учётом цензуры,11.371750842373567
с учётом цензуры,0.6087168399074063
с учётом цензуры,2.44721413344131
с учётом цензуры,4.77791433667741
с учётом цензуры,6.125793621485314
с учётом цензуры,0.9196139941206541
с учётом цензуры,7.221075691369551
с учётом цензуры,10.835544811561428
с учётом цензуры,3.7560334175711128
с учётом цензуры,2.9402177381714374
с учётом цензуры,0.8180315378716172
с учётом цензуры,2.9335733942985955
с учётом цензуры,2.0623603267939346
с учётом цензуры,1.5841884766496925
с учётом цензуры,2.6255858534102257
с учётом цензуры,5.2937500744412365
с учётом цензуры,4.64052225664324
с учётом цензуры,13.027179828907542
с учётом цензуры,1.2132779881472753
с учётом цензуры,8.199237611427062
с учётом цензуры,6.012007872796844
с учётом цензуры,12.113089024819695
с учётом цензуры,5.877099011683459
с учётом цензуры,15.77514393284203
с учётом цензуры,9.149848361784889
с учётом цензуры,6.559516208717939
с учётом цензуры,9.094844819306278
с учётом цензуры,8.029903483507793
с учётом цензуры,6.728350027843221
с учётом цензуры,2.8299025110432727
с учётом цензуры,20.719157702219544
с учётом цензуры,8.787193485684632
с учётом цензуры,2.513723103579623
с учётом цензуры,4.083603721961521
с учётом цензуры,6.966103557087107
с учётом цензуры,6.546373973404723
с учётом цензуры,1.4191200327984423
с учётом цензуры,2.845808784342419
с учётом цензуры,2.3914798653072626
с учётом цензуры,4.835770370151851
с учётом цензуры,9.886628328117066
с учётом цензуры,2.893447092860203
с учётом цензуры,5.974169812902966
с учётом цензуры,4.835072786460137
с учётом цензуры,0.5182338305164088
с учётом цензуры,7.417006269814832
с учётом цензуры,1.449477479841987
с учётом цензуры,6.161736484738166
с учётом цензуры,25.394746266198318
с учётом цензуры,2.610355582357152
с учётом цензуры,12.654743026094797
с учётом цензуры,1.3773052390630642
с учётом цензуры,4.545213253690196
с учётом цензуры,2.3348605950929655
с учётом цензуры,4.063431255964892
с учётом цензуры,3.313719988205137
с учётом цензуры,18.37721878723437
с учётом цензуры,5.754095305447576
с учётом цензуры,7.542298251839721
с учётом цензуры,20.74360224670522
с учётом цензуры,3.0223387461203584
с учётом цензуры,6.031977233450138
с учётом цензуры,5.711569646695389
с учётом цензуры,6.481454771580582
с учётом цензуры,1.7605286288074433
с учётом цензуры,4.918330246401097
с учётом цензуры,7.4591101785130824
с учётом цензуры,4.899470986719312
с учётом цензуры,7.876919287163767
с учётом цензуры,5.267856382649463
с учётом цензуры,3.3951251830056712
с учётом цензуры,10.658989553417504
с учётом цензуры,8.411282337106769
с учётом цензуры,2.913319516481292
с учётом цензуры,11.741878967030202
с учётом цензуры,15.12446006174879
с учётом цензуры,2.9739495972092542
с учётом цензуры,3.2632529336864327
с учётом цензуры,2.4066853570256432
с учётом цензуры,4.643932957900369
с учётом цензуры,4.539914085591692
с учётом цензуры,6.954139826098441
с учётом цензуры,4.048790906882884
с учётом цензуры,12.32956727985642
с учётом цензуры,15.83292718352932
с учётом цензуры,6.7024149208459685
с учётом цензуры,3.9700178570099673
с учётом цензуры,16.223904856911634
с учётом цензуры,2.0575517923189985
с учётом цензуры,14.040280768373334
с учётом цензуры,6.703893510540702
с учётом цензуры,6.177701166974644
с учётом цензуры,14.065382285335401
с учётом цензуры,4.728241701134182
с учётом цензуры,9.298352807676983
с учётом цензуры,0.6210771266221924
с учётом цензуры,16.630889372786562
с учётом цензуры,4.27742616810499
с учётом цензуры,5.99530686929365
с учётом цензуры,7.608873229164989
с учётом цензуры,14.914265863656095
с учётом цензуры,46.426610145245974
с учётом цензуры,18.493344441322886
с учётом цензуры,9.85212238172138
с учётом цензуры,11.925171780290189
с учётом цензуры,3.991775760069638
с учётом цензуры,1.3406734886465328
с учётом цензуры,22.827959506160877
с учётом цензуры,2.497589088438118
с учётом цензуры,2.243566456830696
с учётом цензуры,0.5654236262926533
с учётом цензуры,6.226651756027586
с учётом цензуры,8.164077697362174
с учётом цензуры,0.7677975899268065
с учётом цензуры,4.601939403667262
с учётом цензуры,7.883483539181977
с учётом цензуры,9.963032837364867
с учётом цензуры,6.687946539005756
с учётом цензуры,12.597648923599444
с учётом цензуры,2.2478324665121505
с учётом цензуры,3.746987537992323
с учётом цензуры,13.640201185521777
с учётом цензуры,0.37413700773114966
с учётом цензуры,5.6632542634824565
с учётом цензуры,9.444964186622864
с учётом цензуры,15.341998247763978
с учётом цензуры,0.849516705550524
с учётом цензуры,7.5769808404458985
с учётом цензуры,10.405944393373876
с учётом цензуры,4.415268176395912
с учётом цензуры,6.624043061852211
с учётом цензуры,14.515044222401439
с учётом цензуры,5.728134180165659
с учётом цензуры,9.56312583346686
с учётом цензуры,8.34049710653547
с учётом цензуры,6.568390318138414
с учётом цензуры,4.46516427963023
с учётом цензуры,2.6510442285721076
с учётом цензуры,6.716298247461506
с учётом цензуры,5.732321822748557
с учётом цензуры,7.145846721044111
с учётом цензуры,6.941723840230207
с учётом цензуры,6.900564779261196
с учётом цензуры,0.04560058963295639
с учётом цензуры,0.6042864049790699
с учётом цензуры,2.1318537504162522
с учётом цензуры,4.8354113472682005
с учётом цензуры,2.5780092315078535
с учётом цензуры,4.922065951846377
с учётом цензуры,5.964034752101918
с учётом цензуры,12.888942662536275
с учётом цензуры,7.415228288549232
с учётом цензуры,6.603674609284515
с учётом цензуры,5.169207286859981
с учётом цензуры,12.045177749579523
с учётом цензуры,6.853867034093658
с учётом цензуры,7.249246317252038
с учётом цензуры,11.335321137048592
с учётом цензуры,3.912010172945511
с учётом цензуры,5.321101201132686
с учётом цензуры,4.0091966625334665
с учётом цензуры,0.8625022308292868
с учётом цензуры,7.012708949370061
с учётом цензуры,3.4559118639989372
с учётом цензуры,8.194975851784884
с учётом цензуры,0.997643334513828
с учётом цензуры,15.029796208361597
с учётом цензуры,8.835919374176711
с учётом цензуры,3.7516889347446005
с учётом цензуры,4.503093586400624
с учётом цензуры,0.3974147720182639
с учётом цензуры,0.6396040605363924
с учётом цензуры,19.500030972138866
с учётом цензуры,7.421518560359132
с учётом цензуры,2.640225568092038
с учётом цензуры,6.549139112862987
с учётом цензуры,11.39895461513634
с учётом цензуры,2.6128649198072473
с учётом цензуры,28.484015131061287
с учётом цензуры,7.851705095449814
с учётом цензуры,3.1763983903503648
с учётом цензуры,7.926817978685729
с учётом цензуры,3.9199140954344123
с учётом цензуры,2.8108886701395677
с учётом цензуры,5.072894129938915
с учётом цензуры,1.4622321127154951
с учётом цензуры,18.05896520547529
с учётом цензуры,7.079543389248302
с учётом цензуры,5.378471319196711
с учётом цензуры,4.16258643037484
с учётом цензуры,12.86958001103691
с учётом цензуры,4.815617378885244
с учётом цензуры,3.1276671121568858
с учётом цензуры,9.456465226875684
с учётом цензуры,20.758262871050988
с учётом цензуры,2.040980215554001
с учётом цензуры,5.245047623642468
с учётом цензуры,7.056738019922605
с учётом цензуры,5.429830233105599
с учётом цензуры,2.261348822065788
с учётом цензуры,6.466100022744383
с учётом цензуры,10.77245285798214
с учётом цензуры,3.880277254548084
с учётом цензуры,8.994533132942717
с учётом цензуры,1.5259741278160879
с учётом цензуры,12.020249407038994
с учётом цензуры,30.083233993835215
с учётом цензуры,0.5596737050627857
с учётом цензуры,8.552132595286063
с учётом цензуры,2.7000359775980396
с учётом цензуры,1.4565360427428105
с учётом цензуры,8.48746009293137
с учётом цензуры,6.5413670542693
с учётом цензуры,13.122109966426905
с учётом цензуры,9.211554941550995
с учётом цензуры,1.355066111224463
с учётом цензуры,6.038971068439862
с учётом цензуры,3.0799565972604435
с учётом цензуры,2.462864372141765
с учётом цензуры,9.61377407411283
с учётом цензуры,4.894203145467113
с учётом цензуры,1.6621169644613958
с учётом цензуры,6.095330879607975
с учётом цензуры,9.353561547992781
с учётом цензуры,18.021084461082157
с учётом цензуры,3.998314340337238
с учётом цензуры,3.282552453236125
с учётом цензуры,1.2414373104237848
с учётом цензуры,4.876247342320903
с учётом цензуры,7.796334021876592
с учётом цензуры,2.4863922154166613
с учётом цензуры,2.7237012836307706
с учётом цензуры,6.68963586484074
с учётом цензуры,5.7859386903075585
с учётом цензуры,3.3454949617650547
с учётом цензуры,3.29659988935674
с учётом цензуры,1.3762877311347272
с учётом цензуры,16.55411282260541
с учётом цензуры,7.374090287652933
с учётом цензуры,3.2607539423293628
с учётом цензуры,1.4978781687790852
с учётом цензуры,7.601203199186498
с учётом цензуры,0.6431242504544153
с учётом цензуры,11.392312160405138
с учётом цензуры,15.196936221740136
с учётом цензуры,0.5485222159637146
с учётом цензуры,3.281500096168281
с учётом цензуры,2.463135601062154
с учётом цензуры,3.9087564014885343
с учётом цензуры,7.854005971589927
с учётом цензуры,5.152887809251241
с учётом цензуры,1.9076135911093313
с учётом цензуры,8.308690312846307
с учётом цензуры,3.587303783752252
с учётом цензуры,3.9920706908861687
с учётом цензуры,9.11350165638404
с учётом цензуры,4.088526714314751
с учётом цензуры,9.437641780198765
с учётом цензуры,11.29032075089756
с учётом цензуры,10.295077222754148
с учётом цензуры,7.450860638115628
с учётом цензуры,1.7782678109670507
с учётом цензуры,3.1420762681578513
с учётом цензуры,0.8938846512424863
с учётом цензуры,17.561249320713543
с учётом цензуры,8.811376668167705
с учётом цензуры,2.477866082110385
с учётом цензуры,5.484440589085954
с учётом цензуры,16.70497371742649
с учётом цензуры,7.459554452953336
с учётом цензуры,2.3831596534684625
с учётом цензуры,4.432836598245608
с учётом цензуры,7.252852116315889
с учётом цензуры,2.8027520946685303
с учётом цензуры,16.54466338951219
с учётом цензуры,11.840412454372967
с учётом цензуры,16.19699470842832
с учётом цензуры,7.46628189498365
с учётом цензуры,12.921171174437346
с учётом цензуры,10.785828731867623
с учётом цензуры,1.9406388600104898
с учётом цензуры,0.4719504809300966
с учётом цензуры,4.872194494441613
с учётом цензуры,1.9259280230047364
с учётом цензуры,1.0802281305455839
с учётом цензуры,7.782362308464252
с учётом цензуры,3.189333194746272
с учётом цензуры,13.44844882583871
с учётом цензуры,16.325623162458015
с учётом цензуры,10.764615634718323
с учётом цензуры,8.721087286573425
с учётом цензуры,2.7761623194222755
с учётом цензуры,13.688827699769337
с учётом цензуры,8.84305517480373
с учётом цензуры,2.6200944294568793
с учётом цензуры,16.402166558990903
с учётом цензуры,0.23900068587524256
с учётом цензуры,18.79903853846402
с учётом цензуры,8.783279466135001
с учётом цензуры,4.050538721024219
с учётом цензуры,16.810795124182405
с учётом цензуры,9.497228833219774
с учётом цензуры,15.578935932584226
с учётом цензуры,3.5781303352814398
с учётом цензуры,6.988769406415045
с учётом цензуры,6.584204786788613
с учётом цензуры,8.073853230162618
с учётом цензуры,17.732993658006652
с учётом цензуры,2.6840453176822
с учётом цензуры,11.519293594609408
с учётом цензуры,9.277947266265782
с учётом цензуры,4.928086355308135
с учётом цензуры,5.630317579401479
с учётом цензуры,8.031241010097865
с учётом цензуры,7.4873121962293485
с учётом цензуры,3.6208159410337593
с учётом цензуры,2.7610692203200764
с учётом цензуры,12.209866924169443
с учётом цензуры,6.609136655134942
с учётом цензуры,13.985779425916828
с учётом цензуры,8.165585364919187
с учётом цензуры,2.790911490267313
с учётом цензуры,4.719714724848078
с учётом цензуры,2.4523865047810327
с учётом цензуры,6.907075310166967
с учётом цензуры,14.166769928917054
с учётом цензуры,2.8068411050664657
с учётом цензуры,8.492241059882994
с учётом цензуры,4.377403698017955
с учётом цензуры,23.841784588157573
с учётом цензуры,7.216219352131773
с учётом цензуры,6.739775010684813
с учётом цензуры,3.2313177621503533
с учётом цензуры,11.745286358234878
с учётом цензуры,5.406721728525921
с учётом цензуры,14.862319006777428
с учётом цензуры,9.1535615925678
с учётом цензуры,9.326817293588109
с учётом цензуры,3.4064335726738793
с учётом цензуры,5.197088975763413
с учётом цензуры,10.46481422845827
с учётом цензуры,3.791411820066134
с учётом цензуры,5.860347487546157
с учётом цензуры,6.6484891668998785
с учётом цензуры,13.247477777894757
с учётом цензуры,7.471357858870797
с учётом цензуры,4.220585336220165
с учётом цензуры,8.530873301399192
с учётом цензуры,18.216102102799198
с учётом цензуры,11.54224959641995
с учётом цензуры,2.2974424370254365
с учётом цензуры,5.624949357463441
с учётом цензуры,3.5958967683667917
с учётом цензуры,22.510059202705413
с учётом цензуры,2.8399031928747775
с учётом цензуры,7.586511706048251
с учётом цензуры,3.414856851521606
с учётом цензуры,11.712994211414195
с учётом цензуры,9.79228130460843
с учётом цензуры,15.915938073229645
с учётом цензуры,9.36269511270937
с учётом цензуры,9.346552820431027
с учётом цензуры,6.712754344966736
с учётом цензуры,8.10624839343611
с учётом цензуры,8.392300860803676
с учётом цензуры,3.388730053855112
с учётом цензуры,3.7508425781852743
с учётом цензуры,5.990181833486666
с учётом цензуры,0.8940274653708931
с учётом цензуры,18.813645438980053
с учётом цензуры,6.359186308241011
с учётом цензуры,13.05009080933401
с учётом цензуры,5.96545647722612
с учётом цензуры,10.722458252074222
с учётом цензуры,24.75809703592587
с учётом цензуры,27.171050770405166
с учётом цензуры,5.6337165994560845
с учётом цензуры,7.260389136733261
с учётом цензуры,4.702079258246765
с учётом цензуры,1.3507185804140118
с учётом цензуры,12.165708186415307
с учётом цензуры,5.022892037192914
с учётом цензуры,29.473578099539225
с учётом цензуры,9.131507998104299
с учётом цензуры,7.495979824910511
с учётом цензуры,13.237302653176986
с учётом цензуры,7.640709926424224
с учётом цензуры,7.549632730880434
с учётом цензуры,2.718775426150965
с учётом цензуры,6.04917710463017
с учётом цензуры,2.712193235353157
с учётом цензуры,2.893977009129503
с учётом цензуры,2.3749594341724114
с учётом цензуры,2.1930587545032565
с учётом цензуры,6.551057223876049
с учётом цензуры,10.537338799992975
с учётом цензуры,1.5336367801017923
с учётом цензуры,17.054722546424912
с учётом цензуры,12.972130636532475
с учётом цензуры,3.068969507165757
с учётом цензуры,6.835456392936453
с учётом цензуры,3.1485421750702365
с учётом цензуры,3.486753898626146
с учётом цензуры,1.4280869361867634
с учётом цензуры,9.974820960294032
с учётом цензуры,30.116099794219796
с учётом цензуры,13.786797182276388
с учётом цензуры,3.444828344491233
с учётом цензуры,2.216429952213233
с учётом цензуры,4.749903174912557
с учётом цензуры,8.672336639078086
с учётом цензуры,7.003298530308006
с учётом цензуры,1.7855307322012763
с учётом цензуры,2.642862704544557
с учётом цензуры,18.73793374103206
с учётом цензуры,9.017712604129544
с учётом цензуры,8.337710510189424
с учётом цензуры,4.789191166994491
с учётом цензуры,8.701897392173944
с учётом цензуры,7.796543462823071
с учётом цензуры,3.4322079334006625
с учётом цензуры,5.238561330351761
с учётом цензуры,1.113743434514698
с учётом цензуры,5.495325188425587
с учётом цензуры,1.6170434809713423
с учётом цензуры,6.884375769525924
с учётом цензуры,2.642586996833639
с учётом цензуры,7.049242000784323
с учётом цензуры,11.04120438759166
с учётом цензуры,11.127830907039838
с учётом цензуры,3.0262460830184628
с учётом цензуры,5.345658327192178
с учётом цензуры,0.08689125792234367
с учётом цензуры,3.467295512772452
с учётом цензуры,16.430057272906232
с учётом цензуры,13.788944541084184
с учётом цензуры,5.536008350824686
с учётом цензуры,4.417027039703914
с учётом цензуры,0.4634580859787955
с учётом цензуры,0.9249426233947993
с учётом цензуры,4.748554803776275
с учётом цензуры,9.117886545902541
с учётом цензуры,10.74275044114826
с учётом цензуры,23.302793959754432
с учётом цензуры,1.6721625513650702
с учётом цензуры,7.059339736540826
с учётом цензуры,13.117491701330579
с учётом цензуры,6.855050694738487
с учётом цензуры,2.065867715354484
с учётом цензуры,11.891154688435153
с учётом цензуры,1.759963884745565
с учётом цензуры,6.474522406648689
с учётом цензуры,6.221636482344577
с учётом цензуры,3.410535810603549
с учётом цензуры,4.184397749473331
с учётом цензуры,2.8184368889330567
с учётом цензуры,5.732853443058273
с учётом цензуры,4.320908099371189
с учётом цензуры,4.84418967700964
с учётом цензуры,3.367878648757858
с учётом цензуры,15.512247727692463
с учётом цензуры,14.5447103532838
с учётом цензуры,6.877194823698211
с учётом цензуры,9.004246885285932
с учётом цензуры,11.025492225810366
с учётом цензуры,5.9415131090293185
с учётом цензуры,9.52754136961192
с учётом цензуры,8.825274272004453
с учётом цензуры,7.376255189819334
с учётом цензуры,1.884597662217476
с учётом цензуры,3.363385759408497
с учётом цензуры,7.465536459682269
с учётом цензуры,2.7173949600557656
с учётом цензуры,11.00360687840523
с учётом цензуры,18.6733078008792
с учётом цензуры,1.893259275433102
с учётом цензуры,6.799158732414737
с учётом цензуры,6.560897241054672
с учётом цензуры,1.6884312383637814
с учётом цензуры,6.5399236225306066
с учётом цензуры,1.2095034537647031
с учётом цензуры,14.330007445079762
с учётом цензуры,4.7469953522841655
с учётом цензуры,7.044066783565678
с учётом цензуры,3.7222555764621887
с учётом цензуры,4.928139122835062
с учётом цензуры,6.196108287123985
с учётом цензуры,4.056915772100769
с учётом цензуры,2.129912706420889
с учётом цензуры,14.250924645814246
с учётом цензуры,12.500064168222055
с учётом цензуры,1.0978622039374692
с учётом цензуры,14.282469993401333
с учётом цензуры,1.8850114511971021
с учётом цензуры,0.4708762735742491
с учётом цензуры,6.034666949076803
с учётом цензуры,5.798003807462689
с учётом цензуры,19.63672636656585
с учётом цензуры,2.3527946779483573
с учётом цензуры,2.1307159514812706
с учётом цензуры,5.241762304144451
с учётом цензуры,6.897687360504133
с учётом цензуры,8.269840661543725
с учётом цензуры,2.2276683848790246
с учётом цензуры,1.2016823122174938
с учётом цензуры,9.022494687615456
с учётом цензуры,14.074885522253659
с учётом цензуры,8.023762385980982
с учётом цензуры,16.270511682983408
с учётом цензуры,10.329117891022204
с учётом цензуры,4.786866463061438
с учётом цензуры,3.720757895911979
с учётом цензуры,4.943427207096652
с учётом цензуры,4.748240360143385
с учётом цензуры,10.592426672357835
с учётом цензуры,0.9512275128221654
с учётом цензуры,9.698108065560781
с учётом цензуры,36.72099246406366
с учётом цензуры,1.9377081129090246
с учётом цензуры,2.5148716607546002
с учётом цензуры,19.538430035213985
с учётом цензуры,4.803688872604263
с учётом цензуры,13.435207631936285
с учётом цензуры,5.131207443104055
с учётом цензуры,13.593286210783177
с учётом цензуры,1.886057362971549
с учётом цензуры,17.953725078368464
с учётом цензуры,2.5366409339379845
с учётом цензуры,9.268800500211935
с учётом цензуры,2.0511304783446613
с учётом цензуры,7.51558195285698
с учётом цензуры,11.872480256672238
с учётом цензуры,3.248251022633731
с учётом цензуры,1.8426753890375362
с учётом цензуры,3.5099602659687017
с учётом цензуры,4.302879966895871
с учётом цензуры,7.654978113037503
с учётом цензуры,14.414365140560202
с учётом цензуры,3.1891283213225936
с учётом цензуры,12.164369956152061
с учётом цензуры,0.09250434751666833
с учётом цензуры,4.290444582203941
с учётом цензуры,14.169188217606914
с учётом цензуры,7.000556880137896
с учётом цензуры,5.614737363867768
с учётом цензуры,5.586027757613533
с учётом цензуры,0.0572188697343672
с учётом цензуры,4.769182838842863
с учётом цензуры,2.3255951165461344
с учётом цензуры,4.855827240024647
с учётом цензуры,5.905744741002692
с учётом цензуры,0.8644090086665894
с учётом цензуры,12.047818403396748
с учётом цензуры,6.635101900891567
с учётом цензуры,1.2889010247866992
с учётом цензуры,3.1178616007709743
с учётом цензуры,11.45615960072547
с учётом цензуры,25.618853420508096
с учётом цензуры,10.85539624266804
с учётом цензуры,32.28158495920164
с учётом цензуры,10.464958337322878
с учётом цензуры,13.091666392941695
с учётом цензуры,11.7289684577696
с учётом цензуры,9.632888534187948
с учётом цензуры,12.425649145556516
с учётом цензуры,12.411465601982531
с учётом цензуры,8.776369602282555
с учётом цензуры,2.752242948033034
с учётом цензуры,2.859331007609261
с учётом цензуры,1.0120400734639807
с учётом цензуры,11.058262466517649
с учётом цензуры,1.730115530158246
с учётом цензуры,26.51898223023386
с учётом цензуры,14.689643879555177
с учётом цензуры,2.7575793480915363
с учётом цензуры,6.4813846608827275
с учётом цензуры,5.778231430868067
с учётом цензуры,9.967313864490173
с учётом цензуры,14.212361206616702
с учётом цензуры,4.355334014719596
с учётом цензуры,1.610511006563185
с учётом цензуры,21.98776160699459
с учётом цензуры,4.285892834669712
с учётом цензуры,3.999707222310011
с учётом цензуры,8.481434836666336
