transition,distribution,parameter,reference,estimate,relative_error,n_completed,n_traces,repeat,method
Admission→Discharge,weibull,shape,1.4301890716913523,,,1,10,0,naive
Admission→Discharge,weibull,scale,3.727357018906392,,,1,10,0,naive
Admission→Examination,weibull,shape,1.1311774118053453,,,11,10,0,naive
Admission→Examination,weibull,scale,1.3905243971056556,,,11,10,0,naive
Admission→Treatment,gamma,shape,0.37285325888103965,,,0,10,0,naive
Admission→Treatment,gamma,scale,1.2938901651688945,,,0,10,0,naive
Examination→Admission,lognormal,median,0.3135473165609704,0.35737539115481826,0.13978137358839532,7,10,0,naive
Examination→Admission,lognormal,sigma,1.7601234066827538,1.2908233417331503,0.2666290688299395,7,10,0,naive
Examination→Discharge,gamma,shape,1.1671391519621588,1.252196902671361,0.07287712914625973,7,10,0,naive
Examination→Discharge,gamma,scale,4.7427726153481045,7.921301681913024,0.6701837352014031,7,10,0,naive
Examination→Treatment,gamma,shape,0.801579243120337,2.462865666440876,2.0725167693384727,5,10,0,naive
Examination→Treatment,gamma,scale,0.09660526903733832,0.021566641439075763,0.7767550191207462,5,10,0,naive
Registration→Admission,exponential,mean,0.16398726851851853,,,0,10,0,naive
Registration→Examination,lognormal,median,0.01611714134816275,,,7,10,0,naive
Registration→Examination,lognormal,sigma,0.603660472855505,,,7,10,0,naive
Registration→Treatment,lognormal,median,0.009142782462465304,,,2,10,0,naive
Registration→Treatment,lognormal,sigma,0.9454373765910125,,,2,10,0,naive
Treatment→Admission,gamma,shape,0.42839387868105805,,,5,10,0,naive
Treatment→Admission,gamma,scale,0.13817139969295555,,,5,10,0,naive
Treatment→Discharge,exponential,mean,3.132980324074074,,,0,10,0,naive
Treatment→Examination,lognormal,median,0.01082344787079655,,,2,10,0,naive
Treatment→Examination,lognormal,sigma,1.8093158782111687,,,2,10,0,naive
Admission→Discharge,weibull,shape,1.4301838693036997,,,1,10,0,censor_aware
Admission→Discharge,weibull,scale,3.7273531319461406,,,1,10,0,censor_aware
Admission→Examination,weibull,shape,1.1311870043544345,,,11,10,0,censor_aware
Admission→Examination,weibull,scale,1.3905318552671047,,,11,10,0,censor_aware
Admission→Treatment,gamma,shape,0.3735576739505992,,,0,10,0,censor_aware
Admission→Treatment,gamma,scale,1.292187097259026,,,0,10,0,censor_aware
Examination→Admission,lognormal,median,0.31517590775361726,0.35737554893027673,0.1338923443655098,7,10,0,censor_aware
Examination→Admission,lognormal,sigma,1.7601550747201233,1.2908225814127736,0.2666426953215908,7,10,0,censor_aware
Examination→Discharge,gamma,shape,1.1689345802263618,1.2521880281753115,0.07122164863394483,7,10,0,censor_aware
Examination→Discharge,gamma,scale,4.737565370778875,7.921390567921424,0.672038261842309,7,10,0,censor_aware
Examination→Treatment,gamma,shape,0.8071683823130287,2.462992790506549,2.0513989949018763,5,10,0,censor_aware
Examination→Treatment,gamma,scale,0.09616280174546887,0.021565596930361145,0.7757386792094242,5,10,0,censor_aware
Registration→Admission,exponential,mean,0.1640145703456333,,,0,10,0,censor_aware
Registration→Examination,lognormal,median,0.0161171372950077,,,7,10,0,censor_aware
Registration→Examination,lognormal,sigma,0.6036604444915276,,,7,10,0,censor_aware
Registration→Treatment,lognormal,median,0.009146029778006435,,,2,10,0,censor_aware
Registration→Treatment,lognormal,sigma,0.9449627510561763,,,2,10,0,censor_aware
Treatment→Admission,gamma,shape,0.44142617019664615,,,5,10,0,censor_aware
Treatment→Admission,gamma,scale,0.14156042017507695,,,5,10,0,censor_aware
Treatment→Discharge,exponential,mean,3.4026604957332633,,,0,10,0,censor_aware
Treatment→Examination,lognormal,median,0.011608018189574949,,,2,10,0,censor_aware
Treatment→Examination,lognormal,sigma,1.8248020254114785,,,2,10,0,censor_aware
Admission→Discharge,weibull,shape,1.4301890716913523,1.698085700395775,0.18731553331449113,5,30,0,naive
Admission→Discharge,weibull,scale,3.727357018906392,4.569400737959933,0.22590905963190963,5,30,0,naive
Admission→Examination,weibull,shape,1.1311774118053453,1.1208856105795753,0.009098308645806862,29,30,0,naive
Admission→Examination,weibull,scale,1.3905243971056556,1.4666596535478096,0.05475290947834342,29,30,0,naive
Admission→Treatment,gamma,shape,0.37285325888103965,,,0,30,0,naive
Admission→Treatment,gamma,scale,1.2938901651688945,,,0,30,0,naive
Examination→Admission,lognormal,median,0.3135473165609704,0.4985328944894977,0.5899765941468557,19,30,0,naive
Examination→Admission,lognormal,sigma,1.7601234066827538,1.6841001462468164,0.04319200582600964,19,30,0,naive
Examination→Discharge,gamma,shape,1.1671391519621588,1.5587601274370717,0.3355392326754969,17,30,0,naive
Examination→Discharge,gamma,scale,4.7427726153481045,4.390904045313916,0.07419047856005265,17,30,0,naive
Examination→Treatment,gamma,shape,0.801579243120337,0.813770908965243,0.01520955781919576,19,30,0,naive
Examination→Treatment,gamma,scale,0.09660526903733832,0.07172616282335291,0.25753363622815995,19,30,0,naive
Registration→Admission,exponential,mean,0.16398726851851853,,,0,30,0,naive
Registration→Examination,lognormal,median,0.01611714134816275,0.01618715569423864,0.004344092079571638,22,30,0,naive
Registration→Examination,lognormal,sigma,0.603660472855505,0.4985838449739824,0.17406577473008442,22,30,0,naive
Registration→Treatment,lognormal,median,0.009142782462465304,0.01204556312373619,0.3174942281726526,7,30,0,naive
Registration→Treatment,lognormal,sigma,0.9454373765910125,0.48814665701145327,0.4836816598349686,7,30,0,naive
Treatment→Admission,gamma,shape,0.42839387868105805,0.6750400546551915,0.5757462658745482,15,30,0,naive
Treatment→Admission,gamma,scale,0.13817139969295555,0.10967113269333767,0.20626748417509824,15,30,0,naive
Treatment→Discharge,exponential,mean,3.132980324074074,,,0,30,0,naive
Treatment→Examination,lognormal,median,0.01082344787079655,0.008995788841651212,0.1688610737505064,8,30,0,naive
Treatment→Examination,lognormal,sigma,1.8093158782111687,1.3781012981697622,0.23833018061375713,8,30,0,naive
Admission→Discharge,weibull,shape,1.4301838693036997,1.698085700395775,0.1873198522526381,5,30,0,censor_aware
Admission→Discharge,weibull,scale,3.7273531319461406,4.569400737959933,0.2259103380350064,5,30,0,censor_aware
Admission→Examination,weibull,shape,1.1311870043544345,1.1208856105795753,0.009106711565112311,29,30,0,censor_aware
Admission→Examination,weibull,scale,1.3905318552671047,1.4666596535478096,0.05474725227785715,29,30,0,censor_aware
Admission→Treatment,gamma,shape,0.3735576739505992,,,0,30,0,censor_aware
Admission→Treatment,gamma,scale,1.292187097259026,,,0,30,0,censor_aware
Examination→Admission,lognormal,median,0.31517590775361726,0.49854353632910786,0.5817945600043604,19,30,0,censor_aware
Examination→Admission,lognormal,sigma,1.7601550747201233,1.684049584240297,0.043237946231486274,19,30,0,censor_aware
Examination→Discharge,gamma,shape,1.1689345802263618,1.5587435779012309,0.3334737497451597,17,30,0,censor_aware
Examination→Discharge,gamma,scale,4.737565370778875,4.390961529431073,0.0731607511920873,17,30,0,censor_aware
Examination→Treatment,gamma,shape,0.8071683823130287,0.8206158881527368,0.016660099843322427,19,30,0,censor_aware
Examination→Treatment,gamma,scale,0.09616280174546887,0.07125060137973077,0.25906275517718,19,30,0,censor_aware
Registration→Admission,exponential,mean,0.1640145703456333,,,0,30,0,censor_aware
Registration→Examination,lognormal,median,0.0161171372950077,0.01618715569423864,0.00434434465310597,22,30,0,censor_aware
Registration→Examination,lognormal,sigma,0.6036604444915276,0.4985838449739824,0.1740657359222084,22,30,0,censor_aware
Registration→Treatment,lognormal,median,0.009146029778006435,0.01204556312373619,0.31702644930178303,7,30,0,censor_aware
Registration→Treatment,lognormal,sigma,0.9449627510561763,0.48814665701145327,0.48342232911735816,7,30,0,censor_aware
Treatment→Admission,gamma,shape,0.44142617019664615,0.7066211216454393,0.6007685301726773,15,30,0,censor_aware
Treatment→Admission,gamma,scale,0.14156042017507695,0.1202881028303836,0.150270233151219,15,30,0,censor_aware
Treatment→Discharge,exponential,mean,3.4026604957332633,,,0,30,0,censor_aware
Treatment→Examination,lognormal,median,0.011608018189574949,0.009888459345691443,0.14813543671285986,8,30,0,censor_aware
Treatment→Examination,lognormal,sigma,1.8248020254114785,1.4146507111746862,0.22476482847190307,8,30,0,censor_aware
Admission→Discharge,weibull,shape,1.4301890716913523,1.9286879897522526,0.34855455682609277,8,50,0,naive
Admission→Discharge,weibull,scale,3.727357018906392,4.219225046409483,0.1319616084555821,8,50,0,naive
Admission→Examination,weibull,shape,1.1311774118053453,0.9884830063699764,0.1261467953180132,45,50,0,naive
Admission→Examination,weibull,scale,1.3905243971056556,1.476199242721127,0.06161333507977398,45,50,0,naive
Admission→Treatment,gamma,shape,0.37285325888103965,,,0,50,0,naive
Admission→Treatment,gamma,scale,1.2938901651688945,,,0,50,0,naive
Examination→Admission,lognormal,median,0.3135473165609704,0.37952777489539186,0.21043222138879736,30,50,0,naive
Examination→Admission,lognormal,sigma,1.7601234066827538,1.531161129476965,0.13008308186600762,30,50,0,naive
Examination→Discharge,gamma,shape,1.1671391519621588,1.3582138749153263,0.16371203265003878,29,50,0,naive
Examination→Discharge,gamma,scale,4.7427726153481045,4.24039625033943,0.10592461535746679,29,50,0,naive
Examination→Treatment,gamma,shape,0.801579243120337,0.770881709179358,0.03829631842945626,28,50,0,naive
Examination→Treatment,gamma,scale,0.09660526903733832,0.07082191744478566,0.2668938438811996,28,50,0,naive
Registration→Admission,exponential,mean,0.16398726851851853,,,0,50,0,naive
Registration→Examination,lognormal,median,0.01611714134816275,0.016265430956321936,0.009200738825566584,33,50,0,naive
Registration→Examination,lognormal,sigma,0.603660472855505,0.48347963541440336,0.19908680929961872,33,50,0,naive
Registration→Treatment,lognormal,median,0.009142782462465304,0.012449712898587626,0.36169847086470275,14,50,0,naive
Registration→Treatment,lognormal,sigma,0.9454373765910125,0.5255210372317877,0.44415034750723287,14,50,0,naive
Treatment→Admission,gamma,shape,0.42839387868105805,0.6392850149405711,0.4922832625638959,23,50,0,naive
Treatment→Admission,gamma,scale,0.13817139969295555,0.11934078223170176,0.13628448074709518,23,50,0,naive
Treatment→Discharge,exponential,mean,3.132980324074074,,,0,50,0,naive
Treatment→Examination,lognormal,median,0.01082344787079655,0.00508943956694898,0.5297764974984424,15,50,0,naive
Treatment→Examination,lognormal,sigma,1.8093158782111687,1.319701868009621,0.27060725885278714,15,50,0,naive
Admission→Discharge,weibull,shape,1.4301838693036997,1.9286879897522526,0.34855946228176593,8,50,0,censor_aware
Admission→Discharge,weibull,scale,3.7273531319461406,4.219225046409483,0.13196278888835103,8,50,0,censor_aware
Admission→Examination,weibull,shape,1.1311870043544345,0.9884830063699764,0.12615420565753308,45,50,0,censor_aware
Admission→Examination,weibull,scale,1.3905318552671047,1.476199242721127,0.06160764108317869,45,50,0,censor_aware
Admission→Treatment,gamma,shape,0.3735576739505992,,,0,50,0,censor_aware
Admission→Treatment,gamma,scale,1.292187097259026,,,0,50,0,censor_aware
Examination→Admission,lognormal,median,0.31517590775361726,0.3850431938714639,0.22167711553785407,30,50,0,censor_aware
Examination→Admission,lognormal,sigma,1.7601550747201233,1.5318829734103299,0.12968863061460098,30,50,0,censor_aware
Examination→Discharge,gamma,shape,1.1689345802263618,1.3633028189045098,0.1662781151024799,29,50,0,censor_aware
Examination→Discharge,gamma,scale,4.737565370778875,4.228000770489127,0.10755832593524156,29,50,0,censor_aware
Examination→Treatment,gamma,shape,0.8071683823130287,0.776647217988209,0.03781263611609507,28,50,0,censor_aware
Examination→Treatment,gamma,scale,0.09616280174546887,0.07042858451816084,0.26761093437588634,28,50,0,censor_aware
Registration→Admission,exponential,mean,0.1640145703456333,,,0,50,0,censor_aware
Registration→Examination,lognormal,median,0.0161171372950077,0.016265430956321936,0.009200992620455673,33,50,0,censor_aware
Registration→Examination,lognormal,sigma,0.6036604444915276,0.48347963541440336,0.1990867716673971,33,50,0,censor_aware
Registration→Treatment,lognormal,median,0.009146029778006435,0.012449712898587626,0.36121499719207084,14,50,0,censor_aware
Registration→Treatment,lognormal,sigma,0.9449627510561763,0.5255210372317877,0.44387116143528665,14,50,0,censor_aware
Treatment→Admission,gamma,shape,0.44142617019664615,0.664515297103778,0.5053826482642619,23,50,0,censor_aware
Treatment→Admission,gamma,scale,0.14156042017507695,0.1267654166325749,0.10451370181159468,23,50,0,censor_aware
Treatment→Discharge,exponential,mean,3.4026604957332633,,,0,50,0,censor_aware
Treatment→Examination,lognormal,median,0.011608018189574949,0.005326845924021597,0.5411063424413319,15,50,0,censor_aware
Treatment→Examination,lognormal,sigma,1.8248020254114785,1.3366568389740805,0.2675058333121507,15,50,0,censor_aware
Admission→Discharge,weibull,shape,1.4301890716913523,,,13,100,0,naive
Admission→Discharge,weibull,scale,3.727357018906392,,,13,100,0,naive
Admission→Examination,weibull,shape,1.1311774118053453,,,90,100,0,naive
Admission→Examination,weibull,scale,1.3905243971056556,,,90,100,0,naive
Admission→Treatment,gamma,shape,0.37285325888103965,,,1,100,0,naive
Admission→Treatment,gamma,scale,1.2938901651688945,,,1,100,0,naive
Examination→Admission,lognormal,median,0.3135473165609704,0.3310466425468122,0.05581079812060519,53,100,0,naive
Examination→Admission,lognormal,sigma,1.7601234066827538,1.5812712133149482,0.10161343953994814,53,100,0,naive
Examination→Discharge,gamma,shape,1.1671391519621588,1.4189958473507216,0.21578977533668459,62,100,0,naive
Examination→Discharge,gamma,scale,4.7427726153481045,4.021030832134015,0.15217718447611392,62,100,0,naive
Examination→Treatment,gamma,shape,0.801579243120337,0.8140817547963789,0.015597349586265352,60,100,0,naive
Examination→Treatment,gamma,scale,0.09660526903733832,0.09097128492964275,0.058319635811148275,60,100,0,naive
Registration→Admission,exponential,mean,0.16398726851851853,,,0,100,0,naive
Registration→Examination,lognormal,median,0.01611714134816275,0.015671740823336753,0.027635206219542772,71,100,0,naive
Registration→Examination,lognormal,sigma,0.603660472855505,0.5396145739955465,0.10609589618647901,71,100,0,naive
Registration→Treatment,lognormal,median,0.009142782462465304,0.010719276905840316,0.17243048818531312,23,100,0,naive
Registration→Treatment,lognormal,sigma,0.9454373765910125,0.679117570397601,0.2816895257025775,23,100,0,naive
Treatment→Admission,gamma,shape,0.42839387868105805,0.501127945251592,0.16978316028806964,53,100,0,naive
Treatment→Admission,gamma,scale,0.13817139969295555,0.12200115889800321,0.11703030316610998,53,100,0,naive
Treatment→Discharge,exponential,mean,3.132980324074074,,,0,100,0,naive
Treatment→Examination,lognormal,median,0.01082344787079655,0.007520000223338458,0.30521213636288114,26,100,0,naive
Treatment→Examination,lognormal,sigma,1.8093158782111687,1.7320727323810732,0.04269190734481595,26,100,0,naive
Admission→Discharge,weibull,shape,1.4301838693036997,,,13,100,0,censor_aware
Admission→Discharge,weibull,scale,3.7273531319461406,,,13,100,0,censor_aware
Admission→Examination,weibull,shape,1.1311870043544345,,,90,100,0,censor_aware
Admission→Examination,weibull,scale,1.3905318552671047,,,90,100,0,censor_aware
Admission→Treatment,gamma,shape,0.3735576739505992,,,1,100,0,censor_aware
Admission→Treatment,gamma,scale,1.292187097259026,,,1,100,0,censor_aware
Examination→Admission,lognormal,median,0.31517590775361726,0.3335305882163656,0.05823630553987893,53,100,0,censor_aware
Examination→Admission,lognormal,sigma,1.7601550747201233,1.5819220256892896,0.10125985578808956,53,100,0,censor_aware
Examination→Discharge,gamma,shape,1.1689345802263618,1.4215198129093416,0.21608158142953324,62,100,0,censor_aware
Examination→Discharge,gamma,scale,4.737565370778875,4.015396021137261,0.15243469865258805,62,100,0,censor_aware
Examination→Treatment,gamma,shape,0.8071683823130287,0.819035854921024,0.014702598451623979,60,100,0,censor_aware
Examination→Treatment,gamma,scale,0.09616280174546887,0.09056422367469959,0.05821978945235014,60,100,0,censor_aware
Registration→Admission,exponential,mean,0.1640145703456333,,,0,100,0,censor_aware
Registration→Examination,lognormal,median,0.0161171372950077,0.015671733044147984,0.02763544435386049,71,100,0,censor_aware
Registration→Examination,lognormal,sigma,0.6036604444915276,0.5396137616600906,0.10609719986769134,71,100,0,censor_aware
Registration→Treatment,lognormal,median,0.009146029778006435,0.010719315214152704,0.172018402993785,23,100,0,censor_aware
Registration→Treatment,lognormal,sigma,0.9449627510561763,0.6791082423284064,0.28133861195124016,23,100,0,censor_aware
Treatment→Admission,gamma,shape,0.44142617019664615,0.511570501187054,0.1589038795755133,53,100,0,censor_aware
Treatment→Admission,gamma,scale,0.14156042017507695,0.12654840442185844,0.1060467024232633,53,100,0,censor_aware
Treatment→Discharge,exponential,mean,3.4026604957332633,,,0,100,0,censor_aware
Treatment→Examination,lognormal,median,0.011608018189574949,0.007945214981033991,0.3155407881623141,26,100,0,censor_aware
Treatment→Examination,lognormal,sigma,1.8248020254114785,1.7472244071575604,0.04251289574079957,26,100,0,censor_aware
Admission→Discharge,weibull,shape,1.4301890716913523,1.3591585706152212,0.04966511245406873,42,300,0,naive
Admission→Discharge,weibull,scale,3.727357018906392,3.8166061700497975,0.02394435271177517,42,300,0,naive
Admission→Examination,weibull,shape,1.1311774118053453,1.1535062242708867,0.019739443373347515,252,300,0,naive
Admission→Examination,weibull,scale,1.3905243971056556,1.4770077798122971,0.062194797075588705,252,300,0,naive
Admission→Treatment,gamma,shape,0.37285325888103965,0.35066812962909444,0.05950096646204578,12,300,0,naive
Admission→Treatment,gamma,scale,1.2938901651688945,1.147992787272998,0.11275870380918475,12,300,0,naive
Examination→Admission,lognormal,median,0.3135473165609704,0.26028673920479994,0.16986456124179186,142,300,0,naive
Examination→Admission,lognormal,sigma,1.7601234066827538,1.6649849949510056,0.05405212576034791,142,300,0,naive
Examination→Discharge,gamma,shape,1.1671391519621588,1.2665248528772315,0.08515325764540457,181,300,0,naive
Examination→Discharge,gamma,scale,4.7427726153481045,3.969804034816923,0.16297820773228194,181,300,0,naive
Examination→Treatment,gamma,shape,0.801579243120337,0.8419248058906799,0.050332594209011934,196,300,0,naive
Examination→Treatment,gamma,scale,0.09660526903733832,0.09387198346224822,0.028293338472394056,196,300,0,naive
Registration→Admission,exponential,mean,0.16398726851851853,,,0,300,0,naive
Registration→Examination,lognormal,median,0.01611714134816275,0.016157220099774605,0.002486715897445657,215,300,0,naive
Registration→Examination,lognormal,sigma,0.603660472855505,0.5772855888989489,0.043691586815009655,215,300,0,naive
Registration→Treatment,lognormal,median,0.009142782462465304,0.009586958974078819,0.0485822027853154,72,300,0,naive
Registration→Treatment,lognormal,sigma,0.9454373765910125,0.9560701637095641,0.011246421372603815,72,300,0,naive
Treatment→Admission,gamma,shape,0.42839387868105805,0.41596979548260093,0.029001542311268464,168,300,0,naive
Treatment→Admission,gamma,scale,0.13817139969295555,0.1555710376966369,0.12592792750414938,168,300,0,naive
Treatment→Discharge,exponential,mean,3.132980324074074,,,0,300,0,naive
Treatment→Examination,lognormal,median,0.01082344787079655,0.013725318896374416,0.26810966895379,86,300,0,naive
Treatment→Examination,lognormal,sigma,1.8093158782111687,2.0517482204305106,0.13399116491423793,86,300,0,naive
Admission→Discharge,weibull,shape,1.4301838693036997,1.359166561405311,0.049656068301878,42,300,0,censor_aware
Admission→Discharge,weibull,scale,3.7273531319461406,3.8166233238926464,0.023950022653178464,42,300,0,censor_aware
Admission→Examination,weibull,shape,1.1311870043544345,1.1535260281822304,0.019748303102672813,252,300,0,censor_aware
Admission→Examination,weibull,scale,1.3905318552671047,1.4770157392077772,0.06219482395393236,252,300,0,censor_aware
Admission→Treatment,gamma,shape,0.3735576739505992,0.35173022666168124,0.05843126459718907,12,300,0,censor_aware
Admission→Treatment,gamma,scale,1.292187097259026,1.145765167808322,0.11331325762445127,12,300,0,censor_aware
Examination→Admission,lognormal,median,0.31517590775361726,0.26103222962323885,0.1717887592242748,142,300,0,censor_aware
Examination→Admission,lognormal,sigma,1.7601550747201233,1.6652952293499836,0.05389289087793759,142,300,0,censor_aware
Examination→Discharge,gamma,shape,1.1689345802263618,1.2676245754919793,0.0844273040895979,181,300,0,censor_aware
Examination→Discharge,gamma,scale,4.737565370778875,3.9672196747622785,0.1626037079652895,181,300,0,censor_aware
Examination→Treatment,gamma,shape,0.8071683823130287,0.846643281294798,0.04890540790095092,196,300,0,censor_aware
Examination→Treatment,gamma,scale,0.09616280174546887,0.0934616768504897,0.028089082742500777,196,300,0,censor_aware
Registration→Admission,exponential,mean,0.1640145703456333,,,0,300,0,censor_aware
Registration→Examination,lognormal,median,0.0161171372950077,0.016157222140920295,0.002487094648316516,215,300,0,censor_aware
Registration→Examination,lognormal,sigma,0.6036604444915276,0.5772856285866004,0.04369147613629562,215,300,0,censor_aware
Registration→Treatment,lognormal,median,0.009146029778006435,0.009590763554754033,0.04862588331136361,72,300,0,censor_aware
Registration→Treatment,lognormal,sigma,0.9449627510561763,0.9555259217718493,0.011178399046805348,72,300,0,censor_aware
Treatment→Admission,gamma,shape,0.44142617019664615,0.430073228854685,0.025718777246268913,168,300,0,censor_aware
Treatment→Admission,gamma,scale,0.14156042017507695,0.15588100022549442,0.1011623166468868,168,300,0,censor_aware
Treatment→Discharge,exponential,mean,3.4026604957332633,,,0,300,0,censor_aware
Treatment→Examination,lognormal,median,0.011608018189574949,0.014585408885849619,0.2564943169152368,86,300,0,censor_aware
Treatment→Examination,lognormal,sigma,1.8248020254114785,2.0426790682265827,0.11939763315747891,86,300,0,censor_aware
Admission→Discharge,weibull,shape,1.4301890716913523,1.4767435583460378,0.03255128120901507,69,500,0,naive
Admission→Discharge,weibull,scale,3.727357018906392,3.6205378590101356,0.02865815089738767,69,500,0,naive
Admission→Examination,weibull,shape,1.1311774118053453,1.1730283023593875,0.036997636371865594,450,500,0,naive
Admission→Examination,weibull,scale,1.3905243971056556,1.3760844294465344,0.010384548224524219,450,500,0,naive
Admission→Treatment,gamma,shape,0.37285325888103965,0.39102196991595645,0.04872885137022122,14,500,0,naive
Admission→Treatment,gamma,scale,1.2938901651688945,1.2049976518118097,0.06870174590552008,14,500,0,naive
Examination→Admission,lognormal,median,0.3135473165609704,0.3066347402289651,0.02204635781234996,253,500,0,naive
Examination→Admission,lognormal,sigma,1.7601234066827538,1.7167419144272444,0.02464684697152515,253,500,0,naive
Examination→Discharge,gamma,shape,1.1671391519621588,1.2989639408873717,0.1129469341368534,307,500,0,naive
Examination→Discharge,gamma,scale,4.7427726153481045,3.9442529268153206,0.1683655855540473,307,500,0,naive
Examination→Treatment,gamma,shape,0.801579243120337,0.8327571774645538,0.038895635848614656,330,500,0,naive
Examination→Treatment,gamma,scale,0.09660526903733832,0.09066605233715073,0.06147922115813429,330,500,0,naive
Registration→Admission,exponential,mean,0.16398726851851853,0.0720486111111111,0.5606450929879663,1,500,0,naive
Registration→Examination,lognormal,median,0.01611714134816275,0.015689473256623714,0.026534984232038598,367,500,0,naive
Registration→Examination,lognormal,sigma,0.603660472855505,0.6092337210081912,0.009232421871723687,367,500,0,naive
Registration→Treatment,lognormal,median,0.009142782462465304,0.009211370236630047,0.007501849075631244,114,500,0,naive
Registration→Treatment,lognormal,sigma,0.9454373765910125,0.9251864591416095,0.021419628577010824,114,500,0,naive
Treatment→Admission,gamma,shape,0.42839387868105805,0.420717681315142,0.01791855053939986,284,500,0,naive
Treatment→Admission,gamma,scale,0.13817139969295555,0.145436356566583,0.05257931011607049,284,500,0,naive
Treatment→Discharge,exponential,mean,3.132980324074074,,,0,500,0,naive
Treatment→Examination,lognormal,median,0.01082344787079655,0.010393559907867602,0.03971820884256815,130,500,0,naive
Treatment→Examination,lognormal,sigma,1.8093158782111687,1.8413257723298917,0.017691711272865465,130,500,0,naive
Admission→Discharge,weibull,shape,1.4301838693036997,1.4767558453273448,0.03256362837200732,69,500,0,censor_aware
Admission→Discharge,weibull,scale,3.7273531319461406,3.6205607787569103,0.028650988894489707,69,500,0,censor_aware
Admission→Examination,weibull,shape,1.1311870043544345,1.1730387524146908,0.03699808068794156,450,500,0,censor_aware
Admission→Examination,weibull,scale,1.3905318552671047,1.3760942286134101,0.010382808994275955,450,500,0,censor_aware
Admission→Treatment,gamma,shape,0.3735576739505992,0.3917079450538046,0.04858760070769059,14,500,0,censor_aware
Admission→Treatment,gamma,scale,1.292187097259026,1.2037156013645334,0.06846647523579007,14,500,0,censor_aware
Examination→Admission,lognormal,median,0.31517590775361726,0.30717230740936835,0.025394074062620193,253,500,0,censor_aware
Examination→Admission,lognormal,sigma,1.7601550747201233,1.7167823609238841,0.024641416213361626,253,500,0,censor_aware
Examination→Discharge,gamma,shape,1.1689345802263618,1.2995774399734747,0.11176233636771551,307,500,0,censor_aware
Examination→Discharge,gamma,scale,4.737565370778875,3.942837610292515,0.16775024686481604,307,500,0,censor_aware
Examination→Treatment,gamma,shape,0.8071683823130287,0.837682589569834,0.03780401701236555,330,500,0,censor_aware
Examination→Treatment,gamma,scale,0.09616280174546887,0.09024151031177483,0.06157569586384327,330,500,0,censor_aware
Registration→Admission,exponential,mean,0.1640145703456333,0.07207452931598689,0.5605602041080749,1,500,0,censor_aware
Registration→Examination,lognormal,median,0.0161171372950077,0.015689470158617175,0.026534931642171584,367,500,0,censor_aware
Registration→Examination,lognormal,sigma,0.6036604444915276,0.6092333883689149,0.009231918255107071,367,500,0,censor_aware
Registration→Treatment,lognormal,median,0.009146029778006435,0.009213913854898127,0.007422245339167084,114,500,0,censor_aware
Registration→Treatment,lognormal,sigma,0.9449627510561763,0.9247997395732488,0.02133736113978199,114,500,0,censor_aware
Treatment→Admission,gamma,shape,0.44142617019664615,0.4331655171907743,0.018713555207186552,284,500,0,censor_aware
Treatment→Admission,gamma,scale,0.14156042017507695,0.1502043016841489,0.0610614287410386,284,500,0,censor_aware
Treatment→Discharge,exponential,mean,3.4026604957332633,,,0,500,0,censor_aware
Treatment→Examination,lognormal,median,0.011608018189574949,0.011088237156090397,0.04477775835597525,130,500,0,censor_aware
Treatment→Examination,lognormal,sigma,1.8248020254114785,1.846754041722956,0.01202980707264804,130,500,0,censor_aware
Admission→Discharge,weibull,shape,1.4301890716913523,1.4301890716913523,0.0,96,734,0,naive
Admission→Discharge,weibull,scale,3.727357018906392,3.727357018906392,0.0,96,734,0,naive
Admission→Examination,weibull,shape,1.1311774118053453,1.1311774118053453,0.0,645,734,0,naive
Admission→Examination,weibull,scale,1.3905243971056556,1.3905243971056556,0.0,645,734,0,naive
Admission→Treatment,gamma,shape,0.37285325888103965,0.37285325888103965,0.0,19,734,0,naive
Admission→Treatment,gamma,scale,1.2938901651688945,1.2938901651688945,0.0,19,734,0,naive
Examination→Admission,lognormal,median,0.3135473165609704,0.3135473165609704,0.0,359,734,0,naive
Examination→Admission,lognormal,sigma,1.7601234066827538,1.7601234066827538,0.0,359,734,0,naive
Examination→Discharge,gamma,shape,1.1671391519621588,1.1671391519621588,0.0,443,734,0,naive
Examination→Discharge,gamma,scale,4.7427726153481045,4.7427726153481045,0.0,443,734,0,naive
Examination→Treatment,gamma,shape,0.801579243120337,0.801579243120337,0.0,478,734,0,naive
Examination→Treatment,gamma,scale,0.09660526903733832,0.09660526903733832,0.0,478,734,0,naive
Registration→Admission,exponential,mean,0.16398726851851853,0.16398726851851853,0.0,2,734,0,naive
Registration→Examination,lognormal,median,0.01611714134816275,0.01611714134816275,0.0,535,734,0,naive
Registration→Examination,lognormal,sigma,0.603660472855505,0.603660472855505,0.0,535,734,0,naive
Registration→Treatment,lognormal,median,0.009142782462465304,0.009142782462465304,0.0,170,734,0,naive
Registration→Treatment,lognormal,sigma,0.9454373765910125,0.9454373765910125,0.0,170,734,0,naive
Treatment→Admission,gamma,shape,0.42839387868105805,0.42839387868105805,0.0,406,734,0,naive
Treatment→Admission,gamma,scale,0.13817139969295555,0.13817139969295555,0.0,406,734,0,naive
Treatment→Discharge,exponential,mean,3.132980324074074,3.132980324074074,0.0,2,734,0,naive
Treatment→Examination,lognormal,median,0.01082344787079655,0.01082344787079655,0.0,193,734,0,naive
Treatment→Examination,lognormal,sigma,1.8093158782111687,1.8093158782111687,0.0,193,734,0,naive
Admission→Discharge,weibull,shape,1.4301838693036997,1.4301838693036997,0.0,96,734,0,censor_aware
Admission→Discharge,weibull,scale,3.7273531319461406,3.7273531319461406,0.0,96,734,0,censor_aware
Admission→Examination,weibull,shape,1.1311870043544345,1.1311870043544345,0.0,645,734,0,censor_aware
Admission→Examination,weibull,scale,1.3905318552671047,1.3905318552671047,0.0,645,734,0,censor_aware
Admission→Treatment,gamma,shape,0.3735576739505992,0.3735576739505992,0.0,19,734,0,censor_aware
Admission→Treatment,gamma,scale,1.292187097259026,1.292187097259026,0.0,19,734,0,censor_aware
Examination→Admission,lognormal,median,0.31517590775361726,0.31517590775361726,0.0,359,734,0,censor_aware
Examination→Admission,lognormal,sigma,1.7601550747201233,1.7601550747201233,0.0,359,734,0,censor_aware
Examination→Discharge,gamma,shape,1.1689345802263618,1.1689345802263618,0.0,443,734,0,censor_aware
Examination→Discharge,gamma,scale,4.737565370778875,4.737565370778875,0.0,443,734,0,censor_aware
Examination→Treatment,gamma,shape,0.8071683823130287,0.8071683823130287,0.0,478,734,0,censor_aware
Examination→Treatment,gamma,scale,0.09616280174546887,0.09616280174546887,0.0,478,734,0,censor_aware
Registration→Admission,exponential,mean,0.1640145703456333,0.1640145703456333,0.0,2,734,0,censor_aware
Registration→Examination,lognormal,median,0.0161171372950077,0.0161171372950077,0.0,535,734,0,censor_aware
Registration→Examination,lognormal,sigma,0.6036604444915276,0.6036604444915276,0.0,535,734,0,censor_aware
Registration→Treatment,lognormal,median,0.009146029778006435,0.009146029778006435,0.0,170,734,0,censor_aware
Registration→Treatment,lognormal,sigma,0.9449627510561763,0.9449627510561763,0.0,170,734,0,censor_aware
Treatment→Admission,gamma,shape,0.44142617019664615,0.44142617019664615,0.0,406,734,0,censor_aware
Treatment→Admission,gamma,scale,0.14156042017507695,0.14156042017507695,0.0,406,734,0,censor_aware
Treatment→Discharge,exponential,mean,3.4026604957332633,3.4026604957332633,0.0,2,734,0,censor_aware
Treatment→Examination,lognormal,median,0.011608018189574949,0.011608018189574949,0.0,193,734,0,censor_aware
Treatment→Examination,lognormal,sigma,1.8248020254114785,1.8248020254114785,0.0,193,734,0,censor_aware
Admission→Discharge,weibull,shape,1.4301890716913523,,,1,10,1,naive
Admission→Discharge,weibull,scale,3.727357018906392,,,1,10,1,naive
Admission→Examination,weibull,shape,1.1311774118053453,,,9,10,1,naive
Admission→Examination,weibull,scale,1.3905243971056556,,,9,10,1,naive
Admission→Treatment,gamma,shape,0.37285325888103965,,,0,10,1,naive
Admission→Treatment,gamma,scale,1.2938901651688945,,,0,10,1,naive
Examination→Admission,lognormal,median,0.3135473165609704,0.24468986408770524,0.21960785130774857,4,10,1,naive
Examination→Admission,lognormal,sigma,1.7601234066827538,1.2059452920296687,0.31485185217639156,4,10,1,naive
Examination→Discharge,gamma,shape,1.1671391519621588,1.911128660327209,0.63744713482902,7,10,1,naive
Examination→Discharge,gamma,scale,4.7427726153481045,3.301464700154485,0.30389563913087414,7,10,1,naive
Examination→Treatment,gamma,shape,0.801579243120337,0.8584906968197421,0.07099916095364918,8,10,1,naive
Examination→Treatment,gamma,scale,0.09660526903733832,0.060149436298811615,0.3773689893088169,8,10,1,naive
Registration→Admission,exponential,mean,0.16398726851851853,,,0,10,1,naive
Registration→Examination,lognormal,median,0.01611714134816275,0.01371265520579476,0.1491881277471135,6,10,1,naive
Registration→Examination,lognormal,sigma,0.603660472855505,0.38218528467989965,0.36688701370152266,6,10,1,naive
Registration→Treatment,lognormal,median,0.009142782462465304,0.013256822733967421,0.4499768301818249,4,10,1,naive
Registration→Treatment,lognormal,sigma,0.9454373765910125,0.5551098596546492,0.41285390931314464,4,10,1,naive
Treatment→Admission,gamma,shape,0.42839387868105805,0.48609810670627795,0.1346990022427026,6,10,1,naive
Treatment→Admission,gamma,scale,0.13817139969295555,0.10304243912261743,0.25424191003638735,6,10,1,naive
Treatment→Discharge,exponential,mean,3.132980324074074,,,0,10,1,naive
Treatment→Examination,lognormal,median,0.01082344787079655,0.007859354122765012,0.27385855075157256,5,10,1,naive
Treatment→Examination,lognormal,sigma,1.8093158782111687,1.5697806192419363,0.13238996123001787,5,10,1,naive
Admission→Discharge,weibull,shape,1.4301838693036997,,,1,10,1,censor_aware
Admission→Discharge,weibull,scale,3.7273531319461406,,,1,10,1,censor_aware
Admission→Examination,weibull,shape,1.1311870043544345,,,9,10,1,censor_aware
Admission→Examination,weibull,scale,1.3905318552671047,,,9,10,1,censor_aware
Admission→Treatment,gamma,shape,0.3735576739505992,,,0,10,1,censor_aware
Admission→Treatment,gamma,scale,1.292187097259026,,,0,10,1,censor_aware
Examination→Admission,lognormal,median,0.31517590775361726,0.2446898923444869,0.22364023922866416,4,10,1,censor_aware
Examination→Admission,lognormal,sigma,1.7601550747201233,1.2059447452364835,0.3148644897505767,4,10,1,censor_aware
Examination→Discharge,gamma,shape,1.1689345802263618,1.9111263015558648,0.6349300755443296,7,10,1,censor_aware
Examination→Discharge,gamma,scale,4.737565370778875,3.301460580229155,0.30313139305846004,7,10,1,censor_aware
Examination→Treatment,gamma,shape,0.8071683823130287,0.8635247124359287,0.06981979393370785,8,10,1,censor_aware
Examination→Treatment,gamma,scale,0.09616280174546887,0.05986928381341187,0.3774174345306774,8,10,1,censor_aware
Registration→Admission,exponential,mean,0.1640145703456333,,,0,10,1,censor_aware
Registration→Examination,lognormal,median,0.0161171372950077,0.01371265520579476,0.14918791378402724,6,10,1,censor_aware
Registration→Examination,lognormal,sigma,0.6036604444915276,0.38218528467989965,0.36688698395366925,6,10,1,censor_aware
Registration→Treatment,lognormal,median,0.009146029778006435,0.013256822733967421,0.44946201310717987,4,10,1,censor_aware
Registration→Treatment,lognormal,sigma,0.9449627510561763,0.5551098596546492,0.41255900400919726,4,10,1,censor_aware
Treatment→Admission,gamma,shape,0.44142617019664615,0.4983357646216398,0.12892211261430564,6,10,1,censor_aware
Treatment→Admission,gamma,scale,0.14156042017507695,0.10144534926311012,0.28337773271903205,6,10,1,censor_aware
Treatment→Discharge,exponential,mean,3.4026604957332633,,,0,10,1,censor_aware
Treatment→Examination,lognormal,median,0.011608018189574949,0.008000881575998875,0.31074525855030183,5,10,1,censor_aware
Treatment→Examination,lognormal,sigma,1.8248020254114785,1.555926283326071,0.1473451576341703,5,10,1,censor_aware
Admission→Discharge,weibull,shape,1.4301890716913523,,,1,30,1,naive
Admission→Discharge,weibull,scale,3.727357018906392,,,1,30,1,naive
Admission→Examination,weibull,shape,1.1311774118053453,,,26,30,1,naive
Admission→Examination,weibull,scale,1.3905243971056556,,,26,30,1,naive
Admission→Treatment,gamma,shape,0.37285325888103965,,,0,30,1,naive
Admission→Treatment,gamma,scale,1.2938901651688945,,,0,30,1,naive
Examination→Admission,lognormal,median,0.3135473165609704,0.3418104485066672,0.0901399261064986,7,30,1,naive
Examination→Admission,lognormal,sigma,1.7601234066827538,1.3915041907731327,0.2094280517548173,7,30,1,naive
Examination→Discharge,gamma,shape,1.1671391519621588,1.2105208314155596,0.03716924359916194,21,30,1,naive
Examination→Discharge,gamma,scale,4.7427726153481045,5.470938635100353,0.15353171632049736,21,30,1,naive
Examination→Treatment,gamma,shape,0.801579243120337,0.7282671286898319,0.09145959686421064,24,30,1,naive
Examination→Treatment,gamma,scale,0.09660526903733832,0.08455669449463495,0.12471964172105926,24,30,1,naive
Registration→Admission,exponential,mean,0.16398726851851853,,,0,30,1,naive
Registration→Examination,lognormal,median,0.01611714134816275,0.013172913720587988,0.18267678889038128,24,30,1,naive
Registration→Examination,lognormal,sigma,0.603660472855505,0.4640244112262303,0.23131556215491786,24,30,1,naive
Registration→Treatment,lognormal,median,0.009142782462465304,0.011072046480079072,0.21101497553224643,6,30,1,naive
Registration→Treatment,lognormal,sigma,0.9454373765910125,0.5248690592509339,0.44483995212515554,6,30,1,naive
Treatment→Admission,gamma,shape,0.42839387868105805,0.4317614948618652,0.00786102777933103,20,30,1,naive
Treatment→Admission,gamma,scale,0.13817139969295555,0.11645205625613968,0.15719131082901813,20,30,1,naive
Treatment→Discharge,exponential,mean,3.132980324074074,,,0,30,1,naive
Treatment→Examination,lognormal,median,0.01082344787079655,0.006506148544225951,0.39888392110423376,7,30,1,naive
Treatment→Examination,lognormal,sigma,1.8093158782111687,1.3700062126115673,0.24280429464529837,7,30,1,naive
Admission→Discharge,weibull,shape,1.4301838693036997,,,1,30,1,censor_aware
Admission→Discharge,weibull,scale,3.7273531319461406,,,1,30,1,censor_aware
Admission→Examination,weibull,shape,1.1311870043544345,,,26,30,1,censor_aware
Admission→Examination,weibull,scale,1.3905318552671047,,,26,30,1,censor_aware
Admission→Treatment,gamma,shape,0.3735576739505992,,,0,30,1,censor_aware
Admission→Treatment,gamma,scale,1.292187097259026,,,0,30,1,censor_aware
Examination→Admission,lognormal,median,0.31517590775361726,0.34181247319302066,0.08451332980763882,7,30,1,censor_aware
Examination→Admission,lognormal,sigma,1.7601550747201233,1.3914951507071562,0.20944741137174322,7,30,1,censor_aware
Examination→Discharge,gamma,shape,1.1689345802263618,1.210551751887404,0.035602652505141226,21,30,1,censor_aware
Examination→Discharge,gamma,scale,4.737565370778875,5.470813299437336,0.15477315272124928,21,30,1,censor_aware
Examination→Treatment,gamma,shape,0.8071683823130287,0.7380649989018512,0.08561210389975168,24,30,1,censor_aware
Examination→Treatment,gamma,scale,0.09616280174546887,0.08369096367155986,0.12969503641252508,24,30,1,censor_aware
Registration→Admission,exponential,mean,0.1640145703456333,,,0,30,1,censor_aware
Registration→Examination,lognormal,median,0.0161171372950077,0.013172913720587988,0.1826765833490596,24,30,1,censor_aware
Registration→Examination,lognormal,sigma,0.6036604444915276,0.4640244112262303,0.23131552603701713,24,30,1,censor_aware
Registration→Treatment,lognormal,median,0.009146029778006435,0.011072046480079072,0.2105850023257252,6,30,1,censor_aware
Registration→Treatment,lognormal,sigma,0.9449627510561763,0.5248690592509339,0.4445611124202595,6,30,1,censor_aware
Treatment→Admission,gamma,shape,0.44142617019664615,0.44663933529024796,0.011809823353426138,20,30,1,censor_aware
Treatment→Admission,gamma,scale,0.14156042017507695,0.1141855590674366,0.19337934341946764,20,30,1,censor_aware
Treatment→Discharge,exponential,mean,3.4026604957332633,,,0,30,1,censor_aware
Treatment→Examination,lognormal,median,0.011608018189574949,0.006616665870448446,0.429991772722168,7,30,1,censor_aware
Treatment→Examination,lognormal,sigma,1.8248020254114785,1.3561828831883411,0.2568054702358561,7,30,1,censor_aware
Admission→Discharge,weibull,shape,1.4301890716913523,3.8201132754831626,1.6710547235306923,3,50,1,naive
Admission→Discharge,weibull,scale,3.727357018906392,3.604683406841188,0.032911688213112626,3,50,1,naive
Admission→Examination,weibull,shape,1.1311774118053453,1.385037807112436,0.22442137958000127,38,50,1,naive
Admission→Examination,weibull,scale,1.3905243971056556,1.749182543998299,0.25793013602579157,38,50,1,naive
Admission→Treatment,gamma,shape,0.37285325888103965,,,0,50,1,naive
Admission→Treatment,gamma,scale,1.2938901651688945,,,0,50,1,naive
Examination→Admission,lognormal,median,0.3135473165609704,0.32973428987554626,0.05162529691568336,12,50,1,naive
Examination→Admission,lognormal,sigma,1.7601234066827538,1.2451505817927182,0.29257768116417915,12,50,1,naive
Examination→Discharge,gamma,shape,1.1671391519621588,1.0255862072061919,0.12128197783271379,29,50,1,naive
Examination→Discharge,gamma,scale,4.7427726153481045,6.564977321518559,0.3842066348012576,29,50,1,naive
Examination→Treatment,gamma,shape,0.801579243120337,0.6844172093895617,0.146164006536265,38,50,1,naive
Examination→Treatment,gamma,scale,0.09660526903733832,0.11367737740069257,0.17672026105279842,38,50,1,naive
Registration→Admission,exponential,mean,0.16398726851851853,,,0,50,1,naive
Registration→Examination,lognormal,median,0.01611714134816275,0.01410735495551873,0.1246986887580485,39,50,1,naive
Registration→Examination,lognormal,sigma,0.603660472855505,0.5153834384583279,0.1462362343845353,39,50,1,naive
Registration→Treatment,lognormal,median,0.009142782462465304,0.012013555160374799,0.3139933285840649,8,50,1,naive
Registration→Treatment,lognormal,sigma,0.9454373765910125,0.6046691617004794,0.3604344648603271,8,50,1,naive
Treatment→Admission,gamma,shape,0.42839387868105805,0.40642985990745595,0.05127061768768748,30,50,1,naive
Treatment→Admission,gamma,scale,0.13817139969295555,0.12178748628096625,0.11857673475406366,30,50,1,naive
Treatment→Discharge,exponential,mean,3.132980324074074,,,0,50,1,naive
Treatment→Examination,lognormal,median,0.01082344787079655,0.006839766767664944,0.3680602660710581,9,50,1,naive
Treatment→Examination,lognormal,sigma,1.8093158782111687,1.236066699746635,0.31683200560384883,9,50,1,naive
Admission→Discharge,weibull,shape,1.4301838693036997,3.820115270881331,1.6710658348714247,3,50,1,censor_aware
Admission→Discharge,weibull,scale,3.7273531319461406,3.6046842159880064,0.03291046263010928,3,50,1,censor_aware
Admission→Examination,weibull,shape,1.1311870043544345,1.385042357945507,0.22441501945643988,38,50,1,censor_aware
Admission→Examination,weibull,scale,1.3905318552671047,1.7491859087165778,0.2579258088126143,38,50,1,censor_aware
Admission→Treatment,gamma,shape,0.3735576739505992,,,0,50,1,censor_aware
Admission→Treatment,gamma,scale,1.292187097259026,,,0,50,1,censor_aware
Examination→Admission,lognormal,median,0.31517590775361726,0.3297349714451871,0.04619345366636053,12,50,1,censor_aware
Examination→Admission,lognormal,sigma,1.7601550747201233,1.24514744829008,0.2925921890785294,12,50,1,censor_aware
Examination→Discharge,gamma,shape,1.1689345802263618,1.025691775312464,0.12254133579157114,29,50,1,censor_aware
Examination→Discharge,gamma,scale,4.737565370778875,6.564355161473575,0.3855967459493584,29,50,1,censor_aware
Examination→Treatment,gamma,shape,0.8071683823130287,0.6929857980878693,0.14146067503035337,38,50,1,censor_aware
Examination→Treatment,gamma,scale,0.09616280174546887,0.11259838568718304,0.17091415436518936,38,50,1,censor_aware
Registration→Admission,exponential,mean,0.1640145703456333,,,0,50,1,censor_aware
Registration→Examination,lognormal,median,0.0161171372950077,0.01410735495551873,0.12469846863633172,39,50,1,censor_aware
Registration→Examination,lognormal,sigma,0.6036604444915276,0.5153834384583279,0.14623619426904264,39,50,1,censor_aware
Registration→Treatment,lognormal,median,0.009146029778006435,0.012013555160374799,0.31352679271435735,8,50,1,censor_aware
Registration→Treatment,lognormal,sigma,0.9449627510561763,0.6046691617004794,0.36011323089228003,8,50,1,censor_aware
Treatment→Admission,gamma,shape,0.44142617019664615,0.43251125038616856,0.020195721079486938,30,50,1,censor_aware
Treatment→Admission,gamma,scale,0.14156042017507695,0.12019568304239693,0.15092309775752896,30,50,1,censor_aware
Treatment→Discharge,exponential,mean,3.4026604957332633,,,0,50,1,censor_aware
Treatment→Examination,lognormal,median,0.011608018189574949,0.007077468580391623,0.39029484061733893,9,50,1,censor_aware
Treatment→Examination,lognormal,sigma,1.8248020254114785,1.2320930460932282,0.32480727830439526,9,50,1,censor_aware
Admission→Discharge,weibull,shape,1.4301890716913523,,,11,100,1,naive
Admission→Discharge,weibull,scale,3.727357018906392,,,11,100,1,naive
Admission→Examination,weibull,shape,1.1311774118053453,,,76,100,1,naive
Admission→Examination,weibull,scale,1.3905243971056556,,,76,100,1,naive
Admission→Treatment,gamma,shape,0.37285325888103965,,,1,100,1,naive
Admission→Treatment,gamma,scale,1.2938901651688945,,,1,100,1,naive
Examination→Admission,lognormal,median,0.3135473165609704,0.29544362394892565,0.05773831143129692,36,100,1,naive
Examination→Admission,lognormal,sigma,1.7601234066827538,1.7075438320881922,0.029872663697857765,36,100,1,naive
Examination→Discharge,gamma,shape,1.1671391519621588,0.9507911001750639,0.18536611630530703,53,100,1,naive
Examination→Discharge,gamma,scale,4.7427726153481045,7.141369127659494,0.5057371935878355,53,100,1,naive
Examination→Treatment,gamma,shape,0.801579243120337,0.7144456576935072,0.10870239739198048,70,100,1,naive
Examination→Treatment,gamma,scale,0.09660526903733832,0.0914834501405042,0.053018007691221454,70,100,1,naive
Registration→Admission,exponential,mean,0.16398726851851853,,,0,100,1,naive
Registration→Examination,lognormal,median,0.01611714134816275,0.014114473925527716,0.12425698697885561,76,100,1,naive
Registration→Examination,lognormal,sigma,0.603660472855505,0.5398762961114011,0.10566233770845478,76,100,1,naive
Registration→Treatment,lognormal,median,0.009142782462465304,0.009482633974935307,0.037171562799971004,19,100,1,naive
Registration→Treatment,lognormal,sigma,0.9454373765910125,0.5906611641414565,0.3752508851816093,19,100,1,naive
Treatment→Admission,gamma,shape,0.42839387868105805,0.4186833994407172,0.022667175521362586,54,100,1,naive
Treatment→Admission,gamma,scale,0.13817139969295555,0.12258158281002643,0.11282955023668292,54,100,1,naive
Treatment→Discharge,exponential,mean,3.132980324074074,,,0,100,1,naive
Treatment→Examination,lognormal,median,0.01082344787079655,0.007611539921872213,0.29675460049940233,22,100,1,naive
Treatment→Examination,lognormal,sigma,1.8093158782111687,1.6913961725981415,0.06517364216668008,22,100,1,naive
Admission→Discharge,weibull,shape,1.4301838693036997,,,11,100,1,censor_aware
Admission→Discharge,weibull,scale,3.7273531319461406,,,11,100,1,censor_aware
Admission→Examination,weibull,shape,1.1311870043544345,,,76,100,1,censor_aware
Admission→Examination,weibull,scale,1.3905318552671047,,,76,100,1,censor_aware
Admission→Treatment,gamma,shape,0.3735576739505992,,,1,100,1,censor_aware
Admission→Treatment,gamma,scale,1.292187097259026,,,1,100,1,censor_aware
Examination→Admission,lognormal,median,0.31517590775361726,0.2970606227557543,0.05747674410451527,36,100,1,censor_aware
Examination→Admission,lognormal,sigma,1.7601550747201233,1.705428078042346,0.031092144927332165,36,100,1,censor_aware
Examination→Discharge,gamma,shape,1.1689345802263618,0.9517876534714687,0.18576482416393486,53,100,1,censor_aware
Examination→Discharge,gamma,scale,4.737565370778875,7.135085481489917,0.5060658635971244,53,100,1,censor_aware
Examination→Treatment,gamma,shape,0.8071683823130287,0.7235057158242575,0.10364958331126242,70,100,1,censor_aware
Examination→Treatment,gamma,scale,0.09616280174546887,0.09097101198994546,0.05398958496722506,70,100,1,censor_aware
Registration→Admission,exponential,mean,0.1640145703456333,,,0,100,1,censor_aware
Registration→Examination,lognormal,median,0.0161171372950077,0.014114474507518633,0.12425673063599159,76,100,1,censor_aware
Registration→Examination,lognormal,sigma,0.6036604444915276,0.5398763436738334,0.10566221689648801,76,100,1,censor_aware
Registration→Treatment,lognormal,median,0.009146029778006435,0.009482641054821883,0.03680408712695217,19,100,1,censor_aware
Registration→Treatment,lognormal,sigma,0.9449627510561763,0.5906597338653385,0.3749386066221515,19,100,1,censor_aware
Treatment→Admission,gamma,shape,0.44142617019664615,0.4441879442650451,0.0062564801429163906,54,100,1,censor_aware
Treatment→Admission,gamma,scale,0.14156042017507695,0.11973356116654969,0.1541875828111598,54,100,1,censor_aware
Treatment→Discharge,exponential,mean,3.4026604957332633,,,0,100,1,censor_aware
Treatment→Examination,lognormal,median,0.011608018189574949,0.0080835001556382,0.30362788689477455,22,100,1,censor_aware
Treatment→Examination,lognormal,sigma,1.8248020254114785,1.6658693006588785,0.0870958726148728,22,100,1,censor_aware
Admission→Discharge,weibull,shape,1.4301890716913523,1.7346658120579368,0.21289264922609705,31,300,1,naive
Admission→Discharge,weibull,scale,3.727357018906392,3.9949460368570207,0.07179055201670467,31,300,1,naive
Admission→Examination,weibull,shape,1.1311774118053453,1.1629624773989227,0.028099098569205724,264,300,1,naive
Admission→Examination,weibull,scale,1.3905243971056556,1.4296642654706166,0.028147559615947636,264,300,1,naive
Admission→Treatment,gamma,shape,0.37285325888103965,0.35671697182370266,0.043277849054513276,11,300,1,naive
Admission→Treatment,gamma,scale,1.2938901651688945,1.3468198589691507,0.04090740870060412,11,300,1,naive
Examination→Admission,lognormal,median,0.3135473165609704,0.29353432320997086,0.06382766585440684,137,300,1,naive
Examination→Admission,lognormal,sigma,1.7601234066827538,1.667356203204531,0.052704942804583245,137,300,1,naive
Examination→Discharge,gamma,shape,1.1671391519621588,1.2688654225847527,0.08715864809399528,182,300,1,naive
Examination→Discharge,gamma,scale,4.7427726153481045,4.210017865410615,0.1123298106709649,182,300,1,naive
Examination→Treatment,gamma,shape,0.801579243120337,0.9062273375125999,0.13055240051488282,202,300,1,naive
Examination→Treatment,gamma,scale,0.09660526903733832,0.08531281964870728,0.11689268609423843,202,300,1,naive
Registration→Admission,exponential,mean,0.16398726851851853,,,0,300,1,naive
Registration→Examination,lognormal,median,0.01611714134816275,0.016067107561936276,0.0031043834105343843,236,300,1,naive
Registration→Examination,lognormal,sigma,0.603660472855505,0.5903874850440183,0.021987505242311526,236,300,1,naive
Registration→Treatment,lognormal,median,0.009142782462465304,0.01036766088989896,0.13397217230774783,53,300,1,naive
Registration→Treatment,lognormal,sigma,0.9454373765910125,0.9220620623085106,0.024724339085034696,53,300,1,naive
Treatment→Admission,gamma,shape,0.42839387868105805,0.37047505512265716,0.13519993268046163,172,300,1,naive
Treatment→Admission,gamma,scale,0.13817139969295555,0.16092653465191292,0.16468773573636675,172,300,1,naive
Treatment→Discharge,exponential,mean,3.132980324074074,,,0,300,1,naive
Treatment→Examination,lognormal,median,0.01082344787079655,0.013994546239060185,0.2929841217067052,64,300,1,naive
Treatment→Examination,lognormal,sigma,1.8093158782111687,2.211727029869513,0.22241066720544084,64,300,1,naive
Admission→Discharge,weibull,shape,1.4301838693036997,1.7346910391393366,0.21291470025031783,31,300,1,censor_aware
Admission→Discharge,weibull,scale,3.7273531319461406,3.9950243225526503,0.0718126727281008,31,300,1,censor_aware
Admission→Examination,weibull,shape,1.1311870043544345,1.1629822274293777,0.02810783977587212,264,300,1,censor_aware
Admission→Examination,weibull,scale,1.3905318552671047,1.4296623877243524,0.02814069473419667,264,300,1,censor_aware
Admission→Treatment,gamma,shape,0.3735576739505992,0.3574837427543171,0.04302931599902769,11,300,1,censor_aware
Admission→Treatment,gamma,scale,1.292187097259026,1.3448139792334863,0.040726983024433554,11,300,1,censor_aware
Examination→Admission,lognormal,median,0.31517590775361726,0.2948055538516121,0.06463169741365282,137,300,1,censor_aware
Examination→Admission,lognormal,sigma,1.7601550747201233,1.6670412715700214,0.05290090883890314,137,300,1,censor_aware
Examination→Discharge,gamma,shape,1.1689345802263618,1.270068442826229,0.08651798339329038,182,300,1,censor_aware
Examination→Discharge,gamma,scale,4.737565370778875,4.206936347049211,0.11200458087661727,182,300,1,censor_aware
Examination→Treatment,gamma,shape,0.8071683823130287,0.9116596311246714,0.12945409049870327,202,300,1,censor_aware
Examination→Treatment,gamma,scale,0.09616280174546887,0.08499112031395836,0.11617466659385174,202,300,1,censor_aware
Registration→Admission,exponential,mean,0.1640145703456333,,,0,300,1,censor_aware
Registration→Examination,lognormal,median,0.0161171372950077,0.0160671026460879,0.003104437717689204,236,300,1,censor_aware
Registration→Examination,lognormal,sigma,0.6036604444915276,0.5903872354888693,0.021987872691970892,236,300,1,censor_aware
Registration→Treatment,lognormal,median,0.009146029778006435,0.0103696281433454,0.13378464700403297,53,300,1,censor_aware
Registration→Treatment,lognormal,sigma,0.9449627510561763,0.9217830769307764,0.024529722573183105,53,300,1,censor_aware
Treatment→Admission,gamma,shape,0.44142617019664615,0.3866211561444926,0.12415442887706239,172,300,1,censor_aware
Treatment→Admission,gamma,scale,0.14156042017507695,0.16102286820336217,0.1374850964995354,172,300,1,censor_aware
Treatment→Discharge,exponential,mean,3.4026604957332633,,,0,300,1,censor_aware
Treatment→Examination,lognormal,median,0.011608018189574949,0.015119732022470002,0.30252483891254495,64,300,1,censor_aware
Treatment→Examination,lognormal,sigma,1.8248020254114785,2.1933869227586977,0.201986238624492,64,300,1,censor_aware
Admission→Discharge,weibull,shape,1.4301890716913523,1.4474131046287397,0.012043185952342734,60,500,1,naive
Admission→Discharge,weibull,scale,3.727357018906392,3.2619393702799275,0.12486532582355586,60,500,1,naive
Admission→Examination,weibull,shape,1.1311774118053453,1.1560015243148964,0.02194537501410341,429,500,1,naive
Admission→Examination,weibull,scale,1.3905243971056556,1.434260662259304,0.031453072844089894,429,500,1,naive
Admission→Treatment,gamma,shape,0.37285325888103965,0.37389431512834936,0.0027921339629268633,15,500,1,naive
Admission→Treatment,gamma,scale,1.2938901651688945,1.408987723761345,0.08895465912860274,15,500,1,naive
Examination→Admission,lognormal,median,0.3135473165609704,0.30709642650777846,0.020573896545970086,231,500,1,naive
Examination→Admission,lognormal,sigma,1.7601234066827538,1.7046816670961935,0.031498779787861295,231,500,1,naive
Examination→Discharge,gamma,shape,1.1671391519621588,1.20404517199437,0.03162092537994791,305,500,1,naive
Examination→Discharge,gamma,scale,4.7427726153481045,4.435932812882335,0.06469629209564128,305,500,1,naive
Examination→Treatment,gamma,shape,0.801579243120337,0.8373037339609134,0.044567634637731314,326,500,1,naive
Examination→Treatment,gamma,scale,0.09660526903733832,0.09598206984952011,0.006450985479656821,326,500,1,naive
Registration→Admission,exponential,mean,0.16398726851851853,0.16398726851851853,0.0,2,500,1,naive
Registration→Examination,lognormal,median,0.01611714134816275,0.015831971744208192,0.017693559781745402,376,500,1,naive
Registration→Examination,lognormal,sigma,0.603660472855505,0.613480136976317,0.016266866164620513,376,500,1,naive
Registration→Treatment,lognormal,median,0.009142782462465304,0.009337123187591822,0.02125619043484431,104,500,1,naive
Registration→Treatment,lognormal,sigma,0.9454373765910125,0.9269799976366615,0.019522582258068955,104,500,1,naive
Treatment→Admission,gamma,shape,0.42839387868105805,0.40696023701644934,0.05003255819293857,277,500,1,naive
Treatment→Admission,gamma,scale,0.13817139969295555,0.1463166523011592,0.05895035171029622,277,500,1,naive
Treatment→Discharge,exponential,mean,3.132980324074074,0.7261689814814813,0.768217828914679,1,500,1,naive
Treatment→Examination,lognormal,median,0.01082344787079655,0.012415386318659924,0.14708237771058955,121,500,1,naive
Treatment→Examination,lognormal,sigma,1.8093158782111687,1.988062751850608,0.09879251920132512,121,500,1,naive
Admission→Discharge,weibull,shape,1.4301838693036997,1.4474130853625677,0.01204685385471191,60,500,1,censor_aware
Admission→Discharge,weibull,scale,3.7273531319461406,3.261976437696248,0.12485446851313182,60,500,1,censor_aware
Admission→Examination,weibull,shape,1.1311870043544345,1.1560120287993767,0.02194599509133306,429,500,1,censor_aware
Admission→Examination,weibull,scale,1.3905318552671047,1.4342707018297078,0.03145476056296565,429,500,1,censor_aware
Admission→Treatment,gamma,shape,0.3735576739505992,0.3748112957337718,0.0033558988894935794,15,500,1,censor_aware
Admission→Treatment,gamma,scale,1.292187097259026,1.4066772426120546,0.08860183296666871,15,500,1,censor_aware
Examination→Admission,lognormal,median,0.31517590775361726,0.30791815671223305,0.023027620014210656,231,500,1,censor_aware
Examination→Admission,lognormal,sigma,1.7601550747201233,1.7043843516546582,0.03168511903664686,231,500,1,censor_aware
Examination→Discharge,gamma,shape,1.1689345802263618,1.2048016269982877,0.03068353642594815,305,500,1,censor_aware
Examination→Discharge,gamma,scale,4.737565370778875,4.433796679689793,0.0641191555820455,305,500,1,censor_aware
Examination→Treatment,gamma,shape,0.8071683823130287,0.8427744886517756,0.044112365051655986,326,500,1,censor_aware
Examination→Treatment,gamma,scale,0.09616280174546887,0.09554608174121837,0.0064132907221535205,326,500,1,censor_aware
Registration→Admission,exponential,mean,0.1640145703456333,0.16398804837907005,0.0001617049418680125,2,500,1,censor_aware
Registration→Examination,lognormal,median,0.0161171372950077,0.01583199681730521,0.017691757070953967,376,500,1,censor_aware
Registration→Examination,lognormal,sigma,0.6036604444915276,0.6134785213064864,0.016264237460893678,376,500,1,censor_aware
Registration→Treatment,lognormal,median,0.009146029778006435,0.00933955597235132,0.02115958498301195,104,500,1,censor_aware
Registration→Treatment,lognormal,sigma,0.9449627510561763,0.9265959556572279,0.019436528454079356,104,500,1,censor_aware
Treatment→Admission,gamma,shape,0.44142617019664615,0.42155641594826554,0.045012633119438865,277,500,1,censor_aware
Treatment→Admission,gamma,scale,0.14156042017507695,0.14749362674934377,0.041912891802163656,277,500,1,censor_aware
Treatment→Discharge,exponential,mean,3.4026604957332633,0.871212512858616,0.7439613755321564,1,500,1,censor_aware
Treatment→Examination,lognormal,median,0.011608018189574949,0.0137029248349725,0.1804706549546042,121,500,1,censor_aware
Treatment→Examination,lognormal,sigma,1.8248020254114785,2.0151777217535103,0.10432676733746148,121,500,1,censor_aware
Admission→Discharge,weibull,shape,1.4301890716913523,1.4301890716913523,0.0,96,734,1,naive
Admission→Discharge,weibull,scale,3.727357018906392,3.727357018906392,0.0,96,734,1,naive
Admission→Examination,weibull,shape,1.1311774118053453,1.1311774118053453,0.0,645,734,1,naive
Admission→Examination,weibull,scale,1.3905243971056556,1.3905243971056556,0.0,645,734,1,naive
Admission→Treatment,gamma,shape,0.37285325888103965,0.37285325888103965,0.0,19,734,1,naive
Admission→Treatment,gamma,scale,1.2938901651688945,1.2938901651688945,0.0,19,734,1,naive
Examination→Admission,lognormal,median,0.3135473165609704,0.3135473165609704,0.0,359,734,1,naive
Examination→Admission,lognormal,sigma,1.7601234066827538,1.7601234066827538,0.0,359,734,1,naive
Examination→Discharge,gamma,shape,1.1671391519621588,1.1671391519621588,0.0,443,734,1,naive
Examination→Discharge,gamma,scale,4.7427726153481045,4.7427726153481045,0.0,443,734,1,naive
Examination→Treatment,gamma,shape,0.801579243120337,0.801579243120337,0.0,478,734,1,naive
Examination→Treatment,gamma,scale,0.09660526903733832,0.09660526903733832,0.0,478,734,1,naive
Registration→Admission,exponential,mean,0.16398726851851853,0.16398726851851853,0.0,2,734,1,naive
Registration→Examination,lognormal,median,0.01611714134816275,0.01611714134816275,0.0,535,734,1,naive
Registration→Examination,lognormal,sigma,0.603660472855505,0.603660472855505,0.0,535,734,1,naive
Registration→Treatment,lognormal,median,0.009142782462465304,0.009142782462465304,0.0,170,734,1,naive
Registration→Treatment,lognormal,sigma,0.9454373765910125,0.9454373765910125,0.0,170,734,1,naive
Treatment→Admission,gamma,shape,0.42839387868105805,0.42839387868105805,0.0,406,734,1,naive
Treatment→Admission,gamma,scale,0.13817139969295555,0.13817139969295555,0.0,406,734,1,naive
Treatment→Discharge,exponential,mean,3.132980324074074,3.132980324074074,0.0,2,734,1,naive
Treatment→Examination,lognormal,median,0.01082344787079655,0.01082344787079655,0.0,193,734,1,naive
Treatment→Examination,lognormal,sigma,1.8093158782111687,1.8093158782111687,0.0,193,734,1,naive
Admission→Discharge,weibull,shape,1.4301838693036997,1.4301838693036997,0.0,96,734,1,censor_aware
Admission→Discharge,weibull,scale,3.7273531319461406,3.7273531319461406,0.0,96,734,1,censor_aware
Admission→Examination,weibull,shape,1.1311870043544345,1.1311870043544345,0.0,645,734,1,censor_aware
Admission→Examination,weibull,scale,1.3905318552671047,1.3905318552671047,0.0,645,734,1,censor_aware
Admission→Treatment,gamma,shape,0.3735576739505992,0.3735576739505992,0.0,19,734,1,censor_aware
Admission→Treatment,gamma,scale,1.292187097259026,1.292187097259026,0.0,19,734,1,censor_aware
Examination→Admission,lognormal,median,0.31517590775361726,0.31517590775361726,0.0,359,734,1,censor_aware
Examination→Admission,lognormal,sigma,1.7601550747201233,1.7601550747201233,0.0,359,734,1,censor_aware
Examination→Discharge,gamma,shape,1.1689345802263618,1.1689345802263618,0.0,443,734,1,censor_aware
Examination→Discharge,gamma,scale,4.737565370778875,4.737565370778875,0.0,443,734,1,censor_aware
Examination→Treatment,gamma,shape,0.8071683823130287,0.8071683823130287,0.0,478,734,1,censor_aware
Examination→Treatment,gamma,scale,0.09616280174546887,0.09616280174546887,0.0,478,734,1,censor_aware
Registration→Admission,exponential,mean,0.1640145703456333,0.1640145703456333,0.0,2,734,1,censor_aware
Registration→Examination,lognormal,median,0.0161171372950077,0.0161171372950077,0.0,535,734,1,censor_aware
Registration→Examination,lognormal,sigma,0.6036604444915276,0.6036604444915276,0.0,535,734,1,censor_aware
Registration→Treatment,lognormal,median,0.009146029778006435,0.009146029778006435,0.0,170,734,1,censor_aware
Registration→Treatment,lognormal,sigma,0.9449627510561763,0.9449627510561763,0.0,170,734,1,censor_aware
Treatment→Admission,gamma,shape,0.44142617019664615,0.44142617019664615,0.0,406,734,1,censor_aware
Treatment→Admission,gamma,scale,0.14156042017507695,0.14156042017507695,0.0,406,734,1,censor_aware
Treatment→Discharge,exponential,mean,3.4026604957332633,3.4026604957332633,0.0,2,734,1,censor_aware
Treatment→Examination,lognormal,median,0.011608018189574949,0.011608018189574949,0.0,193,734,1,censor_aware
Treatment→Examination,lognormal,sigma,1.8248020254114785,1.8248020254114785,0.0,193,734,1,censor_aware
Admission→Discharge,weibull,shape,1.4301890716913523,,,2,10,2,naive
Admission→Discharge,weibull,scale,3.727357018906392,,,2,10,2,naive
Admission→Examination,weibull,shape,1.1311774118053453,,,10,10,2,naive
Admission→Examination,weibull,scale,1.3905243971056556,,,10,10,2,naive
Admission→Treatment,gamma,shape,0.37285325888103965,,,0,10,2,naive
Admission→Treatment,gamma,scale,1.2938901651688945,,,0,10,2,naive
Examination→Admission,lognormal,median,0.3135473165609704,0.26568768813648225,0.15263925377968168,6,10,2,naive
Examination→Admission,lognormal,sigma,1.7601234066827538,1.1593057983120154,0.34134970655442815,6,10,2,naive
Examination→Discharge,gamma,shape,1.1671391519621588,6.5472870994940235,4.609688517848899,6,10,2,naive
Examination→Discharge,gamma,scale,4.7427726153481045,0.7117027482393933,0.8499395172485712,6,10,2,naive
Examination→Treatment,gamma,shape,0.801579243120337,1.4827024461529652,0.8497265976863309,8,10,2,naive
Examination→Treatment,gamma,scale,0.09660526903733832,0.0459533384406284,0.5243185087257792,8,10,2,naive
Registration→Admission,exponential,mean,0.16398726851851853,,,0,10,2,naive
Registration→Examination,lognormal,median,0.01611714134816275,,,8,10,2,naive
Registration→Examination,lognormal,sigma,0.603660472855505,,,8,10,2,naive
Registration→Treatment,lognormal,median,0.009142782462465304,,,2,10,2,naive
Registration→Treatment,lognormal,sigma,0.9454373765910125,,,2,10,2,naive
Treatment→Admission,gamma,shape,0.42839387868105805,,,6,10,2,naive
Treatment→Admission,gamma,scale,0.13817139969295555,,,6,10,2,naive
Treatment→Discharge,exponential,mean,3.132980324074074,,,0,10,2,naive
Treatment→Examination,lognormal,median,0.01082344787079655,,,2,10,2,naive
Treatment→Examination,lognormal,sigma,1.8093158782111687,,,2,10,2,naive
Admission→Discharge,weibull,shape,1.4301838693036997,,,2,10,2,censor_aware
Admission→Discharge,weibull,scale,3.7273531319461406,,,2,10,2,censor_aware
Admission→Examination,weibull,shape,1.1311870043544345,,,10,10,2,censor_aware
Admission→Examination,weibull,scale,1.3905318552671047,,,10,10,2,censor_aware
Admission→Treatment,gamma,shape,0.3735576739505992,,,0,10,2,censor_aware
Admission→Treatment,gamma,scale,1.292187097259026,,,0,10,2,censor_aware
Examination→Admission,lognormal,median,0.31517590775361726,0.26568768813648225,0.1570177745179098,6,10,2,censor_aware
Examination→Admission,lognormal,sigma,1.7601550747201233,1.1593057983120154,0.34136155673877033,6,10,2,censor_aware
Examination→Discharge,gamma,shape,1.1689345802263618,6.5472870994940235,4.601072301433802,6,10,2,censor_aware
Examination→Discharge,gamma,scale,4.737565370778875,0.7117027482393933,0.8497745798656101,6,10,2,censor_aware
Examination→Treatment,gamma,shape,0.8071683823130287,1.4827024461529652,0.8369183910600169,8,10,2,censor_aware
Examination→Treatment,gamma,scale,0.09616280174546887,0.0459533384406284,0.5221297881663094,8,10,2,censor_aware
Registration→Admission,exponential,mean,0.1640145703456333,,,0,10,2,censor_aware
Registration→Examination,lognormal,median,0.0161171372950077,,,8,10,2,censor_aware
Registration→Examination,lognormal,sigma,0.6036604444915276,,,8,10,2,censor_aware
Registration→Treatment,lognormal,median,0.009146029778006435,,,2,10,2,censor_aware
Registration→Treatment,lognormal,sigma,0.9449627510561763,,,2,10,2,censor_aware
Treatment→Admission,gamma,shape,0.44142617019664615,,,6,10,2,censor_aware
Treatment→Admission,gamma,scale,0.14156042017507695,,,6,10,2,censor_aware
Treatment→Discharge,exponential,mean,3.4026604957332633,,,0,10,2,censor_aware
Treatment→Examination,lognormal,median,0.011608018189574949,,,2,10,2,censor_aware
Treatment→Examination,lognormal,sigma,1.8248020254114785,,,2,10,2,censor_aware
Admission→Discharge,weibull,shape,1.4301890716913523,0.9963012542959357,0.30337794210824,3,30,2,naive
Admission→Discharge,weibull,scale,3.727357018906392,3.6275821563073043,0.0267682602157498,3,30,2,naive
Admission→Examination,weibull,shape,1.1311774118053453,1.0878178739795512,0.03833133279826792,24,30,2,naive
Admission→Examination,weibull,scale,1.3905243971056556,1.790336175769737,0.2875258999383832,24,30,2,naive
Admission→Treatment,gamma,shape,0.37285325888103965,,,0,30,2,naive
Admission→Treatment,gamma,scale,1.2938901651688945,,,0,30,2,naive
Examination→Admission,lognormal,median,0.3135473165609704,0.22464450169804812,0.2835387521029376,12,30,2,naive
Examination→Admission,lognormal,sigma,1.7601234066827538,0.9061992191869483,0.48515017995537485,12,30,2,naive
Examination→Discharge,gamma,shape,1.1671391519621588,1.913968121815799,0.6398799736930202,17,30,2,naive
Examination→Discharge,gamma,scale,4.7427726153481045,2.699445717626311,0.4308296145401058,17,30,2,naive
Examination→Treatment,gamma,shape,0.801579243120337,0.7818645487748109,0.024594816438586867,21,30,2,naive
Examination→Treatment,gamma,scale,0.09660526903733832,0.1137038560562135,0.17699435226733343,21,30,2,naive
Registration→Admission,exponential,mean,0.16398726851851853,,,0,30,2,naive
Registration→Examination,lognormal,median,0.01611714134816275,0.013262139936734129,0.17714068206978115,23,30,2,naive
Registration→Examination,lognormal,sigma,0.603660472855505,0.6357652630744018,0.05318352229860452,23,30,2,naive
Registration→Treatment,lognormal,median,0.009142782462465304,0.0142418330914219,0.5577132180373089,6,30,2,naive
Registration→Treatment,lognormal,sigma,0.9454373765910125,0.6461346902342422,0.3165758978516098,6,30,2,naive
Treatment→Admission,gamma,shape,0.42839387868105805,0.4189470356645356,0.022051769380102806,16,30,2,naive
Treatment→Admission,gamma,scale,0.13817139969295555,0.13556363131056562,0.018873431029756648,16,30,2,naive
Treatment→Discharge,exponential,mean,3.132980324074074,,,0,30,2,naive
Treatment→Examination,lognormal,median,0.01082344787079655,0.015095148150871505,0.3946709339822026,7,30,2,naive
Treatment→Examination,lognormal,sigma,1.8093158782111687,2.339636510635676,0.2931056090376125,7,30,2,naive
Admission→Discharge,weibull,shape,1.4301838693036997,0.9963549810323117,0.3033378417857574,3,30,2,censor_aware
Admission→Discharge,weibull,scale,3.7273531319461406,3.627673584274365,0.026742716384302034,3,30,2,censor_aware
Admission→Examination,weibull,shape,1.1311870043544345,1.0878550607076338,0.038306613742906406,24,30,2,censor_aware
Admission→Examination,weibull,scale,1.3905318552671047,1.7903760046354513,0.28754763715322534,24,30,2,censor_aware
Admission→Treatment,gamma,shape,0.3735576739505992,,,0,30,2,censor_aware
Admission→Treatment,gamma,scale,1.292187097259026,,,0,30,2,censor_aware
Examination→Admission,lognormal,median,0.31517590775361726,0.22464428934806105,0.28724155678906643,12,30,2,censor_aware
Examination→Admission,lognormal,sigma,1.7601550747201233,0.9061994682853212,0.48515930141586355,12,30,2,censor_aware
Examination→Discharge,gamma,shape,1.1689345802263618,1.9139655974090168,0.6373590359850432,17,30,2,censor_aware
Examination→Discharge,gamma,scale,4.737565370778875,2.699449394604022,0.43020324083460165,17,30,2,censor_aware
Examination→Treatment,gamma,shape,0.8071683823130287,0.7881254138120602,0.02359231223403317,21,30,2,censor_aware
Examination→Treatment,gamma,scale,0.09616280174546887,0.11297652316847435,0.17484641792685426,21,30,2,censor_aware
Registration→Admission,exponential,mean,0.1640145703456333,,,0,30,2,censor_aware
Registration→Examination,lognormal,median,0.0161171372950077,0.013262141889565822,0.17714035397131073,23,30,2,censor_aware
Registration→Examination,lognormal,sigma,0.6036604444915276,0.6357649284920966,0.05318301752835766,23,30,2,censor_aware
Registration→Treatment,lognormal,median,0.009146029778006435,0.014241842093588473,0.5571611332204491,6,30,2,censor_aware
Registration→Treatment,lognormal,sigma,0.9449627510561763,0.646134443967975,0.3162328956926647,6,30,2,censor_aware
Treatment→Admission,gamma,shape,0.44142617019664615,0.4412630322147661,0.00036957025408661785,16,30,2,censor_aware
Treatment→Admission,gamma,scale,0.14156042017507695,0.1315358808965369,0.07081456289930514,16,30,2,censor_aware
Treatment→Discharge,exponential,mean,3.4026604957332633,,,0,30,2,censor_aware
Treatment→Examination,lognormal,median,0.011608018189574949,0.016180203455687412,0.3938816421065483,7,30,2,censor_aware
Treatment→Examination,lognormal,sigma,1.8248020254114785,2.293504677444806,0.25685123400037807,7,30,2,censor_aware
Admission→Discharge,weibull,shape,1.4301890716913523,,,7,50,2,naive
Admission→Discharge,weibull,scale,3.727357018906392,,,7,50,2,naive
Admission→Examination,weibull,shape,1.1311774118053453,,,36,50,2,naive
Admission→Examination,weibull,scale,1.3905243971056556,,,36,50,2,naive
Admission→Treatment,gamma,shape,0.37285325888103965,,,1,50,2,naive
Admission→Treatment,gamma,scale,1.2938901651688945,,,1,50,2,naive
Examination→Admission,lognormal,median,0.3135473165609704,0.29822484918347564,0.04886811836106164,18,50,2,naive
Examination→Admission,lognormal,sigma,1.7601234066827538,1.37928414191459,0.2163707745276332,18,50,2,naive
Examination→Discharge,gamma,shape,1.1671391519621588,2.0527433806579536,0.7587820417187993,27,50,2,naive
Examination→Discharge,gamma,scale,4.7427726153481045,2.4731467801954303,0.4785440962967378,27,50,2,naive
Examination→Treatment,gamma,shape,0.801579243120337,1.071806052336598,0.33711802237335775,35,50,2,naive
Examination→Treatment,gamma,scale,0.09660526903733832,0.08253882152722354,0.14560745651128038,35,50,2,naive
Registration→Admission,exponential,mean,0.16398726851851853,,,0,50,2,naive
Registration→Examination,lognormal,median,0.01611714134816275,0.015083885305077697,0.06410913826246471,40,50,2,naive
Registration→Examination,lognormal,sigma,0.603660472855505,0.6418278753816112,0.06322660542202209,40,50,2,naive
Registration→Treatment,lognormal,median,0.009142782462465304,0.014957094686583024,0.6359455940232357,7,50,2,naive
Registration→Treatment,lognormal,sigma,0.9454373765910125,0.6101277340230239,0.3546608700589171,7,50,2,naive
Treatment→Admission,gamma,shape,0.42839387868105805,0.40001667226481086,0.06624092413181795,27,50,2,naive
Treatment→Admission,gamma,scale,0.13817139969295555,0.10657991981830085,0.22863979046935384,27,50,2,naive
Treatment→Discharge,exponential,mean,3.132980324074074,,,0,50,2,naive
Treatment→Examination,lognormal,median,0.01082344787079655,0.01873815528033115,0.7312556501417435,9,50,2,naive
Treatment→Examination,lognormal,sigma,1.8093158782111687,2.4105588546365317,0.3323040402540428,9,50,2,naive
Admission→Discharge,weibull,shape,1.4301838693036997,,,7,50,2,censor_aware
Admission→Discharge,weibull,scale,3.7273531319461406,,,7,50,2,censor_aware
Admission→Examination,weibull,shape,1.1311870043544345,,,36,50,2,censor_aware
Admission→Examination,weibull,scale,1.3905318552671047,,,36,50,2,censor_aware
Admission→Treatment,gamma,shape,0.3735576739505992,,,1,50,2,censor_aware
Admission→Treatment,gamma,scale,1.292187097259026,,,1,50,2,censor_aware
Examination→Admission,lognormal,median,0.31517590775361726,0.29822548555209083,0.05378083090912233,18,50,2,censor_aware
Examination→Admission,lognormal,sigma,1.7601550747201233,1.3792793314024558,0.21638760628987724,18,50,2,censor_aware
Examination→Discharge,gamma,shape,1.1689345802263618,2.052743533529415,0.7560807664120137,27,50,2,censor_aware
Examination→Discharge,gamma,scale,4.737565370778875,2.4731467801954303,0.4779709435885135,27,50,2,censor_aware
Examination→Treatment,gamma,shape,0.8071683823130287,1.0745467933675579,0.3312548123953113,35,50,2,censor_aware
Examination→Treatment,gamma,scale,0.09616280174546887,0.0823579086435145,0.14355751757830673,35,50,2,censor_aware
Registration→Admission,exponential,mean,0.1640145703456333,,,0,50,2,censor_aware
Registration→Examination,lognormal,median,0.0161171372950077,0.015083889324232684,0.06410865353210492,40,50,2,censor_aware
Registration→Examination,lognormal,sigma,0.6036604444915276,0.6418272198156274,0.06322556939480821,40,50,2,censor_aware
Registration→Treatment,lognormal,median,0.009146029778006435,0.014957095350811475,0.6353648210045169,7,50,2,censor_aware
Registration→Treatment,lognormal,sigma,0.9449627510561763,0.6101277069279102,0.3543367648661538,7,50,2,censor_aware
Treatment→Admission,gamma,shape,0.44142617019664615,0.426153413557592,0.034598666028909084,27,50,2,censor_aware
Treatment→Admission,gamma,scale,0.14156042017507695,0.10306200768926582,0.2719574612606945,27,50,2,censor_aware
Treatment→Discharge,exponential,mean,3.4026604957332633,,,0,50,2,censor_aware
Treatment→Examination,lognormal,median,0.011608018189574949,0.020207947341790163,0.7408611023661841,9,50,2,censor_aware
Treatment→Examination,lognormal,sigma,1.8248020254114785,2.358382078853517,0.2924043518209709,9,50,2,censor_aware
Admission→Discharge,weibull,shape,1.4301890716913523,,,14,100,2,naive
Admission→Discharge,weibull,scale,3.727357018906392,,,14,100,2,naive
Admission→Examination,weibull,shape,1.1311774118053453,,,77,100,2,naive
Admission→Examination,weibull,scale,1.3905243971056556,,,77,100,2,naive
Admission→Treatment,gamma,shape,0.37285325888103965,,,2,100,2,naive
Admission→Treatment,gamma,scale,1.2938901651688945,,,2,100,2,naive
Examination→Admission,lognormal,median,0.3135473165609704,0.25346916225491645,0.19160793645118485,44,100,2,naive
Examination→Admission,lognormal,sigma,1.7601234066827538,1.5438664800421036,0.12286463881996915,44,100,2,naive
Examination→Discharge,gamma,shape,1.1671391519621588,1.4284404958590404,0.22388191113081057,53,100,2,naive
Examination→Discharge,gamma,scale,4.7427726153481045,3.5418120605634247,0.253219087691079,53,100,2,naive
Examination→Treatment,gamma,shape,0.801579243120337,0.8548000166394978,0.06639489978805627,66,100,2,naive
Examination→Treatment,gamma,scale,0.09660526903733832,0.10399511572884515,0.07649527572508104,66,100,2,naive
Registration→Admission,exponential,mean,0.16398726851851853,,,0,100,2,naive
Registration→Examination,lognormal,median,0.01611714134816275,0.015033295831977527,0.06724799967760874,78,100,2,naive
Registration→Examination,lognormal,sigma,0.603660472855505,0.5848725413242558,0.031123342302629618,78,100,2,naive
Registration→Treatment,lognormal,median,0.009142782462465304,0.00925637346534089,0.012424117421793867,18,100,2,naive
Registration→Treatment,lognormal,sigma,0.9454373765910125,0.9324116492740417,0.013777461775350906,18,100,2,naive
Treatment→Admission,gamma,shape,0.42839387868105805,0.4473669017666332,0.04428873527322427,50,100,2,naive
Treatment→Admission,gamma,scale,0.13817139969295555,0.11684418765850002,0.1543533038085223,50,100,2,naive
Treatment→Discharge,exponential,mean,3.132980324074074,,,0,100,2,naive
Treatment→Examination,lognormal,median,0.01082344787079655,0.012816503259483582,0.18414237426731878,22,100,2,naive
Treatment→Examination,lognormal,sigma,1.8093158782111687,2.059349897839717,0.13819257468505247,22,100,2,naive
Admission→Discharge,weibull,shape,1.4301838693036997,,,14,100,2,censor_aware
Admission→Discharge,weibull,scale,3.7273531319461406,,,14,100,2,censor_aware
Admission→Examination,weibull,shape,1.1311870043544345,,,77,100,2,censor_aware
Admission→Examination,weibull,scale,1.3905318552671047,,,77,100,2,censor_aware
Admission→Treatment,gamma,shape,0.3735576739505992,,,2,100,2,censor_aware
Admission→Treatment,gamma,scale,1.292187097259026,,,2,100,2,censor_aware
Examination→Admission,lognormal,median,0.31517590775361726,0.25347830115492537,0.195756100262977,44,100,2,censor_aware
Examination→Admission,lognormal,sigma,1.7601550747201233,1.5437988953720083,0.12291881690169665,44,100,2,censor_aware
Examination→Discharge,gamma,shape,1.1689345802263618,1.4284506865999929,0.22201080433720793,53,100,2,censor_aware
Examination→Discharge,gamma,scale,4.737565370778875,3.5417935432956096,0.2524021800013022,53,100,2,censor_aware
Examination→Treatment,gamma,shape,0.8071683823130287,0.860680373566971,0.06629594571159728,66,100,2,censor_aware
Examination→Treatment,gamma,scale,0.09616280174546887,0.10341054492875697,0.07536950932931405,66,100,2,censor_aware
Registration→Admission,exponential,mean,0.1640145703456333,,,0,100,2,censor_aware
Registration→Examination,lognormal,median,0.0161171372950077,0.015033294219301186,0.06724786516785675,78,100,2,censor_aware
Registration→Examination,lognormal,sigma,0.6036604444915276,0.5848724207235895,0.031123496560659245,78,100,2,censor_aware
Registration→Treatment,lognormal,median,0.009146029778006435,0.009259391571800236,0.012394645167939785,18,100,2,censor_aware
Registration→Treatment,lognormal,sigma,0.9449627510561763,0.9319588161756895,0.013761320079497746,18,100,2,censor_aware
Treatment→Admission,gamma,shape,0.44142617019664615,0.4624154447129687,0.047548776972086315,50,100,2,censor_aware
Treatment→Admission,gamma,scale,0.14156042017507695,0.1264526222156115,0.10672331956051462,50,100,2,censor_aware
Treatment→Discharge,exponential,mean,3.4026604957332633,,,0,100,2,censor_aware
Treatment→Examination,lognormal,median,0.011608018189574949,0.015207980694489545,0.31012722810407795,22,100,2,censor_aware
Treatment→Examination,lognormal,sigma,1.8248020254114785,2.0963115118925995,0.1487884618167813,22,100,2,censor_aware
Admission→Discharge,weibull,shape,1.4301890716913523,1.276897411284784,0.10718279382829049,45,300,2,naive
Admission→Discharge,weibull,scale,3.727357018906392,3.314446008677099,0.110778497507717,45,300,2,naive
Admission→Examination,weibull,shape,1.1311774118053453,1.118967987880181,0.010793553511361343,256,300,2,naive
Admission→Examination,weibull,scale,1.3905243971056556,1.4056989749689097,0.010912845466674077,256,300,2,naive
Admission→Treatment,gamma,shape,0.37285325888103965,0.9284995559372451,1.490254634554466,6,300,2,naive
Admission→Treatment,gamma,scale,1.2938901651688945,0.6758069973228834,0.47769369030278647,6,300,2,naive
Examination→Admission,lognormal,median,0.3135473165609704,0.28513871765876386,0.09060386551476796,154,300,2,naive
Examination→Admission,lognormal,sigma,1.7601234066827538,1.824191699560295,0.03639988686832391,154,300,2,naive
Examination→Discharge,gamma,shape,1.1671391519621588,1.1696042889090819,0.002112119144301484,176,300,2,naive
Examination→Discharge,gamma,scale,4.7427726153481045,4.619347419914353,0.026023848378126824,176,300,2,naive
Examination→Treatment,gamma,shape,0.801579243120337,0.7863002956230498,0.019061056818051172,186,300,2,naive
Examination→Treatment,gamma,scale,0.09660526903733832,0.10922186569534027,0.13059946712767384,186,300,2,naive
Registration→Admission,exponential,mean,0.16398726851851853,,,0,300,2,naive
Registration→Examination,lognormal,median,0.01611714134816275,0.016914571410726734,0.04947714022839946,225,300,2,naive
Registration→Examination,lognormal,sigma,0.603660472855505,0.6212952165126836,0.02921301700235687,225,300,2,naive
Registration→Treatment,lognormal,median,0.009142782462465304,0.010082966097287356,0.10283342501933879,67,300,2,naive
Registration→Treatment,lognormal,sigma,0.9454373765910125,0.9658955163545656,0.02163881000486736,67,300,2,naive
Treatment→Admission,gamma,shape,0.42839387868105805,0.4282597058214207,0.000313199759180597,155,300,2,naive
Treatment→Admission,gamma,scale,0.13817139969295555,0.11460346869567742,0.1705702558536049,155,300,2,naive
Treatment→Discharge,exponential,mean,3.132980324074074,0.7261689814814813,0.768217828914679,1,300,2,naive
Treatment→Examination,lognormal,median,0.01082344787079655,0.010994539795585475,0.015807525183408534,73,300,2,naive
Treatment→Examination,lognormal,sigma,1.8093158782111687,1.7543409165835724,0.030384391299295314,73,300,2,naive
Admission→Discharge,weibull,shape,1.4301838693036997,1.2769065046523422,0.10717318796637118,45,300,2,censor_aware
Admission→Discharge,weibull,scale,3.7273531319461406,3.314463766862541,0.1107728059208654,45,300,2,censor_aware
Admission→Examination,weibull,shape,1.1311870043544345,1.1189714158461532,0.010798911639948259,256,300,2,censor_aware
Admission→Examination,weibull,scale,1.3905318552671047,1.4057036665699583,0.010910797365328453,256,300,2,censor_aware
Admission→Treatment,gamma,shape,0.3735576739505992,0.9286078921536146,1.485848790985934,6,300,2,censor_aware
Admission→Treatment,gamma,scale,1.292187097259026,0.6757541184397131,0.4770462266082707,6,300,2,censor_aware
Examination→Admission,lognormal,median,0.31517590775361726,0.28520418482839405,0.09509522202646603,154,300,2,censor_aware
Examination→Admission,lognormal,sigma,1.7601550747201233,1.8238076323423038,0.03616303957326127,154,300,2,censor_aware
Examination→Discharge,gamma,shape,1.1689345802263618,1.1696472549986723,0.0006096789199037208,176,300,2,censor_aware
Examination→Discharge,gamma,scale,4.737565370778875,4.619197881970433,0.02498487715621362,176,300,2,censor_aware
Examination→Treatment,gamma,shape,0.8071683823130287,0.7921252313989009,0.018636942729372025,186,300,2,censor_aware
Examination→Treatment,gamma,scale,0.09616280174546887,0.10857601633098898,0.12908540891285972,186,300,2,censor_aware
Registration→Admission,exponential,mean,0.1640145703456333,,,0,300,2,censor_aware
Registration→Examination,lognormal,median,0.0161171372950077,0.01691456566842874,0.04947704786680971,225,300,2,censor_aware
Registration→Examination,lognormal,sigma,0.6036604444915276,0.621295107998531,0.029212885601370548,225,300,2,censor_aware
Registration→Treatment,lognormal,median,0.009146029778006435,0.010085253386113872,0.10269194731532573,67,300,2,censor_aware
Registration→Treatment,lognormal,sigma,0.9449627510561763,0.9655806407411821,0.021818732708735182,67,300,2,censor_aware
Treatment→Admission,gamma,shape,0.44142617019664615,0.44192498201403235,0.001130000555164167,155,300,2,censor_aware
Treatment→Admission,gamma,scale,0.14156042017507695,0.11900867026827472,0.15930830015134892,155,300,2,censor_aware
Treatment→Discharge,exponential,mean,3.4026604957332633,1.3151171872091252,0.613503260505065,1,300,2,censor_aware
Treatment→Examination,lognormal,median,0.011608018189574949,0.012147709276419102,0.04649295668134333,73,300,2,censor_aware
Treatment→Examination,lognormal,sigma,1.8248020254114785,1.7964044210799062,0.015562019296404994,73,300,2,censor_aware
Admission→Discharge,weibull,shape,1.4301890716913523,1.3171779883997812,0.07901828193801216,67,500,2,naive
Admission→Discharge,weibull,scale,3.727357018906392,3.5785161209895553,0.039932020775543184,67,500,2,naive
Admission→Examination,weibull,shape,1.1311774118053453,1.1138650037317104,0.015304768193704016,423,500,2,naive
Admission→Examination,weibull,scale,1.3905243971056556,1.3494869842011197,0.029512184748397306,423,500,2,naive
Admission→Treatment,gamma,shape,0.37285325888103965,0.3501411773284815,0.0609142632163624,13,500,2,naive
Admission→Treatment,gamma,scale,1.2938901651688945,1.2961626653430034,0.0017563315923436317,13,500,2,naive
Examination→Admission,lognormal,median,0.3135473165609704,0.30209118907889915,0.03653715684038893,237,500,2,naive
Examination→Admission,lognormal,sigma,1.7601234066827538,1.7565065992203845,0.0020548601584622584,237,500,2,naive
Examination→Discharge,gamma,shape,1.1671391519621588,1.1464654629735305,0.017713131252492333,293,500,2,naive
Examination→Discharge,gamma,scale,4.7427726153481045,4.691833281379032,0.010740412433905748,293,500,2,naive
Examination→Treatment,gamma,shape,0.801579243120337,0.7527817419327895,0.06087670259223745,320,500,2,naive
Examination→Treatment,gamma,scale,0.09660526903733832,0.10748617290381414,0.11263261284713473,320,500,2,naive
Registration→Admission,exponential,mean,0.16398726851851853,0.0720486111111111,0.5606450929879663,1,500,2,naive
Registration→Examination,lognormal,median,0.01611714134816275,0.016558521785166244,0.02738577688616031,362,500,2,naive
Registration→Examination,lognormal,sigma,0.603660472855505,0.6170408919882134,0.02216547170864919,362,500,2,naive
Registration→Treatment,lognormal,median,0.009142782462465304,0.009684427801492663,0.05924294286241901,118,500,2,naive
Registration→Treatment,lognormal,sigma,0.9454373765910125,0.9234519361907262,0.02325425347531714,118,500,2,naive
Treatment→Admission,gamma,shape,0.42839387868105805,0.42006821102641606,0.019434609290578823,269,500,2,naive
Treatment→Admission,gamma,scale,0.13817139969295555,0.14323443489542773,0.036643149115687085,269,500,2,naive
Treatment→Discharge,exponential,mean,3.132980324074074,3.132980324074074,0.0,2,500,2,naive
Treatment→Examination,lognormal,median,0.01082344787079655,0.011897638006422242,0.09924657543960964,135,500,2,naive
Treatment→Examination,lognormal,sigma,1.8093158782111687,1.7851829629175657,0.013338143761531923,135,500,2,naive
Admission→Discharge,weibull,shape,1.4301838693036997,1.3171779821440346,0.07901493618067669,67,500,2,censor_aware
Admission→Discharge,weibull,scale,3.7273531319461406,3.578555401244763,0.03992048121925245,67,500,2,censor_aware
Admission→Examination,weibull,shape,1.1311870043544345,1.1138793359931656,0.015300448373826924,423,500,2,censor_aware
Admission→Examination,weibull,scale,1.3905318552671047,1.3494982485217966,0.029509289262147846,423,500,2,censor_aware
Admission→Treatment,gamma,shape,0.3735576739505992,0.3507851770261628,0.06096112732366976,13,500,2,censor_aware
Admission→Treatment,gamma,scale,1.292187097259026,1.2946383038625666,0.0018969440329037299,13,500,2,censor_aware
Examination→Admission,lognormal,median,0.31517590775361726,0.3026879723909707,0.03962211278029771,237,500,2,censor_aware
Examination→Admission,lognormal,sigma,1.7601550747201233,1.7567267626538616,0.0019477329671119077,237,500,2,censor_aware
Examination→Discharge,gamma,shape,1.1689345802263618,1.147468539566444,0.01836376562301802,293,500,2,censor_aware
Examination→Discharge,gamma,scale,4.737565370778875,4.6891037839065755,0.010229217557863999,293,500,2,censor_aware
Examination→Treatment,gamma,shape,0.8071683823130287,0.7597561044924904,0.058739017607049,320,500,2,censor_aware
Examination→Treatment,gamma,scale,0.09616280174546887,0.10670580418255213,0.10963701395669904,320,500,2,censor_aware
Registration→Admission,exponential,mean,0.1640145703456333,0.07207751813334842,0.5605419812309534,1,500,2,censor_aware
Registration→Examination,lognormal,median,0.0161171372950077,0.016558522335719854,0.027386069413758384,362,500,2,censor_aware
Registration→Examination,lognormal,sigma,0.6036604444915276,0.6170408916232764,0.02216551913223228,362,500,2,censor_aware
Registration→Treatment,lognormal,median,0.009146029778006435,0.009686823650305768,0.059128811672993484,118,500,2,censor_aware
Registration→Treatment,lognormal,sigma,0.9449627510561763,0.9230998022099111,0.023136307565382076,118,500,2,censor_aware
Treatment→Admission,gamma,shape,0.44142617019664615,0.43326574565513426,0.01848649919844261,269,500,2,censor_aware
Treatment→Admission,gamma,scale,0.14156042017507695,0.1455063625389791,0.027874616075750296,269,500,2,censor_aware
Treatment→Discharge,exponential,mean,3.4026604957332633,3.4380860485551987,0.010411133542813615,2,500,2,censor_aware
Treatment→Examination,lognormal,median,0.011608018189574949,0.012688107750581032,0.0930468529051842,135,500,2,censor_aware
Treatment→Examination,lognormal,sigma,1.8248020254114785,1.7989030505171586,0.014192758739666512,135,500,2,censor_aware
Admission→Discharge,weibull,shape,1.4301890716913523,1.4301890716913523,0.0,96,734,2,naive
Admission→Discharge,weibull,scale,3.727357018906392,3.727357018906392,0.0,96,734,2,naive
Admission→Examination,weibull,shape,1.1311774118053453,1.1311774118053453,0.0,645,734,2,naive
Admission→Examination,weibull,scale,1.3905243971056556,1.3905243971056556,0.0,645,734,2,naive
Admission→Treatment,gamma,shape,0.37285325888103965,0.37285325888103965,0.0,19,734,2,naive
Admission→Treatment,gamma,scale,1.2938901651688945,1.2938901651688945,0.0,19,734,2,naive
Examination→Admission,lognormal,median,0.3135473165609704,0.3135473165609704,0.0,359,734,2,naive
Examination→Admission,lognormal,sigma,1.7601234066827538,1.7601234066827538,0.0,359,734,2,naive
Examination→Discharge,gamma,shape,1.1671391519621588,1.1671391519621588,0.0,443,734,2,naive
Examination→Discharge,gamma,scale,4.7427726153481045,4.7427726153481045,0.0,443,734,2,naive
Examination→Treatment,gamma,shape,0.801579243120337,0.801579243120337,0.0,478,734,2,naive
Examination→Treatment,gamma,scale,0.09660526903733832,0.09660526903733832,0.0,478,734,2,naive
Registration→Admission,exponential,mean,0.16398726851851853,0.16398726851851853,0.0,2,734,2,naive
Registration→Examination,lognormal,median,0.01611714134816275,0.01611714134816275,0.0,535,734,2,naive
Registration→Examination,lognormal,sigma,0.603660472855505,0.603660472855505,0.0,535,734,2,naive
Registration→Treatment,lognormal,median,0.009142782462465304,0.009142782462465304,0.0,170,734,2,naive
Registration→Treatment,lognormal,sigma,0.9454373765910125,0.9454373765910125,0.0,170,734,2,naive
Treatment→Admission,gamma,shape,0.42839387868105805,0.42839387868105805,0.0,406,734,2,naive
Treatment→Admission,gamma,scale,0.13817139969295555,0.13817139969295555,0.0,406,734,2,naive
Treatment→Discharge,exponential,mean,3.132980324074074,3.132980324074074,0.0,2,734,2,naive
Treatment→Examination,lognormal,median,0.01082344787079655,0.01082344787079655,0.0,193,734,2,naive
Treatment→Examination,lognormal,sigma,1.8093158782111687,1.8093158782111687,0.0,193,734,2,naive
Admission→Discharge,weibull,shape,1.4301838693036997,1.4301838693036997,0.0,96,734,2,censor_aware
Admission→Discharge,weibull,scale,3.7273531319461406,3.7273531319461406,0.0,96,734,2,censor_aware
Admission→Examination,weibull,shape,1.1311870043544345,1.1311870043544345,0.0,645,734,2,censor_aware
Admission→Examination,weibull,scale,1.3905318552671047,1.3905318552671047,0.0,645,734,2,censor_aware
Admission→Treatment,gamma,shape,0.3735576739505992,0.3735576739505992,0.0,19,734,2,censor_aware
Admission→Treatment,gamma,scale,1.292187097259026,1.292187097259026,0.0,19,734,2,censor_aware
Examination→Admission,lognormal,median,0.31517590775361726,0.31517590775361726,0.0,359,734,2,censor_aware
Examination→Admission,lognormal,sigma,1.7601550747201233,1.7601550747201233,0.0,359,734,2,censor_aware
Examination→Discharge,gamma,shape,1.1689345802263618,1.1689345802263618,0.0,443,734,2,censor_aware
Examination→Discharge,gamma,scale,4.737565370778875,4.737565370778875,0.0,443,734,2,censor_aware
Examination→Treatment,gamma,shape,0.8071683823130287,0.8071683823130287,0.0,478,734,2,censor_aware
Examination→Treatment,gamma,scale,0.09616280174546887,0.09616280174546887,0.0,478,734,2,censor_aware
Registration→Admission,exponential,mean,0.1640145703456333,0.1640145703456333,0.0,2,734,2,censor_aware
Registration→Examination,lognormal,median,0.0161171372950077,0.0161171372950077,0.0,535,734,2,censor_aware
Registration→Examination,lognormal,sigma,0.6036604444915276,0.6036604444915276,0.0,535,734,2,censor_aware
Registration→Treatment,lognormal,median,0.009146029778006435,0.009146029778006435,0.0,170,734,2,censor_aware
Registration→Treatment,lognormal,sigma,0.9449627510561763,0.9449627510561763,0.0,170,734,2,censor_aware
Treatment→Admission,gamma,shape,0.44142617019664615,0.44142617019664615,0.0,406,734,2,censor_aware
Treatment→Admission,gamma,scale,0.14156042017507695,0.14156042017507695,0.0,406,734,2,censor_aware
Treatment→Discharge,exponential,mean,3.4026604957332633,3.4026604957332633,0.0,2,734,2,censor_aware
Treatment→Examination,lognormal,median,0.011608018189574949,0.011608018189574949,0.0,193,734,2,censor_aware
Treatment→Examination,lognormal,sigma,1.8248020254114785,1.8248020254114785,0.0,193,734,2,censor_aware
Admission→Discharge,weibull,shape,1.4301890716913523,,,1,10,3,naive
Admission→Discharge,weibull,scale,3.727357018906392,,,1,10,3,naive
Admission→Examination,weibull,shape,1.1311774118053453,,,8,10,3,naive
Admission→Examination,weibull,scale,1.3905243971056556,,,8,10,3,naive
Admission→Treatment,gamma,shape,0.37285325888103965,,,0,10,3,naive
Admission→Treatment,gamma,scale,1.2938901651688945,,,0,10,3,naive
Examination→Admission,lognormal,median,0.3135473165609704,0.6123773181620736,0.9530619010831007,5,10,3,naive
Examination→Admission,lognormal,sigma,1.7601234066827538,1.4306316251501994,0.18719811365586955,5,10,3,naive
Examination→Discharge,gamma,shape,1.1671391519621588,4.2196039091319975,2.6153391838823397,5,10,3,naive
Examination→Discharge,gamma,scale,4.7427726153481045,1.481181678326218,0.6876970923014609,5,10,3,naive
Examination→Treatment,gamma,shape,0.801579243120337,0.7137471888895744,0.10957376327367897,6,10,3,naive
Examination→Treatment,gamma,scale,0.09660526903733832,0.09067136962860614,0.061424179735358984,6,10,3,naive
Registration→Admission,exponential,mean,0.16398726851851853,,,0,10,3,naive
Registration→Examination,lognormal,median,0.01611714134816275,,,9,10,3,naive
Registration→Examination,lognormal,sigma,0.603660472855505,,,9,10,3,naive
Registration→Treatment,lognormal,median,0.009142782462465304,,,1,10,3,naive
Registration→Treatment,lognormal,sigma,0.9454373765910125,,,1,10,3,naive
Treatment→Admission,gamma,shape,0.42839387868105805,,,4,10,3,naive
Treatment→Admission,gamma,scale,0.13817139969295555,,,4,10,3,naive
Treatment→Discharge,exponential,mean,3.132980324074074,,,0,10,3,naive
Treatment→Examination,lognormal,median,0.01082344787079655,,,2,10,3,naive
Treatment→Examination,lognormal,sigma,1.8093158782111687,,,2,10,3,naive
Admission→Discharge,weibull,shape,1.4301838693036997,,,1,10,3,censor_aware
Admission→Discharge,weibull,scale,3.7273531319461406,,,1,10,3,censor_aware
Admission→Examination,weibull,shape,1.1311870043544345,,,8,10,3,censor_aware
Admission→Examination,weibull,scale,1.3905318552671047,,,8,10,3,censor_aware
Admission→Treatment,gamma,shape,0.3735576739505992,,,0,10,3,censor_aware
Admission→Treatment,gamma,scale,1.292187097259026,,,0,10,3,censor_aware
Examination→Admission,lognormal,median,0.31517590775361726,0.6123782626094495,0.9429729479455152,5,10,3,censor_aware
Examination→Admission,lognormal,sigma,1.7601550747201233,1.430624776158753,0.18721662840631695,5,10,3,censor_aware
Examination→Discharge,gamma,shape,1.1689345802263618,4.219603958783058,2.6097862362545046,5,10,3,censor_aware
Examination→Discharge,gamma,scale,4.737565370778875,1.4811816497658237,0.6873538339118872,5,10,3,censor_aware
Examination→Treatment,gamma,shape,0.8071683823130287,0.7321625434749608,0.09292464928213678,6,10,3,censor_aware
Examination→Treatment,gamma,scale,0.09616280174546887,0.08891280236305646,0.07539297161497303,6,10,3,censor_aware
Registration→Admission,exponential,mean,0.1640145703456333,,,0,10,3,censor_aware
Registration→Examination,lognormal,median,0.0161171372950077,,,9,10,3,censor_aware
Registration→Examination,lognormal,sigma,0.6036604444915276,,,9,10,3,censor_aware
Registration→Treatment,lognormal,median,0.009146029778006435,,,1,10,3,censor_aware
Registration→Treatment,lognormal,sigma,0.9449627510561763,,,1,10,3,censor_aware
Treatment→Admission,gamma,shape,0.44142617019664615,,,4,10,3,censor_aware
Treatment→Admission,gamma,scale,0.14156042017507695,,,4,10,3,censor_aware
Treatment→Discharge,exponential,mean,3.4026604957332633,,,0,10,3,censor_aware
Treatment→Examination,lognormal,median,0.011608018189574949,,,2,10,3,censor_aware
Treatment→Examination,lognormal,sigma,1.8248020254114785,,,2,10,3,censor_aware
Admission→Discharge,weibull,shape,1.4301890716913523,1.5934525819698246,0.11415519354052653,5,30,3,naive
Admission→Discharge,weibull,scale,3.727357018906392,2.880589155534272,0.2271764843230826,5,30,3,naive
Admission→Examination,weibull,shape,1.1311774118053453,1.0737486151286078,0.0507690447823581,32,30,3,naive
Admission→Examination,weibull,scale,1.3905243971056556,1.524424910085698,0.09629497566439911,32,30,3,naive
Admission→Treatment,gamma,shape,0.37285325888103965,,,0,30,3,naive
Admission→Treatment,gamma,scale,1.2938901651688945,,,0,30,3,naive
Examination→Admission,lognormal,median,0.3135473165609704,0.41075397802665037,0.31002230391207247,23,30,3,naive
Examination→Admission,lognormal,sigma,1.7601234066827538,1.6968794067713528,0.03593157142918451,23,30,3,naive
Examination→Discharge,gamma,shape,1.1671391519621588,1.2785895048684757,0.0954902015916011,20,30,3,naive
Examination→Discharge,gamma,scale,4.7427726153481045,5.063404321988363,0.06760427552496642,20,30,3,naive
Examination→Treatment,gamma,shape,0.801579243120337,0.8687164280986472,0.08375614208392278,17,30,3,naive
Examination→Treatment,gamma,scale,0.09660526903733832,0.0723997821843308,0.2505607312542342,17,30,3,naive
Registration→Admission,exponential,mean,0.16398726851851853,,,0,30,3,naive
Registration→Examination,lognormal,median,0.01611714134816275,0.016483075254956275,0.02270464090924155,23,30,3,naive
Registration→Examination,lognormal,sigma,0.603660472855505,0.5436211890506675,0.09945869657629341,23,30,3,naive
Registration→Treatment,lognormal,median,0.009142782462465304,0.010113005245784856,0.10611898372324784,7,30,3,naive
Registration→Treatment,lognormal,sigma,0.9454373765910125,0.6359478329313626,0.3273506541232632,7,30,3,naive
Treatment→Admission,gamma,shape,0.42839387868105805,0.43700612681063444,0.020103574206269802,14,30,3,naive
Treatment→Admission,gamma,scale,0.13817139969295555,0.10247963001645123,0.25831517778511737,14,30,3,naive
Treatment→Discharge,exponential,mean,3.132980324074074,,,0,30,3,naive
Treatment→Examination,lognormal,median,0.01082344787079655,0.02129364328554444,0.9673622989397129,8,30,3,naive
Treatment→Examination,lognormal,sigma,1.8093158782111687,1.4117708535813154,0.21972118269525023,8,30,3,naive
Admission→Discharge,weibull,shape,1.4301838693036997,1.5934525819698246,0.11415924635313786,5,30,3,censor_aware
Admission→Discharge,weibull,scale,3.7273531319461406,2.880589155534272,0.22717567840687866,5,30,3,censor_aware
Admission→Examination,weibull,shape,1.1311870043544345,1.0737486151286078,0.05077709433075278,32,30,3,censor_aware
Admission→Examination,weibull,scale,1.3905318552671047,1.524424910085698,0.09628909565173104,32,30,3,censor_aware
Admission→Treatment,gamma,shape,0.3735576739505992,,,0,30,3,censor_aware
Admission→Treatment,gamma,scale,1.292187097259026,,,0,30,3,censor_aware
Examination→Admission,lognormal,median,0.31517590775361726,0.4107652532410447,0.3032888718199634,23,30,3,censor_aware
Examination→Admission,lognormal,sigma,1.7601550747201233,1.6968220443322053,0.035981506003377815,23,30,3,censor_aware
Examination→Discharge,gamma,shape,1.1689345802263618,1.2786343028082383,0.09384590415712864,20,30,3,censor_aware
Examination→Discharge,gamma,scale,4.737565370778875,5.063250932660443,0.06874534415722984,20,30,3,censor_aware
Examination→Treatment,gamma,shape,0.8071683823130287,0.8728802676709464,0.08141038078029417,17,30,3,censor_aware
Examination→Treatment,gamma,scale,0.09616280174546887,0.0721201926242385,0.25001984847392666,17,30,3,censor_aware
Registration→Admission,exponential,mean,0.1640145703456333,,,0,30,3,censor_aware
Registration→Examination,lognormal,median,0.0161171372950077,0.016483075254956275,0.022704898100106487,23,30,3,censor_aware
Registration→Examination,lognormal,sigma,0.6036604444915276,0.5436211890506675,0.0994586542628813,23,30,3,censor_aware
Registration→Treatment,lognormal,median,0.009146029778006435,0.010113005245784856,0.10572625404125816,7,30,3,censor_aware
Registration→Treatment,lognormal,sigma,0.9449627510561763,0.6359478329313626,0.32701280318132175,7,30,3,censor_aware
Treatment→Admission,gamma,shape,0.44142617019664615,0.4492937004426674,0.01782298100385949,14,30,3,censor_aware
Treatment→Admission,gamma,scale,0.14156042017507695,0.1008644876967617,0.28748100936677035,14,30,3,censor_aware
Treatment→Discharge,exponential,mean,3.4026604957332633,,,0,30,3,censor_aware
Treatment→Examination,lognormal,median,0.011608018189574949,0.02135538277898018,0.8397096240044876,8,30,3,censor_aware
Treatment→Examination,lognormal,sigma,1.8248020254114785,1.4082534072833928,0.2282705807684301,8,30,3,censor_aware
Admission→Discharge,weibull,shape,1.4301890716913523,,,10,50,3,naive
Admission→Discharge,weibull,scale,3.727357018906392,,,10,50,3,naive
Admission→Examination,weibull,shape,1.1311774118053453,,,47,50,3,naive
Admission→Examination,weibull,scale,1.3905243971056556,,,47,50,3,naive
Admission→Treatment,gamma,shape,0.37285325888103965,,,1,50,3,naive
Admission→Treatment,gamma,scale,1.2938901651688945,,,1,50,3,naive
Examination→Admission,lognormal,median,0.3135473165609704,0.4012553874443388,0.27972834162754906,34,50,3,naive
Examination→Admission,lognormal,sigma,1.7601234066827538,1.6195173451841023,0.07988420639416817,34,50,3,naive
Examination→Discharge,gamma,shape,1.1671391519621588,1.0073840008738015,0.13687755296339923,28,50,3,naive
Examination→Discharge,gamma,scale,4.7427726153481045,5.327321042875498,0.12325035900640363,28,50,3,naive
Examination→Treatment,gamma,shape,0.801579243120337,0.7993109866644484,0.0028297345213916065,31,50,3,naive
Examination→Treatment,gamma,scale,0.09660526903733832,0.07896118913739646,0.18264096850786013,31,50,3,naive
Registration→Admission,exponential,mean,0.16398726851851853,,,0,50,3,naive
Registration→Examination,lognormal,median,0.01611714134816275,0.014894763048873775,0.07584336904933321,40,50,3,naive
Registration→Examination,lognormal,sigma,0.603660472855505,0.585171901836024,0.030627433550558966,40,50,3,naive
Registration→Treatment,lognormal,median,0.009142782462465304,0.008159655292063727,0.10753041258913226,9,50,3,naive
Registration→Treatment,lognormal,sigma,0.9454373765910125,1.0618882922319623,0.12317147441413827,9,50,3,naive
Treatment→Admission,gamma,shape,0.42839387868105805,0.6191860525891159,0.4453662468181619,24,50,3,naive
Treatment→Admission,gamma,scale,0.13817139969295555,0.09614670180364095,0.30414903505864366,24,50,3,naive
Treatment→Discharge,exponential,mean,3.132980324074074,,,0,50,3,naive
Treatment→Examination,lognormal,median,0.01082344787079655,0.01937322738713381,0.7899312324870136,11,50,3,naive
Treatment→Examination,lognormal,sigma,1.8093158782111687,1.712138190891121,0.05370963052406586,11,50,3,naive
Admission→Discharge,weibull,shape,1.4301838693036997,,,10,50,3,censor_aware
Admission→Discharge,weibull,scale,3.7273531319461406,,,10,50,3,censor_aware
Admission→Examination,weibull,shape,1.1311870043544345,,,47,50,3,censor_aware
Admission→Examination,weibull,scale,1.3905318552671047,,,47,50,3,censor_aware
Admission→Treatment,gamma,shape,0.3735576739505992,,,1,50,3,censor_aware
Admission→Treatment,gamma,scale,1.292187097259026,,,1,50,3,censor_aware
Examination→Admission,lognormal,median,0.31517590775361726,0.40125968443274473,0.27312930513211,34,50,3,censor_aware
Examination→Admission,lognormal,sigma,1.7601550747201233,1.6194872443826527,0.07991786198715349,34,50,3,censor_aware
Examination→Discharge,gamma,shape,1.1689345802263618,1.007462038450789,0.1381365086695475,28,50,3,censor_aware
Examination→Discharge,gamma,scale,4.737565370778875,5.326973989018527,0.12441171194704821,28,50,3,censor_aware
Examination→Treatment,gamma,shape,0.8071683823130287,0.8042914689781436,0.0035642046912701627,31,50,3,censor_aware
Examination→Treatment,gamma,scale,0.09616280174546887,0.0785727443296287,0.18291956033476328,31,50,3,censor_aware
Registration→Admission,exponential,mean,0.1640145703456333,,,0,50,3,censor_aware
Registration→Examination,lognormal,median,0.0161171372950077,0.014894763322314158,0.07584311967561215,40,50,3,censor_aware
Registration→Examination,lognormal,sigma,0.6036604444915276,0.5851720974147818,0.030627064014967478,40,50,3,censor_aware
Registration→Treatment,lognormal,median,0.009146029778006435,0.00816443638927901,0.10732453453058656,9,50,3,censor_aware
Registration→Treatment,lognormal,sigma,0.9449627510561763,1.0612096497428367,0.12301744016547983,9,50,3,censor_aware
Treatment→Admission,gamma,shape,0.44142617019664615,0.6401580668452508,0.4502041565865334,24,50,3,censor_aware
Treatment→Admission,gamma,scale,0.14156042017507695,0.09992975826815165,0.2940840515692025,24,50,3,censor_aware
Treatment→Discharge,exponential,mean,3.4026604957332633,,,0,50,3,censor_aware
Treatment→Examination,lognormal,median,0.011608018189574949,0.021360558476459682,0.8401554966241694,11,50,3,censor_aware
Treatment→Examination,lognormal,sigma,1.8248020254114785,1.7251391414808206,0.05461572408556743,11,50,3,censor_aware
Admission→Discharge,weibull,shape,1.4301890716913523,,,19,100,3,naive
Admission→Discharge,weibull,scale,3.727357018906392,,,19,100,3,naive
Admission→Examination,weibull,shape,1.1311774118053453,,,87,100,3,naive
Admission→Examination,weibull,scale,1.3905243971056556,,,87,100,3,naive
Admission→Treatment,gamma,shape,0.37285325888103965,,,2,100,3,naive
Admission→Treatment,gamma,scale,1.2938901651688945,,,2,100,3,naive
Examination→Admission,lognormal,median,0.3135473165609704,0.3264587370749213,0.041178539352736625,57,100,3,naive
Examination→Admission,lognormal,sigma,1.7601234066827538,1.6348268722588326,0.07118622134573133,57,100,3,naive
Examination→Discharge,gamma,shape,1.1671391519621588,1.0154210351424244,0.12999145523022723,56,100,3,naive
Examination→Discharge,gamma,scale,4.7427726153481045,4.605108590535123,0.02902606470474398,56,100,3,naive
Examination→Treatment,gamma,shape,0.801579243120337,0.7429474838033937,0.07314530636884421,60,100,3,naive
Examination→Treatment,gamma,scale,0.09660526903733832,0.08435832327138085,0.1267730620492758,60,100,3,naive
Registration→Admission,exponential,mean,0.16398726851851853,,,0,100,3,naive
Registration→Examination,lognormal,median,0.01611714134816275,0.014772916691798673,0.08340341673043095,76,100,3,naive
Registration→Examination,lognormal,sigma,0.603660472855505,0.5234074864591918,0.13294391467556452,76,100,3,naive
Registration→Treatment,lognormal,median,0.009142782462465304,0.007975431906420484,0.1276800099791558,19,100,3,naive
Registration→Treatment,lognormal,sigma,0.9454373765910125,1.0236751451654584,0.08275298873474823,19,100,3,naive
Treatment→Admission,gamma,shape,0.42839387868105805,0.5073018171345586,0.18419483185997618,51,100,3,naive
Treatment→Admission,gamma,scale,0.13817139969295555,0.1310930093543787,0.0512290557547108,51,100,3,naive
Treatment→Discharge,exponential,mean,3.132980324074074,,,0,100,3,naive
Treatment→Examination,lognormal,median,0.01082344787079655,0.013421776255668993,0.24006475717254228,22,100,3,naive
Treatment→Examination,lognormal,sigma,1.8093158782111687,1.876763775321151,0.037278121483500494,22,100,3,naive
Admission→Discharge,weibull,shape,1.4301838693036997,,,19,100,3,censor_aware
Admission→Discharge,weibull,scale,3.7273531319461406,,,19,100,3,censor_aware
Admission→Examination,weibull,shape,1.1311870043544345,,,87,100,3,censor_aware
Admission→Examination,weibull,scale,1.3905318552671047,,,87,100,3,censor_aware
Admission→Treatment,gamma,shape,0.3735576739505992,,,2,100,3,censor_aware
Admission→Treatment,gamma,scale,1.292187097259026,,,2,100,3,censor_aware
Examination→Admission,lognormal,median,0.31517590775361726,0.3264714150855646,0.0358387397452263,57,100,3,censor_aware
Examination→Admission,lognormal,sigma,1.7601550747201233,1.6347546810208897,0.07124394634329201,57,100,3,censor_aware
Examination→Discharge,gamma,shape,1.1689345802263618,1.0155428084508564,0.13122357261926612,56,100,3,censor_aware
Examination→Discharge,gamma,scale,4.737565370778875,4.60461362248715,0.028063306336998793,56,100,3,censor_aware
Examination→Treatment,gamma,shape,0.8071683823130287,0.7498540882681333,0.07100661435802907,60,100,3,censor_aware
Examination→Treatment,gamma,scale,0.09616280174546887,0.08375516967266394,0.12902735618754546,60,100,3,censor_aware
Registration→Admission,exponential,mean,0.1640145703456333,,,0,100,3,censor_aware
Registration→Examination,lognormal,median,0.0161171372950077,0.01477292114855506,0.08340290970090644,76,100,3,censor_aware
Registration→Examination,lognormal,sigma,0.6036604444915276,0.5234077388160326,0.13294345589115583,76,100,3,censor_aware
Registration→Treatment,lognormal,median,0.009146029778006435,0.00798530808905357,0.12690989611077652,19,100,3,censor_aware
Registration→Treatment,lognormal,sigma,0.9449627510561763,1.0221980035937817,0.08173364765042875,19,100,3,censor_aware
Treatment→Admission,gamma,shape,0.44142617019664615,0.5230750286481718,0.18496605766520996,51,100,3,censor_aware
Treatment→Admission,gamma,scale,0.14156042017507695,0.13280045025015638,0.061881491409014895,51,100,3,censor_aware
Treatment→Discharge,exponential,mean,3.4026604957332633,,,0,100,3,censor_aware
Treatment→Examination,lognormal,median,0.011608018189574949,0.014352375662275763,0.23641912235850002,22,100,3,censor_aware
Treatment→Examination,lognormal,sigma,1.8248020254114785,1.8751272202188505,0.02757844089745792,22,100,3,censor_aware
Admission→Discharge,weibull,shape,1.4301890716913523,1.7114568909465306,0.19666478007872684,42,300,3,naive
Admission→Discharge,weibull,scale,3.727357018906392,3.8611974696787126,0.03590760157758899,42,300,3,naive
Admission→Examination,weibull,shape,1.1311774118053453,1.1393934588187837,0.007263270047379895,289,300,3,naive
Admission→Examination,weibull,scale,1.3905243971056556,1.417594345570668,0.01946743870251972,289,300,3,naive
Admission→Treatment,gamma,shape,0.37285325888103965,0.3883080419416574,0.04145004151767029,8,300,3,naive
Admission→Treatment,gamma,scale,1.2938901651688945,1.2508973662137677,0.03322754907060826,8,300,3,naive
Examination→Admission,lognormal,median,0.3135473165609704,0.32044629821558074,0.022003000154105307,161,300,3,naive
Examination→Admission,lognormal,sigma,1.7601234066827538,1.9003425443592368,0.0796643787271424,161,300,3,naive
Examination→Discharge,gamma,shape,1.1671391519621588,1.078232273084881,0.07617504624689372,191,300,3,naive
Examination→Discharge,gamma,scale,4.7427726153481045,4.895821641407684,0.03226994808148657,191,300,3,naive
Examination→Treatment,gamma,shape,0.801579243120337,0.787958806632025,0.01699200248161522,205,300,3,naive
Examination→Treatment,gamma,scale,0.09660526903733832,0.08977047151320099,0.07074973852094607,205,300,3,naive
Registration→Admission,exponential,mean,0.16398726851851853,0.0720486111111111,0.5606450929879663,1,300,3,naive
Registration→Examination,lognormal,median,0.01611714134816275,0.015598639061216791,0.03217085931960662,224,300,3,naive
Registration→Examination,lognormal,sigma,0.603660472855505,0.6091291778220272,0.009059239775388297,224,300,3,naive
Registration→Treatment,lognormal,median,0.009142782462465304,0.008114577632395183,0.11246082188779011,65,300,3,naive
Registration→Treatment,lognormal,sigma,0.9454373765910125,0.9037843992171652,0.0440568338053615,65,300,3,naive
Treatment→Admission,gamma,shape,0.42839387868105805,0.4893334831020012,0.14225134263954567,180,300,3,naive
Treatment→Admission,gamma,scale,0.13817139969295555,0.1193959723460869,0.13588504848754088,180,300,3,naive
Treatment→Discharge,exponential,mean,3.132980324074074,3.132980324074074,0.0,2,300,3,naive
Treatment→Examination,lognormal,median,0.01082344787079655,0.01232881054192063,0.1390834685115266,79,300,3,naive
Treatment→Examination,lognormal,sigma,1.8093158782111687,1.7912403382010385,0.009990262191254921,79,300,3,naive
Admission→Discharge,weibull,shape,1.4301838693036997,1.7114670537397803,0.196676238960118,42,300,3,censor_aware
Admission→Discharge,weibull,scale,3.7273531319461406,3.8612047351901455,0.03591063108477671,42,300,3,censor_aware
Admission→Examination,weibull,shape,1.1311870043544345,1.139402878415268,0.007263055559520285,289,300,3,censor_aware
Admission→Examination,weibull,scale,1.3905318552671047,1.417599837105073,0.019465919989850932,289,300,3,censor_aware
Admission→Treatment,gamma,shape,0.3735576739505992,0.3889943750412295,0.04132347470573378,8,300,3,censor_aware
Admission→Treatment,gamma,scale,1.292187097259026,1.2493835078537432,0.033124916272633635,8,300,3,censor_aware
Examination→Admission,lognormal,median,0.31517590775361726,0.3217183959568332,0.020758211659789753,161,300,3,censor_aware
Examination→Admission,lognormal,sigma,1.7601550747201233,1.8989189630821908,0.07883617208224215,161,300,3,censor_aware
Examination→Discharge,gamma,shape,1.1689345802263618,1.0788531764271505,0.07706282740114265,191,300,3,censor_aware
Examination→Discharge,gamma,scale,4.737565370778875,4.893455520876476,0.032905118536015354,191,300,3,censor_aware
Examination→Treatment,gamma,shape,0.8071683823130287,0.7931370261517924,0.01738343134926559,205,300,3,censor_aware
Examination→Treatment,gamma,scale,0.09616280174546887,0.08948951399896343,0.06939572917362385,205,300,3,censor_aware
Registration→Admission,exponential,mean,0.1640145703456333,0.07207373090299117,0.5605650720475149,1,300,3,censor_aware
Registration→Examination,lognormal,median,0.0161171372950077,0.015598629727483253,0.03217119504746378,224,300,3,censor_aware
Registration→Examination,lognormal,sigma,0.6036604444915276,0.6091288355956611,0.009058720269040754,224,300,3,censor_aware
Registration→Treatment,lognormal,median,0.009146029778006435,0.008117080571674248,0.11250228036721607,65,300,3,censor_aware
Registration→Treatment,lognormal,sigma,0.9449627510561763,0.903365987037731,0.044019474812052685,65,300,3,censor_aware
Treatment→Admission,gamma,shape,0.44142617019664615,0.49741701530336246,0.12684079215732397,180,300,3,censor_aware
Treatment→Admission,gamma,scale,0.14156042017507695,0.12235917642892813,0.13563991772842574,180,300,3,censor_aware
Treatment→Discharge,exponential,mean,3.4026604957332633,3.140990740805803,0.07690151728495365,2,300,3,censor_aware
Treatment→Examination,lognormal,median,0.011608018189574949,0.012898446058357499,0.11116694061881043,79,300,3,censor_aware
Treatment→Examination,lognormal,sigma,1.8248020254114785,1.7990097552863307,0.014134284029705572,79,300,3,censor_aware
Admission→Discharge,weibull,shape,1.4301890716913523,1.6936016879318372,0.18418027480028995,62,500,3,naive
Admission→Discharge,weibull,scale,3.727357018906392,3.682678826022116,0.011986561163219207,62,500,3,naive
Admission→Examination,weibull,shape,1.1311774118053453,1.159570800205789,0.025100738490815688,454,500,3,naive
Admission→Examination,weibull,scale,1.3905243971056556,1.3848476772387364,0.0040824309726137575,454,500,3,naive
Admission→Treatment,gamma,shape,0.37285325888103965,0.34066057708570563,0.08634142528872257,14,500,3,naive
Admission→Treatment,gamma,scale,1.2938901651688945,1.2820758511640755,0.009130847673826221,14,500,3,naive
Examination→Admission,lognormal,median,0.3135473165609704,0.33718594547151154,0.07539094631653312,248,500,3,naive
Examination→Admission,lognormal,sigma,1.7601234066827538,1.7811709443312715,0.011957989745835685,248,500,3,naive
Examination→Discharge,gamma,shape,1.1671391519621588,1.1898274980928236,0.01943928116242342,307,500,3,naive
Examination→Discharge,gamma,scale,4.7427726153481045,4.694986327648889,0.010075601673285898,307,500,3,naive
Examination→Treatment,gamma,shape,0.801579243120337,0.8144766390362677,0.01608998240239415,332,500,3,naive
Examination→Treatment,gamma,scale,0.09660526903733832,0.08884964087946731,0.08028162682175677,332,500,3,naive
Registration→Admission,exponential,mean,0.16398726851851853,0.16398726851851853,0.0,2,500,3,naive
Registration→Examination,lognormal,median,0.01611714134816275,0.016118157635158326,6.305628111228154e-05,365,500,3,naive
Registration→Examination,lognormal,sigma,0.603660472855505,0.5834015011496967,0.03356020911883947,365,500,3,naive
Registration→Treatment,lognormal,median,0.009142782462465304,0.00913465703245819,0.000888726166292647,115,500,3,naive
Registration→Treatment,lognormal,sigma,0.9454373765910125,0.9372304152172826,0.008680597548747166,115,500,3,naive
Treatment→Admission,gamma,shape,0.42839387868105805,0.43605839316839506,0.017891279191324053,284,500,3,naive
Treatment→Admission,gamma,scale,0.13817139969295555,0.14620629694288256,0.05815166718859442,284,500,3,naive
Treatment→Discharge,exponential,mean,3.132980324074074,3.132980324074074,0.0,2,500,3,naive
Treatment→Examination,lognormal,median,0.01082344787079655,0.011331429819515269,0.04693346840883657,131,500,3,naive
Treatment→Examination,lognormal,sigma,1.8093158782111687,1.8235306493244077,0.007856434182898359,131,500,3,naive
Admission→Discharge,weibull,shape,1.4301838693036997,1.6936338657842078,0.1842070814354602,62,500,3,censor_aware
Admission→Discharge,weibull,scale,3.7273531319461406,3.6827077444638467,0.011977772403599287,62,500,3,censor_aware
Admission→Examination,weibull,shape,1.1311870043544345,1.1595704821943718,0.025091764430352166,454,500,3,censor_aware
Admission→Examination,weibull,scale,1.3905318552671047,1.3848601401276956,0.004078809930118096,454,500,3,censor_aware
Admission→Treatment,gamma,shape,0.3735576739505992,0.34126608211643117,0.08644339036771707,14,500,3,censor_aware
Admission→Treatment,gamma,scale,1.292187097259026,1.2806800880313791,0.00890506433012321,14,500,3,censor_aware
Examination→Admission,lognormal,median,0.31517590775361726,0.33971913975721796,0.07787153586240134,248,500,3,censor_aware
Examination→Admission,lognormal,sigma,1.7601550747201233,1.7811726796889618,0.011940768896274871,248,500,3,censor_aware
Examination→Discharge,gamma,shape,1.1689345802263618,1.1923445650862254,0.020026770749933996,307,500,3,censor_aware
Examination→Discharge,gamma,scale,4.737565370778875,4.687851273092964,0.010493596139600795,307,500,3,censor_aware
Examination→Treatment,gamma,shape,0.8071683823130287,0.8198473574711339,0.015707968047227336,332,500,3,censor_aware
Examination→Treatment,gamma,scale,0.09616280174546887,0.0885019107527802,0.0796658463941817,332,500,3,censor_aware
Registration→Admission,exponential,mean,0.1640145703456333,0.16398851466102557,0.00015886201178846895,2,500,3,censor_aware
Registration→Examination,lognormal,median,0.0161171372950077,0.016118172775017234,6.424714206884976e-05,365,500,3,censor_aware
Registration→Examination,lognormal,sigma,0.6036604444915276,0.5834043424913574,0.033555456854941296,365,500,3,censor_aware
Registration→Treatment,lognormal,median,0.009146029778006435,0.009137574457970525,0.0009244798279842474,115,500,3,censor_aware
Registration→Treatment,lognormal,sigma,0.9449627510561763,0.936793760785269,0.008644774899091982,115,500,3,censor_aware
Treatment→Admission,gamma,shape,0.44142617019664615,0.449756030200781,0.018870335667738155,284,500,3,censor_aware
Treatment→Admission,gamma,scale,0.14156042017507695,0.14971651074304257,0.057615614293023844,284,500,3,censor_aware
Treatment→Discharge,exponential,mean,3.4026604957332633,3.141720586082755,0.07668702474951927,2,500,3,censor_aware
Treatment→Examination,lognormal,median,0.011608018189574949,0.012046752545923262,0.03779580193476407,131,500,3,censor_aware
Treatment→Examination,lognormal,sigma,1.8248020254114785,1.8275341187267446,0.0014971998481041098,131,500,3,censor_aware
Admission→Discharge,weibull,shape,1.4301890716913523,1.4301890716913523,0.0,96,734,3,naive
Admission→Discharge,weibull,scale,3.727357018906392,3.727357018906392,0.0,96,734,3,naive
Admission→Examination,weibull,shape,1.1311774118053453,1.1311774118053453,0.0,645,734,3,naive
Admission→Examination,weibull,scale,1.3905243971056556,1.3905243971056556,0.0,645,734,3,naive
Admission→Treatment,gamma,shape,0.37285325888103965,0.37285325888103965,0.0,19,734,3,naive
Admission→Treatment,gamma,scale,1.2938901651688945,1.2938901651688945,0.0,19,734,3,naive
Examination→Admission,lognormal,median,0.3135473165609704,0.3135473165609704,0.0,359,734,3,naive
Examination→Admission,lognormal,sigma,1.7601234066827538,1.7601234066827538,0.0,359,734,3,naive
Examination→Discharge,gamma,shape,1.1671391519621588,1.1671391519621588,0.0,443,734,3,naive
Examination→Discharge,gamma,scale,4.7427726153481045,4.7427726153481045,0.0,443,734,3,naive
Examination→Treatment,gamma,shape,0.801579243120337,0.801579243120337,0.0,478,734,3,naive
Examination→Treatment,gamma,scale,0.09660526903733832,0.09660526903733832,0.0,478,734,3,naive
Registration→Admission,exponential,mean,0.16398726851851853,0.16398726851851853,0.0,2,734,3,naive
Registration→Examination,lognormal,median,0.01611714134816275,0.01611714134816275,0.0,535,734,3,naive
Registration→Examination,lognormal,sigma,0.603660472855505,0.603660472855505,0.0,535,734,3,naive
Registration→Treatment,lognormal,median,0.009142782462465304,0.009142782462465304,0.0,170,734,3,naive
Registration→Treatment,lognormal,sigma,0.9454373765910125,0.9454373765910125,0.0,170,734,3,naive
Treatment→Admission,gamma,shape,0.42839387868105805,0.42839387868105805,0.0,406,734,3,naive
Treatment→Admission,gamma,scale,0.13817139969295555,0.13817139969295555,0.0,406,734,3,naive
Treatment→Discharge,exponential,mean,3.132980324074074,3.132980324074074,0.0,2,734,3,naive
Treatment→Examination,lognormal,median,0.01082344787079655,0.01082344787079655,0.0,193,734,3,naive
Treatment→Examination,lognormal,sigma,1.8093158782111687,1.8093158782111687,0.0,193,734,3,naive
Admission→Discharge,weibull,shape,1.4301838693036997,1.4301838693036997,0.0,96,734,3,censor_aware
Admission→Discharge,weibull,scale,3.7273531319461406,3.7273531319461406,0.0,96,734,3,censor_aware
Admission→Examination,weibull,shape,1.1311870043544345,1.1311870043544345,0.0,645,734,3,censor_aware
Admission→Examination,weibull,scale,1.3905318552671047,1.3905318552671047,0.0,645,734,3,censor_aware
Admission→Treatment,gamma,shape,0.3735576739505992,0.3735576739505992,0.0,19,734,3,censor_aware
Admission→Treatment,gamma,scale,1.292187097259026,1.292187097259026,0.0,19,734,3,censor_aware
Examination→Admission,lognormal,median,0.31517590775361726,0.31517590775361726,0.0,359,734,3,censor_aware
Examination→Admission,lognormal,sigma,1.7601550747201233,1.7601550747201233,0.0,359,734,3,censor_aware
Examination→Discharge,gamma,shape,1.1689345802263618,1.1689345802263618,0.0,443,734,3,censor_aware
Examination→Discharge,gamma,scale,4.737565370778875,4.737565370778875,0.0,443,734,3,censor_aware
Examination→Treatment,gamma,shape,0.8071683823130287,0.8071683823130287,0.0,478,734,3,censor_aware
Examination→Treatment,gamma,scale,0.09616280174546887,0.09616280174546887,0.0,478,734,3,censor_aware
Registration→Admission,exponential,mean,0.1640145703456333,0.1640145703456333,0.0,2,734,3,censor_aware
Registration→Examination,lognormal,median,0.0161171372950077,0.0161171372950077,0.0,535,734,3,censor_aware
Registration→Examination,lognormal,sigma,0.6036604444915276,0.6036604444915276,0.0,535,734,3,censor_aware
Registration→Treatment,lognormal,median,0.009146029778006435,0.009146029778006435,0.0,170,734,3,censor_aware
Registration→Treatment,lognormal,sigma,0.9449627510561763,0.9449627510561763,0.0,170,734,3,censor_aware
Treatment→Admission,gamma,shape,0.44142617019664615,0.44142617019664615,0.0,406,734,3,censor_aware
Treatment→Admission,gamma,scale,0.14156042017507695,0.14156042017507695,0.0,406,734,3,censor_aware
Treatment→Discharge,exponential,mean,3.4026604957332633,3.4026604957332633,0.0,2,734,3,censor_aware
Treatment→Examination,lognormal,median,0.011608018189574949,0.011608018189574949,0.0,193,734,3,censor_aware
Treatment→Examination,lognormal,sigma,1.8248020254114785,1.8248020254114785,0.0,193,734,3,censor_aware
Admission→Discharge,weibull,shape,1.4301890716913523,,,2,10,4,naive
Admission→Discharge,weibull,scale,3.727357018906392,,,2,10,4,naive
Admission→Examination,weibull,shape,1.1311774118053453,,,8,10,4,naive
Admission→Examination,weibull,scale,1.3905243971056556,,,8,10,4,naive
Admission→Treatment,gamma,shape,0.37285325888103965,,,0,10,4,naive
Admission→Treatment,gamma,scale,1.2938901651688945,,,0,10,4,naive
Examination→Admission,lognormal,median,0.3135473165609704,0.6238757161967783,0.9897338718746885,3,10,4,naive
Examination→Admission,lognormal,sigma,1.7601234066827538,1.4034435285999602,0.20264481270379575,3,10,4,naive
Examination→Discharge,gamma,shape,1.1671391519621588,1.7616098817517911,0.5093400635136147,5,10,4,naive
Examination→Discharge,gamma,scale,4.7427726153481045,1.6458272547111341,0.6529820448517675,5,10,4,naive
Examination→Treatment,gamma,shape,0.801579243120337,0.6878743556840775,0.14185108760256354,9,10,4,naive
Examination→Treatment,gamma,scale,0.09660526903733832,0.05556458138241463,0.42482866684074244,9,10,4,naive
Registration→Admission,exponential,mean,0.16398726851851853,,,0,10,4,naive
Registration→Examination,lognormal,median,0.01611714134816275,0.019457010821184357,0.20722468090796575,6,10,4,naive
Registration→Examination,lognormal,sigma,0.603660472855505,0.48566608438714337,0.19546482463927248,6,10,4,naive
Registration→Treatment,lognormal,median,0.009142782462465304,0.013099363804757005,0.4327546191255248,4,10,4,naive
Registration→Treatment,lognormal,sigma,0.9454373765910125,0.6752758776659119,0.28575292834225435,4,10,4,naive
Treatment→Admission,gamma,shape,0.42839387868105805,0.6262037731479297,0.46174771468698417,8,10,4,naive
Treatment→Admission,gamma,scale,0.13817139969295555,0.14407666966476973,0.04273872874514454,8,10,4,naive
Treatment→Discharge,exponential,mean,3.132980324074074,,,0,10,4,naive
Treatment→Examination,lognormal,median,0.01082344787079655,0.0018281803864297328,0.8310907570070656,4,10,4,naive
Treatment→Examination,lognormal,sigma,1.8093158782111687,1.1618716394122242,0.35783925106491554,4,10,4,naive
Admission→Discharge,weibull,shape,1.4301838693036997,,,2,10,4,censor_aware
Admission→Discharge,weibull,scale,3.7273531319461406,,,2,10,4,censor_aware
Admission→Examination,weibull,shape,1.1311870043544345,,,8,10,4,censor_aware
Admission→Examination,weibull,scale,1.3905318552671047,,,8,10,4,censor_aware
Admission→Treatment,gamma,shape,0.3735576739505992,,,0,10,4,censor_aware
Admission→Treatment,gamma,scale,1.292187097259026,,,0,10,4,censor_aware
Examination→Admission,lognormal,median,0.31517590775361726,0.6238757727414,0.979452608506812,3,10,4,censor_aware
Examination→Admission,lognormal,sigma,1.7601550747201233,1.4034425558773982,0.20265971104815572,3,10,4,censor_aware
Examination→Discharge,gamma,shape,1.1689345802263618,1.761615842989259,0.5070268882353756,5,10,4,censor_aware
Examination→Discharge,gamma,scale,4.737565370778875,1.645828789229706,0.6526002998542002,5,10,4,censor_aware
Examination→Treatment,gamma,shape,0.8071683823130287,0.6957300889332529,0.1380607761919975,9,10,4,censor_aware
Examination→Treatment,gamma,scale,0.09616280174546887,0.05510994475121365,0.42690995113596103,9,10,4,censor_aware
Registration→Admission,exponential,mean,0.1640145703456333,,,0,10,4,censor_aware
Registration→Examination,lognormal,median,0.0161171372950077,0.019457010821184357,0.20722498450212914,6,10,4,censor_aware
Registration→Examination,lognormal,sigma,0.6036604444915276,0.48566608438714337,0.19546478683686597,6,10,4,censor_aware
Registration→Treatment,lognormal,median,0.009146029778006435,0.013099363804757005,0.43224591683018554,4,10,4,censor_aware
Registration→Treatment,lognormal,sigma,0.9449627510561763,0.6752758776659119,0.2853941841504735,4,10,4,censor_aware
Treatment→Admission,gamma,shape,0.44142617019664615,0.5980897484224479,0.3549032404581074,8,10,4,censor_aware
Treatment→Admission,gamma,scale,0.14156042017507695,0.20690036818107374,0.46156932796036243,8,10,4,censor_aware
Treatment→Discharge,exponential,mean,3.4026604957332633,,,0,10,4,censor_aware
Treatment→Examination,lognormal,median,0.011608018189574949,0.0018282944098120884,0.8424972824858198,4,10,4,censor_aware
Treatment→Examination,lognormal,sigma,1.8248020254114785,1.1619962162236601,0.36322066720545254,4,10,4,censor_aware
Admission→Discharge,weibull,shape,1.4301890716913523,2.274454573564186,0.5903174052885182,6,30,4,naive
Admission→Discharge,weibull,scale,3.727357018906392,2.9298741570391162,0.2139539780660071,6,30,4,naive
Admission→Examination,weibull,shape,1.1311774118053453,0.7550946595042797,0.3324701752140207,30,30,4,naive
Admission→Examination,weibull,scale,1.3905243971056556,1.2696373965996932,0.08693626717919214,30,30,4,naive
Admission→Treatment,gamma,shape,0.37285325888103965,,,0,30,4,naive
Admission→Treatment,gamma,scale,1.2938901651688945,,,0,30,4,naive
Examination→Admission,lognormal,median,0.3135473165609704,0.5159911924570312,0.6456565411450264,18,30,4,naive
Examination→Admission,lognormal,sigma,1.7601234066827538,2.3235476087352787,0.3201049425928559,18,30,4,naive
Examination→Discharge,gamma,shape,1.1671391519621588,1.8203063183494017,0.5596309277168521,18,30,4,naive
Examination→Discharge,gamma,scale,4.7427726153481045,2.1162897067700683,0.553786386485927,18,30,4,naive
Examination→Treatment,gamma,shape,0.801579243120337,0.7931851440405949,0.010471951652672631,22,30,4,naive
Examination→Treatment,gamma,scale,0.09660526903733832,0.0546194515461957,0.4346120859610146,22,30,4,naive
Registration→Admission,exponential,mean,0.16398726851851853,,,0,30,4,naive
Registration→Examination,lognormal,median,0.01611714134816275,0.01975577680461192,0.22576183814780232,23,30,4,naive
Registration→Examination,lognormal,sigma,0.603660472855505,0.462056360655143,0.23457575668410044,23,30,4,naive
Registration→Treatment,lognormal,median,0.009142782462465304,0.01236823686294431,0.35278695667547116,6,30,4,naive
Registration→Treatment,lognormal,sigma,0.9454373765910125,0.5656064491626094,0.4017515457215888,6,30,4,naive
Treatment→Admission,gamma,shape,0.42839387868105805,0.5715149296522539,0.3340875257411192,19,30,4,naive
Treatment→Admission,gamma,scale,0.13817139969295555,0.1330346889843134,0.03717636732389596,19,30,4,naive
Treatment→Discharge,exponential,mean,3.132980324074074,,,0,30,4,naive
Treatment→Examination,lognormal,median,0.01082344787079655,0.0026476757452639,0.7553759414864679,7,30,4,naive
Treatment→Examination,lognormal,sigma,1.8093158782111687,1.2972223490293544,0.2830315785920754,7,30,4,naive
Admission→Discharge,weibull,shape,1.4301838693036997,2.274460504851233,0.5903273373923442,6,30,4,censor_aware
Admission→Discharge,weibull,scale,3.7273531319461406,2.929878366722368,0.21395202895825216,6,30,4,censor_aware
Admission→Examination,weibull,shape,1.1311870043544345,0.7553806641132034,0.3322230000827342,30,30,4,censor_aware
Admission→Examination,weibull,scale,1.3905318552671047,1.2700449038908372,0.08664810584517195,30,30,4,censor_aware
Admission→Treatment,gamma,shape,0.3735576739505992,,,0,30,4,censor_aware
Admission→Treatment,gamma,scale,1.292187097259026,,,0,30,4,censor_aware
Examination→Admission,lognormal,median,0.31517590775361726,0.5162835785755766,0.6380807221444459,18,30,4,censor_aware
Examination→Admission,lognormal,sigma,1.7601550747201233,2.3227460579267305,0.31962580529790136,18,30,4,censor_aware
Examination→Discharge,gamma,shape,1.1689345802263618,1.8203349412482703,0.557259894643348,18,30,4,censor_aware
Examination→Discharge,gamma,scale,4.737565370778875,2.1162544182925402,0.5533033841927506,18,30,4,censor_aware
Examination→Treatment,gamma,shape,0.8071683823130287,0.7971389724321271,0.012425424608631542,22,30,4,censor_aware
Examination→Treatment,gamma,scale,0.09616280174546887,0.054411287560860555,0.4341753092336,22,30,4,censor_aware
Registration→Admission,exponential,mean,0.1640145703456333,,,0,30,4,censor_aware
Registration→Examination,lognormal,median,0.0161171372950077,0.01975577680461192,0.22576214640370998,23,30,4,censor_aware
Registration→Examination,lognormal,sigma,0.6036604444915276,0.462056360655143,0.23457572071938532,23,30,4,censor_aware
Registration→Treatment,lognormal,median,0.009146029778006435,0.01236823686294431,0.3523066470531676,6,30,4,censor_aware
Registration→Treatment,lognormal,sigma,0.9449627510561763,0.5656064491626094,0.40145106404412645,6,30,4,censor_aware
Treatment→Admission,gamma,shape,0.44142617019664615,0.5582590527847304,0.26467140028430497,19,30,4,censor_aware
Treatment→Admission,gamma,scale,0.14156042017507695,0.16139998269366107,0.14014907905788393,19,30,4,censor_aware
Treatment→Discharge,exponential,mean,3.4026604957332633,,,0,30,4,censor_aware
Treatment→Examination,lognormal,median,0.011608018189574949,0.00268134401330511,0.769009320151376,7,30,4,censor_aware
Treatment→Examination,lognormal,sigma,1.8248020254114785,1.2921993944444248,0.29186871975712325,7,30,4,censor_aware
Admission→Discharge,weibull,shape,1.4301890716913523,2.425073531173225,0.6956314232672153,8,50,4,naive
Admission→Discharge,weibull,scale,3.727357018906392,3.2339632565768492,0.13237094268858224,8,50,4,naive
Admission→Examination,weibull,shape,1.1311774118053453,0.9039420808514059,0.2008839007766912,45,50,4,naive
Admission→Examination,weibull,scale,1.3905243971056556,1.430712985940864,0.02890175024534636,45,50,4,naive
Admission→Treatment,gamma,shape,0.37285325888103965,,,0,50,4,naive
Admission→Treatment,gamma,scale,1.2938901651688945,,,0,50,4,naive
Examination→Admission,lognormal,median,0.3135473165609704,0.31140237908936413,0.006840873317406231,27,50,4,naive
Examination→Admission,lognormal,sigma,1.7601234066827538,2.0470964286417352,0.16304142133978547,27,50,4,naive
Examination→Discharge,gamma,shape,1.1671391519621588,1.2218053387494143,0.04683776282832464,31,50,4,naive
Examination→Discharge,gamma,scale,4.7427726153481045,4.117414291698906,0.1318550085292881,31,50,4,naive
Examination→Treatment,gamma,shape,0.801579243120337,0.8162070302271758,0.018248709946500907,33,50,4,naive
Examination→Treatment,gamma,scale,0.09660526903733832,0.06582116215201222,0.31865867350804555,33,50,4,naive
Registration→Admission,exponential,mean,0.16398726851851853,,,0,50,4,naive
Registration→Examination,lognormal,median,0.01611714134816275,0.01907071389805789,0.18325660153323836,36,50,4,naive
Registration→Examination,lognormal,sigma,0.603660472855505,0.573266757934185,0.05034902281666388,36,50,4,naive
Registration→Treatment,lognormal,median,0.009142782462465304,0.016032481403056853,0.7535669768887596,12,50,4,naive
Registration→Treatment,lognormal,sigma,0.9454373765910125,0.705971139719964,0.2532861962095237,12,50,4,naive
Treatment→Admission,gamma,shape,0.42839387868105805,0.5233029066369912,0.22154618139768872,27,50,4,naive
Treatment→Admission,gamma,scale,0.13817139969295555,0.1457132043028111,0.054582964539803,27,50,4,naive
Treatment→Discharge,exponential,mean,3.132980324074074,,,0,50,4,naive
Treatment→Examination,lognormal,median,0.01082344787079655,0.004805651965280231,0.5559962017051263,12,50,4,naive
Treatment→Examination,lognormal,sigma,1.8093158782111687,1.3195847336511406,0.27067199843745066,12,50,4,naive
Admission→Discharge,weibull,shape,1.4301838693036997,2.4250737444071087,0.6956377403331935,8,50,4,censor_aware
Admission→Discharge,weibull,scale,3.7273531319461406,3.233963197604353,0.13237005372876404,8,50,4,censor_aware
Admission→Examination,weibull,shape,1.1311870043544345,0.9040251732636186,0.20081722139343047,45,50,4,censor_aware
Admission→Examination,weibull,scale,1.3905318552671047,1.430798804038976,0.028957947722913994,45,50,4,censor_aware
Admission→Treatment,gamma,shape,0.3735576739505992,,,0,50,4,censor_aware
Admission→Treatment,gamma,scale,1.292187097259026,,,0,50,4,censor_aware
Examination→Admission,lognormal,median,0.31517590775361726,0.31146886342503116,0.011761826451163922,27,50,4,censor_aware
Examination→Admission,lognormal,sigma,1.7601550747201233,2.0467887019388593,0.16284566702982842,27,50,4,censor_aware
Examination→Discharge,gamma,shape,1.1689345802263618,1.2218174897226113,0.045240264417542385,31,50,4,censor_aware
Examination→Discharge,gamma,scale,4.737565370778875,4.117376570032792,0.13090875844613872,31,50,4,censor_aware
Examination→Treatment,gamma,shape,0.8071683823130287,0.8183994539761078,0.013914162037535802,33,50,4,censor_aware
Examination→Treatment,gamma,scale,0.09616280174546887,0.06568205945512819,0.31697019780080316,33,50,4,censor_aware
Registration→Admission,exponential,mean,0.1640145703456333,,,0,50,4,censor_aware
Registration→Examination,lognormal,median,0.0161171372950077,0.019070714042814754,0.1832569080814326,36,50,4,censor_aware
Registration→Examination,lognormal,sigma,0.6036604444915276,0.5732667614611026,0.050348972353201085,36,50,4,censor_aware
Registration→Treatment,lognormal,median,0.009146029778006435,0.01603248866100955,0.7529451631092502,12,50,4,censor_aware
Registration→Treatment,lognormal,sigma,0.9449627510561763,0.7059698793821495,0.2529124787267082,12,50,4,censor_aware
Treatment→Admission,gamma,shape,0.44142617019664615,0.5275509928145862,0.19510583747124283,27,50,4,censor_aware
Treatment→Admission,gamma,scale,0.14156042017507695,0.16465516159193522,0.16314405812228805,27,50,4,censor_aware
Treatment→Discharge,exponential,mean,3.4026604957332633,,,0,50,4,censor_aware
Treatment→Examination,lognormal,median,0.011608018189574949,0.004927813614848367,0.575481918242169,12,50,4,censor_aware
Treatment→Examination,lognormal,sigma,1.8248020254114785,1.306535529977578,0.2840124507846463,12,50,4,censor_aware
Admission→Discharge,weibull,shape,1.4301890716913523,,,16,100,4,naive
Admission→Discharge,weibull,scale,3.727357018906392,,,16,100,4,naive
Admission→Examination,weibull,shape,1.1311774118053453,,,93,100,4,naive
Admission→Examination,weibull,scale,1.3905243971056556,,,93,100,4,naive
Admission→Treatment,gamma,shape,0.37285325888103965,,,2,100,4,naive
Admission→Treatment,gamma,scale,1.2938901651688945,,,2,100,4,naive
Examination→Admission,lognormal,median,0.3135473165609704,0.23623919625336107,0.24655966172995933,53,100,4,naive
Examination→Admission,lognormal,sigma,1.7601234066827538,2.0621010445875556,0.1715661735752546,53,100,4,naive
Examination→Discharge,gamma,shape,1.1671391519621588,0.9321159003216727,0.20136695032924923,63,100,4,naive
Examination→Discharge,gamma,scale,4.7427726153481045,6.3959708011195024,0.34857209481674856,63,100,4,naive
Examination→Treatment,gamma,shape,0.801579243120337,0.8374955994168772,0.044806993949503104,72,100,4,naive
Examination→Treatment,gamma,scale,0.09660526903733832,0.08110032786174005,0.16049788308757304,72,100,4,naive
Registration→Admission,exponential,mean,0.16398726851851853,,,0,100,4,naive
Registration→Examination,lognormal,median,0.01611714134816275,0.01605847270301738,0.0036401396425090504,76,100,4,naive
Registration→Examination,lognormal,sigma,0.603660472855505,0.6446819398819883,0.06795453548985714,76,100,4,naive
Registration→Treatment,lognormal,median,0.009142782462465304,0.009468559051593044,0.035632105484865215,22,100,4,naive
Registration→Treatment,lognormal,sigma,0.9454373765910125,0.9830677860601327,0.03980211741237177,22,100,4,naive
Treatment→Admission,gamma,shape,0.42839387868105805,0.3669670906174398,0.1433885756088286,60,100,4,naive
Treatment→Admission,gamma,scale,0.13817139969295555,0.24948834564874736,0.8056439046225217,60,100,4,naive
Treatment→Discharge,exponential,mean,3.132980324074074,5.539791666666667,0.768217828914679,1,100,4,naive
Treatment→Examination,lognormal,median,0.01082344787079655,0.007306666357578722,0.3249224789733302,23,100,4,naive
Treatment→Examination,lognormal,sigma,1.8093158782111687,1.6248346264556595,0.10196188182347785,23,100,4,naive
Admission→Discharge,weibull,shape,1.4301838693036997,,,16,100,4,censor_aware
Admission→Discharge,weibull,scale,3.7273531319461406,,,16,100,4,censor_aware
Admission→Examination,weibull,shape,1.1311870043544345,,,93,100,4,censor_aware
Admission→Examination,weibull,scale,1.3905318552671047,,,93,100,4,censor_aware
Admission→Treatment,gamma,shape,0.3735576739505992,,,2,100,4,censor_aware
Admission→Treatment,gamma,scale,1.292187097259026,,,2,100,4,censor_aware
Examination→Admission,lognormal,median,0.31517590775361726,0.23631592302987822,0.25020943157046865,53,100,4,censor_aware
Examination→Admission,lognormal,sigma,1.7601550747201233,2.061639610871815,0.17128294005551167,53,100,4,censor_aware
Examination→Discharge,gamma,shape,1.1689345802263618,0.9321682638863922,0.20254881696982588,63,100,4,censor_aware
Examination→Discharge,gamma,scale,4.737565370778875,6.395648599661079,0.3499863535623589,63,100,4,censor_aware
Examination→Treatment,gamma,shape,0.8071683823130287,0.8392921965557194,0.03979815729480936,72,100,4,censor_aware
Examination→Treatment,gamma,scale,0.09616280174546887,0.08096063304391292,0.1580878304876581,72,100,4,censor_aware
Registration→Admission,exponential,mean,0.1640145703456333,,,0,100,4,censor_aware
Registration→Examination,lognormal,median,0.0161171372950077,0.01605848058740335,0.003639399884154136,76,100,4,censor_aware
Registration→Examination,lognormal,sigma,0.6036604444915276,0.6446815987355944,0.06795402053984102,76,100,4,censor_aware
Registration→Treatment,lognormal,median,0.009146029778006435,0.009470796555616279,0.03550904441518592,22,100,4,censor_aware
Registration→Treatment,lognormal,sigma,0.9449627510561763,0.9827598346359435,0.03999849045639284,22,100,4,censor_aware
Treatment→Admission,gamma,shape,0.44142617019664615,0.37685202156869324,0.146285274838115,60,100,4,censor_aware
Treatment→Admission,gamma,scale,0.14156042017507695,0.2653381040736349,0.8743805913084608,60,100,4,censor_aware
Treatment→Discharge,exponential,mean,3.4026604957332633,6.3365675797491905,0.8622391471893462,1,100,4,censor_aware
Treatment→Examination,lognormal,median,0.011608018189574949,0.0075956359596400505,0.3456560942968181,23,100,4,censor_aware
Treatment→Examination,lognormal,sigma,1.8248020254114785,1.6171021939827308,0.11382047396725846,23,100,4,censor_aware
Admission→Discharge,weibull,shape,1.4301890716913523,1.6349919951276752,0.1431998939791376,41,300,4,naive
Admission→Discharge,weibull,scale,3.727357018906392,3.413812357044831,0.084119836192551,41,300,4,naive
Admission→Examination,weibull,shape,1.1311774118053453,1.0528913759609204,0.06920756640594625,260,300,4,naive
Admission→Examination,weibull,scale,1.3905243971056556,1.3969699141382257,0.004635313875820029,260,300,4,naive
Admission→Treatment,gamma,shape,0.37285325888103965,0.2718822148705881,0.27080638724594536,9,300,4,naive
Admission→Treatment,gamma,scale,1.2938901651688945,1.2006634687938549,0.07205147614895933,9,300,4,naive
Examination→Admission,lognormal,median,0.3135473165609704,0.31503448364502196,0.004743038787137475,149,300,4,naive
Examination→Admission,lognormal,sigma,1.7601234066827538,1.7914609057070774,0.017804148791694292,149,300,4,naive
Examination→Discharge,gamma,shape,1.1671391519621588,1.1261031785576088,0.03515945235455565,174,300,4,naive
Examination→Discharge,gamma,scale,4.7427726153481045,4.983799840930622,0.05081989906126403,174,300,4,naive
Examination→Treatment,gamma,shape,0.801579243120337,0.806578261206449,0.006236461496498046,196,300,4,naive
Examination→Treatment,gamma,scale,0.09660526903733832,0.087653789307126,0.09266036748733174,196,300,4,naive
Registration→Admission,exponential,mean,0.16398726851851853,0.0720486111111111,0.5606450929879663,1,300,4,naive
Registration→Examination,lognormal,median,0.01611714134816275,0.016181171772433816,0.003972815208843775,220,300,4,naive
Registration→Examination,lognormal,sigma,0.603660472855505,0.6006178452102388,0.005040296295819408,220,300,4,naive
Registration→Treatment,lognormal,median,0.009142782462465304,0.00921165250261634,0.007532722170058633,66,300,4,naive
Registration→Treatment,lognormal,sigma,0.9454373765910125,1.0041156586204014,0.062064694587140964,66,300,4,naive
Treatment→Admission,gamma,shape,0.42839387868105805,0.4143780833388205,0.032717076596401176,165,300,4,naive
Treatment→Admission,gamma,scale,0.13817139969295555,0.16809482646316679,0.21656744331104022,165,300,4,naive
Treatment→Discharge,exponential,mean,3.132980324074074,5.539791666666667,0.768217828914679,1,300,4,naive
Treatment→Examination,lognormal,median,0.01082344787079655,0.013610985583467874,0.25754618546208013,74,300,4,naive
Treatment→Examination,lognormal,sigma,1.8093158782111687,1.89304488678031,0.04627661182740649,74,300,4,naive
Admission→Discharge,weibull,shape,1.4301838693036997,1.634978555621919,0.1431946553962504,41,300,4,censor_aware
Admission→Discharge,weibull,scale,3.7273531319461406,3.4138676724749484,0.08410404068892553,41,300,4,censor_aware
Admission→Examination,weibull,shape,1.1311870043544345,1.0529291766914421,0.0691820427230367,260,300,4,censor_aware
Admission→Examination,weibull,scale,1.3905318552671047,1.3969922307549965,0.004645974461801049,260,300,4,censor_aware
Admission→Treatment,gamma,shape,0.3735576739505992,0.27322344465272275,0.2685910002511287,9,300,4,censor_aware
Admission→Treatment,gamma,scale,1.292187097259026,1.1975274068325454,0.07325540599133953,9,300,4,censor_aware
Examination→Admission,lognormal,median,0.31517590775361726,0.3160636749291418,0.0028167355235112646,149,300,4,censor_aware
Examination→Admission,lognormal,sigma,1.7601550747201233,1.79180639301672,0.01798211916164802,149,300,4,censor_aware
Examination→Discharge,gamma,shape,1.1689345802263618,1.1274654794264483,0.03547598086445787,174,300,4,censor_aware
Examination→Discharge,gamma,scale,4.737565370778875,4.979614071445826,0.051091369031000186,174,300,4,censor_aware
Examination→Treatment,gamma,shape,0.8071683823130287,0.8121628253261459,0.006187609825356545,196,300,4,censor_aware
Examination→Treatment,gamma,scale,0.09616280174546887,0.08717306793849905,0.09348452461654087,196,300,4,censor_aware
Registration→Admission,exponential,mean,0.1640145703456333,0.07208981727279168,0.5604669931404604,1,300,4,censor_aware
Registration→Examination,lognormal,median,0.0161171372950077,0.016181168533055693,0.0039728666993379385,220,300,4,censor_aware
Registration→Examination,lognormal,sigma,0.6036604444915276,0.6006179128560939,0.005040137486557424,220,300,4,censor_aware
Registration→Treatment,lognormal,median,0.009146029778006435,0.009217710280575508,0.007837335358500955,66,300,4,censor_aware
Registration→Treatment,lognormal,sigma,0.9449627510561763,1.0032621699395383,0.0616949385763632,66,300,4,censor_aware
Treatment→Admission,gamma,shape,0.44142617019664615,0.42778313365608694,0.030906723392683123,165,300,4,censor_aware
Treatment→Admission,gamma,scale,0.14156042017507695,0.17594412577004126,0.24289067207090625,165,300,4,censor_aware
Treatment→Discharge,exponential,mean,3.4026604957332633,6.031696538344151,0.772641304034753,1,300,4,censor_aware
Treatment→Examination,lognormal,median,0.011608018189574949,0.015248561711530167,0.31362317516221294,74,300,4,censor_aware
Treatment→Examination,lognormal,sigma,1.8248020254114785,1.9355055390022629,0.060666040506953935,74,300,4,censor_aware
Admission→Discharge,weibull,shape,1.4301890716913523,1.4584573945070125,0.01976544456617182,67,500,4,naive
Admission→Discharge,weibull,scale,3.727357018906392,3.4277290127401856,0.08038618373458559,67,500,4,naive
Admission→Examination,weibull,shape,1.1311774118053453,1.1406531044242376,0.008376840378883869,443,500,4,naive
Admission→Examination,weibull,scale,1.3905243971056556,1.3722490149418298,0.013142798646226937,443,500,4,naive
Admission→Treatment,gamma,shape,0.37285325888103965,0.3550297837333017,0.047802921721074774,13,500,4,naive
Admission→Treatment,gamma,scale,1.2938901651688945,1.3291464426222765,0.02724827686496861,13,500,4,naive
Examination→Admission,lognormal,median,0.3135473165609704,0.313782330234404,0.0007495317644917352,244,500,4,naive
Examination→Admission,lognormal,sigma,1.7601234066827538,1.7318205452084185,0.016080043800835938,244,500,4,naive
Examination→Discharge,gamma,shape,1.1671391519621588,1.221663463892473,0.046716205037462454,304,500,4,naive
Examination→Discharge,gamma,scale,4.7427726153481045,4.412031920423371,0.0697357267043379,304,500,4,naive
Examination→Treatment,gamma,shape,0.801579243120337,0.7888600763025969,0.01586763495550076,328,500,4,naive
Examination→Treatment,gamma,scale,0.09660526903733832,0.09488521789717284,0.01780494125533329,328,500,4,naive
Registration→Admission,exponential,mean,0.16398726851851853,0.16398726851851853,0.0,2,500,4,naive
Registration→Examination,lognormal,median,0.01611714134816275,0.016137640300179112,0.0012718726958797233,366,500,4,naive
Registration→Examination,lognormal,sigma,0.603660472855505,0.6143289600296546,0.017672992773047375,366,500,4,naive
Registration→Treatment,lognormal,median,0.009142782462465304,0.009260976157453,0.012927540983603871,114,500,4,naive
Registration→Treatment,lognormal,sigma,0.9454373765910125,1.0041580312955458,0.0621095126535656,114,500,4,naive
Treatment→Admission,gamma,shape,0.42839387868105805,0.42267380975373925,0.013352359153519622,283,500,4,naive
Treatment→Admission,gamma,scale,0.13817139969295555,0.1474776413588308,0.06735287973166346,283,500,4,naive
Treatment→Discharge,exponential,mean,3.132980324074074,5.539791666666667,0.768217828914679,1,500,4,naive
Treatment→Examination,lognormal,median,0.01082344787079655,0.011513869128962956,0.06378940116016796,128,500,4,naive
Treatment→Examination,lognormal,sigma,1.8093158782111687,1.7933699073866276,0.008813259761090757,128,500,4,naive
Admission→Discharge,weibull,shape,1.4301838693036997,1.4584700446285503,0.01977799913141385,67,500,4,censor_aware
Admission→Discharge,weibull,scale,3.7273531319461406,3.4277599069444262,0.08037693623230423,67,500,4,censor_aware
Admission→Examination,weibull,shape,1.1311870043544345,1.1406652776417046,0.008379050723517857,443,500,4,censor_aware
Admission→Examination,weibull,scale,1.3905318552671047,1.3722647602461182,0.013136768461501771,443,500,4,censor_aware
Admission→Treatment,gamma,shape,0.3735576739505992,0.35595433987302294,0.04712347063148323,13,500,4,censor_aware
Admission→Treatment,gamma,scale,1.292187097259026,1.3269507590612957,0.02690296310496373,13,500,4,censor_aware
Examination→Admission,lognormal,median,0.31517590775361726,0.31581557213992417,0.0020295472165561606,244,500,4,censor_aware
Examination→Admission,lognormal,sigma,1.7601550747201233,1.732332108211617,0.015807110923411333,244,500,4,censor_aware
Examination→Discharge,gamma,shape,1.1689345802263618,1.2241676822077705,0.04725080677373148,304,500,4,censor_aware
Examination→Discharge,gamma,scale,4.737565370778875,4.405578163992121,0.0700754883160955,304,500,4,censor_aware
Examination→Treatment,gamma,shape,0.8071683823130287,0.7942604516215938,0.01599162079967236,328,500,4,censor_aware
Examination→Treatment,gamma,scale,0.09616280174546887,0.09444391124475904,0.01787479638186424,328,500,4,censor_aware
Registration→Admission,exponential,mean,0.1640145703456333,0.16400911800789036,3.3243008419581045e-05,2,500,4,censor_aware
Registration→Examination,lognormal,median,0.0161171372950077,0.016137684121368925,0.0012748434157466746,366,500,4,censor_aware
Registration→Examination,lognormal,sigma,0.6036604444915276,0.6143281805405488,0.017671749319283073,366,500,4,censor_aware
Registration→Treatment,lognormal,median,0.009146029778006435,0.009265883226717947,0.013104423626492558,114,500,4,censor_aware
Registration→Treatment,lognormal,sigma,0.9449627510561763,1.0034699774097082,0.061914849329393035,114,500,4,censor_aware
Treatment→Admission,gamma,shape,0.44142617019664615,0.4342921044084321,0.01616140199625227,283,500,4,censor_aware
Treatment→Admission,gamma,scale,0.14156042017507695,0.15167827096987557,0.07147372678242425,283,500,4,censor_aware
Treatment→Discharge,exponential,mean,3.4026604957332633,6.052519044050561,0.7787607819352135,1,500,4,censor_aware
Treatment→Examination,lognormal,median,0.011608018189574949,0.012376523942814504,0.06620473371843462,128,500,4,censor_aware
Treatment→Examination,lognormal,sigma,1.8248020254114785,1.8169412143364623,0.004307761042321118,128,500,4,censor_aware
Admission→Discharge,weibull,shape,1.4301890716913523,1.4301890716913523,0.0,96,734,4,naive
Admission→Discharge,weibull,scale,3.727357018906392,3.727357018906392,0.0,96,734,4,naive
Admission→Examination,weibull,shape,1.1311774118053453,1.1311774118053453,0.0,645,734,4,naive
Admission→Examination,weibull,scale,1.3905243971056556,1.3905243971056556,0.0,645,734,4,naive
Admission→Treatment,gamma,shape,0.37285325888103965,0.37285325888103965,0.0,19,734,4,naive
Admission→Treatment,gamma,scale,1.2938901651688945,1.2938901651688945,0.0,19,734,4,naive
Examination→Admission,lognormal,median,0.3135473165609704,0.3135473165609704,0.0,359,734,4,naive
Examination→Admission,lognormal,sigma,1.7601234066827538,1.7601234066827538,0.0,359,734,4,naive
Examination→Discharge,gamma,shape,1.1671391519621588,1.1671391519621588,0.0,443,734,4,naive
Examination→Discharge,gamma,scale,4.7427726153481045,4.7427726153481045,0.0,443,734,4,naive
Examination→Treatment,gamma,shape,0.801579243120337,0.801579243120337,0.0,478,734,4,naive
Examination→Treatment,gamma,scale,0.09660526903733832,0.09660526903733832,0.0,478,734,4,naive
Registration→Admission,exponential,mean,0.16398726851851853,0.16398726851851853,0.0,2,734,4,naive
Registration→Examination,lognormal,median,0.01611714134816275,0.01611714134816275,0.0,535,734,4,naive
Registration→Examination,lognormal,sigma,0.603660472855505,0.603660472855505,0.0,535,734,4,naive
Registration→Treatment,lognormal,median,0.009142782462465304,0.009142782462465304,0.0,170,734,4,naive
Registration→Treatment,lognormal,sigma,0.9454373765910125,0.9454373765910125,0.0,170,734,4,naive
Treatment→Admission,gamma,shape,0.42839387868105805,0.42839387868105805,0.0,406,734,4,naive
Treatment→Admission,gamma,scale,0.13817139969295555,0.13817139969295555,0.0,406,734,4,naive
Treatment→Discharge,exponential,mean,3.132980324074074,3.132980324074074,0.0,2,734,4,naive
Treatment→Examination,lognormal,median,0.01082344787079655,0.01082344787079655,0.0,193,734,4,naive
Treatment→Examination,lognormal,sigma,1.8093158782111687,1.8093158782111687,0.0,193,734,4,naive
Admission→Discharge,weibull,shape,1.4301838693036997,1.4301838693036997,0.0,96,734,4,censor_aware
Admission→Discharge,weibull,scale,3.7273531319461406,3.7273531319461406,0.0,96,734,4,censor_aware
Admission→Examination,weibull,shape,1.1311870043544345,1.1311870043544345,0.0,645,734,4,censor_aware
Admission→Examination,weibull,scale,1.3905318552671047,1.3905318552671047,0.0,645,734,4,censor_aware
Admission→Treatment,gamma,shape,0.3735576739505992,0.3735576739505992,0.0,19,734,4,censor_aware
Admission→Treatment,gamma,scale,1.292187097259026,1.292187097259026,0.0,19,734,4,censor_aware
Examination→Admission,lognormal,median,0.31517590775361726,0.31517590775361726,0.0,359,734,4,censor_aware
Examination→Admission,lognormal,sigma,1.7601550747201233,1.7601550747201233,0.0,359,734,4,censor_aware
Examination→Discharge,gamma,shape,1.1689345802263618,1.1689345802263618,0.0,443,734,4,censor_aware
Examination→Discharge,gamma,scale,4.737565370778875,4.737565370778875,0.0,443,734,4,censor_aware
Examination→Treatment,gamma,shape,0.8071683823130287,0.8071683823130287,0.0,478,734,4,censor_aware
Examination→Treatment,gamma,scale,0.09616280174546887,0.09616280174546887,0.0,478,734,4,censor_aware
Registration→Admission,exponential,mean,0.1640145703456333,0.1640145703456333,0.0,2,734,4,censor_aware
Registration→Examination,lognormal,median,0.0161171372950077,0.0161171372950077,0.0,535,734,4,censor_aware
Registration→Examination,lognormal,sigma,0.6036604444915276,0.6036604444915276,0.0,535,734,4,censor_aware
Registration→Treatment,lognormal,median,0.009146029778006435,0.009146029778006435,0.0,170,734,4,censor_aware
Registration→Treatment,lognormal,sigma,0.9449627510561763,0.9449627510561763,0.0,170,734,4,censor_aware
Treatment→Admission,gamma,shape,0.44142617019664615,0.44142617019664615,0.0,406,734,4,censor_aware
Treatment→Admission,gamma,scale,0.14156042017507695,0.14156042017507695,0.0,406,734,4,censor_aware
Treatment→Discharge,exponential,mean,3.4026604957332633,3.4026604957332633,0.0,2,734,4,censor_aware
Treatment→Examination,lognormal,median,0.011608018189574949,0.011608018189574949,0.0,193,734,4,censor_aware
Treatment→Examination,lognormal,sigma,1.8248020254114785,1.8248020254114785,0.0,193,734,4,censor_aware
