transition,model,time_days,cdf,survival
Admission→Discharge,наивная MLE,0.0,0.0,1.0
Admission→Discharge,наивная MLE,0.03879137143430318,0.0017514435517811285,0.9982485564482189
Admission→Discharge,наивная MLE,0.07758274286860636,0.004593653022269101,0.9954063469777309
Admission→Discharge,наивная MLE,0.11637411430290955,0.008067184567781646,0.9919328154322183
Admission→Discharge,наивная MLE,0.15516548573721273,0.012020294763609291,0.9879797052363907
Admission→Discharge,наивная MLE,0.1939568571715159,0.016367049744549923,0.9836329502554501
Admission→Discharge,наивная MLE,0.2327482286058191,0.02104985039578845,0.9789501496042116
Admission→Discharge,наивная MLE,0.2715396000401223,0.02602638438782244,0.9739736156121775
Admission→Discharge,наивная MLE,0.31033097147442545,0.03126369898554758,0.9687363010144524
Admission→Discharge,наивная MLE,0.3491223429087286,0.0367350667148995,0.9632649332851005
Admission→Discharge,наивная MLE,0.3879137143430318,0.0424181522206645,0.9575818477793355
Admission→Discharge,наивная MLE,0.426705085777335,0.048293859626120504,0.9517061403738795
Admission→Discharge,наивная MLE,0.4654964572116382,0.05434556693086802,0.945654433069132
Admission→Discharge,наивная MLE,0.5042878286459413,0.06055859509600586,0.9394414049039941
Admission→Discharge,наивная MLE,0.5430792000802446,0.06691982682933861,0.9330801731706614
Admission→Discharge,наивная MLE,0.5818705715145477,0.073417424870434,0.926582575129566
Admission→Discharge,наивная MLE,0.6206619429488509,0.0800406187054105,0.9199593812945895
Admission→Discharge,наивная MLE,0.6594533143831541,0.08677953971808387,0.9132204602819162
Admission→Discharge,наивная MLE,0.6982446858174572,0.09362509148060497,0.9063749085193951
Admission→Discharge,наивная MLE,0.7370360572517605,0.10056884608638604,0.899431153913614
Admission→Discharge,наивная MLE,0.7758274286860636,0.10760296014644644,0.8923970398535536
Admission→Discharge,наивная MLE,0.8146188001203668,0.1147201058789037,0.8852798941210963
Admission→Discharge,наивная MLE,0.85341017155467,0.12191341395412027,0.8780865860458797
Admission→Discharge,наивная MLE,0.8922015429889731,0.12917642561652737,0.8708235743834727
Admission→Discharge,наивная MLE,0.9309929144232764,0.1365030522135729,0.863496947786427
Admission→Discharge,наивная MLE,0.9697842858575796,0.1438875407023547,0.8561124592976452
Admission→Discharge,наивная MLE,1.0085756572918827,0.15132444402732176,0.8486755559726782
Admission→Discharge,наивная MLE,1.0473670287261858,0.1588085955025768,0.8411914044974231
Admission→Discharge,наивная MLE,1.0861584001604891,0.1663350865132865,0.8336649134867135
Admission→Discharge,наивная MLE,1.1249497715947923,0.17389924698869014,0.8261007530113098
Admission→Discharge,наивная MLE,1.1637411430290954,0.18149662820556714,0.8185033717944329
Admission→Discharge,наивная MLE,1.2025325144633987,0.18912298756383017,0.8108770124361698
Admission→Discharge,наивная MLE,1.2413238858977018,0.1967742750409904,0.8032257249590096
Admission→Discharge,наивная MLE,1.280115257332005,0.204446621083814,0.7955533789161859
Admission→Discharge,наивная MLE,1.3189066287663083,0.21213632573670038,0.7878636742632996
Admission→Discharge,наивная MLE,1.3576980002006114,0.21983984883948238,0.7801601511605176
Admission→Discharge,наивная MLE,1.3964893716349145,0.22755380115423587,0.772446198845764
Admission→Discharge,наивная MLE,1.4352807430692178,0.23527493630262353,0.7647250636973765
Admission→Discharge,наивная MLE,1.474072114503521,0.2430001434133068,0.7569998565866932
Admission→Discharge,наивная MLE,1.512863485937824,0.2507264403938309,0.7492735596061691
Admission→Discharge,наивная MLE,1.5516548573721272,0.2584509677537308,0.7415490322462692
Admission→Discharge,наивная MLE,1.5904462288064305,0.2661709829159086,0.7338290170840913
Admission→Discharge,наивная MLE,1.6292376002407336,0.27388385496197093,0.7261161450380291
Admission→Discharge,наивная MLE,1.6680289716750367,0.28158705976449083,0.7184129402355092
Admission→Discharge,наивная MLE,1.70682034310934,0.28927817546531615,0.7107218245346839
Admission→Discharge,наивная MLE,1.7456117145436432,0.29695487826427525,0.7030451217357248
Admission→Discharge,наивная MLE,1.7844030859779463,0.30461493848709603,0.695385061512904
Admission→Discharge,наивная MLE,1.8231944574122496,0.3122562169051677,0.6877437830948323
Admission→Discharge,наивная MLE,1.8619858288465527,0.31987666128306175,0.6801233387169383
Admission→Discharge,наивная MLE,1.9007772002808558,0.32747430313255516,0.6725256968674449
Admission→Discharge,наивная MLE,1.9395685717151592,0.33504725465434604,0.664952745345654
Admission→Discharge,наивная MLE,1.9783599431494623,0.3425937058507731,0.6574062941492269
Admission→Discharge,наивная MLE,2.0171513145837654,0.35011192179470124,0.6498880782052987
Admission→Discharge,наивная MLE,2.0559426860180685,0.3576002400413439,0.6423997599586562
Admission→Discharge,наивная MLE,2.0947340574523716,0.36505706817120276,0.6349429318287972
Admission→Discharge,наивная MLE,2.133525428886675,0.3724808814535474,0.6275191185464526
Admission→Discharge,наивная MLE,2.1723168003209783,0.3798702206209372,0.6201297793790627
Admission→Discharge,наивная MLE,2.2111081717552814,0.387223689746257,0.612776310253743
Admission→Discharge,наивная MLE,2.2498995431895845,0.3945399542145732,0.6054600457854268
Admission→Discharge,наивная MLE,2.2886909146238876,0.40181773878288074,0.5981822612171193
Admission→Discharge,наивная MLE,2.3274822860581907,0.4090558257214638,0.5909441742785362
Admission→Discharge,наивная MLE,2.3662736574924943,0.4162530530311963,0.5837469469688037
Admission→Discharge,наивная MLE,2.4050650289267974,0.42340831273162716,0.5765916872683728
Admission→Discharge,наивная MLE,2.4438564003611005,0.4305205492151708,0.5694794507848292
Admission→Discharge,наивная MLE,2.4826477717954036,0.43758875766314187,0.5624112423368581
Admission→Discharge,наивная MLE,2.5214391432297067,0.44461198251975154,0.5553880174802485
Admission→Discharge,наивная MLE,2.56023051466401,0.45158931602051844,0.5484106839794816
Admission→Discharge,наивная MLE,2.599021886098313,0.458519896771855,0.541480103228145
Admission→Discharge,наивная MLE,2.6378132575326165,0.465402908378859,0.534597091621141
Admission→Discharge,наивная MLE,2.6766046289669196,0.4722375781185889,0.5277624218814111
Admission→Discharge,наивная MLE,2.7153960004012228,0.47902317565632613,0.5209768243436739
Admission→Discharge,наивная MLE,2.754187371835526,0.4857590118025228,0.5142409881974772
Admission→Discharge,наивная MLE,2.792978743269829,0.49244443730832144,0.5075555626916786
Admission→Discharge,наивная MLE,2.831770114704132,0.49907884169769434,0.5009211583023057
Admission→Discharge,наивная MLE,2.8705614861384356,0.5056616521344021,0.49433834786559794
Admission→Discharge,наивная MLE,2.9093528575727388,0.5121923323221043,0.48780766767789574
Admission→Discharge,наивная MLE,2.948144229007042,0.5186703814360827,0.48132961856391737
Admission→Discharge,наивная MLE,2.986935600441345,0.5250953330851464,0.4749046669148536
Admission→Discharge,наивная MLE,3.025726971875648,0.5314667543023934,0.4685332456976066
Admission→Discharge,наивная MLE,3.064518343309951,0.5377842445635947,0.46221575543640525
Admission→Discharge,наивная MLE,3.1033097147442543,0.5440474348320563,0.45595256516794375
Admission→Discharge,наивная MLE,3.142101086178558,0.5502559866288865,0.4497440133711134
Admission→Discharge,наивная MLE,3.180892457612861,0.5564095911276775,0.4435904088723225
Admission→Discharge,наивная MLE,3.219683829047164,0.5625079682726618,0.4374920317273382
Admission→Discharge,наивная MLE,3.258475200481467,0.5685508659194801,0.4314491340805199
Admission→Discharge,наивная MLE,3.2972665719157703,0.57453805899774,0.4254619410022599
Admission→Discharge,наивная MLE,3.3360579433500734,0.5804693486946015,0.4195306513053985
Admission→Discharge,наивная MLE,3.374849314784377,0.5863445616586713,0.4136554383413287
Admission→Discharge,наивная MLE,3.41364068621868,0.5921635492235311,0.40783645077646885
Admission→Discharge,наивная MLE,3.452432057652983,0.5979261866502623,0.40207381334973774
Admission→Discharge,наивная MLE,3.4912234290872863,0.6036323723883688,0.3963676276116312
Admission→Discharge,наивная MLE,3.5300148005215894,0.6092820273545334,0.39071797264546665
Admission→Discharge,наивная MLE,3.5688061719558926,0.6148750942286696,0.38512490577133035
Admission→Discharge,наивная MLE,3.607597543390196,0.6204115367667682,0.37958846323323187
Admission→Discharge,наивная MLE,3.6463889148244992,0.6258913391300532,0.37410866086994676
Admission→Discharge,наивная MLE,3.6851802862588023,0.6313145052299989,0.36868549477000107
Admission→Discharge,наивная MLE,3.7239716576931055,0.63668105808877,0.36331894191123004
Admission→Discharge,наивная MLE,3.7627630291274086,0.6419910392146777,0.35800896078532224
Admission→Discharge,наивная MLE,3.8015544005617117,0.6472445079922606,0.3527554920077393
Admission→Discharge,наивная MLE,3.840345771996015,0.6524415410866138,0.34755845891338627
Admission→Discharge,наивная MLE,3.8791371434303183,0.6575822318616135,0.34241776813838654
Admission→Discharge,наивная MLE,3.9179285148646215,0.6626666898116954,0.3373333101883046
Admission→Discharge,наивная MLE,3.9567198862989246,0.6676950400068602,0.3323049599931398
Admission→Discharge,наивная MLE,3.9955112577332277,0.672667422550594,0.32733257744940597
Admission→Discharge,наивная MLE,4.034302629167531,0.6775839920504054,0.32241600794959463
Admission→Discharge,наивная MLE,4.073094000601834,0.6824449171006878,0.3175550828993122
Admission→Discharge,наивная MLE,4.111885372036137,0.6872503797776348,0.31274962022236513
Admission→Discharge,наивная MLE,4.150676743470441,0.6920005751459387,0.3079994248540613
Admission→Discharge,наивная MLE,4.189468114904743,0.6966957107770141,0.3033042892229859
Admission→Discharge,наивная MLE,4.228259486339047,0.7013360062785037,0.29866399372149627
Admission→Discharge,наивная MLE,4.26705085777335,0.7059216928348211,0.29407830716517885
Admission→Discharge,наивная MLE,4.305842229207653,0.710453012758502,0.28954698724149797
Admission→Discharge,наивная MLE,4.344633600641957,0.71493021905214,0.28506978094786
Admission→Discharge,наивная MLE,4.383424972076259,0.7193535749806863,0.28064642501931364
Admission→Discharge,наивная MLE,4.422216343510563,0.723723353653908,0.276276646346092
Admission→Discharge,наивная MLE,4.4610077149448655,0.7280398376187944,0.27196016238120563
Admission→Discharge,наивная MLE,4.499799086379169,0.732303318461718,0.2676966815382819
Admission→Discharge,наивная MLE,4.538590457813473,0.7365140964201538,0.2634859035798463
Admission→Discharge,наивная MLE,4.577381829247775,0.7406724800037676,0.25932751999623244
Admission→Discharge,наивная MLE,4.616173200682079,0.7447787856246957,0.25522121437530426
Admission→Discharge,наивная MLE,4.6549645721163815,0.7488333372368303,0.2511666627631696
Admission→Discharge,наивная MLE,4.693755943550685,0.7528364659839422,0.2471635340160578
Admission→Discharge,наивная MLE,4.732547314984989,0.7567885098564657,0.24321149014353421
Admission→Discharge,наивная MLE,4.771338686419291,0.7606898133567856,0.2393101866432143
Admission→Discharge,наивная MLE,4.810130057853595,0.7645407271728578,0.2354592728271422
Admission→Discharge,наивная MLE,4.8489214292878975,0.7683416078600076,0.23165839213999237
Admission→Discharge,наивная MLE,4.887712800722201,0.7720928175307522,0.2279071824692478
Admission→Discharge,наивная MLE,4.926504172156504,0.7757947235524905,0.22420527644750948
Admission→Discharge,наивная MLE,4.965295543590807,0.7794476982529153,0.22055230174708476
Admission→Discharge,наивная MLE,5.004086915025111,0.7830521186329996,0.2169478813670004
Admission→Discharge,наивная MLE,5.0428782864594135,0.7866083660874145,0.21339163391258556
Admission→Discharge,наивная MLE,5.081669657893717,0.7901168261322378,0.20988317386776228
Admission→Discharge,наивная MLE,5.12046102932802,0.7935778881398153,0.2064221118601847
Admission→Discharge,наивная MLE,5.159252400762323,0.7969919450806406,0.2030080549193593
Admission→Discharge,наивная MLE,5.198043772196626,0.8003593932721181,0.19964060672788184
Admission→Discharge,наивная MLE,5.2368351436309295,0.80368063213408,0.19631936786592
Admission→Discharge,наивная MLE,5.275626515065233,0.8069560639509292,0.19304393604907072
Admission→Discharge,наивная MLE,5.314417886499536,0.8101860936402816,0.18981390635971845
Admission→Discharge,наивная MLE,5.353209257933839,0.8133711285279818,0.1866288714720182
Admission→Discharge,наивная MLE,5.392000629368142,0.8165115781293738,0.1834884218706262
Admission→Discharge,наивная MLE,5.4307920008024455,0.8196078539367032,0.18039214606329682
Admission→Discharge,наивная MLE,5.469583372236749,0.8226603692125338,0.17733963078746623
Admission→Discharge,наивная MLE,5.508374743671052,0.8256695387890636,0.17433046121093645
Admission→Discharge,наивная MLE,5.547166115105355,0.8286357788732239,0.17136422112677607
Admission→Discharge,наивная MLE,5.585957486539658,0.83155950685745,0.16844049314255005
Admission→Discharge,наивная MLE,5.6247488579739615,0.8344411411360113,0.16555885886398872
Admission→Discharge,наивная MLE,5.663540229408264,0.8372811009267936,0.16271889907320639
Admission→Discharge,наивная MLE,5.702331600842568,0.8400798060984236,0.15992019390157636
Admission→Discharge,наивная MLE,5.741122972276871,0.8428376770026312,0.1571623229973688
Admission→Discharge,наивная MLE,5.779914343711174,0.8455551343117447,0.15444486568825538
Admission→Discharge,наивная MLE,5.8187057151454775,0.8482325988612163,0.1517674011387837
Admission→Discharge,наивная MLE,5.85749708657978,0.8508704914970763,0.1491295085029237
Admission→Discharge,наивная MLE,5.896288458014084,0.8534692329282164,0.1465307670717836
Admission→Discharge,наивная MLE,5.935079829448386,0.856029243583403,0.14397075641659698
Admission→Discharge,наивная MLE,5.97387120088269,0.8585509434729257,0.14144905652707424
Admission→Discharge,наивная MLE,6.0126625723169935,0.8610347520547832,0.13896524794521686
Admission→Discharge,наивная MLE,6.051453943751296,0.8634810881053128,0.13651891189468718
Admission→Discharge,наивная MLE,6.0902453151856,0.8658903695941745,0.13410963040582544
Admission→Discharge,наивная MLE,6.129036686619902,0.8682630135635918,0.13173698643640813
Admission→Discharge,наивная MLE,6.167828058054206,0.8705994360117657,0.12940056398823432
Admission→Discharge,наивная MLE,6.206619429488509,0.872900051780369,0.127099948219631
Admission→Discharge,наивная MLE,6.245410800922812,0.8751652744460368,0.12483472555396326
Admission→Discharge,наивная MLE,6.284202172357116,0.8773955162157634,0.12260448378423666
Admission→Discharge,наивная MLE,6.322993543791418,0.8795911878261254,0.12040881217387452
Admission→Discharge,наивная MLE,6.361784915225722,0.881752698446244,0.11824730155375592
Admission→Discharge,наивная MLE,6.400576286660025,0.883880455584405,0.11611954441559505
Admission→Discharge,наивная MLE,6.439367658094328,0.8859748649982574,0.11402513500174263
Admission→Discharge,наивная MLE,6.478159029528632,0.8880363306085092,0.11196366939149083
Admission→Discharge,наивная MLE,6.516950400962934,0.8900652544160415,0.10993474558395855
Admission→Discharge,наивная MLE,6.555741772397238,0.8920620364223654,0.10793796357763462
Admission→Discharge,наивная MLE,6.594533143831541,0.8940270745533437,0.10597292544665628
Admission→Discharge,наивная MLE,6.633324515265844,0.8959607645861039,0.10403923541389613
Admission→Discharge,наивная MLE,6.672115886700147,0.897863500079067,0.10213649992093297
Admission→Discharge,наивная MLE,6.71090725813445,0.8997356723050223,0.10026432769497767
Admission→Discharge,наивная MLE,6.749698629568754,0.9015776701871732,0.09842232981282682
Admission→Discharge,наивная MLE,6.788490001003057,0.9033898802380859,0.0966101197619141
Admission→Discharge,наивная MLE,6.82728137243736,0.9051726865014721,0.09482731349852791
Admission→Discharge,наивная MLE,6.866072743871663,0.9069264704967351,0.09307352950326482
Admission→Discharge,наивная MLE,6.904864115305966,0.9086516111662156,0.09134838883378442
Admission→Discharge,наивная MLE,6.943655486740269,0.9103484848250673,0.08965151517493278
Admission→Discharge,наивная MLE,6.982446858174573,0.9120174651137019,0.0879825348862982
Admission→Discharge,наивная MLE,7.021238229608876,0.9136589229527357,0.08634107704726429
Admission→Discharge,наивная MLE,7.060029601043179,0.9152732265003778,0.08472677349962217
Admission→Discharge,наивная MLE,7.0988209724774824,0.9168607411121962,0.08313925888780378
Admission→Discharge,наивная MLE,7.137612343911785,0.9184218293032026,0.08157817069679744
Admission→Discharge,наивная MLE,7.176403715346089,0.9199568507121958,0.08004314928780425
Admission→Discharge,наивная MLE,7.215195086780392,0.9214661620683045,0.07853383793169551
Admission→Discharge,наивная MLE,7.253986458214695,0.9229501171596729,0.07704988284032711
Admission→Discharge,наивная MLE,7.2927778296489985,0.9244090668042315,0.07559093319576853
Admission→Discharge,наивная MLE,7.331569201083301,0.925843358822498,0.07415664117750201
Admission→Discharge,наивная MLE,7.370360572517605,0.9272533380123538,0.07274666198764626
Admission→Discharge,наивная MLE,7.409151943951907,0.9286393461257415,0.07136065387425848
Admission→Discharge,наивная MLE,7.447943315386211,0.9300017218472325,0.06999827815276743
Admission→Discharge,наивная MLE,7.4867346868205145,0.9313408007744102,0.0686591992255898
Admission→Discharge,наивная MLE,7.525526058254817,0.9326569154000204,0.06734308459997959
Admission→Discharge,наивная MLE,7.564317429689121,0.9339503950958384,0.06604960490416159
Admission→Discharge,наивная MLE,7.603108801123423,0.9352215660982024,0.06477843390179765
Admission→Discharge,наивная MLE,7.641900172557727,0.9364707514951669,0.06352924850483314
Admission→Discharge,наивная MLE,7.68069154399203,0.9376982712152279,0.062301728784772095
Admission→Discharge,наивная MLE,7.719482915426333,0.9389044420175746,0.061095557982425434
Admission→Discharge,наивная MLE,7.758274286860637,0.9400895774838195,0.05991042251618049
Admission→Discharge,наивная MLE,7.797065658294939,0.9412539880111671,0.05874601198883293
Admission→Discharge,наивная MLE,7.835857029729243,0.942397980806972,0.05760201919302803
Admission→Discharge,наивная MLE,7.874648401163546,0.943521859884648,0.05647814011535199
Admission→Discharge,наивная MLE,7.913439772597849,0.944625926060884,0.055374073939116
Admission→Discharge,наивная MLE,7.952231144032153,0.9457104769541255,0.05428952304587455
Admission→Discharge,наивная MLE,7.991022515466455,0.9467758069842821,0.05322419301571787
Admission→Discharge,наивная MLE,8.029813886900758,0.947822207373622,0.052177792626378054
Admission→Discharge,наивная MLE,8.068605258335062,0.948849966148812,0.051150033851188034
Admission→Discharge,наивная MLE,8.107396629769365,0.9498593681440689,0.050140631855931095
Admission→Discharge,наивная MLE,8.146188001203669,0.9508506950053824,0.04914930499461753
Admission→Discharge,наивная MLE,8.18497937263797,0.9518242251957737,0.04817577480422626
Admission→Discharge,наивная MLE,8.223770744072274,0.9527802340015545,0.047219765998445504
Admission→Discharge,наивная MLE,8.262562115506578,0.9537189935395516,0.04628100646044844
Admission→Discharge,наивная MLE,8.301353486940881,0.9546407727652624,0.04535922723473765
Admission→Discharge,наивная MLE,8.340144858375185,0.9555458374819086,0.044454162518091395
Admission→Discharge,наивная MLE,8.378936229809486,0.9564344503503546,0.04356554964964545
Admission→Discharge,наивная MLE,8.41772760124379,0.957306870899859,0.042693129100140975
Admission→Discharge,наивная MLE,8.456518972678094,0.9581633555396286,0.04183664446037135
Admission→Discharge,наивная MLE,8.495310344112397,0.9590041575711427,0.04099584242885731
Admission→Discharge,наивная MLE,8.5341017155467,0.9598295272012194,0.04017047279878061
Admission→Discharge,наивная MLE,8.572893086981002,0.9606397115557939,0.03936028844420613
Admission→Discharge,наивная MLE,8.611684458415306,0.9614349546943805,0.03856504530561958
Admission→Discharge,наивная MLE,8.65047582984961,0.9622154976251897,0.03778450237481038
Admission→Discharge,наивная MLE,8.689267201283913,0.9629815783208742,0.03701842167912584
Admission→Discharge,наивная MLE,8.728058572718217,0.9637334317348767,0.03626656826512328
Admission→Discharge,наивная MLE,8.766849944152519,0.964471289818353,0.035528710181646994
Admission→Discharge,наивная MLE,8.805641315586822,0.9651953815376457,0.03480461846235425
Admission→Discharge,наивная MLE,8.844432687021126,0.9659059328922837,0.034094067107716355
Admission→Discharge,наивная MLE,8.88322405845543,0.9666031669334821,0.03339683306651788
Admission→Discharge,наивная MLE,8.922015429889731,0.9672873037831218,0.032712696216878216
Admission→Discharge,наивная MLE,8.960806801324035,0.9679585606531815,0.03204143934681842
Admission→Discharge,наивная MLE,8.999598172758338,0.9686171518656043,0.031382848134395736
Admission→Discharge,наивная MLE,9.038389544192642,0.9692632888725723,0.030736711127427704
Admission→Discharge,наивная MLE,9.077180915626945,0.9698971802771729,0.03010281972282716
Admission→Discharge,наивная MLE,9.115972287061247,0.9705190318544312,0.0294809681455688
Admission→Discharge,наивная MLE,9.15476365849555,0.971129046572692,0.028870953427308024
Admission→Discharge,наивная MLE,9.193555029929854,0.9717274246153288,0.02827257538467118
Admission→Discharge,наивная MLE,9.232346401364158,0.972314363402763,0.027685636597237002
Admission→Discharge,наивная MLE,9.271137772798461,0.9728900576147727,0.02710994238522734
Admission→Discharge,наивная MLE,9.309929144232763,0.9734546992130739,0.02654530078692609
Admission→Discharge,наивная MLE,9.348720515667067,0.9740084774641564,0.025991522535843564
Admission→Discharge,наивная MLE,9.38751188710137,0.9745515789623564,0.02544842103764356
Admission→Discharge,наивная MLE,9.426303258535674,0.9750841876531496,0.024915812346850336
Admission→Discharge,наивная MLE,9.465094629969977,0.9756064848566489,0.024393515143351113
Admission→Discharge,наивная MLE,9.503886001404279,0.9761186492912893,0.02388135070871064
Admission→Discharge,наивная MLE,9.542677372838583,0.9766208570976872,0.023379142902312754
Admission→Discharge,наивная MLE,9.581468744272886,0.9771132818626558,0.02288671813734417
Admission→Discharge,наивная MLE,9.62026011570719,0.9775960946433652,0.02240390535663487
Admission→Discharge,наивная MLE,9.659051487141491,0.9780694639916307,0.02193053600836927
Admission→Discharge,наивная MLE,9.697842858575795,0.9785335559783181,0.021466444021681814
Admission→Discharge,наивная MLE,9.736634230010099,0.9789885342178494,0.021011465782150587
Admission→Discharge,наивная MLE,9.775425601444402,0.9794345598927988,0.02056544010720114
Admission→Discharge,наивная MLE,9.814216972878706,0.9798717917785661,0.020128208221433942
Admission→Discharge,наивная MLE,9.853008344313007,0.9803003862681133,0.019699613731886657
Admission→Discharge,наивная MLE,9.891799715747311,0.9807204973967562,0.0192795026032438
Admission→Discharge,наивная MLE,9.930591087181615,0.9811322768669954,0.018867723133004517
Admission→Discharge,наивная MLE,9.969382458615918,0.9815358740733802,0.01846412592661984
Admission→Discharge,наивная MLE,10.008173830050222,0.9819314361273899,0.018068563872610088
Admission→Discharge,наивная MLE,10.046965201484523,0.9823191078823277,0.01768089211767232
Admission→Discharge,наивная MLE,10.085756572918827,0.9826990319582116,0.01730096804178839
Admission→Discharge,наивная MLE,10.12454794435313,0.9830713487666571,0.016928651233342834
Admission→Discharge,наивная MLE,10.163339315787434,0.98343619653574,0.01656380346425997
Admission→Discharge,наивная MLE,10.202130687221738,0.9837937113348306,0.016206288665169353
Admission→Discharge,наивная MLE,10.24092205865604,0.984144027099392,0.015855972900608
Admission→Discharge,наивная MLE,10.279713430090343,0.9844872756557319,0.015512724344268092
Admission→Discharge,наивная MLE,10.318504801524647,0.9848235867457021,0.015176413254297888
Admission→Discharge,наивная MLE,10.35729617295895,0.9851530880513362,0.01484691194866388
Admission→Discharge,наивная MLE,10.396087544393252,0.9854759052194184,0.014524094780581618
Admission→Discharge,наивная MLE,10.434878915827555,0.9857921618859777,0.014207838114022221
Admission→Discharge,наивная MLE,10.473670287261859,0.986101979700698,0.013898020299302016
Admission→Discharge,наивная MLE,10.512461658696163,0.9864054783512387,0.013594521648761342
Admission→Discharge,наивная MLE,10.551253030130466,0.9867027755874606,0.013297224412539463
Admission→Discharge,наивная MLE,10.590044401564768,0.9869939872455485,0.013006012754451417
Admission→Discharge,наивная MLE,10.628835772999071,0.9872792272720271,0.012720772727972946
Admission→Discharge,наивная MLE,10.667627144433375,0.987558607747661,0.01244139225233903
Admission→Discharge,наивная MLE,10.706418515867679,0.9878322389112385,0.012167761088761444
Admission→Discharge,наивная MLE,10.745209887301982,0.9881002291832293,0.011899770816770723
Admission→Discharge,наивная MLE,10.784001258736284,0.9883626851893128,0.01163731481068723
Admission→Discharge,наивная MLE,10.822792630170587,0.9886197117837737,0.011380288216226294
Admission→Discharge,наивная MLE,10.861584001604891,0.988871412072758,0.011128587927242011
Admission→Discharge,наивная MLE,10.900375373039195,0.9891178874373864,0.010882112562613669
Admission→Discharge,наивная MLE,10.939166744473498,0.9893592375567205,0.01064076244327946
Admission→Discharge,наивная MLE,10.9779581159078,0.9895955604305791,0.01040443956942089
Admission→Discharge,наивная MLE,11.016749487342103,0.9898269524021981,0.010173047597801911
Admission→Discharge,наивная MLE,11.055540858776407,0.9900535081807337,0.009946491819266363
Admission→Discharge,наивная MLE,11.09433223021071,0.9902753208636031,0.009724679136396823
Admission→Discharge,наивная MLE,11.133123601645012,0.9904924819586617,0.009507518041338271
Admission→Discharge,наивная MLE,11.171914973079316,0.9907050814062106,0.009294918593789392
Admission→Discharge,наивная MLE,11.21070634451362,0.9909132076008353,0.009086792399164668
Admission→Discharge,наивная MLE,11.249497715947923,0.9911169474130705,0.008883052586929396
Admission→Discharge,наивная MLE,11.288289087382227,0.9913163862108892,0.008683613789110705
Admission→Discharge,наивная MLE,11.327080458816528,0.9915116078810134,0.008488392118986535
Admission→Discharge,наивная MLE,11.365871830250832,0.9917026948500451,0.008297305149954878
Admission→Discharge,наивная MLE,11.404663201685135,0.9918897281054145,0.008110271894585477
Admission→Discharge,наивная MLE,11.443454573119439,0.9920727872161443,0.00792721278385562
Admission→Discharge,наивная MLE,11.482245944553743,0.9922519503534281,0.007748049646571975
Admission→Discharge,наивная MLE,11.521037315988044,0.9924272943110198,0.007572705688980154
Admission→Discharge,наивная MLE,11.559828687422348,0.9925988945254368,0.007401105474563183
Admission→Discharge,наивная MLE,11.598620058856651,0.9927668250959693,0.007233174904030693
Admission→Discharge,с учётом цензуры,0.0,0.0,1.0
Admission→Discharge,с учётом цензуры,0.03879137143430318,0.0017513594630914747,0.9982486405369085
Admission→Discharge,с учётом цензуры,0.07758274286860636,0.004593463892996595,0.9954065361070034
Admission→Discharge,с учётом цензуры,0.11637411430290955,0.00806688490296596,0.9919331150970341
Admission→Discharge,с учётом цензуры,0.15516548573721273,0.012019882800499681,0.9879801171995003
Admission→Discharge,с учётом цензуры,0.1939568571715159,0.016366525510137134,0.9836334744898628
Admission→Discharge,с учётом цензуры,0.2327482286058191,0.021049214961058185,0.9789507850389418
Admission→Discharge,с учётом цензуры,0.2715396000401223,0.02602563949821207,0.9739743605017879
Admission→Discharge,с учётом цензуры,0.31033097147442545,0.031262846849703325,0.9687371531502966
Admission→Discharge,с учётом цензуры,0.3491223429087286,0.0367341098720638,0.9632658901279362
Admission→Discharge,с учётом цензуры,0.3879137143430318,0.04241709345166962,0.9575829065483303
Admission→Discharge,с учётом цензуры,0.426705085777335,0.04829270189056735,0.9517072981094327
Admission→Discharge,с учётом цензуры,0.4654964572116382,0.054344313321011015,0.945655686678989
Admission→Discharge,с учётом цензуры,0.5042878286459413,0.06055724880182087,0.9394427511981791
Admission→Discharge,с учётом цензуры,0.5430792000802446,0.06691839111137449,0.9330816088886256
Admission→Discharge,с учётом цензуры,0.5818705715145477,0.07341590303826191,0.926584096961738
Admission→Discharge,с учётом цензуры,0.6206619429488509,0.08003901410021226,0.9199609858997877
Admission→Discharge,с учётом цензуры,0.6594533143831541,0.08677785569837371,0.9132221443016263
Admission→Discharge,с учётом цензуры,0.6982446858174572,0.09362333141037436,0.9063766685896256
Admission→Discharge,с учётом цензуры,0.7370360572517605,0.10056701332515698,0.8994329866748431
Admission→Discharge,с учётом цензуры,0.7758274286860636,0.1076010580408513,0.8923989419591487
Admission→Discharge,с учётом цензуры,0.8146188001203668,0.11471813775550627,0.8852818622444937
Admission→Discharge,с учётом цензуры,0.85341017155467,0.12191138311325736,0.8780886168867427
Admission→Discharge,с учётом цензуры,0.8922015429889731,0.12917433532700076,0.8708256646729993
Admission→Discharge,с учётом цензуры,0.9309929144232764,0.13650090570805726,0.8634990942919427
Admission→Discharge,с учётом цензуры,0.9697842858575796,0.1438853411734138,0.8561146588265862
Admission→Discharge,с учётом цензуры,1.0085756572918827,0.15132219462394636,0.8486778053760536
Admission→Discharge,с учётом цензуры,1.0473670287261858,0.15880629932717455,0.8411937006728254
Admission→Discharge,с учётом цензуры,1.0861584001604891,0.16633274661906405,0.833667253380936
Admission→Discharge,с учётом цензуры,1.1249497715947923,0.17389686637738086,0.8261031336226191
Admission→Discharge,с учётом цензуры,1.1637411430290954,0.18149420982546235,0.8185057901745376
Admission→Discharge,с учётом цензуры,1.2025325144633987,0.1891205343080812,0.8108794656919188
Admission→Discharge,с учётом цензуры,1.2413238858977018,0.19677178974615042,0.8032282102538496
Admission→Discharge,с учётом цензуры,1.280115257332005,0.204444106528596,0.795555893471404
Admission→Discharge,с учётом цензуры,1.3189066287663083,0.21213378464092955,0.7878662153590705
Admission→Discharge,с учётом цензуры,1.3576980002006114,0.2198372838632231,0.7801627161367769
Admission→Discharge,с учётом цензуры,1.3964893716349145,0.22755121489707805,0.7724487851029219
Admission→Discharge,с учётом цензуры,1.4352807430692178,0.2352723313031129,0.7647276686968871
Admission→Discharge,с учётом цензуры,1.474072114503521,0.24299752214850684,0.7570024778514931
Admission→Discharge,с учётом цензуры,1.512863485937824,0.250723805279005,0.7492761947209949
Admission→Discharge,с учётом цензуры,1.5516548573721272,0.25844832114213423,0.7415516788578658
Admission→Discharge,с учётом цензуры,1.5904462288064305,0.2661683270986813,0.7338316729013187
Admission→Discharge,с учётом цензуры,1.6292376002407336,0.273881192168123,0.7261188078318769
Admission→Discharge,с учётом цензуры,1.6680289716750367,0.2815843921609734,0.7184156078390266
Admission→Discharge,с учётом цензуры,1.70682034310934,0.28927550515716977,0.7107244948428303
Admission→Discharge,с учётом цензуры,1.7456117145436432,0.29695220729485167,0.7030477927051483
Admission→Discharge,с учётом цензуры,1.7844030859779463,0.30461226883834586,0.6953877311616541
Admission→Discharge,с учётом цензуры,1.8231944574122496,0.3122535504979894,0.6877464495020106
Admission→Discharge,с учётом цензуры,1.8619858288465527,0.31987399997770727,0.6801260000222927
Admission→Discharge,с учётом цензуры,1.9007772002808558,0.32747164872908846,0.6725283512709115
Admission→Discharge,с учётом цензуры,1.9395685717151592,0.3350446088931485,0.6649553911068515
Admission→Discharge,с учётом цензуры,1.9783599431494623,0.34259107041309445,0.6574089295869056
Admission→Discharge,с учётом цензуры,2.0171513145837654,0.35010929830325055,0.6498907016967495
Admission→Discharge,с учётом цензуры,2.0559426860180685,0.3575976300609184,0.6424023699390816
Admission→Discharge,с учётом цензуры,2.0947340574523716,0.3650544732093513,0.6349455267906486
Admission→Discharge,с учётом цензуры,2.133525428886675,0.3724783029612651,0.6275216970387348
Admission→Discharge,с учётом цензуры,2.1723168003209783,0.3798676599933898,0.6201323400066102
Admission→Discharge,с учётом цензуры,2.2111081717552814,0.38722114832352994,0.6127788516764701
Admission→Discharge,с учётом цензуры,2.2498995431895845,0.3945374332824474,0.6054625667175526
Admission→Discharge,с учётом цензуры,2.2886909146238876,0.40181523957362775,0.5981847604263723
Admission→Discharge,с учётом цензуры,2.3274822860581907,0.409053349414662,0.590946650585338
Admission→Discharge,с учётом цензуры,2.3662736574924943,0.4162506007545649,0.5837493992454351
Admission→Discharge,с учётом цензуры,2.4050650289267974,0.4234058855618752,0.5765941144381248
Admission→Discharge,с учётом цензуры,2.4438564003611005,0.43051814817886114,0.5694818518211389
Admission→Discharge,с учётом цензуры,2.4826477717954036,0.43758638373756775,0.5624136162624322
Admission→Discharge,с учётом цензуры,2.5214391432297067,0.4446096366338229,0.5553903633661771
Admission→Discharge,с учётом цензуры,2.56023051466401,0.4515869990556596,0.5484130009443404
Admission→Discharge,с учётом цензуры,2.599021886098313,0.45851760956290866,0.5414823904370913
Admission→Discharge,с учётом цензуры,2.6378132575326165,0.46540065171499767,0.5345993482850023
Admission→Discharge,с учётом цензуры,2.6766046289669196,0.4722353527442319,0.5277646472557681
Admission→Discharge,с учётом цензуры,2.7153960004012228,0.4790209822720607,0.5209790177279393
Admission→Discharge,с учётом цензуры,2.754187371835526,0.4857568510660283,0.5142431489339717
Admission→Discharge,с учётом цензуры,2.792978743269829,0.4924423098352957,0.5075576901647043
Admission→Discharge,с учётом цензуры,2.831770114704132,0.49907674806278124,0.5009232519372188
Admission→Discharge,с учётом цензуры,2.8705614861384356,0.505659592872119,0.4943404071278809
Admission→Discharge,с учётом цензуры,2.9093528575727388,0.5121903079277688,0.4878096920722312
Admission→Discharge,с учётом цензуры,2.948144229007042,0.5186683923667379,0.48133160763326205
Admission→Discharge,с учётом цензуры,2.986935600441345,0.5250933797604838,0.47490662023951624
Admission→Discharge,с учётом цензуры,3.025726971875648,0.5314648371056718,0.4685351628943282
Admission→Discharge,с учётом цензуры,3.064518343309951,0.5377823638425564,0.4622176361574436
Admission→Discharge,с учётом цензуры,3.1033097147442543,0.5440455908998375,0.4559544091001625
Admission→Discharge,с учётом цензуры,3.142101086178558,0.5502541797649242,0.4497458202350758
Admission→Discharge,с учётом цензуры,3.180892457612861,0.5564078215786077,0.4435921784213923
Admission→Discharge,с учётом цензуры,3.219683829047164,0.5625062362532145,0.4374937637467855
Admission→Discharge,с учётом цензуры,3.258475200481467,0.5685491716133652,0.43145082838663484
Admission→Discharge,с учётом цензуры,3.2972665719157703,0.5745364025585261,0.4254635974414739
Admission→Discharge,с учётом цензуры,3.3360579433500734,0.5804677302465877,0.41953226975341235
Admission→Discharge,с учётом цензуры,3.374849314784377,0.5863429812977496,0.41365701870225036
Admission→Discharge,с учётом цензуры,3.41364068621868,0.5921620070180408,0.4078379929819592
Admission→Discharge,с учётом цензуры,3.452432057652983,0.5979246826418343,0.40207531735816576
Admission→Discharge,с учётом цензуры,3.4912234290872863,0.6036309065927614,0.3963690934072385
Admission→Discharge,с учётом цензуры,3.5300148005215894,0.6092805997624577,0.39071940023754226
Admission→Discharge,с учётом цензуры,3.5688061719558926,0.614873704806605,0.38512629519339503
Admission→Discharge,с учётом цензуры,3.607597543390196,0.6204101854577667,0.3795898145422333
Admission→Discharge,с учётом цензуры,3.6463889148244992,0.6258900258545343,0.3741099741454656
Admission→Discharge,с учётом цензуры,3.6851802862588023,0.6313132298865325,0.36868677011346745
Admission→Discharge,с учётом цензуры,3.7239716576931055,0.6366798205548483,0.3633201794451517
Admission→Discharge,с учётом цензуры,3.7627630291274086,0.6419898393474764,0.35801016065252356
Admission→Discharge,с учётом цензуры,3.8015544005617117,0.6472433456293875,0.35275665437061254
Admission→Discharge,с учётом цензуры,3.840345771996015,0.652440416046846,0.347559583953154
Admission→Discharge,с учётом цензуры,3.8791371434303183,0.6575811439456237,0.3424188560543763
Admission→Discharge,с учётом цензуры,3.9179285148646215,0.662665638802765,0.33733436119723503
Admission→Discharge,с учётом цензуры,3.9567198862989246,0.6676940256715804,0.3323059743284196
Admission→Discharge,с учётом цензуры,3.9955112577332277,0.6726664446395558,0.32733355536044423
Admission→Discharge,с учётом цензуры,4.034302629167531,0.6775830502988751,0.32241694970112494
Admission→Discharge,с учётом цензуры,4.073094000601834,0.6824440112292731,0.31755598877072694
Admission→Discharge,с учётом цензуры,4.111885372036137,0.6872495094929358,0.3127504905070641
Admission→Discharge,с учётом цензуры,4.150676743470441,0.6919997401411878,0.3080002598588122
Admission→Discharge,с учётом цензуры,4.189468114904743,0.6966949107327034,0.30330508926729666
Admission→Discharge,с учётом цензуры,4.228259486339047,0.701335240862999,0.29866475913700097
Admission→Discharge,с учётом цензуры,4.26705085777335,0.7059209617049644,0.2940790382950356
Admission→Discharge,с учётом цензуры,4.305842229207653,0.7104523155602008,0.28954768443979917
Admission→Discharge,с учётом цензуры,4.344633600641957,0.7149295554209445,0.28507044457905556
Admission→Discharge,с учётом цензуры,4.383424972076259,0.7193529445423534,0.28064705545764657
Admission→Discharge,с учётом цензуры,4.422216343510563,0.723722756024954,0.27627724397504605
Admission→Discharge,с учётом цензуры,4.4610077149448655,0.7280392724070341,0.2719607275929658
Admission→Discharge,с учётом цензуры,4.499799086379169,0.7323027852667926,0.2676972147332074
Admission→Discharge,с учётом цензуры,4.538590457813473,0.7365135948340444,0.2634864051659555
Admission→Discharge,с учётом цензуры,4.577381829247775,0.7406720096112998,0.2593279903887002
Admission→Discharge,с учётом цензуры,4.616173200682079,0.7447783460040287,0.25522165399597135
Admission→Discharge,с учётом цензуры,4.6549645721163815,0.7488329279599357,0.25116707204006433
Admission→Discharge,с учётом цензуры,4.693755943550685,0.7528360866170702,0.2471639133829298
Admission→Discharge,с учётом цензуры,4.732547314984989,0.7567881599606003,0.24321184003939963
Admission→Discharge,с учётом цензуры,4.771338686419291,0.7606894924880864,0.23931050751191363
Admission→Discharge,с учётом цензуры,4.810130057853595,0.7645404348830909,0.23545956511690913
Admission→Discharge,с учётом цензуры,4.8489214292878975,0.7683413436969658,0.23165865630303417
Admission→Discharge,с учётом цензуры,4.887712800722201,0.7720925810386621,0.22790741896133798
Admission→Discharge,с учётом цензуры,4.926504172156504,0.7757945142724088,0.22420548572759127
Admission→Discharge,с учётом цензуры,4.965295543590807,0.7794475157231147,0.22055248427688534
Admission→Discharge,с учётом цензуры,5.004086915025111,0.7830519623893422,0.21694803761065787
Admission→Discharge,с учётом цензуры,5.0428782864594135,0.786608235663715,0.21339176433628507
Admission→Discharge,с учётом цензуры,5.081669657893717,0.7901167210606159,0.2098832789393841
Admission→Discharge,с учётом цензуры,5.12046102932802,0.7935778079510374,0.2064221920489626
Admission→Discharge,с учётом цензуры,5.159252400762323,0.7969918893044501,0.20300811069554994
Admission→Discharge,с учётом цензуры,5.198043772196626,0.8003593614375557,0.19964063856244432
Admission→Discharge,с учётом цензуры,5.2368351436309295,0.8036806237697947,0.19631937623020537
Admission→Discharge,с учётом цензуры,5.275626515065233,0.8069560785854777,0.19304392141452234
Admission→Discharge,с учётом цензуры,5.314417886499536,0.8101861308024181,0.18981386919758192
Admission→Discharge,с учётом цензуры,5.353209257933839,0.8133711877469391,0.18662881225306097
Admission→Discharge,с учётом цензуры,5.392000629368142,0.8165116589351326,0.18348834106486744
Admission→Discharge,с учётом цензуры,5.4307920008024455,0.8196079558602536,0.18039204413974647
Admission→Discharge,с учётом цензуры,5.469583372236749,0.8226604917861268,0.17733950821387326
Admission→Discharge,с учётом цензуры,5.508374743671052,0.8256696815464531,0.17433031845354688
Admission→Discharge,с учётом цензуры,5.547166115105355,0.8286359413499006,0.17136405865009938
Admission→Discharge,с учётом цензуры,5.585957486539658,0.8315596885908649,0.1684403114091351
Admission→Discharge,с учётом цензуры,5.6247488579739615,0.834441341665792,0.16555865833420802
Admission→Discharge,с учётом цензуры,5.663540229408264,0.8372813197949506,0.1627186802050494
Admission→Discharge,с учётом цензуры,5.702331600842568,0.8400800428495493,0.1599199571504507
Admission→Discharge,с учётом цензуры,5.741122972276871,0.8428379311840901,0.15716206881590988
Admission→Discharge,с учётом цензуры,5.779914343711174,0.8455554054738555,0.15444459452614445
Admission→Discharge,с учётом цензуры,5.8187057151454775,0.8482328865574265,0.15176711344257351
Admission→Discharge,с учётом цензуры,5.85749708657978,0.8508707952841281,0.1491292047158719
Admission→Discharge,с учётом цензуры,5.896288458014084,0.8534695523663058,0.14653044763369413
Admission→Discharge,с учётом цензуры,5.935079829448386,0.8560295782363314,0.14397042176366864
Admission→Discharge,с учётом цензуры,5.97387120088269,0.8585512929082435,0.14144870709175653
Admission→Discharge,с учётом цензуры,6.0126625723169935,0.8610351158439269,0.13896488415607317
Admission→Discharge,с учётом цензуры,6.051453943751296,0.8634814658237353,0.13651853417626475
Admission→Discharge,с учётом цензуры,6.0902453151856,0.8658907608214675,0.13410923917853246
Admission→Discharge,с учётом цензуры,6.129036686619902,0.8682634178836031,0.131736582116397
Admission→Discharge,с учётом цензуры,6.167828058054206,0.8705998530127079,0.12940014698729202
Admission→Discharge,с учётом цензуры,6.206619429488509,0.8729004810549246,0.1270995189450754
Admission→Discharge,с учётом цензуры,6.245410800922812,0.8751657155914542,0.1248342844085458
Admission→Discharge,с учётом цензуры,6.284202172357116,0.877395968833949,0.122604031166051
Admission→Discharge,с учётом цензуры,6.322993543791418,0.8795916515237286,0.12040834847627137
Admission→Discharge,с учётом цензуры,6.361784915225722,0.8817531728347368,0.11824682716526323
Admission→Discharge,с учётом цензуры,6.400576286660025,0.8838809402801561,0.11611905971984393
Admission→Discharge,с учётом цензуры,6.439367658094328,0.8859753596226009,0.11402464037739912
Admission→Discharge,с учётом цензуры,6.478159029528632,0.8880368347878076,0.1119631652121924
Admission→Discharge,с учётом цензуры,6.516950400962934,0.890065767781744,0.10993423221825602
Admission→Discharge,с учётом цензуры,6.555741772397238,0.8920625586110607,0.10793744138893932
Admission→Discharge,с учётом цензуры,6.594533143831541,0.8940276052068081,0.10597239479319186
Admission→Discharge,с учётом цензуры,6.633324515265844,0.8959613033513449,0.10403869664865509
Admission→Discharge,с учётом цензуры,6.672115886700147,0.897864046608362,0.10213595339163797
Admission→Discharge,с учётом цензуры,6.71090725813445,0.8997362262559528,0.10026377374404714
Admission→Discharge,с учётом цензуры,6.749698629568754,0.9015782312226548,0.09842176877734526
Admission→Discharge,с учётом цензуры,6.788490001003057,0.9033904480263939,0.09660955197360607
Admission→Discharge,с учётом цензуры,6.82728137243736,0.9051732607162635,0.09482673928373658
Admission→Discharge,с учётом цензуры,6.866072743871663,0.9069270508170657,0.0930729491829343
Admission→Discharge,с учётом цензуры,6.904864115305966,0.9086521972765542,0.09134780272344574
Admission→Discharge,с учётом цензуры,6.943655486740269,0.9103490764153059,0.08965092358469401
Admission→Discharge,с учётом цензуры,6.982446858174573,0.9120180618791623,0.08798193812083768
Admission→Discharge,с учётом цензуры,7.021238229608876,0.9136595245941723,0.08634047540582768
Admission→Discharge,с учётом цензуры,7.060029601043179,0.9152738327239773,0.0847261672760227
Admission→Discharge,с учётом цензуры,7.0988209724774824,0.9168613516295743,0.0831386483704257
Admission→Discharge,с учётом цензуры,7.137612343911785,0.9184224438313973,0.08157755616860268
Admission→Discharge,с учётом цензуры,7.176403715346089,0.9199574689736579,0.08004253102634205
Admission→Discharge,с учётом цензуры,7.215195086780392,0.921466783790885,0.07853321620911499
Admission→Discharge,с учётом цензуры,7.253986458214695,0.9229507420766075,0.07704925792339248
Admission→Discharge,с учётом цензуры,7.2927778296489985,0.9244096946541228,0.07559030534587714
Admission→Discharge,с учётом цензуры,7.331569201083301,0.9258439893492949,0.07415601065070504
Admission→Discharge,с учётом цензуры,7.370360572517605,0.9272539709653285,0.07274602903467153
Admission→Discharge,с учётом цензуры,7.409151943951907,0.9286399812594639,0.07136001874053612
Admission→Discharge,с учётом цензуры,7.447943315386211,0.9300023589215425,0.06999764107845746
Admission→Discharge,с учётом цензуры,7.4867346868205145,0.931341439554388,0.06865856044561197
Admission→Discharge,с учётом цензуры,7.525526058254817,0.9326575556559544,0.06734244434404557
Admission→Discharge,с учётом цензуры,7.564317429689121,0.9339510366031912,0.06604896339680878
Admission→Discharge,с учётом цензуры,7.603108801123423,0.935222208637575,0.06477779136242504
Admission→Discharge,с учётом цензуры,7.641900172557727,0.9364713948522607,0.06352860514773925
Admission→Discharge,с учётом цензуры,7.68069154399203,0.937698915180806,0.062301084819194004
Admission→Discharge,с учётом цензуры,7.719482915426333,0.9389050863874197,0.06109491361258038
Admission→Discharge,с учётом цензуры,7.758274286860637,0.940090222058692,0.05990977794130803
Admission→Discharge,с учётом цензуры,7.797065658294939,0.9412546325967606,0.058745367403239414
Admission→Discharge,с учётом цензуры,7.835857029729243,0.942398625213868,0.05760137478613202
Admission→Discharge,с учётом цензуры,7.874648401163546,0.9435225039282689,0.05647749607173108
Admission→Discharge,с учётом цензуры,7.913439772597849,0.944626569561445,0.05537343043855505
Admission→Discharge,с учётом цензуры,7.952231144032153,0.945711119736585,0.054288880263415
Admission→Discharge,с учётом цензуры,7.991022515466455,0.9467764488782919,0.0532235511217081
Admission→Discharge,с учётом цензуры,8.029813886900758,0.9478228482134751,0.05217715178652494
Admission→Discharge,с учётом цензуры,8.068605258335062,0.9488506057733906,0.051149394226609364
Admission→Discharge,с учётом цензуры,8.107396629769365,0.9498600063967912,0.050139993603208734
Admission→Discharge,с учётом цензуры,8.146188001203669,0.950851331734148,0.049148668265851944
Admission→Discharge,с учётом цензуры,8.18497937263797,0.9518248602529086,0.048175139747091374
Admission→Discharge,с учётом цензуры,8.223770744072274,0.9527808672437557,0.047219132756244335
Admission→Discharge,с учётом цензуры,8.262562115506578,0.9537196248278305,0.04628037517216957
Admission→Discharge,с учётом цензуры,8.301353486940881,0.9546414019648879,0.045358598035112135
Admission→Discharge,с учётом цензуры,8.340144858375185,0.9555464644623496,0.044453535537650385
Admission→Discharge,с учётом цензуры,8.378936229809486,0.956435074985222,0.0435649250147781
Admission→Discharge,с учётом цензуры,8.41772760124379,0.9573074930668469,0.04269250693315312
Admission→Discharge,с учётом цензуры,8.456518972678094,0.9581639751204558,0.04183602487954422
Admission→Discharge,с учётом цензуры,8.495310344112397,0.9590047744514932,0.04099522554850674
Admission→Discharge,с учётом цензуры,8.5341017155467,0.9598301412706832,0.04016985872931674
Admission→Discharge,с учётом цензуры,8.572893086981002,0.9606403227078071,0.03935967729219294
Admission→Discharge,с учётом цензуры,8.611684458415306,0.9614355628261649,0.03856443717383506
Admission→Discharge,с учётом цензуры,8.65047582984961,0.9622161026376934,0.037783897362306626
Admission→Discharge,с учётом цензуры,8.689267201283913,0.9629821801187107,0.0370178198812893
Admission→Discharge,с учётом цензуры,8.728058572718217,0.9637340302262649,0.036265969773735134
Admission→Discharge,с учётом цензуры,8.766849944152519,0.9644718849150565,0.03552811508494351
Admission→Discharge,с учётом цензуры,8.805641315586822,0.9651959731549127,0.03480402684508728
Admission→Discharge,с учётом цензуры,8.844432687021126,0.9659065209487864,0.03409347905121364
Admission→Discharge,с учётом цензуры,8.88322405845543,0.9666037513512566,0.03339624864874334
Admission→Discharge,с учётом цензуры,8.922015429889731,0.9672878844875077,0.03271211551249228
Admission→Discharge,с учётом цензуры,8.960806801324035,0.967959137572762,0.032040862427238005
Admission→Discharge,с учётом цензуры,8.999598172758338,0.9686177249321458,0.0313822750678542
Admission→Discharge,с учётом цензуры,9.038389544192642,0.9692638580209654,0.030736141979034626
Admission→Discharge,с учётом цензуры,9.077180915626945,0.9698977454453722,0.03010225455462774
Admission→Discharge,с учётом цензуры,9.115972287061247,0.9705195929833967,0.029480407016603274
Admission→Discharge,с учётом цензуры,9.15476365849555,0.9711296036063295,0.028870396393670488
Admission→Discharge,с учётом цензуры,9.193555029929854,0.9717279775004315,0.02827202249956845
Admission→Discharge,с учётом цензуры,9.232346401364158,0.9723149120889532,0.02768508791104684
Admission→Discharge,с учётом цензуры,9.271137772798461,0.9728906020544434,0.02710939794555655
Admission→Discharge,с учётом цензуры,9.309929144232763,0.9734552393613318,0.0265447606386682
Admission→Discharge,с учётом цензуры,9.348720515667067,0.974009013278764,0.025990986721235957
Admission→Discharge,с учётом цензуры,9.38751188710137,0.9745521104036755,0.025447889596324477
Admission→Discharge,с учётом цензуры,9.426303258535674,0.9750847146840849,0.02491528531591516
Admission→Discharge,с учётом цензуры,9.465094629969977,0.9756070074425915,0.024392992557408472
Admission→Discharge,с учётом цензуры,9.503886001404279,0.9761191674000621,0.02388083259993787
Admission→Discharge,с учётом цензуры,9.542677372838583,0.9766213706994892,0.023378629300510875
Admission→Discharge,с учётом цензуры,9.581468744272886,0.9771137909300075,0.02288620906999246
Admission→Discharge,с учётом цензуры,9.62026011570719,0.9775965991510551,0.022403400848944873
Admission→Discharge,с учётом цензуры,9.659051487141491,0.9780699639166617,0.021930036083338298
Admission→Discharge,с учётом цензуры,9.697842858575795,0.978534051299854,0.021465948700145926
Admission→Discharge,с учётом цензуры,9.736634230010099,0.9789890249171631,0.02101097508283693
Admission→Discharge,с учётом цензуры,9.775425601444402,0.9794350459532201,0.0205649540467799
Admission→Discharge,с учётом цензуры,9.814216972878706,0.9798722731854306,0.02012772681456946
Admission→Discharge,с учётом цензуры,9.853008344313007,0.9803008630087117,0.01969913699128829
Admission→Discharge,с учётом цензуры,9.891799715747311,0.9807209694602842,0.01927903053971585
Admission→Discharge,с учётом цензуры,9.930591087181615,0.9811327442445041,0.018867255755495846
Admission→Discharge,с учётом цензуры,9.969382458615918,0.9815363367577272,0.01846366324227277
Admission→Discharge,с учётом цензуры,10.008173830050222,0.9819318941131915,0.01806810588680854
Admission→Discharge,с учётом цензуры,10.046965201484523,0.9823195611659103,0.017680438834089613
Admission→Discharge,с учётом цензуры,10.085756572918827,0.9826994805375658,0.017300519462434175
Admission→Discharge,с учётом цензуры,10.12454794435313,0.9830717926413906,0.016928207358609487
Admission→Discharge,с учётом цензуры,10.163339315787434,0.9834366357070315,0.0165633642929684
Admission→Discharge,с учётом цензуры,10.202130687221738,0.983794145805386,0.01620585419461401
Admission→Discharge,с учётом цензуры,10.24092205865604,0.9841444568733985,0.0158555431266015
Admission→Discharge,с учётом цензуры,10.279713430090343,0.9844877007388152,0.015512299261184847
Admission→Discharge,с учётом цензуры,10.318504801524647,0.9848240071448826,0.015175992855117379
Admission→Discharge,с учётом цензуры,10.35729617295895,0.9851535037749869,0.014846496225013136
Admission→Discharge,с учётом цензуры,10.396087544393252,0.985476316277223,0.014523683722777023
Admission→Discharge,с учётом цензуры,10.434878915827555,0.9857925682888892,0.014207431711110777
Admission→Discharge,с учётом цензуры,10.473670287261859,0.9861023814608981,0.013897618539101852
Admission→Discharge,с учётом цензуры,10.512461658696163,0.9864058754820985,0.013594124517901564
Admission→Discharge,с учётом цензуры,10.551253030130466,0.9867031681035006,0.013296831896499392
Admission→Discharge,с учётом цензуры,10.590044401564768,0.9869943751624008,0.013005624837599145
Admission→Discharge,с учётом цензуры,10.628835772999071,0.9872796106063968,0.012720389393603242
Admission→Discharge,с учётом цензуры,10.667627144433375,0.9875589865172895,0.01244101348271058
Admission→Discharge,с учётом цензуры,10.706418515867679,0.9878326131348666,0.012167386865133429
Admission→Discharge,с учётом цензуры,10.745209887301982,0.9881005988805612,0.011899401119438784
Admission→Discharge,с учётом цензуры,10.784001258736284,0.9883630503809813,0.011636949619018722
Admission→Discharge,с учётом цензуры,10.822792630170587,0.988620072491305,0.01137992750869498
Admission→Discharge,с учётом цензуры,10.861584001604891,0.9888717683185381,0.011128231681461969
Admission→Discharge,с учётом цензуры,10.900375373039195,0.9891182392446273,0.010881760755372732
Admission→Discharge,с учётом цензуры,10.939166744473498,0.9893595849494281,0.010640415050571853
Admission→Discharge,с учётом цензуры,10.9779581159078,0.9895959034335207,0.010404096566479356
Admission→Discharge,с учётом цензуры,11.016749487342103,0.9898272910408709,0.01017270895912914
Admission→Discharge,с учётом цензуры,11.055540858776407,0.9900538424813342,0.009946157518665805
Admission→Discharge,с учётом цензуры,11.09433223021071,0.9902756508529972,0.009724349147002867
Admission→Discharge,с учётом цензуры,11.133123601645012,0.9904928076643541,0.009507192335645844
Admission→Discharge,с учётом цензуры,11.171914973079316,0.990705402856317,0.009294597143682927
Admission→Discharge,с учётом цензуры,11.21070634451362,0.9909135248240536,0.009086475175946384
Admission→Discharge,с учётом цензуры,11.249497715947923,0.9911172604386529,0.008882739561347148
Admission→Discharge,с учётом цензуры,11.288289087382227,0.991316695068615,0.008683304931385067
Admission→Discharge,с учётом цензуры,11.327080458816528,0.9915119126011627,0.008488087398837363
Admission→Discharge,с учётом цензуры,11.365871830250832,0.9917029954633727,0.008297004536627286
Admission→Discharge,с учётом цензуры,11.404663201685135,0.9918900246431248,0.008109975356875217
Admission→Discharge,с учётом цензуры,11.443454573119439,0.9920730797098661,0.00792692029013389
Admission→Discharge,с учётом цензуры,11.482245944553743,0.9922522388351903,0.007747761164809661
Admission→Discharge,с учётом цензуры,11.521037315988044,0.9924275788132285,0.0075724211867715
Admission→Discharge,с учётом цензуры,11.559828687422348,0.992599175080851,0.007400824919148918
Admission→Discharge,с учётом цензуры,11.598620058856651,0.9927671017376795,0.007232898262320578
Admission→Examination,наивная MLE,0.0,0.0,1.0
Admission→Examination,наивная MLE,0.018232564044549225,0.006409066009238062,0.9935909339907619
Admission→Examination,наивная MLE,0.03646512808909845,0.014296359977722507,0.9857036400222775
Admission→Examination,наивная MLE,0.054697692133647675,0.022812695068357248,0.9771873049316427
Admission→Examination,наивная MLE,0.0729302561781969,0.03173387356460325,0.9682661264353968
Admission→Examination,наивная MLE,0.09116282022274613,0.04094363554949231,0.9590563644505077
Admission→Examination,наивная MLE,0.10939538426729535,0.05036887031916981,0.9496311296808302
Admission→Examination,наивная MLE,0.12762794831184457,0.05995862110863328,0.9400413788913667
Admission→Examination,наивная MLE,0.1458605123563938,0.06967500078484143,0.9303249992151585
Admission→Examination,наивная MLE,0.16409307640094303,0.07948856200850914,0.9205114379914908
Admission→Examination,наивная MLE,0.18232564044549227,0.08937566802389467,0.9106243319761054
Admission→Examination,наивная MLE,0.20055820449004147,0.09931687903346181,0.9006831209665381
Admission→Examination,наивная MLE,0.2187907685345907,0.10929590194172051,0.8907040980582794
Admission→Examination,наивная MLE,0.23702333257913993,0.11929887448465543,0.8807011255153446
Admission→Examination,наивная MLE,0.25525589662368914,0.12931385873515153,0.8706861412648484
Admission→Examination,наивная MLE,0.2734884606682384,0.13933047152980657,0.8606695284701934
Admission→Examination,наивная MLE,0.2917210247127876,0.14933960772135968,0.8506603922786403
Admission→Examination,наивная MLE,0.3099535887573368,0.1593332283057835,0.8406667716942164
Admission→Examination,наивная MLE,0.32818615280188607,0.16930419508563574,0.8306958049143642
Admission→Examination,наивная MLE,0.34641871684643527,0.1792461394766892,0.8207538605233108
Admission→Examination,наивная MLE,0.36465128089098453,0.18915335686473128,0.8108466431352687
Admission→Examination,наивная MLE,0.38288384493553373,0.19902072041837424,0.8009792795816257
Admission→Examination,наивная MLE,0.40111640898008294,0.2088436099489169,0.7911563900510831
Admission→Examination,наивная MLE,0.4193489730246322,0.21861785257030503,0.781382147429695
Admission→Examination,наивная MLE,0.4375815370691814,0.22833967272956687,0.7716603272704331
Admission→Examination,наивная MLE,0.4558141011137306,0.23800564976335076,0.7619943502366492
Admission→Examination,наивная MLE,0.47404666515827987,0.24761268156207364,0.7523873184379263
Admission→Examination,наивная MLE,0.49227922920282907,0.2571579532376787,0.7428420467623212
Admission→Examination,наивная MLE,0.5105117932473783,0.2666389099263626,0.7333610900736374
Admission→Examination,наивная MLE,0.5287443572919275,0.27605323303593865,0.7239467669640614
Admission→Examination,наивная MLE,0.5469769213364768,0.28539881938412626,0.7146011806158737
Admission→Examination,наивная MLE,0.565209485381026,0.2946737627798291,0.7053262372201708
Admission→Examination,наивная MLE,0.5834420494255752,0.3038763376821485,0.6961236623178515
Admission→Examination,наивная MLE,0.6016746134701244,0.31300498463709103,0.686995015362909
Admission→Examination,наивная MLE,0.6199071775146736,0.3220582972438007,0.6779417027561992
Admission→Examination,наивная MLE,0.6381397415592229,0.33103501044371403,0.6689649895562859
Admission→Examination,наивная MLE,0.6563723056037721,0.3399339899596069,0.6600660100403931
Admission→Examination,наивная MLE,0.6746048696483213,0.3487542227387859,0.651245777261214
Admission→Examination,наивная MLE,0.6928374336928705,0.3574948082770032,0.6425051917229968
Admission→Examination,наивная MLE,0.7110699977374197,0.3661549507180483,0.6338450492819517
Admission→Examination,наивная MLE,0.7293025617819691,0.3747339516391835,0.6252660483608165
Admission→Examination,наивная MLE,0.7475351258265183,0.38323120344525,0.61676879655475
Admission→Examination,наивная MLE,0.7657676898710675,0.39164618330486256,0.6083538166951376
Admission→Examination,наивная MLE,0.7840002539156167,0.3999784475710144,0.6000215524289856
Admission→Examination,наивная MLE,0.8022328179601659,0.40822762663593404,0.591772373364066
Admission→Examination,наивная MLE,0.8204653820047151,0.41639342017640746,0.5836065798235925
Admission→Examination,наивная MLE,0.8386979460492644,0.4244755927512198,0.5755244072487802
Admission→Examination,наивная MLE,0.8569305100938136,0.43247396971700347,0.5675260302829965
Admission→Examination,наивная MLE,0.8751630741383628,0.4403884334327769,0.5596115665672231
Admission→Examination,наивная MLE,0.893395638182912,0.44821891972688443,0.5517810802731156
Admission→Examination,наивная MLE,0.9116282022274612,0.4559654146030193,0.5440345853969807
Admission→Examination,наивная MLE,0.9298607662720105,0.4636279511645872,0.5363720488354128
Admission→Examination,наивная MLE,0.9480933303165597,0.47120660673890513,0.5287933932610949
Admission→Examination,наивная MLE,0.9663258943611089,0.47870150018468804,0.521298499815312
Admission→Examination,наивная MLE,0.9845584584056581,0.48611278936798474,0.5138872106320153
Admission→Examination,наивная MLE,1.0027910224502075,0.49344066879322646,0.5065593312067735
Admission→Examination,наивная MLE,1.0210235864947566,0.500685367377375,0.49931463262262493
Admission→Examination,наивная MLE,1.0392561505393059,0.5078471463563237,0.4921528536436764
Admission→Examination,наивная MLE,1.057488714583855,0.5149262973137302,0.4850737026862698
Admission→Examination,наивная MLE,1.0757212786284043,0.5219231403233897,0.4780768596766103
Admission→Examination,наивная MLE,1.0939538426729536,0.5288380221970503,0.47116197780294966
Admission→Examination,наивная MLE,1.1121864067175027,0.5356713148303163,0.4643286851696838
Admission→Examination,наивная MLE,1.130418970762052,0.54242341363992,0.45757658636008003
Admission→Examination,наивная MLE,1.148651534806601,0.5490947360862247,0.4509052639137753
Admission→Examination,наивная MLE,1.1668840988511504,0.5556857202753442,0.44431427972465576
Admission→Examination,наивная MLE,1.1851166628956997,0.5621968236357231,0.43780317636427685
Admission→Examination,наивная MLE,1.2033492269402488,0.5686285216644504,0.4313714783355496
Admission→Examination,наивная MLE,1.2215817909847981,0.5749813067389506,0.4250186932610494
Admission→Examination,наивная MLE,1.2398143550293472,0.5812556869900416,0.4187443130099584
Admission→Examination,наивная MLE,1.2580469190738965,0.5874521852326586,0.4125478147673414
Admission→Examination,наивная MLE,1.2762794831184459,0.5935713379508212,0.4064286620491789
Admission→Examination,наивная MLE,1.294512047162995,0.5996136943336783,0.4003863056663217
Admission→Examination,наивная MLE,1.3127446112075443,0.605579815359697,0.394420184640303
Admission→Examination,наивная MLE,1.3309771752520934,0.6114702729262695,0.3885297270737304
Admission→Examination,наивная MLE,1.3492097392966427,0.6172856490222098,0.38271435097779016
Admission→Examination,наивная MLE,1.367442303341192,0.6230265349407826,0.3769734650592173
Admission→Examination,наивная MLE,1.385674867385741,0.6286935305310741,0.37130646946892587
Admission→Examination,наивная MLE,1.4039074314302904,0.6342872434856545,0.36571275651434554
Admission→Examination,наивная MLE,1.4221399954748395,0.6398082886626235,0.36019171133737643
Admission→Examination,наивная MLE,1.4403725595193888,0.645257287440255,0.354742712559745
Admission→Examination,наивная MLE,1.4586051235639381,0.6506348671025621,0.3493651328974378
Admission→Examination,наивная MLE,1.4768376876084872,0.6559416602542247,0.3440583397457753
Admission→Examination,наивная MLE,1.4950702516530365,0.6611783042634046,0.3388216957365954
Admission→Examination,наивная MLE,1.5133028156975856,0.6663454407310719,0.33365455926892806
Admission→Examination,наивная MLE,1.531535379742135,0.6714437149855463,0.3285562850144537
Admission→Examination,наивная MLE,1.549767943786684,0.6764737756010338,0.32352622439896617
Admission→Examination,наивная MLE,1.5680005078312333,0.681436273939013,0.318563726060987
Admission→Examination,наивная MLE,1.5862330718757827,0.6863318637113867,0.3136681362886134
Admission→Examination,наивная MLE,1.6044656359203318,0.6911612005643815,0.3088387994356185
Admission→Examination,наивная MLE,1.622698199964881,0.6959249416822328,0.30407505831776716
Admission→Examination,наивная MLE,1.6409307640094302,0.7006237454097431,0.29937625459025685
Admission→Examination,наивная MLE,1.6591633280539795,0.7052582708928563,0.29474172910714364
Admission→Examination,наивная MLE,1.6773958920985288,0.709829177736434,0.29017082226356605
Admission→Examination,наивная MLE,1.695628456143078,0.7143371256784612,0.28566287432153875
Admission→Examination,наивная MLE,1.7138610201876272,0.7187827742799564,0.2812172257200436
Admission→Examination,наивная MLE,1.7320935842321763,0.723166782629887,0.276833217370113
Admission→Examination,наивная MLE,1.7503261482767256,0.7274898090644394,0.2725101909355606
Admission→Examination,наивная MLE,1.768558712321275,0.7317525109000161,0.26824748909998386
Admission→Examination,наивная MLE,1.786791276365824,0.7359555441793693,0.2640444558206307
Admission→Examination,наивная MLE,1.8050238404103733,0.740099563430306,0.25990043656969397
Admission→Examination,наивная MLE,1.8232564044549224,0.7441852214364302,0.2558147785635699
Admission→Examination,наивная MLE,1.8414889684994717,0.7482131690194104,0.2517868309805896
Admission→Examination,наивная MLE,1.859721532544021,0.7521840548322879,0.24781594516771208
Admission→Examination,наивная MLE,1.8779540965885702,0.7560985251633617,0.2439014748366383
Admission→Examination,наивная MLE,1.8961866606331195,0.7599572237502086,0.24004277624979148
Admission→Examination,наивная MLE,1.9144192246776686,0.7637607916034179,0.2362392083965821
Admission→Examination,наивная MLE,1.9326517887222179,0.7675098668396394,0.23249013316036063
Admission→Examination,наивная MLE,1.9508843527667672,0.7712050845235576,0.22879491547644237
Admission→Examination,наивная MLE,1.9691169168113163,0.7748470765184297,0.2251529234815704
Admission→Examination,наивная MLE,1.9873494808558656,0.7784364713448332,0.22156352865516682
Admission→Examination,наивная MLE,2.005582044900415,0.7819738940472913,0.21802610595270872
Admission→Examination,наивная MLE,2.023814608944964,0.7854599660684518,0.21454003393154822
Admission→Examination,наивная MLE,2.042047172989513,0.7888953051305161,0.21110469486948386
Admission→Examination,наивная MLE,2.0602797370340626,0.7922805251236228,0.20771947487637718
Admission→Examination,наивная MLE,2.0785123010786117,0.7956162360009038,0.2043837639990962
Admission→Examination,наивная MLE,2.096744865123161,0.7989030436799462,0.2010969563200537
Admission→Examination,наивная MLE,2.11497742916771,0.8021415499503995,0.19785845004960048
Admission→Examination,наивная MLE,2.1332099932122595,0.8053323523874795,0.1946676476125205
Admission→Examination,наивная MLE,2.1514425572568086,0.8084760442711343,0.19152395572886569
Admission→Examination,наивная MLE,2.1696751213013576,0.8115732145106432,0.18842678548935676
Admission→Examination,наивная MLE,2.187907685345907,0.8146244475744284,0.18537555242557158
Admission→Examination,наивная MLE,2.2061402493904563,0.8176303234248713,0.1823696765751287
Admission→Examination,наивная MLE,2.2243728134350054,0.8205914174579323,0.17940858254206776
Admission→Examination,наивная MLE,2.242605377479555,0.8235083004473781,0.1764916995526219
Admission→Examination,наивная MLE,2.260837941524104,0.8263815384934329,0.1736184615065671
Admission→Examination,наивная MLE,2.279070505568653,0.8292116929756737,0.1707883070243264
Admission→Examination,наивная MLE,2.297303069613202,0.8319993205099971,0.1680006794900028
Admission→Examination,наивная MLE,2.3155356336577517,0.8347449729094958,0.1652550270905042
Admission→Examination,наивная MLE,2.333768197702301,0.8374491971490795,0.16255080285092052
Admission→Examination,наивная MLE,2.35200076174685,0.8401125353336955,0.15988746466630452
Admission→Examination,наивная MLE,2.3702333257913994,0.8427355246699954,0.15726447533000465
Admission→Examination,наивная MLE,2.3884658898359485,0.8453186974413098,0.15468130255869017
Admission→Examination,наивная MLE,2.4066984538804976,0.8478625809857945,0.15213741901420547
Admission→Examination,наивная MLE,2.4249310179250467,0.850367697677616,0.14963230232238403
Admission→Examination,наивная MLE,2.4431635819695963,0.8528345649110513,0.14716543508894872
Admission→Examination,наивная MLE,2.4613961460141454,0.8552636950873809,0.14473630491261916
Admission→Examination,наивная MLE,2.4796287100586945,0.8576555956044563,0.14234440439554374
Admission→Examination,наивная MLE,2.497861274103244,0.8600107688488317,0.1399892311511683
Admission→Examination,наивная MLE,2.516093838147793,0.8623297121903489,0.13767028780965104
Admission→Examination,наивная MLE,2.534326402192342,0.8646129179790736,0.13538708202092636
Admission→Examination,наивная MLE,2.5525589662368917,0.8668608735444795,0.13313912645552053
Admission→Examination,наивная MLE,2.570791530281441,0.8690740611967857,0.13092593880321432
Admission→Examination,наивная MLE,2.58902409432599,0.8712529582303526,0.12874704176964735
Admission→Examination,наивная MLE,2.607256658370539,0.8733980369290465,0.1266019630709535
Admission→Examination,наивная MLE,2.6254892224150885,0.8755097645734852,0.12449023542651483
Admission→Examination,наивная MLE,2.6437217864596376,0.8775886034500824,0.1224113965499176
Admission→Examination,наивная MLE,2.6619543505041867,0.8796350108618095,0.12036498913819052
Admission→Examination,наивная MLE,2.6801869145487363,0.8816494391405962,0.11835056085940375
Admission→Examination,наивная MLE,2.6984194785932853,0.8836323356612963,0.11636766433870369
Admission→Examination,наивная MLE,2.7166520426378344,0.8855841428571448,0.11441585714285522
Admission→Examination,наивная MLE,2.734884606682384,0.8875052982366384,0.11249470176336165
Admission→Examination,наивная MLE,2.753117170726933,0.8893962344017701,0.11060376559822994
Admission→Examination,наивная MLE,2.771349734771482,0.8912573790675553,0.10874262093244468
Admission→Examination,наивная MLE,2.7895822988160313,0.8930891550827849,0.10691084491721511
Admission→Examination,наивная MLE,2.807814862860581,0.8948919804519458,0.10510801954805415
Admission→Examination,наивная MLE,2.82604742690513,0.8966662683582515,0.10333373164174849
Admission→Examination,наивная MLE,2.844279990949679,0.8984124271877256,0.10158757281227435
Admission→Examination,наивная MLE,2.8625125549942285,0.9001308605542848,0.09986913944571524
Admission→Examination,наивная MLE,2.8807451190387776,0.9018219673257685,0.09817803267423154
Admission→Examination,наивная MLE,2.8989776830833267,0.9034861416508665,0.09651385834913354
Admission→Examination,наивная MLE,2.9172102471278762,0.9051237729868942,0.09487622701310586
Admission→Examination,наивная MLE,2.9354428111724253,0.9067352461283696,0.09326475387163032
Admission→Examination,наивная MLE,2.9536753752169744,0.9083209412363483,0.09167905876365164
Admission→Examination,наивная MLE,2.9719079392615235,0.9098812338684699,0.0901187661315301
Admission→Examination,наивная MLE,2.990140503306073,0.9114164950096774,0.08858350499032268
Admission→Examination,наивная MLE,3.008373067350622,0.912927091103567,0.08707290889643308
Admission→Examination,наивная MLE,3.0266056313951712,0.9144133840843307,0.08558661591566924
Admission→Examination,наивная MLE,3.044838195439721,0.9158757314092538,0.0841242685907462
Admission→Examination,наивная MLE,3.06307075948427,0.9173144860917295,0.08268551390827046
Admission→Examination,наивная MLE,3.081303323528819,0.91872999673476,0.08127000326524003
Admission→Examination,наивная MLE,3.099535887573368,0.9201226075649055,0.07987739243509455
Admission→Examination,наивная MLE,3.1177684516179176,0.9214926584666533,0.07850734153334675
Admission→Examination,наивная MLE,3.1360010156624667,0.9228404850171721,0.07715951498282789
Admission→Examination,наивная MLE,3.154233579707016,0.9241664185214251,0.07583358147857494
Admission→Examination,наивная MLE,3.1724661437515653,0.9254707860476092,0.07452921395239073
Admission→Examination,наивная MLE,3.1906987077961144,0.926753910462897,0.07324608953710304
Admission→Examination,наивная MLE,3.2089312718406635,0.9280161104694498,0.07198388953055025
Admission→Examination,наивная MLE,3.227163835885213,0.9292577006406809,0.07074229935931908
Admission→Examination,наивная MLE,3.245396399929762,0.9304789914577407,0.06952100854225932
Admission→Examination,наивная MLE,3.2636289639743112,0.9316802893462011,0.06831971065379892
Admission→Examination,наивная MLE,3.2818615280188603,0.9328618967129169,0.06713810328708314
Admission→Examination,наивная MLE,3.30009409206341,0.9340241119830411,0.06597588801695888
Admission→Examination,наивная MLE,3.318326656107959,0.9351672296371735,0.06483277036282656
Admission→Examination,наивная MLE,3.336559220152508,0.9362915402486218,0.06370845975137823
Admission→Examination,наивная MLE,3.3547917841970576,0.9373973305207564,0.06260266947924369
Admission→Examination,наивная MLE,3.3730243482416067,0.9384848833244386,0.061515116675561386
Admission→Examination,наивная MLE,3.391256912286156,0.9395544777355067,0.06044552226449334
Admission→Examination,наивная MLE,3.4094894763307053,0.9406063890722987,0.059393610927701346
Admission→Examination,наивная MLE,3.4277220403752544,0.9416408889331995,0.05835911106680048
Admission→Examination,наивная MLE,3.4459546044198035,0.9426582452341932,0.05734175476580687
Admission→Examination,наивная MLE,3.4641871684643526,0.9436587222464059,0.05634127775359409
Admission→Examination,наивная MLE,3.482419732508902,0.9446425806336263,0.05535741936637372
Admission→Examination,наивная MLE,3.5006522965534512,0.9456100774897864,0.054389922510213615
Admission→Examination,наивная MLE,3.5188848605980003,0.9465614663763926,0.05343853362360745
Admission→Examination,наивная MLE,3.53711742464255,0.9474969973598909,0.05250300264010911
Admission→Examination,наивная MLE,3.555349988687099,0.9484169170489567,0.05158308295104334
Admission→Examination,наивная MLE,3.573582552731648,0.9493214686316946,0.050678531368305316
Admission→Examination,наивная MLE,3.591815116776197,0.9502108919127399,0.049789108087260094
Admission→Examination,наивная MLE,3.6100476808207467,0.9510854233502471,0.04891457664975281
Admission→Examination,наивная MLE,3.6282802448652958,0.9519452960927595,0.0480547039072405
Admission→Examination,наивная MLE,3.646512808909845,0.9527907400159458,0.047209259984054244
Admission→Examination,наивная MLE,3.6647453729543944,0.9536219817591973,0.046378018240802676
Admission→Examination,наивная MLE,3.6829779369989435,0.9544392447620754,0.045560755237924556
Admission→Examination,наивная MLE,3.7012105010434926,0.9552427493006004,0.04475725069939964
Admission→Examination,наивная MLE,3.719443065088042,0.956032712523374,0.04396728747662603
Admission→Examination,наивная MLE,3.737675629132591,0.9568093484875286,0.0431906515124714
Admission→Examination,наивная MLE,3.7559081931771403,0.9575728681944939,0.04242713180550603
Admission→Examination,наивная MLE,3.7741407572216894,0.9583234796255756,0.04167652037442439
Admission→Examination,наивная MLE,3.792373321266239,0.9590613877773383,0.040938612222661715
Admission→Examination,наивная MLE,3.810605885310788,0.9597867946967872,0.04021320530321285
Admission→Examination,наивная MLE,3.828838449355337,0.9604998995163421,0.03950010048365788
Admission→Examination,наивная MLE,3.8470710133998867,0.9612008984885981,0.038799101511401896
Admission→Examination,наивная MLE,3.8653035774444358,0.9618899850208671,0.03811001497913287
Admission→Examination,наивная MLE,3.883536141488985,0.9625673497094963,0.03743265029050366
Admission→Examination,наивная MLE,3.9017687055335344,0.9632331803739576,0.03676681962604244
Admission→Examination,наивная MLE,3.9200012695780835,0.9638876620907039,0.03611233790929617
Admission→Examination,наивная MLE,3.9382338336226326,0.9645309772267886,0.03546902277321143
Admission→Examination,наивная MLE,3.9564663976671817,0.9651633054732434,0.03483669452675659
Admission→Examination,наивная MLE,3.974698961711731,0.9657848238782112,0.0342151761217888
Admission→Examination,наивная MLE,3.9929315257562803,0.9663957068798302,0.03360429312016973
Admission→Examination,наивная MLE,4.01116408980083,0.9669961263388673,0.03300387366113265
Admission→Examination,наивная MLE,4.029396653845379,0.9675862515710952,0.03241374842890473
Admission→Examination,наивная MLE,4.047629217889928,0.9681662493794136,0.031833750620586354
Admission→Examination,наивная MLE,4.065861781934477,0.968736284085709,0.031263715914290995
Admission→Examination,наивная MLE,4.084094345979026,0.9692965175624527,0.030703482437547287
Admission→Examination,наивная MLE,4.102326910023575,0.9698471092640342,0.03015289073596586
Admission→Examination,наивная MLE,4.120559474068125,0.970388216257827,0.029611783742172937
Admission→Examination,наивная MLE,4.138792038112674,0.9709199932549877,0.029080006745012328
Admission→Examination,наивная MLE,4.1570246021572235,0.9714425926409825,0.02855740735901743
Admission→Examination,наивная MLE,4.175257166201773,0.971956164505845,0.028043835494155032
Admission→Examination,наивная MLE,4.193489730246322,0.9724608566741583,0.027539143325841762
Admission→Examination,наивная MLE,4.211722294290871,0.9729568147347653,0.02704318526523477
Admission→Examination,наивная MLE,4.22995485833542,0.9734441820702028,0.026555817929797228
Admission→Examination,наивная MLE,4.24818742237997,0.9739230998858602,0.026076900114139722
Admission→Examination,наивная MLE,4.266419986424519,0.9743937072388617,0.025606292761138322
Admission→Examination,наивная MLE,4.284652550469068,0.9748561410666704,0.025143858933329554
Admission→Examination,наивная MLE,4.302885114513617,0.975310536215417,0.024689463784583077
Admission→Examination,наивная MLE,4.321117678558166,0.9757570254679478,0.02424297453205211
Admission→Examination,наивная MLE,4.339350242602715,0.976195739571598,0.02380426042840202
Admission→Examination,наивная MLE,4.357582806647264,0.9766268072656831,0.02337319273431695
Admission→Examination,наивная MLE,4.375815370691814,0.9770503553087155,0.022949644691284455
Admission→Examination,наивная MLE,4.3940479347363635,0.9774665085053417,0.022533491494658345
Admission→Examination,наивная MLE,4.4122804987809126,0.9778753897330011,0.022124610266998804
Admission→Examination,наивная MLE,4.430513062825462,0.9782771199683098,0.021722880031690227
Admission→Examination,наивная MLE,4.448745626870011,0.9786718183131643,0.021328181686835715
Admission→Examination,наивная MLE,4.46697819091456,0.979059602020572,0.02094039797942802
Admission→Examination,наивная MLE,4.48521075495911,0.9794405865202037,0.02055941347979625
Admission→Examination,наивная MLE,4.503443319003659,0.9798148854436723,0.020185114556327603
Admission→Examination,наивная MLE,4.521675883048208,0.9801826106495367,0.019817389350463274
Admission→Examination,наивная MLE,4.539908447092757,0.9805438722480322,0.019456127751967863
Admission→Examination,наивная MLE,4.558141011137306,0.9808987786255288,0.01910122137447123
Admission→Examination,наивная MLE,4.576373575181855,0.9812474364687183,0.01875256353128179
Admission→Examination,наивная MLE,4.594606139226404,0.9815899507885298,0.01841004921147017
Admission→Examination,наивная MLE,4.612838703270954,0.9819264249437778,0.018073575056222226
Admission→Examination,наивная MLE,4.6310712673155034,0.9822569606645399,0.017743039335460047
Admission→Examination,наивная MLE,4.6493038313600525,0.9825816580752702,0.01741834192472978
Admission→Examination,наивная MLE,4.667536395404602,0.982900615717645,0.017099384282355003
Admission→Examination,наивная MLE,4.685768959449151,0.9832139305731458,0.01678606942685421
Admission→Examination,наивная MLE,4.7040015234937,0.9835216980853789,0.01647830191462106
Admission→Examination,наивная MLE,4.722234087538249,0.983824012182134,0.016175987817865996
Admission→Examination,наивная MLE,4.740466651582799,0.9841209652971826,0.015879034702817398
Admission→Examination,наивная MLE,4.758699215627348,0.9844126483918186,0.015587351608181334
Admission→Examination,наивная MLE,4.776931779671897,0.9846991509761424,0.01530084902385763
Admission→Examination,наивная MLE,4.795164343716446,0.9849805611300888,0.015019438869911172
Admission→Examination,наивная MLE,4.813396907760995,0.9852569655242035,0.01474303447579655
Admission→Examination,наивная MLE,4.831629471805544,0.9855284494401657,0.014471550559834321
Admission→Examination,наивная MLE,4.8498620358500935,0.9857950967910627,0.014204903208937292
Admission→Examination,наивная MLE,4.868094599894643,0.986056990141415,0.013943009858584994
Admission→Examination,наивная MLE,4.8863271639391925,0.9863142107269555,0.01368578927304453
Admission→Examination,наивная MLE,4.904559727983742,0.9865668384741639,0.013433161525836035
Admission→Examination,наивная MLE,4.922792292028291,0.986814952019559,0.013185047980440952
Admission→Examination,наивная MLE,4.94102485607284,0.9870586287287488,0.012941371271251213
Admission→Examination,наивная MLE,4.959257420117389,0.9872979447152427,0.012702055284757369
Admission→Examination,наивная MLE,4.977489984161939,0.987532974859026,0.012467025140973932
Admission→Examination,наивная MLE,4.995722548206488,0.9877637928249,0.012236207175099942
Admission→Examination,наивная MLE,5.013955112251037,0.9879904710805872,0.012009528919412732
Admission→Examination,наивная MLE,5.032187676295586,0.988213080914607,0.011786919085393002
Admission→Examination,наивная MLE,5.050420240340135,0.9884316924539206,0.011568307546079414
Admission→Examination,наивная MLE,5.068652804384684,0.9886463746813496,0.011353625318650409
Admission→Examination,наивная MLE,5.0868853684292334,0.9888571954527686,0.011142804547231412
Admission→Examination,наивная MLE,5.105117932473783,0.9890642215140745,0.010935778485925514
Admission→Examination,наивная MLE,5.1233504965183325,0.9892675185179345,0.010732481482065494
Admission→Examination,наивная MLE,5.141583060562882,0.9894671510403148,0.01053284895968517
Admission→Examination,наивная MLE,5.159815624607431,0.9896631825967919,0.010336817403208104
Admission→Examination,наивная MLE,5.17804818865198,0.9898556756586484,0.010144324341351586
Admission→Examination,наивная MLE,5.196280752696529,0.9900446916687561,0.009955308331243954
Admission→Examination,наивная MLE,5.214513316741078,0.990230291057247,0.00976970894275302
Admission→Examination,наивная MLE,5.232745880785628,0.9904125332569762,0.009587466743023767
Admission→Examination,наивная MLE,5.250978444830177,0.9905914767187768,0.009408523281223172
Admission→Examination,наивная MLE,5.269211008874726,0.99076717892651,0.009232821073490011
Admission→Examination,наивная MLE,5.287443572919275,0.9909396964119122,0.00906030358808786
Admission→Examination,наивная MLE,5.305676136963824,0.9911090847692411,0.008890915230758946
Admission→Examination,наивная MLE,5.323908701008373,0.991275398669723,0.008724601330277007
Admission→Examination,наивная MLE,5.3421412650529225,0.991438691875803,0.008561308124197028
Admission→Examination,наивная MLE,5.3603738290974725,0.9915990172552002,0.008400982744799853
Admission→Examination,наивная MLE,5.378606393142022,0.9917564267947704,0.008243573205229601
Admission→Examination,наивная MLE,5.396838957186571,0.9919109716141782,0.008089028385821808
Admission→Examination,наивная MLE,5.41507152123112,0.9920627019793796,0.007937298020620405
Admission→Examination,наивная MLE,5.433304085275669,0.9922116673159186,0.0077883326840813725
Admission→Examination,наивная MLE,5.451536649320218,0.992357916222039,0.007642083777961073
Admission→Examination,с учётом цензуры,0.0,0.0,1.0
Admission→Examination,с учётом цензуры,0.018232564044549225,0.006408602182552523,0.9935913978174474
Admission→Examination,с учётом цензуры,0.03646512808909845,0.014295488654896184,0.9857045113451038
Admission→Examination,с учётом цензуры,0.054697692133647675,0.022811458683544464,0.9771885413164555
Admission→Examination,с учётом цензуры,0.0729302561781969,0.03173230693073999,0.96826769306926
Admission→Examination,с учётом цензуры,0.09116282022274613,0.04094176870852907,0.9590582312914709
Admission→Examination,с учётом цензуры,0.10939538426729535,0.050366729919015814,0.9496332700809842
Admission→Examination,с учётом цензуры,0.12762794831184457,0.05995623119452991,0.9400437688054701
Admission→Examination,с учётом цензуры,0.1458605123563938,0.0696723833053726,0.9303276166946274
Admission→Examination,с учётом цензуры,0.16409307640094303,0.07948573716361741,0.9205142628363826
Admission→Examination,с учётом цензуры,0.18232564044549227,0.08937265451735771,0.9106273454826423
Admission→Examination,с учётом цензуры,0.20055820449004147,0.09931369426371574,0.9006863057362843
Admission→Examination,с учётом цензуры,0.2187907685345907,0.10929256215085109,0.8907074378491489
Admission→Examination,с учётом цензуры,0.23702333257913993,0.11929539487784972,0.8807046051221503
Admission→Examination,с учётом цензуры,0.25525589662368914,0.12931025357859585,0.8706897464214042
Admission→Examination,с учётом цензуры,0.2734884606682384,0.13932675423242272,0.8606732457675773
Admission→Examination,с учётом цензуры,0.2917210247127876,0.14933579090413776,0.8506642090958622
Admission→Examination,с учётом цензуры,0.3099535887573368,0.1593293238614036,0.8406706761385964
Admission→Examination,с учётом цензуры,0.32818615280188607,0.16930021423035185,0.8306997857696481
Admission→Examination,с учётом цензуры,0.34641871684643527,0.1792420927959533,0.8207579072040467
Admission→Examination,с учётом цензуры,0.36465128089098453,0.18914925435368207,0.810850745646318
Admission→Examination,с учётом цензуры,0.38288384493553373,0.19901657151806249,0.8009834284819375
Admission→Examination,с учётом цензуры,0.40111640898008294,0.2088394235789507,0.7911605764210493
Admission→Examination,с учётом цензуры,0.4193489730246322,0.218613637158459,0.7813863628415411
Admission→Examination,с учётом цензуры,0.4375815370691814,0.22833543623879304,0.771664563761207
Admission→Examination,с учётом цензуры,0.4558141011137306,0.2380013997165467,0.7619986002834532
Admission→Examination,с учётом цензуры,0.47404666515827987,0.24760842506489986,0.7523915749351001
Admission→Examination,с учётом цензуры,0.49227922920282907,0.25715369699966717,0.7428463030003328
Admission→Examination,с учётом цензуры,0.5105117932473783,0.26663466028051813,0.7333653397194819
Admission→Examination,с учётом цензуры,0.5287443572919275,0.2760489959570034,0.7239510040429966
Admission→Examination,с учётом цензуры,0.5469769213364768,0.28539460050565124,0.7146053994943488
Admission→Examination,с учётом цензуры,0.565209485381026,0.294669567410175,0.705330432589825
Admission→Examination,с учётом цензуры,0.5834420494255752,0.30387217081952167,0.6961278291804783
Admission→Examination,с учётом цензуры,0.6016746134701244,0.31300085098370606,0.6869991490162939
Admission→Examination,с учётом цензуры,0.6199071775146736,0.3220542012192472,0.6779457987807528
Admission→Examination,с учётом цензуры,0.6381397415592229,0.33103095619759754,0.6689690438024025
Admission→Examination,с учётом цензуры,0.6563723056037721,0.33992998138352454,0.6600700186164755
Admission→Examination,с учётом цензуры,0.6746048696483213,0.348750263477689,0.651249736522311
Admission→Examination,с учётом цензуры,0.6928374336928705,0.3574909017399949,0.6425090982600051
Admission→Examination,с учётом цензуры,0.7110699977374197,0.3661511000886572,0.6338488999113429
Admission→Examination,с учётом цензуры,0.7293025617819691,0.37473015988515146,0.6252698401148485
Admission→Examination,с учётом цензуры,0.7475351258265183,0.383227473327867,0.616772526672133
Admission→Examination,с учётом цензуры,0.7657676898710675,0.3916425173878781,0.608357482612122
Admission→Examination,с учётом цензуры,0.7840002539156167,0.3999748482291543,0.6000251517708457
Admission→Examination,с учётом цензуры,0.8022328179601659,0.4082240960630451,0.5917759039369549
Admission→Examination,с учётом цензуры,0.8204653820047151,0.41638996039325393,0.5836100396067461
Admission→Examination,с учётом цензуры,0.8386979460492644,0.4244722056129503,0.5755277943870497
Admission→Examination,с учётом цензуры,0.8569305100938136,0.4324706569203085,0.5675293430796915
Admission→Examination,с учётом цензуры,0.8751630741383628,0.44038519652275343,0.5596148034772466
Admission→Examination,с учётом цензуры,0.893395638182912,0.4482157601036214,0.5517842398963786
Admission→Examination,с учётом цензуры,0.9116282022274612,0.4559623335279216,0.5440376664720784
Admission→Examination,с учётом цензуры,0.9298607662720105,0.4636249497664484,0.5363750502335516
Admission→Examination,с учётом цензуры,0.9480933303165597,0.4712036860197435,0.5287963139802565
Admission→Examination,с учётом цензуры,0.9663258943611089,0.4786986610253553,0.5213013389746447
Admission→Examination,с учётом цензуры,0.9845584584056581,0.48611003253355944,0.5138899674664406
Admission→Examination,с учётом цензуры,1.0027910224502075,0.4934379949382015,0.5065620050617985
Admission→Examination,с учётом цензуры,1.0210235864947566,0.5006827770506486,0.49931722294935144
Admission→Examination,с учётом цензуры,1.0392561505393059,0.507844640006001,0.49215535999399895
Admission→Examination,с учётом цензуры,1.057488714583855,0.5149238752917475,0.4850761247082525
Admission→Examination,с учётом цензуры,1.0757212786284043,0.5219208028899629,0.4780791971100371
Admission→Examination,с учётом цензуры,1.0939538426729536,0.5288357695249604,0.4711642304750396
Admission→Examination,с учётом цензуры,1.1121864067175027,0.5356691470090356,0.4643308529909645
Admission→Examination,с учётом цензуры,1.130418970762052,0.5424213306795853,0.45757866932041463
Admission→Examination,с учётом цензуры,1.148651534806601,0.5490927379214658,0.4509072620785341
Admission→Examination,с учётом цензуры,1.1668840988511504,0.5556838067689701,0.4443161932310299
Admission→Examination,с учётом цензуры,1.1851166628956997,0.5621949945822737,0.4378050054177263
Admission→Examination,с учётом цензуры,1.2033492269402488,0.568626776793618,0.43137322320638205
Admission→Examination,с учётом цензуры,1.2215817909847981,0.5749796457188763,0.4250203542811237
Admission→Examination,с учётом цензуры,1.2398143550293472,0.5812541094304908,0.4187458905695092
Admission→Examination,с учётом цензуры,1.2580469190738965,0.5874506906880799,0.4125493093119202
Admission→Examination,с учётом цензуры,1.2762794831184459,0.5935699259232932,0.4064300740767069
Admission→Examination,с учётом цензуры,1.294512047162995,0.5996123642757492,0.4003876357242508
Admission→Examination,с учётом цензуры,1.3127446112075443,0.6055785666771187,0.39442143332288127
Admission→Examination,с учётом цензуры,1.3309771752520934,0.6114691049806316,0.3885308950193684
Admission→Examination,с учётом цензуры,1.3492097392966427,0.6172845611334763,0.38271543886652365
Admission→Examination,с учётом цензуры,1.367442303341192,0.6230255263897351,0.37697447361026487
Admission→Examination,с учётом цензуры,1.385674867385741,0.6286926005616638,0.37130739943833624
Admission→Examination,с учётом цензуры,1.4039074314302904,0.6342863913072669,0.36571360869273306
Admission→Examination,с учётом цензуры,1.4221399954748395,0.6398075134522596,0.3601924865477404
Admission→Examination,с учётом цензуры,1.4403725595193888,0.6452565883446286,0.35474341165537143
Admission→Examination,с учётом цензуры,1.4586051235639381,0.6506342432401201,0.3493657567598799
Admission→Examination,с учётом цензуры,1.4768376876084872,0.6559411107170897,0.3440588892829103
Admission→Examination,с учётом цензуры,1.4950702516530365,0.6611778281192449,0.3388221718807551
Admission→Examination,с учётом цензуры,1.5133028156975856,0.6663450370248989,0.33365496297510117
Admission→Examination,с учётом цензуры,1.531535379742135,0.6714433827414436,0.32855661725855645
Admission→Examination,с учётом цензуры,1.549767943786684,0.6764735138238196,0.32352648617618046
Admission→Examination,с учётом цензуры,1.5680005078312333,0.6814360816158371,0.31856391838416287
Admission→Examination,с учётом цензуры,1.5862330718757827,0.686331739813266,0.31366826018673394
Admission→Examination,с учётом цензуры,1.6044656359203318,0.6911611440476748,0.3088388559523252
Admission→Examination,с учётом цензуры,1.622698199964881,0.6959249514900566,0.3040750485099434
Admission→Examination,с учётом цензуры,1.6409307640094302,0.700623820473331,0.29937617952666895
Admission→Examination,с учётом цензуры,1.6591633280539795,0.7052584101328647,0.2947415898671353
Admission→Examination,с учётом цензуры,1.6773958920985288,0.709829380064193,0.290170619935807
Admission→Examination,с учётом цензуры,1.695628456143078,0.7143373899971763,0.28566261000282367
Admission→Examination,с учётом цензуры,1.7138610201876272,0.7187830994858588,0.2812169005141412
Admission→Examination,с учётом цензуры,1.7320935842321763,0.7231671676133373,0.2768328323866627
Admission→Examination,с учётом цензуры,1.7503261482767256,0.7274902527109841,0.27250974728901595
Admission→Examination,с учётом цензуры,1.768558712321275,0.7317530120913995,0.2682469879086005
Admission→Examination,с учётом цензуры,1.786791276365824,0.7359561017945018,0.26404389820549823
Admission→Examination,с учётом цензуры,1.8050238404103733,0.7401001763461911,0.2598998236538089
Admission→Examination,с учётом цензуры,1.8232564044549224,0.7441858885290495,0.25581411147095046
Admission→Examination,с учётом цензуры,1.8414889684994717,0.7482138891645709,0.25178611083542907
Admission→Examination,с учётом цензуры,1.859721532544021,0.7521848269064298,0.24781517309357012
Admission→Examination,с учётом цензуры,1.8779540965885702,0.7560993480443301,0.24390065195566987
Admission→Examination,с учётом цензуры,1.8961866606331195,0.7599580963179899,0.24004190368201006
Admission→Examination,с учётом цензуры,1.9144192246776686,0.7637617127408416,0.23623828725915838
Admission→Examination,с учётом цензуры,1.9326517887222179,0.7675108354330461,0.23248916456695393
Admission→Examination,с учётом цензуры,1.9508843527667672,0.7712060994634355,0.22879390053656445
Admission→Examination,с учётом цензуры,1.9691169168113163,0.77484813670002,0.22515186329998002
Admission→Examination,с учётом цензуры,1.9873494808558656,0.7784375756687052,0.2215624243312948
Admission→Examination,с учётом цензуры,2.005582044900415,0.7819750414198884,0.2180249585801116
Admission→Examination,с учётом цензуры,2.023814608944964,0.78546115540261,0.21453884459739006
Admission→Examination,с учётом цензуры,2.042047172989513,0.7888965353459544,0.21110346465404561
Admission→Examination,с учётом цензуры,2.0602797370340626,0.7922817951474085,0.20771820485259154
Admission→Examination,с учётом цензуры,2.0785123010786117,0.7956175447678917,0.20438245523210827
Admission→Examination,с учётом цензуры,2.096744865123161,0.7989043901331944,0.20109560986680564
Admission→Examination,с учётом цензуры,2.11497742916771,0.8021429330415597,0.19785706695844035
Admission→Examination,с учётом цензуры,2.1332099932122595,0.8053337710771667,0.19466622892283322
Admission→Examination,с учётом цензуры,2.1514425572568086,0.8084774975292737,0.1915225024707263
Admission→Examination,с учётом цензуры,2.1696751213013576,0.8115747013167949,0.18842529868320507
Admission→Examination,с учётом цензуры,2.187907685345907,0.8146259669180933,0.1853740330819067
Admission→Examination,с учётом цензуры,2.2061402493904563,0.8176318743057761,0.18236812569422392
Admission→Examination,с учётом цензуры,2.2243728134350054,0.820592998886296,0.17940700111370403
Admission→Examination,с учётом цензуры,2.242605377479555,0.82350991144416,0.17649008855584009
Admission→Examination,с учётом цензуры,2.260837941524104,0.8263831780905626,0.17361682190943734
Admission→Examination,с учётом цензуры,2.279070505568653,0.829213360216265,0.170786639783735
Admission→Examination,с учётом цензуры,2.297303069613202,0.8320010144485446,0.16799898555145545
Admission→Examination,с учётом цензуры,2.3155356336577517,0.8347466926120553,0.16525330738794475
Admission→Examination,с учётом цензуры,2.333768197702301,0.8374509416934346,0.16254905830656535
Admission→Examination,с учётом цензуры,2.35200076174685,0.8401143038095087,0.15988569619049134
Admission→Examination,с учётом цензуры,2.3702333257913994,0.8427373161789448,0.15726268382105524
Admission→Examination,с учётом цензуры,2.3884658898359485,0.8453205110972126,0.15467948890278732
Admission→Examination,с учётом цензуры,2.4066984538804976,0.8478644159147177,0.15213558408528227
Admission→Examination,с учётом цензуры,2.4249310179250467,0.8503695530179739,0.14963044698202607
Admission→Examination,с учётом цензуры,2.4431635819695963,0.8528364398136918,0.1471635601863082
Admission→Examination,с учётом цензуры,2.4613961460141454,0.8552655887156592,0.1447344112843408
Admission→Examination,с учётом цензуры,2.4796287100586945,0.8576575071342984,0.1423424928657015
Admission→Examination,с учётом цензуры,2.497861274103244,0.8600126974687868,0.13998730253121314
Admission→Examination,с учётом цензуры,2.516093838147793,0.8623316571016315,0.13766834289836846
Admission→Examination,с учётом цензуры,2.534326402192342,0.8646148783955957,0.1353851216044043
Admission→Examination,с учётом цензуры,2.5525589662368917,0.8668628486928739,0.1331371513071261
Admission→Examination,с учётом цензуры,2.570791530281441,0.8690760503164199,0.13092394968358015
Admission→Examination,с учётом цензуры,2.58902409432599,0.871254960573334,0.12874503942666604
Admission→Examination,с учётом цензуры,2.607256658370539,0.8734000517602192,0.12659994823978077
Admission→Examination,с учётом цензуры,2.6254892224150885,0.8755117911704197,0.12448820882958032
Admission→Examination,с учётом цензуры,2.6437217864596376,0.8775906411030567,0.1224093588969433
Admission→Examination,с учётом цензуры,2.6619543505041867,0.8796370588737837,0.12036294112621629
Admission→Examination,с учётом цензуры,2.6801869145487363,0.88165149682718,0.11834850317281997
Admission→Examination,с учётом цензуры,2.6984194785932853,0.8836344023507094,0.1163655976492906
Admission→Examination,с учётом цензуры,2.7166520426378344,0.885586217890172,0.11441378210982799
Admission→Examination,с учётом цензуры,2.734884606682384,0.8875073809665781,0.11249261903342193
Admission→Examination,с учётом цензуры,2.753117170726933,0.8893983241943771,0.1106016758056229
Admission→Examination,с учётом цензуры,2.771349734771482,0.8912594753009786,0.10874052469902139
Admission→Examination,с учётом цензуры,2.7895822988160313,0.8930912571474996,0.10690874285250035
Admission→Examination,с учётом цензуры,2.807814862860581,0.8948940877506811,0.10510591224931888
Admission→Examination,с учётом цензуры,2.82604742690513,0.8966683803059133,0.10333161969408665
Admission→Examination,с учётом цензуры,2.844279990949679,0.898414543211315,0.101585456788685
Admission→Examination,с учётом цензуры,2.8625125549942285,0.9001329800928124,0.0998670199071876
Admission→Examination,с учётом цензуры,2.8807451190387776,0.9018240898301649,0.09817591016983508
Admission→Examination,с учётом цензуры,2.8989776830833267,0.903488266583889,0.09651173341611094
Admission→Examination,с учётом цензуры,2.9172102471278762,0.9051258998230299,0.09487410017697007
Admission→Examination,с учётом цензуры,2.9354428111724253,0.9067373743537357,0.09326262564626434
Admission→Examination,с учётом цензуры,2.9536753752169744,0.9083230703485881,0.0916769296514119
Admission→Examination,с учётом цензуры,2.9719079392615235,0.9098833633766474,0.09011663662335258
Admission→Examination,с учётом цензуры,2.990140503306073,0.9114186244341685,0.08858137556583141
Admission→Examination,с учётом цензуры,3.008373067350622,0.9129292199759483,0.08707078002405166
Admission→Examination,с учётом цензуры,3.0266056313951712,0.9144155119472657,0.08558448805273433
Admission→Examination,с учётом цензуры,3.044838195439721,0.9158778578163765,0.08412214218362349
Admission→Examination,с учётом цензуры,3.06307075948427,0.9173166106075276,0.08268338939247243
Admission→Examination,с учётом цензуры,3.081303323528819,0.9187321189344542,0.08126788106554582
Admission→Examination,с учётом цензуры,3.099535887573368,0.9201247270343288,0.07987527296567118
Admission→Examination,с учётом цензуры,3.1177684516179176,0.9214947748021275,0.07850522519787252
Admission→Examination,с учётом цензуры,3.1360010156624667,0.9228425978253835,0.07715740217461652
Admission→Examination,с учётом цензуры,3.154233579707016,0.9241685274192983,0.07583147258070165
Admission→Examination,с учётом цензуры,3.1724661437515653,0.925472890662181,0.07452710933781899
Admission→Examination,с учётом цензуры,3.1906987077961144,0.9267560104311873,0.07324398956881273
Admission→Examination,с учётом цензуры,3.2089312718406635,0.9280182054383335,0.07198179456166655
Admission→Examination,с учётом цензуры,3.227163835885213,0.9292597902667576,0.07074020973324231
Admission→Examination,с учётом цензуры,3.245396399929762,0.9304810754072046,0.06951892459279535
Admission→Examination,с учётом цензуры,3.2636289639743112,0.9316823672947097,0.06831763270529033
Admission→Examination,с учётом цензуры,3.2818615280188603,0.9328639683454591,0.0671360316545408
Admission→Examination,с учётом цензуры,3.30009409206341,0.9340261769938061,0.06597382300619392
Admission→Examination,с учётом цензуры,3.318326656107959,0.9351692877294173,0.06483071227058265
Admission→Examination,с учётом цензуры,3.336559220152508,0.9362935911345357,0.06370640886546426
Admission→Examination,с учётом цензуры,3.3547917841970576,0.9373993739213338,0.0626006260786662
Admission→Examination,с учётом цензуры,3.3730243482416067,0.9384869189693426,0.06151308103065744
Admission→Examination,с учётом цензуры,3.391256912286156,0.9395565053629369,0.06044349463706315
Admission→Examination,с учётом цензуры,3.4094894763307053,0.9406084084288593,0.05939159157114076
Admission→Examination,с учётом цензуры,3.4277220403752544,0.9416428997737665,0.058357100226233534
Admission→Examination,с учётом цензуры,3.4459546044198035,0.9426602473217823,0.05733975267821771
Admission→Examination,с учётом цензуры,3.4641871684643526,0.943660715352041,0.056339284647959044
Admission→Examination,с учётом цензуры,3.482419732508902,0.9446445645362074,0.05535543546379258
Admission→Examination,с учётом цензуры,3.5006522965534512,0.9456120519759594,0.05438794802404057
Admission→Examination,с учётом цензуры,3.5188848605980003,0.9465634312404182,0.05343656875958185
Admission→Examination,с учётом цензуры,3.53711742464255,0.9474989524035149,0.05250104759648509
Admission→Examination,с учётом цензуры,3.555349988687099,0.9484188620812806,0.051581137918719475
Admission→Examination,с учётом цензуры,3.573582552731648,0.949323403469047,0.050676596530953064
Admission→Examination,с учётом цензуры,3.591815116776197,0.950212816378548,0.04978718362145191
Admission→Examination,с учётом цензуры,3.6100476808207467,0.9510873372749107,0.04891266272508932
Admission→Examination,с учётом цензуры,3.6282802448652958,0.951947199313523,0.04805280068647698
Admission→Examination,с учётом цензуры,3.646512808909845,0.9527926323767738,0.04720736762322617
Admission→Examination,с учётом цензуры,3.6647453729543944,0.9536238631106495,0.04637613688935052
Admission→Examination,с учётом цензуры,3.6829779369989435,0.9544411149611824,0.045558885038817595
Admission→Examination,с учётом цензуры,3.7012105010434926,0.9552446082107412,0.044755391789258796
Admission→Examination,с учётом цензуры,3.719443065088042,0.9560345600141542,0.04396543998584582
Admission→Examination,с учётом цензуры,3.737675629132591,0.9568111844346592,0.043188815565340814
Admission→Examination,с учётом цензуры,3.7559081931771403,0.9575746924796715,0.04242530752032849
Admission→Examination,с учётом цензуры,3.7741407572216894,0.9583252921363636,0.04167470786363633
Admission→Examination,с учётом цензуры,3.792373321266239,0.9590631884070494,0.04093681159295057
Admission→Examination,с учётом цензуры,3.810605885310788,0.9597885833443666,0.04021141665563344
Admission→Examination,с учётом цензуры,3.828838449355337,0.9605016760862519,0.039498323913748086
Admission→Examination,с учётом цензуры,3.8470710133998867,0.9612026628907032,0.03879733710929678
Admission→Examination,с учётом цензуры,3.8653035774444358,0.961891737170322,0.03810826282967804
Admission→Examination,с учётом цензуры,3.883536141488985,0.962569089526633,0.037430910473367045
Admission→Examination,с учётом цензуры,3.9017687055335344,0.9632349077841749,0.03676509221582513
Admission→Examination,с учётом цензуры,3.9200012695780835,0.9638893770243581,0.03611062297564195
Admission→Examination,с учётом цензуры,3.9382338336226326,0.9645326796190848,0.03546732038091511
Admission→Examination,с учётом цензуры,3.9564663976671817,0.965164995264129,0.034835004735871006
Admission→Examination,с учётом цензуры,3.974698961711731,0.9657865010122694,0.03421349898773068
Admission→Examination,с учётом цензуры,3.9929315257562803,0.9663973713061759,0.03360262869382409
Admission→Examination,с учётом цензуры,4.01116408980083,0.9669977780110437,0.03300222198895627
Admission→Examination,с учётом цензуры,4.029396653845379,0.967587890446972,0.03241210955302793
Admission→Examination,с учётом цензуры,4.047629217889928,0.9681678754210862,0.03183212457891379
Admission→Examination,с учётом цензуры,4.065861781934477,0.968737897259399,0.031262102740601025
Admission→Examination,с учётом цензуры,4.084094345979026,0.96929811783841,0.03070188216159002
Admission→Examination,с учётом цензуры,4.102326910023575,0.96984869661644,0.030151303383560004
Admission→Examination,с учётом цензуры,4.120559474068125,0.9703897906646988,0.029610209335301233
Admission→Examination,с учётом цензуры,4.138792038112674,0.9709215546980843,0.02907844530191573
Admission→Examination,с учётом цензуры,4.1570246021572235,0.9714441411057121,0.028555858894287942
Admission→Examination,с учётом цензуры,4.175257166201773,0.9719576999811728,0.028042300018827283
Admission→Examination,с учётом цензуры,4.193489730246322,0.9724623791525168,0.027537620847483242
Admission→Examination,с учётом цензуры,4.211722294290871,0.9729583242119653,0.027041675788034736
Admission→Examination,с учётом цензуры,4.22995485833542,0.9734456785453457,0.026554321454654348
Admission→Examination,с учётом цензуры,4.24818742237997,0.9739245833612517,0.026075416638748333
Admission→Examination,с учётом цензуры,4.266419986424519,0.9743951777199265,0.025604822280073516
Admission→Examination,с учётом цензуры,4.284652550469068,0.9748575985618692,0.025142401438130818
Admission→Examination,с учётом цензуры,4.302885114513617,0.9753119807361632,0.024688019263836757
Admission→Examination,с учётом цензуры,4.321117678558166,0.9757584570285275,0.024241542971472484
Admission→Examination,с учётом цензуры,4.339350242602715,0.9761971581890888,0.023802841810911194
Admission→Examination,с учётом цензуры,4.357582806647264,0.9766282129598767,0.02337178704012334
Admission→Examination,с учётом цензуры,4.375815370691814,0.9770517481020399,0.022948251897960167
Admission→Examination,с учётом цензуры,4.3940479347363635,0.9774678884227849,0.022532111577215106
Admission→Examination,с учётом цензуры,4.4122804987809126,0.9778767568020372,0.02212324319796278
Admission→Examination,с учётом цензуры,4.430513062825462,0.9782784742188245,0.021721525781175463
Admission→Examination,с учётом цензуры,4.448745626870011,0.9786731597773836,0.021326840222616453
Admission→Examination,с учётом цензуры,4.46697819091456,0.9790609307329903,0.020939069267009724
Admission→Examination,с учётом цензуры,4.48521075495911,0.9794419025175146,0.02055809748248534
Admission→Examination,с учётом цензуры,4.503443319003659,0.9798161887646999,0.020183811235300074
Admission→Examination,с учётом цензуры,4.521675883048208,0.980183901335168,0.019816098664832065
Admission→Examination,с учётом цензуры,4.539908447092757,0.980545150341151,0.01945484965884901
Admission→Examination,с учётом цензуры,4.558141011137306,0.9809000441709512,0.01909995582904883
Admission→Examination,с учётом цензуры,4.576373575181855,0.9812486895131282,0.018751310486871828
Admission→Examination,с учётом цензуры,4.594606139226404,0.981591191380417,0.018408808619583102
Admission→Examination,с учётом цензуры,4.612838703270954,0.9819276531333756,0.01807234686662445
Admission→Examination,с учётом цензуры,4.6310712673155034,0.9822581765037658,0.01774182349623426
Admission→Examination,с учётом цензуры,4.6493038313600525,0.982582861617666,0.017417138382334097
Admission→Examination,с учётом цензуры,4.667536395404602,0.982901807018319,0.017098192981681
Admission→Examination,с учётом цензуры,4.685768959449151,0.9832151096887161,0.016784890311283912
Admission→Examination,с учётом цензуры,4.7040015234937,0.9835228650739173,0.01647713492608273
Admission→Examination,с учётом цензуры,4.722234087538249,0.9838251671031112,0.016174832896888865
Admission→Examination,с учётом цензуры,4.740466651582799,0.9841221082114147,0.015877891788585334
Admission→Examination,с учётом цензуры,4.758699215627348,0.9844137793614146,0.015586220638585412
Admission→Examination,с учётом цензуры,4.776931779671897,0.9847002700644524,0.015299729935547643
Admission→Examination,с учётом цензуры,4.795164343716446,0.9849816684016538,0.015018331598346157
Admission→Examination,с учётом цензуры,4.813396907760995,0.9852580610447058,0.014741938955294182
Admission→Examination,с учётом цензуры,4.831629471805544,0.9855295332763807,0.014470466723619341
Admission→Examination,с учётом цензуры,4.8498620358500935,0.985796169010811,0.014203830989188974
Admission→Examination,с учётом цензуры,4.868094599894643,0.9860580508135165,0.013941949186483464
Admission→Examination,с учётом цензуры,4.8863271639391925,0.9863152599211837,0.01368474007881629
Admission→Examination,с учётом цензуры,4.904559727983742,0.9865678762612016,0.01343212373879838
Admission→Examination,с учётом цензуры,4.922792292028291,0.9868159784709545,0.013184021529045502
Admission→Examination,с учётом цензуры,4.94102485607284,0.9870596439168736,0.012940356083126402
Admission→Examination,с учётом цензуры,4.959257420117389,0.9872989487132499,0.012701051286750118
Admission→Examination,с учётом цензуры,4.977489984161939,0.9875339677408097,0.012466032259190341
Admission→Examination,с учётом цензуры,4.995722548206488,0.987764774665055,0.012235225334945053
Admission→Examination,с учётом цензуры,5.013955112251037,0.9879914419543706,0.012008558045629409
Admission→Examination,с учётом цензуры,5.032187676295586,0.9882140408979,0.01178595910209998
Admission→Examination,с учётом цензуры,5.050420240340135,0.9884326416231916,0.011567358376808414
Admission→Examination,с учётом цензуры,5.068652804384684,0.9886473131136176,0.011352686886382342
Admission→Examination,с учётом цензуры,5.0868853684292334,0.9888581232255681,0.011141876774431913
Admission→Examination,с учётом цензуры,5.105117932473783,0.9890651387054206,0.010934861294579434
Admission→Examination,с учётом цензуры,5.1233504965183325,0.9892684252062892,0.010731574793710742
Admission→Examination,с учётом цензуры,5.141583060562882,0.9894680473045544,0.0105319526954456
Admission→Examination,с учётом цензуры,5.159815624607431,0.9896640685161743,0.010335931483825722
Admission→Examination,с учётом цензуры,5.17804818865198,0.9898565513127822,0.010143448687217893
Admission→Examination,с учётом цензуры,5.196280752696529,0.9900455571375695,0.009954442862430543
Admission→Examination,с учётом цензуры,5.214513316741078,0.9902311464209586,0.00976885357904144
Admission→Examination,с учётом цензуры,5.232745880785628,0.9904133785960655,0.009586621403934554
Admission→Examination,с учётом цензуры,5.250978444830177,0.9905923121139557,0.009407687886044245
Admission→Examination,с учётом цензуры,5.269211008874726,0.9907680044586957,0.00923199554130428
Admission→Examination,с учётом цензуры,5.287443572919275,0.9909405121621999,0.009059487837800105
Admission→Examination,с учётом цензуры,5.305676136963824,0.9911098908188779,0.00889010918112205
Admission→Examination,с учётом цензуры,5.323908701008373,0.9912761951000826,0.008723804899917456
Admission→Examination,с учётом цензуры,5.3421412650529225,0.9914394787683602,0.008560521231639764
Admission→Examination,с учётом цензуры,5.3603738290974725,0.9915997946915076,0.008400205308492415
Admission→Examination,с учётом цензуры,5.378606393142022,0.9917571948564343,0.008242805143565629
Admission→Examination,с учётом цензуры,5.396838957186571,0.9919117303828361,0.008088269617163945
Admission→Examination,с учётом цензуры,5.41507152123112,0.9920634515366775,0.007936548463322483
Admission→Examination,с учётом цензуры,5.433304085275669,0.99221240774349,0.007787592256510043
Admission→Examination,с учётом цензуры,5.451536649320218,0.9923586476014832,0.007641352398516795
Admission→Treatment,наивная MLE,0.0,0.0,1.0
Admission→Treatment,наивная MLE,0.013786960140559409,0.13662060713024593,0.8633793928697541
Admission→Treatment,наивная MLE,0.027573920281118817,0.1886348815218888,0.8113651184781112
Admission→Treatment,наивная MLE,0.04136088042167822,0.22747452644767882,0.7725254735523212
Admission→Treatment,наивная MLE,0.055147840562237635,0.2595221935372433,0.7404778064627566
Admission→Treatment,наивная MLE,0.06893480070279705,0.2872300980738499,0.7127699019261501
Admission→Treatment,наивная MLE,0.08272176084335645,0.311850579995799,0.688149420004201
Admission→Treatment,наивная MLE,0.09650872098391586,0.33412587392893545,0.6658741260710646
Admission→Treatment,наивная MLE,0.11029568112447527,0.3545390478867222,0.6454609521132778
Admission→Treatment,наивная MLE,0.12408264126503468,0.3734255442368151,0.6265744557631849
Admission→Treatment,наивная MLE,0.1378696014055941,0.39102967406897776,0.6089703259310222
Admission→Treatment,наивная MLE,0.1516565615461535,0.4075360179571207,0.5924639820428793
Admission→Treatment,наивная MLE,0.1654435216867129,0.4230881436067092,0.5769118563932908
Admission→Treatment,наивная MLE,0.1792304818272723,0.43780039080202054,0.5621996091979795
Admission→Treatment,наивная MLE,0.19301744196783172,0.45176562572009327,0.5482343742799067
Admission→Treatment,наивная MLE,0.20680440210839113,0.4650605317634288,0.5349394682365711
Admission→Treatment,наивная MLE,0.22059136224895054,0.4777493311375318,0.5222506688624682
Admission→Treatment,наивная MLE,0.23437832238950995,0.48988647134751934,0.5101135286524807
Admission→Treatment,наивная MLE,0.24816528253006936,0.5015186083145636,0.49848139168543637
Admission→Treatment,наивная MLE,0.2619522426706288,0.5126860990435894,0.4873139009564106
Admission→Treatment,наивная MLE,0.2757392028111882,0.5234241445284562,0.4765758554715438
Admission→Treatment,наивная MLE,0.2895261629517476,0.5337636782252225,0.4662363217747775
Admission→Treatment,наивная MLE,0.303313123092307,0.5437320661487188,0.45626793385128117
Admission→Treatment,наивная MLE,0.3171000832328664,0.5533536652813661,0.4466463347186339
Admission→Treatment,наивная MLE,0.3308870433734258,0.5626502738879366,0.43734972611206335
Admission→Treatment,наивная MLE,0.3446740035139852,0.5716414982990592,0.4283585017009408
Admission→Treatment,наивная MLE,0.3584609636545446,0.5803450543864892,0.4196549456135108
Admission→Treatment,наивная MLE,0.372247923795104,0.5887770174301863,0.4112229825698137
Admission→Treatment,наивная MLE,0.38603488393566343,0.5969520308024978,0.4030479691975022
Admission→Treatment,наивная MLE,0.39982184407622284,0.6048834814916376,0.3951165185083624
Admission→Treatment,наивная MLE,0.41360880421678226,0.6125836487011004,0.3874163512988996
Admission→Treatment,наивная MLE,0.42739576435734167,0.6200638304197519,0.3799361695802481
Admission→Treatment,наивная MLE,0.4411827244979011,0.6273344518381084,0.37266554816189157
Admission→Treatment,наивная MLE,0.4549696846384605,0.6344051587045102,0.3655948412954898
Admission→Treatment,наивная MLE,0.4687566447790199,0.6412848981097116,0.35871510189028843
Admission→Treatment,наивная MLE,0.4825436049195793,0.6479819887159408,0.3520180112840592
Admission→Treatment,наивная MLE,0.49633056506013873,0.6545041820746372,0.34549581792536277
Admission→Treatment,наивная MLE,0.5101175252006981,0.6608587163822439,0.3391412836177561
Admission→Treatment,наивная MLE,0.5239044853412576,0.6670523637880431,0.3329476362119565
Admission→Treatment,наивная MLE,0.5376914454818169,0.6730914721787667,0.3269085278212331
Admission→Treatment,наивная MLE,0.5514784056223764,0.6789820022116934,0.32101799778830636
Admission→Treatment,наивная MLE,0.5652653657629357,0.6847295602434146,0.3152704397565854
Admission→Treatment,наивная MLE,0.5790523259034952,0.6903394276995751,0.30966057230042476
Admission→Treatment,наивная MLE,0.5928392860440546,0.6958165873471154,0.3041834126528847
Admission→Treatment,наивная MLE,0.606626246184614,0.7011657468612696,0.2988342531387302
Admission→Treatment,наивная MLE,0.6204132063251734,0.7063913600220652,0.29360863997793457
Admission→Treatment,наивная MLE,0.6342001664657329,0.7114976458270567,0.28850235417294307
Admission→Treatment,наивная MLE,0.6479871266062922,0.7164886057668306,0.28351139423316923
Admission→Treatment,наивная MLE,0.6617740867468516,0.7213680394759687,0.2786319605240312
Admission→Treatment,наивная MLE,0.675561046887411,0.726139558943582,0.2738604410564177
Admission→Treatment,наивная MLE,0.6893480070279704,0.7308066014432922,0.2691933985567078
Admission→Treatment,наивная MLE,0.7031349671685299,0.7353724413219163,0.2646275586780834
Admission→Treatment,наивная MLE,0.7169219273090892,0.7398402007685115,0.26015979923148824
Admission→Treatment,наивная MLE,0.7307088874496487,0.7442128596703373,0.2557871403296625
Admission→Treatment,наивная MLE,0.744495847590208,0.7484932646493495,0.25150673535065027
Admission→Treatment,наивная MLE,0.7582828077307675,0.7526841373616552,0.24731586263834476
Admission→Treatment,наивная MLE,0.7720697678713269,0.7567880821326987,0.24321191786730126
Admission→Treatment,наивная MLE,0.7858567280118863,0.7608075929925832,0.2391924070074168
Admission→Treatment,наивная MLE,0.7996436881524457,0.7647450601686425,0.23525493983135756
Admission→Treatment,наивная MLE,0.8134306482930052,0.7686027760860402,0.23139722391395956
Admission→Treatment,наивная MLE,0.8272176084335645,0.7723829409216292,0.22761705907837046
Admission→Treatment,наивная MLE,0.841004568574124,0.7760876677514444,0.22391233224855514
Admission→Treatment,наивная MLE,0.8547915287146833,0.7797189873279488,0.2202810126720508
Admission→Treatment,наивная MLE,0.8685784888552428,0.7832788525193921,0.21672114748060747
Admission→Treatment,наивная MLE,0.8823654489958022,0.7867691424403432,0.21323085755965626
Admission→Treatment,наивная MLE,0.8961524091363615,0.7901916662995303,0.20980833370046956
Admission→Treatment,наивная MLE,0.909939369276921,0.7935481669885341,0.20645183301146558
Admission→Treatment,наивная MLE,0.9237263294174803,0.7968403244325942,0.2031596755674053
Admission→Treatment,наивная MLE,0.9375132895580398,0.8000697587227312,0.19993024127726863
Admission→Treatment,наивная MLE,0.9513002496985992,0.8032380330465837,0.19676196695341594
Admission→Treatment,наивная MLE,0.9650872098391586,0.8063466564337396,0.1936533435662602
Admission→Treatment,наивная MLE,0.978874169979718,0.8093970863298732,0.1906029136701264
Admission→Treatment,наивная MLE,0.9926611301202775,0.8123907310127315,0.187609268987268
Admission→Treatment,наивная MLE,1.0064480902608368,0.8153289518618234,0.18467104813817636
Admission→Treatment,наивная MLE,1.0202350504013962,0.8182130654926372,0.1817869345073625
Admission→Treatment,наивная MLE,1.0340220105419557,0.8210443457652711,0.17895565423472873
Admission→Treatment,наивная MLE,1.047808970682515,0.8238240256765036,0.17617597432349638
Admission→Treatment,наивная MLE,1.0615959308230745,0.826553299143584,0.17344670085641561
Admission→Treatment,наивная MLE,1.0753828909636338,0.8292333226873217,0.1707666773126778
Admission→Treatment,наивная MLE,1.0891698511041934,0.8318652170214298,0.16813478297857004
Admission→Treatment,наивная MLE,1.1029568112447528,0.8344500685545194,0.16554993144548039
Admission→Treatment,наивная MLE,1.1167437713853121,0.8369889308106269,0.16301106918937278
Admission→Treatment,наивная MLE,1.1305307315258715,0.839482825773682,0.16051717422631748
Admission→Treatment,наивная MLE,1.1443176916664308,0.8419327451609142,0.15806725483908518
Admission→Treatment,наивная MLE,1.1581046518069904,0.8443396516297986,0.15566034837020076
Admission→Treatment,наивная MLE,1.1718916119475498,0.8467044799227983,0.1532955200772013
Admission→Treatment,наивная MLE,1.1856785720881091,0.8490281379538351,0.15097186204616453
Admission→Treatment,наивная MLE,1.1994655322286685,0.851311507840129,0.14868849215987054
Admission→Treatment,наивная MLE,1.213252492369228,0.8535554468827805,0.1464445531172193
Admission→Treatment,наивная MLE,1.2270394525097874,0.8557607884992169,0.1442392115007831
Admission→Treatment,наивная MLE,1.2408264126503468,0.8579283431104137,0.1420716568895863
Admission→Treatment,наивная MLE,1.2546133727909061,0.8600588989855782,0.13994110101442175
Admission→Treatment,наивная MLE,1.2684003329314657,0.8621532230468061,0.13784677695319386
Admission→Treatment,наивная MLE,1.282187293072025,0.8642120616360397,0.13578793836396033
Admission→Treatment,наивная MLE,1.2959742532125844,0.8662361412465026,0.13376385875349736
Admission→Treatment,наивная MLE,1.3097612133531438,0.8682261692206316,0.13177383077936844
Admission→Treatment,наивная MLE,1.3235481734937031,0.8701828344163939,0.12981716558360615
Admission→Treatment,наивная MLE,1.3373351336342627,0.8721068078437525,0.12789319215624753
Admission→Treatment,наивная MLE,1.351122093774822,0.8739987432729242,0.12600125672707582
Admission→Treatment,наивная MLE,1.3649090539153814,0.8758592778159718,0.12414072218402819
Admission→Treatment,наивная MLE,1.3786960140559408,0.8776890324831612,0.12231096751683883
Admission→Treatment,наивная MLE,1.3924829741965004,0.8794886127154434,0.12051138728455661
Admission→Treatment,наивная MLE,1.4062699343370597,0.8812586088943141,0.11874139110568595
Admission→Treatment,наивная MLE,1.420056894477619,0.8829995968302387,0.11700040316976136
Admission→Treatment,наивная MLE,1.4338438546181784,0.8847121382307459,0.11528786176925408
Admission→Treatment,наивная MLE,1.447630814758738,0.8863967811492466,0.11360321885075343
Admission→Treatment,наивная MLE,1.4614177748992974,0.8880540604155387,0.11194593958446127
Admission→Treatment,наивная MLE,1.4752047350398567,0.8896844980489294,0.11031550195107064
Admission→Treatment,наивная MLE,1.488991695180416,0.8912886036548374,0.10871139634516258
Admission→Treatment,наивная MLE,1.5027786553209757,0.8928668748056884,0.10713312519431162
Admission→Treatment,наивная MLE,1.516565615461535,0.8944197974068686,0.10558020259313144
Admission→Treatment,наивная MLE,1.5303525756020944,0.8959478460484654,0.10405215395153454
Admission→Treatment,наивная MLE,1.5441395357426537,0.8974514843434614,0.1025485156565386
Admission→Treatment,наивная MLE,1.557926495883213,0.8989311652530452,0.10106883474695479
Admission→Treatment,наивная MLE,1.5717134560237727,0.9003873313996217,0.09961266860037835
Admission→Treatment,наивная MLE,1.585500416164332,0.9018204153681131,0.09817958463188697
Admission→Treatment,наивная MLE,1.5992873763048914,0.9032308399960828,0.09676916000391718
Admission→Treatment,наивная MLE,1.6130743364454507,0.9046190186531868,0.09538098134681314
Admission→Treatment,наивная MLE,1.6268612965860103,0.9059853555104526,0.09401464448954742
Admission→Treatment,наивная MLE,1.6406482567265697,0.9073302457998235,0.0926697542001765
Admission→Treatment,наивная MLE,1.654435216867129,0.9086540760644165,0.09134592393558352
Admission→Treatment,наивная MLE,1.6682221770076884,0.9099572243998973,0.09004277560010267
Admission→Treatment,наивная MLE,1.682009137148248,0.9112400606873575,0.08875993931264249
Admission→Treatment,наивная MLE,1.6957960972888073,0.9125029468180691,0.08749705318193092
Admission→Treatment,наивная MLE,1.7095830574293667,0.9137462369104605,0.08625376308953943
Admission→Treatment,наивная MLE,1.723370017569926,0.9149702775196498,0.08502972248035029
Admission→Treatment,наивная MLE,1.7371569777104856,0.916175407839843,0.08382459216015704
Admission→Treatment,наивная MLE,1.750943937851045,0.9173619598999057,0.08263804010009439
Admission→Treatment,наивная MLE,1.7647308979916043,0.9185302587523827,0.08146974124761736
Admission→Treatment,наивная MLE,1.7785178581321637,0.9196806226562404,0.08031937734375966
Admission→Treatment,наивная MLE,1.792304818272723,0.92081336325359,0.07918663674641006
Admission→Treatment,наивная MLE,1.8060917784132826,0.9219287857406292,0.07807121425937084
Admission→Treatment,наивная MLE,1.819878738553842,0.923027189033043,0.07697281096695695
Admission→Treatment,наивная MLE,1.8336656986944013,0.9241088659260782,0.07589113407392174
Admission→Treatment,наивная MLE,1.8474526588349607,0.9251741032495062,0.07482589675049373
Admission→Treatment,наивная MLE,1.8612396189755203,0.926223182017671,0.07377681798232905
Admission→Treatment,наивная MLE,1.8750265791160796,0.9272563775748215,0.0727436224251785
Admission→Treatment,наивная MLE,1.888813539256639,0.9282739597358994,0.0717260402641006
Admission→Treatment,наивная MLE,1.9026004993971983,0.9292761929229666,0.07072380707703343
Admission→Treatment,наивная MLE,1.916387459537758,0.9302633362974342,0.06973666370256586
Admission→Treatment,наивная MLE,1.9301744196783173,0.9312356438882504,0.06876435611174958
Admission→Treatment,наивная MLE,1.9439613798188766,0.932193364716202,0.06780663528379806
Admission→Treatment,наивная MLE,1.957748339959436,0.933136742914472,0.06686325708552798
Admission→Treatment,наивная MLE,1.9715353000999956,0.9340660178455916,0.06593398215440839
Admission→Treatment,наивная MLE,1.985322260240555,0.9349814242149216,0.06501857578507841
Admission→Treatment,наивная MLE,1.9991092203811143,0.9358831921807828,0.06411680781921726
Admission→Treatment,наивная MLE,2.0128961805216736,0.936771547461368,0.063228452538632
Admission→Treatment,наивная MLE,2.026683140662233,0.9376467114385371,0.06235328856146289
Admission→Treatment,наивная MLE,2.0404701008027923,0.9385089012586181,0.061491098741381874
Admission→Treatment,наивная MLE,2.054257060943352,0.9393583299303121,0.06064167006968789
Admission→Treatment,наивная MLE,2.0680440210839115,0.94019520641981,0.059804793580190016
Admission→Treatment,наивная MLE,2.0818309812244706,0.9410197357432135,0.05898026425678653
Admission→Treatment,наивная MLE,2.09561794136503,0.9418321190563548,0.058167880943645174
Admission→Treatment,наивная MLE,2.1094049015055893,0.9426325537421064,0.05736744625789358
Admission→Treatment,наивная MLE,2.123191861646149,0.943421233495266,0.056578766504733986
Admission→Treatment,наивная MLE,2.1369788217867085,0.9441983484050965,0.05580165159490347
Admission→Treatment,наивная MLE,2.1507657819272676,0.9449640850356031,0.055035914964396894
Admission→Treatment,наивная MLE,2.164552742067827,0.9457186265036212,0.0542813734963789
Admission→Treatment,наивная MLE,2.178339702208387,0.94646215255479,0.05353784744520998
Admission→Treatment,наивная MLE,2.192126662348946,0.9471948396374793,0.05280516036252066
Admission→Treatment,наивная MLE,2.2059136224895055,0.9479168609747372,0.05208313902526284
Admission→Treatment,наивная MLE,2.2197005826300646,0.948628386634325,0.051371613365675
Admission→Treatment,наивная MLE,2.2334875427706242,0.9493295835968991,0.050670416403100854
Admission→Treatment,наивная MLE,2.247274502911184,0.950020615822401,0.049979384177598965
Admission→Treatment,наивная MLE,2.261061463051743,0.9507016443147113,0.049298355685288765
Admission→Treatment,наивная MLE,2.2748484231923025,0.9513728271846236,0.048627172815376464
Admission→Treatment,наивная MLE,2.2886353833328617,0.9520343197111926,0.047965680288807426
Admission→Treatment,наивная MLE,2.3024223434734212,0.952686274401505,0.04731372559849497
Admission→Treatment,наивная MLE,2.316209303613981,0.9533288410489238,0.04667115895107618
Admission→Treatment,наивная MLE,2.32999626375454,0.9539621667898535,0.04603783321014652
Admission→Treatment,наивная MLE,2.3437832238950995,0.9545863961590699,0.04541360384093005
Admission→Treatment,наивная MLE,2.357570184035659,0.9552016711436623,0.04479832885633773
Admission→Treatment,наивная MLE,2.3713571441762182,0.9558081312356255,0.044191868764374524
Admission→Treatment,наивная MLE,2.385144104316778,0.9564059134831459,0.04359408651685413
Admission→Treatment,наивная MLE,2.398931064457337,0.9569951525406196,0.043004847459380345
Admission→Treatment,наивная MLE,2.4127180245978965,0.9575759807174415,0.04242401928255843
Admission→Treatment,наивная MLE,2.426504984738456,0.958148528025599,0.04185147197440092
Admission→Treatment,наивная MLE,2.4402919448790152,0.9587129222261098,0.04128707777389014
Admission→Treatment,наивная MLE,2.454078905019575,0.9592692888743343,0.04073071112566568
Admission→Treatment,наивная MLE,2.467865865160134,0.9598177513641977,0.04018224863580238
Admission→Treatment,наивная MLE,2.4816528253006935,0.9603584309713511,0.03964156902864887
Admission→Treatment,наивная MLE,2.495439785441253,0.960891446895306,0.03910855310469391
Admission→Treatment,наивная MLE,2.5092267455818122,0.9614169163005664,0.03858308369943361
Admission→Treatment,наивная MLE,2.523013705722372,0.961934954356792,0.038065045643207965
Admission→Treatment,наивная MLE,2.5368006658629314,0.9624456742780179,0.037554325721982196
Admission→Treatment,наивная MLE,2.5505876260034905,0.9629491873609561,0.03705081263904381
Admission→Treatment,наивная MLE,2.56437458614405,0.9634456030224084,0.03655439697759158
Admission→Treatment,наивная MLE,2.5781615462846093,0.9639350288358106,0.036064971164189386
Admission→Treatment,наивная MLE,2.591948506425169,0.9644175705669363,0.035582429433063716
Admission→Treatment,наивная MLE,2.6057354665657284,0.9648933322087814,0.03510666779121866
Admission→Treatment,наивная MLE,2.6195224267062875,0.9653624160156519,0.0346375839843481
Admission→Treatment,наивная MLE,2.633309386846847,0.9658249225364781,0.03417507746352188
Admission→Treatment,наивная MLE,2.6470963469874063,0.9662809506473742,0.033719049352625804
Admission→Treatment,наивная MLE,2.660883307127966,0.9667305975834651,0.033269402416534886
Admission→Treatment,наивная MLE,2.6746702672685254,0.9671739589700006,0.03282604102999943
Admission→Treatment,наивная MLE,2.6884572274090845,0.9676111288527736,0.03238887114722649
Admission→Treatment,наивная MLE,2.702244187549644,0.9680421997278641,0.03195780027213589
Admission→Treatment,наивная MLE,2.7160311476902037,0.9684672625707247,0.03153273742927529
Admission→Treatment,наивная MLE,2.729818107830763,0.968886406864625,0.031113593135374946
Admission→Treatment,наивная MLE,2.7436050679713224,0.9692997206284729,0.0307002793715271
Admission→Treatment,наивная MLE,2.7573920281118816,0.9697072904440278,0.030292709555972193
Admission→Treatment,наивная MLE,2.771178988252441,0.9701092014825227,0.029890798517477356
Admission→Treatment,наивная MLE,2.7849659483930007,0.9705055375307093,0.029494462469290657
Admission→Treatment,наивная MLE,2.79875290853356,0.9708963810163418,0.029103618983658153
Admission→Treatment,наивная MLE,2.8125398686741194,0.9712818130331133,0.028718186966886657
Admission→Treatment,наивная MLE,2.826326828814679,0.9716619133650587,0.028338086634941327
Admission→Treatment,наивная MLE,2.840113788955238,0.972036760510438,0.027963239489562034
Admission→Treatment,наивная MLE,2.8539007490957977,0.972406431705113,0.02759356829488698
Admission→Treatment,наивная MLE,2.867687709236357,0.9727710029454303,0.02722899705456973
Admission→Treatment,наивная MLE,2.8814746693769164,0.9731305490106211,0.02686945098937889
Admission→Treatment,наивная MLE,2.895261629517476,0.9734851434847338,0.02651485651526614
Admission→Treatment,наивная MLE,2.909048589658035,0.9738348587781066,0.026165141221893385
Admission→Treatment,наивная MLE,2.9228355497985947,0.9741797661483939,0.025820233851606117
Admission→Treatment,наивная MLE,2.936622509939154,0.9745199357211575,0.025480064278842526
Admission→Treatment,наивная MLE,2.9504094700797134,0.974855436510032,0.025144563489968002
Admission→Treatment,наивная MLE,2.964196430220273,0.9751863364364755,0.02481366356352458
Admission→Treatment,наивная MLE,2.977983390360832,0.9755127023491157,0.024487297650884296
Admission→Treatment,наивная MLE,2.9917703505013917,0.9758346000427014,0.024165399957298574
Admission→Treatment,наивная MLE,3.0055573106419513,0.976152094276667,0.023847905723332903
Admission→Treatment,наивная MLE,3.0193442707825104,0.9764652487933227,0.023534751206677265
Admission→Treatment,наивная MLE,3.03313123092307,0.9767741263356755,0.023225873664324485
Admission→Treatment,наивная MLE,3.046918191063629,0.9770787886648927,0.02292121133510725
Admission→Treatment,наивная MLE,3.0607051512041887,0.977379296577415,0.022620703422585067
Admission→Treatment,наивная MLE,3.0744921113447483,0.9776757099217265,0.02232429007827347
Admission→Treatment,наивная MLE,3.0882790714853074,0.9779680876147928,0.022031912385207172
Admission→Treatment,наивная MLE,3.102066031625867,0.978256487658171,0.021743512341829085
Admission→Treatment,наивная MLE,3.115852991766426,0.9785409671538011,0.02145903284619884
Admission→Treatment,наивная MLE,3.1296399519069857,0.9788215823194885,0.021178417680511562
Admission→Treatment,наивная MLE,3.1434269120475453,0.9790983885040782,0.020901611495921794
Admission→Treatment,наивная MLE,3.1572138721881045,0.9793714402023364,0.020628559797663662
Admission→Treatment,наивная MLE,3.171000832328664,0.9796407910695377,0.020359208930462336
Admission→Treatment,наивная MLE,3.1847877924692236,0.9799064939357716,0.02009350606422841
Admission→Treatment,наивная MLE,3.1985747526097827,0.9801686008199695,0.019831399180030525
Admission→Treatment,наивная MLE,3.2123617127503423,0.9804271629436615,0.019572837056338457
Admission→Treatment,наивная MLE,3.2261486728909015,0.9806822307444684,0.019317769255531667
Admission→Treatment,наивная MLE,3.239935633031461,0.9809338538893335,0.019066146110666534
Admission→Treatment,наивная MLE,3.2537225931720206,0.9811820812875025,0.018817918712497484
Admission→Treatment,наивная MLE,3.2675095533125798,0.9814269611032546,0.018573038896745494
Admission→Treatment,наивная MLE,3.2812965134531393,0.9816685407683914,0.01833145923160864
Admission→Treatment,наивная MLE,3.295083473593699,0.9819068669944898,0.018093133005510156
Admission→Treatment,наивная MLE,3.308870433734258,0.9821419857849223,0.017858014215077662
Admission→Treatment,наивная MLE,3.3226573938748176,0.9823739424466507,0.017626057553349332
Admission→Treatment,наивная MLE,3.3364443540153768,0.9826027816017984,0.017397218398201603
Admission→Treatment,наивная MLE,3.3502313141559363,0.9828285471990061,0.01717145280099388
Admission→Treatment,наивная MLE,3.364018274296496,0.9830512825245744,0.0169487174754256
Admission→Treatment,наивная MLE,3.377805234437055,0.9832710302133996,0.01672896978660049
Admission→Treatment,наивная MLE,3.3915921945776146,0.9834878322597054,0.01651216774029459
Admission→Treatment,наивная MLE,3.4053791547181738,0.9837017300275774,0.016298269972422577
Admission→Treatment,наивная MLE,3.4191661148587333,0.9839127642613008,0.016087235738699183
Admission→Treatment,наивная MLE,3.432953074999293,0.9841209750955093,0.01587902490449063
Admission→Treatment,наивная MLE,3.446740035139852,0.984326402065147,0.01567359793485299
Admission→Treatment,наивная MLE,3.4605269952804116,0.9845290841152476,0.015470915884752362
Admission→Treatment,наивная MLE,3.474313955420971,0.9847290596105354,0.015270940389464648
Admission→Treatment,наивная MLE,3.4881009155615303,0.9849263663448504,0.015073633655149535
Admission→Treatment,наивная MLE,3.50188787570209,0.9851210415504041,0.014878958449595891
Admission→Treatment,наивная MLE,3.515674835842649,0.9853131219068648,0.014686878093135207
Admission→Treatment,наивная MLE,3.5294617959832086,0.985502643550281,0.014497356449718932
Admission→Treatment,наивная MLE,3.543248756123768,0.9856896420818432,0.014310357918156876
Admission→Treatment,наивная MLE,3.5570357162643274,0.9858741525764869,0.014125847423513053
Admission→Treatment,наивная MLE,3.570822676404887,0.9860562095913442,0.01394379040865578
Admission→Treatment,наивная MLE,3.584609636545446,0.9862358471740408,0.013764152825959226
Admission→Treatment,наивная MLE,3.5983965966860056,0.9864130988708475,0.013586901129152451
Admission→Treatment,наивная MLE,3.6121835568265652,0.9865879977346858,0.013412002265314202
Admission→Treatment,наивная MLE,3.6259705169671244,0.9867605763329906,0.013239423667009335
Admission→Treatment,наивная MLE,3.639757477107684,0.9869308667554353,0.013069133244564698
Admission→Treatment,наивная MLE,3.6535444372482435,0.9870989006215187,0.012901099378481301
Admission→Treatment,наивная MLE,3.6673313973888026,0.9872647090880196,0.012735290911980448
Admission→Treatment,наивная MLE,3.6811183575293622,0.9874283228563192,0.012571677143680737
Admission→Treatment,наивная MLE,3.6949053176699214,0.9875897721795966,0.012410227820403392
Admission→Treatment,наивная MLE,3.708692277810481,0.9877490868698963,0.012250913130103739
Admission→Treatment,наивная MLE,3.7224792379510405,0.9879062963050742,0.01209370369492576
Admission→Treatment,наивная MLE,3.7362661980915997,0.9880614294356221,0.011938570564377873
Admission→Treatment,наивная MLE,3.7500531582321592,0.988214514791373,0.011785485208627003
Admission→Treatment,наивная MLE,3.7638401183727184,0.988365580488091,0.011634419511908993
Admission→Treatment,наивная MLE,3.777627078513278,0.988514654233947,0.011485345766052991
Admission→Treatment,наивная MLE,3.7914140386538375,0.9886617633358824,0.011338236664117573
Admission→Treatment,наивная MLE,3.8052009987943967,0.9888069347058637,0.0111930652941363
Admission→Treatment,наивная MLE,3.8189879589349562,0.9889501948670292,0.011049805132970832
Admission→Treatment,наивная MLE,3.832774919075516,0.9890915699597308,0.010908430040269215
Admission→Treatment,наивная MLE,3.846561879216075,0.9892310857474722,0.010768914252527767
Admission→Treatment,наивная MLE,3.8603488393566345,0.9893687676227461,0.010631232377253903
Admission→Treatment,наивная MLE,3.8741357994971937,0.9895046406127713,0.010495359387228634
Admission→Treatment,наивная MLE,3.8879227596377532,0.9896387293851335,0.010361270614866476
Admission→Treatment,наивная MLE,3.901709719778313,0.9897710582533292,0.010228941746670812
Admission→Treatment,наивная MLE,3.915496679918872,0.9899016511822167,0.010098348817783289
Admission→Treatment,наивная MLE,3.9292836400594315,0.990030531793375,0.009969468206625053
Admission→Treatment,наивная MLE,3.943070600199991,0.9901577233703717,0.00984227662962829
Admission→Treatment,наивная MLE,3.9568575603405503,0.9902832488639436,0.00971675113605639
Admission→Treatment,наивная MLE,3.97064452048111,0.990407130897089,0.009592869102910968
Admission→Treatment,наивная MLE,3.984431480621669,0.9905293917700758,0.00947060822992413
Admission→Treatment,наивная MLE,3.9982184407622285,0.9906500534653655,0.00934994653463448
Admission→Treatment,наивная MLE,4.012005400902788,0.9907691376524549,0.00923086234754514
Admission→Treatment,наивная MLE,4.025792361043347,0.9908866656926376,0.009113334307362431
Admission→Treatment,наивная MLE,4.039579321183907,0.9910026586436864,0.008997341356313613
Admission→Treatment,наивная MLE,4.053366281324466,0.9911171372644579,0.008882862735542112
Admission→Treatment,наивная MLE,4.067153241465026,0.9912301220194207,0.008769877980579247
Admission→Treatment,наивная MLE,4.080940201605585,0.9913416330831096,0.008658366916890363
Admission→Treatment,наивная MLE,4.094727161746144,0.9914516903445054,0.008548309655494527
Admission→Treatment,наивная MLE,4.108514121886704,0.9915603134113437,0.00843968658865638
Admission→Treatment,наивная MLE,4.122301082027263,0.9916675216143515,0.008332478385648538
Admission→Treatment,с учётом цензуры,0.0,0.0,1.0
Admission→Treatment,с учётом цензуры,0.013786960140559409,0.1362249366171322,0.8637750633828678
Admission→Treatment,с учётом цензуры,0.027573920281118817,0.18818845115139907,0.811811548848601
Admission→Treatment,с учётом цензуры,0.04136088042167822,0.22700585226774359,0.7729941477322564
Admission→Treatment,с учётом цензуры,0.055147840562237635,0.2590432633991236,0.7409567366008765
Admission→Treatment,с учётом цензуры,0.06893480070279705,0.28674737900521186,0.7132526209947881
Admission→Treatment,с учётом цензуры,0.08272176084335645,0.311368010006063,0.688631989993937
Admission→Treatment,с учётом цензуры,0.09650872098391586,0.3336460267474264,0.6663539732525736
Admission→Treatment,с учётом цензуры,0.11029568112447527,0.3540636822328358,0.6459363177671642
Admission→Treatment,с учётом цензуры,0.12408264126503468,0.3729558966153823,0.6270441033846177
Admission→Treatment,с учётом цензуры,0.1378696014055941,0.3905666288542764,0.6094333711457236
Admission→Treatment,с учётом цензуры,0.1516565615461535,0.4070802127103672,0.5929197872896328
Admission→Treatment,с учётом цензуры,0.1654435216867129,0.4226400375934493,0.5773599624065506
Admission→Treatment,с учётом цензуры,0.1792304818272723,0.4373603113592814,0.5626396886407186
Admission→Treatment,с учётом цензуры,0.19301744196783172,0.45133380065849976,0.5486661993415003
Admission→Treatment,с учётом цензуры,0.20680440210839113,0.46463711262254126,0.5353628873774587
Admission→Treatment,с учётом цензуры,0.22059136224895054,0.47733441025582385,0.5226655897441761
Admission→Treatment,с учётом цензуры,0.23437832238950995,0.48948009463453135,0.5105199053654687
Admission→Treatment,с учётом цензуры,0.24816528253006936,0.5011207849662149,0.4988792150337851
Admission→Treatment,с учётом цензуры,0.2619522426706288,0.5122968090387385,0.48770319096126147
Admission→Treatment,с учётом цензуры,0.2757392028111882,0.5230433444861059,0.4769566555138941
Admission→Treatment,с учётом цензуры,0.2895261629517476,0.533391306031278,0.46660869396872195
Admission→Treatment,с учётом цензуры,0.303313123092307,0.5433680446462122,0.45663195535378776
Admission→Treatment,с учётом цензуры,0.3171000832328664,0.5529979052388809,0.4470020947611191
Admission→Treatment,с учётом цензуры,0.3308870433734258,0.5623026764054552,0.43769732359454483
Admission→Treatment,с учётом цензуры,0.3446740035139852,0.5713019567708495,0.4286980432291505
Admission→Treatment,с учётом цензуры,0.3584609636545446,0.5800134561120033,0.4199865438879967
Admission→Treatment,с учётом цензуры,0.372247923795104,0.5884532449429041,0.4115467550570959
Admission→Treatment,с учётом цензуры,0.38603488393566343,0.5966359629710344,0.4033640370289656
Admission→Treatment,с учётом цензуры,0.39982184407622284,0.6045749944356794,0.3954250055643206
Admission→Treatment,с учётом цензуры,0.41360880421678226,0.6122826165558193,0.3877173834441807
Admission→Treatment,с учётом цензуры,0.42739576435734167,0.6197701259755096,0.3802298740244904
Admission→Treatment,с учётом цензуры,0.4411827244979011,0.6270479470769597,0.37295205292304034
Admission→Treatment,с учётом цензуры,0.4549696846384605,0.6341257252508792,0.3658742747491208
Admission→Treatment,с учётом цензуры,0.4687566447790199,0.6410124076093832,0.35898759239061684
Admission→Treatment,с учётом цензуры,0.4825436049195793,0.6477163131549053,0.3522836868450947
Admission→Treatment,с учётом цензуры,0.49633056506013873,0.654245194047294,0.345754805952706
Admission→Treatment,с учётом цензуры,0.5101175252006981,0.6606062893168139,0.33939371068318613
Admission→Treatment,с учётом цензуры,0.5239044853412576,0.6668063721357015,0.33319362786429835
Admission→Treatment,с учётом цензуры,0.5376914454818169,0.6728517915719339,0.3271482084280662
Admission→Treatment,с учётом цензуры,0.5514784056223764,0.6787485095960347,0.321251490403965
Admission→Treatment,с учётом цензуры,0.5652653657629357,0.6845021339873749,0.3154978660126249
Admission→Treatment,с учётом цензуры,0.5790523259034952,0.6901179476846756,0.3098820523153242
Admission→Treatment,с учётом цензуры,0.5928392860440546,0.6956009350417476,0.3043990649582522
Admission→Treatment,с учётом цензуры,0.606626246184614,0.700955805380309,0.2990441946196905
Admission→Treatment,с учётом цензуры,0.6204132063251734,0.7061870141742819,0.29381298582571774
Admission→Treatment,с учётом цензуры,0.6342001664657329,0.7112987821520144,0.2887012178479854
Admission→Treatment,с учётом цензуры,0.6479871266062922,0.7162951125627226,0.2837048874372774
Admission→Treatment,с учётом цензуры,0.6617740867468516,0.7211798068196342,0.27882019318036555
Admission→Treatment,с учётом цензуры,0.675561046887411,0.7259564787037756,0.2740435212962243
Admission→Treatment,с учётом цензуры,0.6893480070279704,0.7306285672881266,0.26937143271187336
Admission→Treatment,с учётом цензуры,0.7031349671685299,0.7351993487212833,0.26480065127871627
Admission→Treatment,с учётом цензуры,0.7169219273090892,0.7396719469921675,0.26032805300783207
Admission→Treatment,с учётом цензуры,0.7307088874496487,0.7440493437822565,0.25595065621774304
Admission→Treatment,с учётом цензуры,0.744495847590208,0.7483343874988679,0.25166561250113173
Admission→Treatment,с учётом цензуры,0.7582828077307675,0.7525298015718566,0.24747019842814327
Admission→Treatment,с учётом цензуры,0.7720697678713269,0.756638192086441,0.24336180791355866
Admission→Treatment,с учётом цензуры,0.7858567280118863,0.7606620548165111,0.23933794518348855
Admission→Treatment,с учётом цензуры,0.7996436881524457,0.764603781715485,0.23539621828451462
Admission→Treatment,с учётом цензуры,0.8134306482930052,0.7684656669154615,0.23153433308453822
Admission→Treatment,с учётом цензуры,0.8272176084335645,0.7722499122798595,0.22775008772014044
Admission→Treatment,с учётом цензуры,0.841004568574124,0.7759586325498968,0.2240413674501027
Admission→Treatment,с учётом цензуры,0.8547915287146833,0.7795938601209991,0.2204061398790006
Admission→Treatment,с учётом цензуры,0.8685784888552428,0.783157549481473,0.21684245051852666
Admission→Treatment,с учётом цензуры,0.8823654489958022,0.7866515813424946,0.21334841865750506
Admission→Treatment,с учётом цензуры,0.8961524091363615,0.7900777664855211,0.2099222335144787
Admission→Treatment,с учётом цензуры,0.909939369276921,0.7934378493506639,0.2065621506493358
Admission→Treatment,с учётом цензуры,0.9237263294174803,0.7967335113872622,0.2032664886127371
Admission→Treatment,с учётом цензуры,0.9375132895580398,0.7999663741858584,0.2000336258141411
Admission→Treatment,с учётом цензуры,0.9513002496985992,0.8031380024089538,0.1968619975910455
Admission→Treatment,с учётом цензуры,0.9650872098391586,0.8062499065363227,0.19375009346367694
Admission→Treatment,с учётом цензуры,0.978874169979718,0.8093035454391863,0.1906964545608134
Admission→Treatment,с учётом цензуры,0.9926611301202775,0.8123003287962818,0.1876996712037179
Admission→Treatment,с учётом цензуры,1.0064480902608368,0.8152416193636761,0.18475838063632363
Admission→Treatment,с учётом цензуры,1.0202350504013962,0.8181287351091434,0.1818712648908561
Admission→Treatment,с учётом цензуры,1.0340220105419557,0.8209629512209851,0.1790370487790145
Admission→Treatment,с учётом цензуры,1.047808970682515,0.8237455020003176,0.17625449799968188
Admission→Treatment,с учётом цензуры,1.0615959308230745,0.8264775826451035,0.17352241735489615
Admission→Treatment,с учётом цензуры,1.0753828909636338,0.8291603509334974,0.17083964906650229
Admission→Treatment,с учётом цензуры,1.0891698511041934,0.8317949288134683,0.16820507118653133
Admission→Treatment,с учётом цензуры,1.1029568112447528,0.834382403905083,0.16561759609491664
Admission→Treatment,с учётом цензуры,1.1167437713853121,0.8369238309213336,0.16307616907866573
Admission→Treatment,с учётом цензуры,1.1305307315258715,0.8394202330129187,0.16057976698708107
Admission→Treatment,с учётом цензуры,1.1443176916664308,0.8418726030419653,0.15812739695803427
Admission→Treatment,с учётом цензуры,1.1581046518069904,0.8442819047893039,0.15571809521069552
Admission→Treatment,с учётом цензуры,1.1718916119475498,0.8466490740995386,0.153350925900461
Admission→Treatment,с учётом цензуры,1.1856785720881091,0.8489750199678514,0.15102498003214868
Admission→Treatment,с учётом цензуры,1.1994655322286685,0.8512606255721765,0.1487393744278226
Admission→Treatment,с учётом цензуры,1.213252492369228,0.8535067492541245,0.14649325074587488
Admission→Treatment,с учётом цензуры,1.2270394525097874,0.8557142254517607,0.14428577454823932
Admission→Treatment,с учётом цензуры,1.2408264126503468,0.8578838655871674,0.1421161344128326
Admission→Treatment,с учётом цензуры,1.2546133727909061,0.8600164589114643,0.13998354108853567
Admission→Treatment,с учётом цензуры,1.2684003329314657,0.8621127733098009,0.1378872266901992
Admission→Treatment,с учётом цензуры,1.282187293072025,0.8641735560686468,0.1358264439313533
Admission→Treatment,с учётом цензуры,1.2959742532125844,0.8661995346075589,0.1338004653924411
Admission→Treatment,с учётом цензуры,1.3097612133531438,0.868191417177441,0.131808582822559
Admission→Treatment,с учётом цензуры,1.3235481734937031,0.8701498935271865,0.12985010647281345
Admission→Treatment,с учётом цензуры,1.3373351336342627,0.8720756355404653,0.12792436445953467
Admission→Treatment,с учётом цензуры,1.351122093774822,0.8739692978443008,0.12603070215569923
Admission→Treatment,с учётом цензуры,1.3649090539153814,0.8758315183909735,0.1241684816090265
Admission→Treatment,с учётом цензуры,1.3786960140559408,0.8776629190146936,0.12233708098530643
Admission→Treatment,с учётом цензуры,1.3924829741965004,0.8794641059643831,0.12053589403561689
Admission→Treatment,с учётом цензуры,1.4062699343370597,0.881235670413841,0.11876432958615903
Admission→Treatment,с учётом цензуры,1.420056894477619,0.8829781889504617,0.11702181104953832
Admission→Treatment,с учётом цензуры,1.4338438546181784,0.8846922240436261,0.11530777595637386
Admission→Treatment,с учётом цензуры,1.447630814758738,0.886378324493806,0.11362167550619393
Admission→Treatment,с учётом цензуры,1.4614177748992974,0.8880370258633493,0.11196297413665068
Admission→Treatment,с учётом цензуры,1.4752047350398567,0.8896688508898857,0.11033114911011432
Admission→Treatment,с учётом цензуры,1.488991695180416,0.8912743098832001,0.1087256901167999
Admission→Treatment,с учётом цензуры,1.5027786553209757,0.8928539011063994,0.10714609889360062
Admission→Treatment,с учётом цензуры,1.516565615461535,0.8944081111421295,0.10559188885787052
Admission→Treatment,с учётом цензуры,1.5303525756020944,0.8959374152445729,0.10406258475542704
Admission→Treatment,с учётом цензуры,1.5441395357426537,0.8974422776779037,0.10255772232209623
Admission→Treatment,с учётом цензуры,1.557926495883213,0.8989231520418439,0.10107684795815614
Admission→Treatment,с учётом цензуры,1.5717134560237727,0.9003804815849255,0.09961951841507452
Admission→Treatment,с учётом цензуры,1.585500416164332,0.9018146995060264,0.09818530049397356
Admission→Treatment,с учётом цензуры,1.5992873763048914,0.903226229244735,0.09677377075526508
Admission→Treatment,с учётом цензуры,1.6130743364454507,0.9046154847610334,0.09538451523896661
Admission→Treatment,с учётом цензуры,1.6268612965860103,0.9059828708048029,0.09401712919519715
Admission→Treatment,с учётом цензуры,1.6406482567265697,0.9073287831755977,0.09267121682440228
Admission→Treatment,с учётом цензуры,1.654435216867129,0.9086536089731142,0.0913463910268858
Admission→Treatment,с учётом цензуры,1.6682221770076884,0.9099577268387853,0.09004227316121467
Admission→Treatment,с учётом цензуры,1.682009137148248,0.9112415071888702,0.08875849281112981
Admission→Treatment,с учётом цензуры,1.6957960972888073,0.9125053124394134,0.08749468756058668
Admission→Treatment,с учётом цензуры,1.7095830574293667,0.9137494972234228,0.0862505027765772
Admission→Treatment,с учётом цензуры,1.723370017569926,0.914974408600605,0.08502559139939503
Admission→Treatment,с учётом цензуры,1.7371569777104856,0.916180386259956,0.08381961374004401
Admission→Treatment,с учётом цензуры,1.750943937851045,0.9173677627155253,0.08263223728447462
Admission→Treatment,с учётом цензуры,1.7647308979916043,0.918536863495621,0.08146313650437897
Admission→Treatment,с учётом цензуры,1.7785178581321637,0.9196880073257391,0.08031199267426097
Admission→Treatment,с учётом цензуры,1.792304818272723,0.9208215063054632,0.07917849369453678
Admission→Treatment,с учётом цензуры,1.8060917784132826,0.9219376660795849,0.07806233392041505
Admission→Treatment,с учётом цензуры,1.819878738553842,0.9230367860036772,0.0769632139963228
Admission→Treatment,с учётом цензуры,1.8336656986944013,0.9241191593043374,0.07588084069566253
Admission→Treatment,с учётом цензуры,1.8474526588349607,0.9251850732343166,0.07481492676568333
Admission→Treatment,с учётом цензуры,1.8612396189755203,0.9262348092227317,0.0737651907772683
Admission→Treatment,с учётом цензуры,1.8750265791160796,0.9272686430205546,0.07273135697944547
Admission→Treatment,с учётом цензуры,1.888813539256639,0.9282868448415583,0.07171315515844165
Admission→Treatment,с учётом цензуры,1.9026004993971983,0.9292896794988971,0.07071032050110289
Admission→Treatment,с учётом цензуры,1.916387459537758,0.9302774065374857,0.06972259346251426
Admission→Treatment,с учётом цензуры,1.9301744196783173,0.9312502803623341,0.0687497196376659
Admission→Treatment,с учётом цензуры,1.9439613798188766,0.9322085503629929,0.06779144963700717
Admission→Treatment,с учётом цензуры,1.957748339959436,0.9331524610342533,0.06684753896574668
Admission→Treatment,с учётом цензуры,1.9715353000999956,0.9340822520932365,0.06591774790676348
Admission→Treatment,с учётом цензуры,1.985322260240555,0.9349981585930105,0.06500184140698946
Admission→Treatment,с учётом цензуры,1.9991092203811143,0.935900411032856,0.06409958896714392
Admission→Treatment,с учётом цензуры,2.0128961805216736,0.9367892354653046,0.06321076453469542
Admission→Treatment,с учётом цензуры,2.026683140662233,0.9376648536000649,0.06233514639993506
Admission→Treatment,с учётом цензуры,2.0404701008027923,0.9385274829049475,0.06147251709505255
Admission→Treatment,с учётом цензуры,2.054257060943352,0.939377336703893,0.06062266329610702
Admission→Treatment,с учётом цензуры,2.0680440210839115,0.9402146242722081,0.0597853757277919
Admission→Treatment,с учётом цензуры,2.0818309812244706,0.9410395509291051,0.05896044907089492
Admission→Treatment,с учётом цензуры,2.09561794136503,0.9418523181276374,0.058147681872362626
Admission→Treatment,с учётом цензуры,2.1094049015055893,0.9426531235421219,0.0573468764578781
Admission→Treatment,с учётом цензуры,2.123191861646149,0.9434421611531344,0.05655783884686563
Admission→Treatment,с учётом цензуры,2.1369788217867085,0.9442196213301594,0.05578037866984069
Admission→Treatment,с учётом цензуры,2.1507657819272676,0.9449856909119728,0.05501430908802716
Admission→Treatment,с учётом цензуры,2.164552742067827,0.9457405532848355,0.05425944671516448
Admission→Treatment,с учётом цензуры,2.178339702208387,0.9464843884585679,0.053515611541432154
Admission→Treatment,с учётом цензуры,2.192126662348946,0.9472173731405775,0.05278262685942244
Admission→Treatment,с учётом цензуры,2.2059136224895055,0.9479396808079057,0.05206031919209431
Admission→Treatment,с учётом цензуры,2.2197005826300646,0.9486514817773585,0.051348518222641505
Admission→Treatment,с учётом цензуры,2.2334875427706242,0.949352943273783,0.05064705672621705
Admission→Treatment,с учётом цензуры,2.247274502911184,0.9500442294965499,0.049955770503450084
Admission→Treatment,с учётом цензуры,2.261061463051743,0.9507255016842985,0.04927449831570152
Admission→Treatment,с учётом цензуры,2.2748484231923025,0.9513969181780001,0.04860308182199987
Admission→Treatment,с учётом цензуры,2.2886353833328617,0.9520586344823929,0.0479413655176071
Admission→Treatment,с учётом цензуры,2.3024223434734212,0.9527108033258384,0.047289196674161635
Admission→Treatment,с учётом цензуры,2.316209303613981,0.9533535747186496,0.04664642528135047
Admission→Treatment,с учётом цензуры,2.32999626375454,0.9539870960099384,0.04601290399006168
Admission→Treatment,с учётом цензуры,2.3437832238950995,0.9546115119430274,0.04538848805697254
Admission→Treatment,с учётом цензуры,2.357570184035659,0.9552269647094694,0.04477303529053056
Admission→Treatment,с учётом цензуры,2.3713571441762182,0.9558335940017174,0.0441664059982826
Admission→Treatment,с учётом цензуры,2.385144104316778,0.9564315370644875,0.04356846293551252
Admission→Treatment,с учётом цензуры,2.398931064457337,0.9570209287448506,0.04297907125514942
Admission→Treatment,с учётом цензуры,2.4127180245978965,0.957601901541095,0.04239809845890494
Admission→Treatment,с учётом цензуры,2.426504984738456,0.9581745856503923,0.041825414349607765
Admission→Treatment,с учётом цензуры,2.4402919448790152,0.9587391090153041,0.04126089098469587
Admission→Treatment,с учётом цензуры,2.454078905019575,0.9592955973691653,0.040704402630834774
Admission→Treatment,с учётом цензуры,2.467865865160134,0.9598441742803717,0.040155825719628294
Admission→Treatment,с учётом цензуры,2.4816528253006935,0.9603849611956093,0.039615038804390705
Admission→Treatment,с учётом цензуры,2.495439785441253,0.9609180774820519,0.03908192251794803
Admission→Treatment,с учётом цензуры,2.5092267455818122,0.9614436404685586,0.038556359531441466
Admission→Treatment,с учётом цензуры,2.523013705722372,0.9619617654858988,0.03803823451410111
Admission→Treatment,с учётом цензуры,2.5368006658629314,0.9624725659060331,0.03752743409396689
Admission→Treatment,с учётом цензуры,2.5505876260034905,0.9629761531804756,0.037023846819524385
Admission→Treatment,с учётом цензуры,2.56437458614405,0.9634726368777644,0.036527363122235625
Admission→Treatment,с учётом цензуры,2.5781615462846093,0.9639621247200653,0.03603787527993471
Admission→Treatment,с учётом цензуры,2.591948506425169,0.9644447226189315,0.03555527738106845
Admission→Treatment,с учётом цензуры,2.6057354665657284,0.9649205347102436,0.0350794652897564
Admission→Treatment,с учётом цензуры,2.6195224267062875,0.9653896633883526,0.034610336611647356
Admission→Treatment,с учётом цензуры,2.633309386846847,0.9658522093394474,0.03414779066055261
Admission→Treatment,с учётом цензуры,2.6470963469874063,0.9663082715741662,0.03369172842583384
Admission→Treatment,с учётом цензуры,2.660883307127966,0.966757947459476,0.033242052540524
Admission→Treatment,с учётом цензуры,2.6746702672685254,0.9672013327498367,0.032798667250163366
Admission→Treatment,с учётом цензуры,2.6884572274090845,0.9676385216176691,0.032361478382330985
Admission→Treatment,с учётом цензуры,2.702244187549644,0.9680696066831472,0.03193039331685277
Admission→Treatment,с учётом цензуры,2.7160311476902037,0.968494679043332,0.03150532095666799
Admission→Treatment,с учётом цензуры,2.729818107830763,0.9689138283006621,0.031086171699337924
Admission→Treatment,с учётом цензуры,2.7436050679713224,0.9693271425908213,0.030672857409178727
Admission→Treatment,с учётом цензуры,2.7573920281118816,0.9697347086099968,0.030265291390003272
Admission→Treatment,с учётом цензуры,2.771178988252441,0.9701366116415452,0.029863388358454777
Admission→Treatment,с учётом цензуры,2.7849659483930007,0.9705329355820819,0.029467064417918146
Admission→Treatment,с учётом цензуры,2.79875290853356,0.970923762967006,0.029076237032993946
Admission→Treatment,с учётом цензуры,2.8125398686741194,0.9713091749954798,0.028690825004520294
Admission→Treatment,с учётом цензуры,2.826326828814679,0.9716892515548713,0.0283107484451287
Admission→Treatment,с учётом цензуры,2.840113788955238,0.9720640712446796,0.02793592875532033
Admission→Treatment,с учётом цензуры,2.8539007490957977,0.9724337113999495,0.027566288600050493
Admission→Treatment,с учётом цензуры,2.867687709236357,0.9727982481141929,0.02720175188580704
Admission→Treatment,с учётом цензуры,2.8814746693769164,0.9731577562618283,0.026842243738171657
Admission→Treatment,с учётом цензуры,2.895261629517476,0.9735123095201489,0.02648769047985112
Admission→Treatment,с учётом цензуры,2.909048589658035,0.9738619803908326,0.02613801960916742
Admission→Treatment,с учётом цензуры,2.9228355497985947,0.9742068402210045,0.025793159778995493
Admission→Treatment,с учётом цензуры,2.936622509939154,0.9745469592238626,0.02545304077613738
Admission→Treatment,с учётом цензуры,2.9504094700797134,0.9748824064988783,0.025117593501121742
Admission→Treatment,с учётом цензуры,2.964196430220273,0.9752132500515804,0.024786749948419597
Admission→Treatment,с учётом цензуры,2.977983390360832,0.9755395568129355,0.02446044318706455
Admission→Treatment,с учётом цензуры,2.9917703505013917,0.9758613926583306,0.02413860734166941
Admission→Treatment,с учётом цензуры,3.0055573106419513,0.9761788224261713,0.023821177573828782
Admission→Treatment,с учётом цензуры,3.0193442707825104,0.976491909936102,0.023508090063898018
Admission→Treatment,с учётом цензуры,3.03313123092307,0.9768007180068587,0.02319928199314122
Admission→Treatment,с учётом цензуры,3.046918191063629,0.9771053084737628,0.02289469152623719
Admission→Treatment,с учётом цензуры,3.0607051512041887,0.9774057422058626,0.02259425779413735
Admission→Treatment,с учётом цензуры,3.0744921113447483,0.9777020791227347,0.022297920877265308
Admission→Treatment,с учётом цензуры,3.0882790714853074,0.9779943782109481,0.022005621789051855
Admission→Treatment,с учётом цензуры,3.102066031625867,0.9782826975402045,0.02171730245979552
Admission→Treatment,с учётом цензуры,3.115852991766426,0.9785670942791564,0.021432905720843595
Admission→Treatment,с учётом цензуры,3.1296399519069857,0.9788476247109158,0.021152375289084206
Admission→Treatment,с учётом цензуры,3.1434269120475453,0.9791243442482571,0.020875655751742883
Admission→Treatment,с учётом цензуры,3.1572138721881045,0.9793973074485222,0.020602692551477876
Admission→Treatment,с учётом цензуры,3.171000832328664,0.9796665680282353,0.02033343197176475
Admission→Treatment,с учётом цензуры,3.1847877924692236,0.9799321788774333,0.02006782112256666
Admission→Treatment,с учётом цензуры,3.1985747526097827,0.9801941920737182,0.019805807926281824
Admission→Treatment,с учётом цензуры,3.2123617127503423,0.9804526588960375,0.01954734110396247
Admission→Treatment,с учётом цензуры,3.2261486728909015,0.9807076298382003,0.019292370161799743
Admission→Treatment,с учётом цензуры,3.239935633031461,0.9809591546221323,0.01904084537786771
Admission→Treatment,с учётом цензуры,3.2537225931720206,0.9812072822108785,0.018792717789121487
Admission→Treatment,с учётом цензуры,3.2675095533125798,0.9814520608213568,0.01854793917864321
Admission→Treatment,с учётом цензуры,3.2812965134531393,0.9816935379368691,0.018306462063130902
Admission→Treatment,с учётом цензуры,3.295083473593699,0.9819317603193755,0.01806823968062457
Admission→Treatment,с учётом цензуры,3.308870433734258,0.9821667740215356,0.017833225978464352
Admission→Treatment,с учётом цензуры,3.3226573938748176,0.9823986243985243,0.01760137560147565
Admission→Treatment,с учётом цензуры,3.3364443540153768,0.9826273561196232,0.017372643880376834
Admission→Treatment,с учётом цензуры,3.3502313141559363,0.9828530131795966,0.017146986820403377
Admission→Treatment,с учётом цензуры,3.364018274296496,0.9830756389098545,0.0169243610901455
Admission→Treatment,с учётом цензуры,3.377805234437055,0.983295275989407,0.016704724010593
Admission→Treatment,с учётом цензуры,3.3915921945776146,0.9835119664556158,0.01648803354438424
Admission→Treatment,с учётом цензуры,3.4053791547181738,0.983725751714746,0.016274248285254013
Admission→Treatment,с учётом цензуры,3.4191661148587333,0.9839366725523236,0.016063327447676305
Admission→Treatment,с учётом цензуры,3.432953074999293,0.9841447691433017,0.015855230856698273
Admission→Treatment,с учётом цензуры,3.446740035139852,0.9843500810620396,0.01564991893796039
Admission→Treatment,с учётом цензуры,3.4605269952804116,0.9845526472921,0.01544735270789994
Admission→Treatment,с учётом цензуры,3.474313955420971,0.9847525062358667,0.01524749376413322
Admission→Treatment,с учётом цензуры,3.4881009155615303,0.9849496957239868,0.015050304276013218
Admission→Treatment,с учётом цензуры,3.50188787570209,0.9851442530246415,0.014855746975358523
Admission→Treatment,с учётом цензуры,3.515674835842649,0.9853362148526493,0.0146637851473507
Admission→Treatment,с учётом цензуры,3.5294617959832086,0.9855256173784043,0.014474382621595769
Admission→Treatment,с учётом цензуры,3.543248756123768,0.9857124962366527,0.014287503763347307
Admission→Treatment,с учётом цензуры,3.5570357162643274,0.9858968865351131,0.014103113464886888
Admission→Treatment,с учётом цензуры,3.570822676404887,0.9860788228629407,0.013921177137059355
Admission→Treatment,с учётом цензуры,3.584609636545446,0.9862583392990403,0.013741660700959694
Admission→Treatment,с учётом цензуры,3.5983965966860056,0.9864354694202322,0.01356453057976777
Admission→Treatment,с учётом цензуры,3.6121835568265652,0.9866102463092712,0.013389753690728843
Admission→Treatment,с учётом цензуры,3.6259705169671244,0.9867827025627238,0.013217297437276225
Admission→Treatment,с учётом цензуры,3.639757477107684,0.9869528702987064,0.013047129701293627
Admission→Treatment,с учётом цензуры,3.6535444372482435,0.9871207811644862,0.012879218835513783
Admission→Treatment,с учётом цензуры,3.6673313973888026,0.9872864663439483,0.012713533656051667
Admission→Treatment,с учётом цензуры,3.6811183575293622,0.9874499565649316,0.012550043435068431
Admission→Treatment,с учётом цензуры,3.6949053176699214,0.9876112821064357,0.012388717893564315
Admission→Treatment,с учётом цензуры,3.708692277810481,0.9877704728057025,0.012229527194297493
Admission→Treatment,с учётом цензуры,3.7224792379510405,0.9879275580651733,0.012072441934826676
Admission→Treatment,с учётом цензуры,3.7362661980915997,0.9880825668593254,0.011917433140674666
Admission→Treatment,с учётом цензуры,3.7500531582321592,0.9882355277413891,0.011764472258610919
Admission→Treatment,с учётом цензуры,3.7638401183727184,0.9883864688499496,0.011613531150050394
Admission→Treatment,с учётом цензуры,3.777627078513278,0.9885354179154334,0.011464582084566551
Admission→Treatment,с учётом цензуры,3.7914140386538375,0.9886824022664836,0.011317597733516363
Admission→Treatment,с учётом цензуры,3.8052009987943967,0.988827448836225,0.01117255116377507
Admission→Treatment,с учётом цензуры,3.8189879589349562,0.9889705841684214,0.011029415831578553
Admission→Treatment,с учётом цензуры,3.832774919075516,0.9891118344235289,0.010888165576471097
Admission→Treatment,с учётом цензуры,3.846561879216075,0.989251225384643,0.010748774615356962
Admission→Treatment,с учётом цензуры,3.8603488393566345,0.9893887824633469,0.010611217536653079
Admission→Treatment,с учётом цензуры,3.8741357994971937,0.9895245307054583,0.010475469294541696
Admission→Treatment,с учётом цензуры,3.8879227596377532,0.9896584947966796,0.010341505203320412
Admission→Treatment,с учётом цензуры,3.901709719778313,0.989790699068152,0.01020930093184806
Admission→Treatment,с учётом цензуры,3.915496679918872,0.9899211675019154,0.01007883249808459
Admission→Treatment,с учётом цензуры,3.9292836400594315,0.9900499237362768,0.00995007626372325
Admission→Treatment,с учётом цензуры,3.943070600199991,0.990176991071087,0.009823008928912923
Admission→Treatment,с учётом цензуры,3.9568575603405503,0.9903023924729306,0.009697607527069425
Admission→Treatment,с учётом цензуры,3.97064452048111,0.9904261505802262,0.009573849419773822
Admission→Treatment,с учётом цензуры,3.984431480621669,0.9905482877082439,0.009451712291756167
Admission→Treatment,с учётом цензуры,3.9982184407622285,0.990668825854037,0.009331174145963
Admission→Treatment,с учётом цензуры,4.012005400902788,0.9907877867012929,0.009212213298707167
Admission→Treatment,с учётом цензуры,4.025792361043347,0.9909051916251016,0.009094808374898438
Admission→Treatment,с учётом цензуры,4.039579321183907,0.9910210616966468,0.008978938303353185
Admission→Treatment,с учётом цензуры,4.053366281324466,0.9911354176878181,0.008864582312181932
Admission→Treatment,с учётом цензуры,4.067153241465026,0.9912482800757467,0.008751719924253306
Admission→Treatment,с учётом цензуры,4.080940201605585,0.9913596690472674,0.008640330952732627
Admission→Treatment,с учётом цензуры,4.094727161746144,0.9914696045033056,0.008530395496694404
Admission→Treatment,с учётом цензуры,4.108514121886704,0.9915781060631933,0.008421893936806701
Admission→Treatment,с учётом цензуры,4.122301082027263,0.9916851930689135,0.008314806931086584
Examination→Admission,наивная MLE,0.0,0.0,1.0
Examination→Admission,наивная MLE,0.05452665312952671,0.14951300385975835,0.8504869961402417
Examination→Admission,наивная MLE,0.10905330625905342,0.2658091055782278,0.7341908944217722
Examination→Admission,наивная MLE,0.16357995938858014,0.35050552798482115,0.6494944720151788
Examination→Admission,наивная MLE,0.21810661251810684,0.41583857299599714,0.5841614270040029
Examination→Admission,наивная MLE,0.27263326564763357,0.46827807165245006,0.5317219283475499
Examination→Admission,наивная MLE,0.3271599187771603,0.5115799216702034,0.48842007832979667
Examination→Admission,наивная MLE,0.381686571906687,0.5481052691974762,0.45189473080252385
Examination→Admission,наивная MLE,0.4362132250362137,0.5794300319999932,0.4205699680000068
Examination→Admission,наивная MLE,0.4907398781657404,0.6066553959561062,0.3933446040438938
Examination→Admission,наивная MLE,0.5452665312952671,0.6305791319980835,0.36942086800191654
Examination→Admission,наивная MLE,0.5997931844247938,0.6517963157398741,0.348203684260126
Examination→Admission,наивная MLE,0.6543198375543205,0.6707616481995528,0.32923835180044725
Examination→Admission,наивная MLE,0.7088464906838472,0.6878296681975733,0.31217033180242665
Examination→Admission,наивная MLE,0.763373143813374,0.7032816229538313,0.29671837704616866
Examination→Admission,наивная MLE,0.8178997969429006,0.717343963228972,0.282656036771028
Examination→Admission,наивная MLE,0.8724264500724274,0.7302014012169027,0.26979859878309725
Examination→Admission,наивная MLE,0.9269531032019541,0.7420063351354997,0.25799366486450026
Examination→Admission,наивная MLE,0.9814797563314808,0.7528857841194099,0.24711421588059013
Examination→Admission,наивная MLE,1.0360064094610075,0.7629465789534116,0.2370534210465885
Examination→Admission,наивная MLE,1.0905330625905343,0.7722793067937366,0.22772069320626342
Examination→Admission,наивная MLE,1.1450597157200608,0.7809613500792529,0.219038649920747
Examination→Admission,наивная MLE,1.1995863688495876,0.7890592565505585,0.21094074344944153
Examination→Admission,наивная MLE,1.2541130219791143,0.7966306082913726,0.2033693917086274
Examination→Admission,наивная MLE,1.308639675108641,0.803725510706069,0.19627448929393104
Examination→Admission,наивная MLE,1.3631663282381679,0.8103877897685186,0.1896122102314814
Examination→Admission,наивная MLE,1.4176929813676944,0.8166559629328403,0.1833440370671598
Examination→Admission,наивная MLE,1.4722196344972212,0.8225640327002144,0.1774359672997856
Examination→Admission,наивная MLE,1.526746287626748,0.8281421399612621,0.171857860038738
Examination→Admission,наивная MLE,1.5812729407562747,0.8334171055270924,0.16658289447290764
Examination→Admission,наивная MLE,1.6357995938858012,0.8384128818056557,0.16158711819434435
Examination→Admission,наивная MLE,1.690326247015328,0.8431509317412812,0.1568490682587188
Examination→Admission,наивная MLE,1.7448529001448547,0.8476505484731931,0.1523494515268069
Examination→Admission,наивная MLE,1.7993795532743815,0.8519291263717674,0.1480708736282325
Examination→Admission,наивная MLE,1.8539062064039082,0.8560023919566666,0.1439976080433334
Examination→Admission,наивная MLE,1.9084328595334348,0.8598846015278638,0.14011539847213617
Examination→Admission,наивная MLE,1.9629595126629615,0.8635887110315692,0.13641128896843074
Examination→Admission,наивная MLE,2.017486165792488,0.8671265226516653,0.13287347734833466
Examination→Admission,наивная MLE,2.072012818922015,0.870508811799168,0.1294911882008321
Examination→Admission,наивная MLE,2.1265394720515416,0.8737454375192288,0.12625456248077116
Examination→Admission,наивная MLE,2.1810661251810686,0.8768454388108744,0.12315456118912566
Examination→Admission,наивная MLE,2.235592778310595,0.8798171189312851,0.12018288106871489
Examination→Admission,наивная MLE,2.2901194314401216,0.8826681194127167,0.11733188058728328
Examination→Admission,наивная MLE,2.3446460845696486,0.8854054852397135,0.11459451476028643
Examination→Admission,наивная MLE,2.399172737699175,0.8880357224043354,0.11196427759566457
Examination→Admission,наивная MLE,2.453699390828702,0.8905648488677271,0.10943515113227292
Examination→Admission,наивная MLE,2.5082260439582287,0.892998439799685,0.10700156020031504
Examination→Admission,наивная MLE,2.562752697087755,0.8953416678377168,0.1046583321622831
Examination→Admission,наивная MLE,2.617279350217282,0.8975993389985252,0.10240066100147482
Examination→Admission,наивная MLE,2.6718060033468087,0.8997759247839487,0.1002240752160512
Examination→Admission,наивная MLE,2.7263326564763357,0.9018755909470167,0.09812440905298325
Examination→Admission,наивная MLE,2.7808593096058623,0.9039022233193479,0.09609777668065206
Examination→Admission,наивная MLE,2.835385962735389,0.9058594510466301,0.09414054895336987
Examination→Admission,наивная MLE,2.8899126158649158,0.9077506675326426,0.09224933246735739
Examination→Admission,наивная MLE,2.9444392689944423,0.9095790493528908,0.09042095064710926
Examination→Admission,наивная MLE,2.998965922123969,0.9113475733652685,0.08865242663473144
Examination→Admission,наивная MLE,3.053492575253496,0.9130590322163474,0.08694096778365257
Examination→Admission,наивная MLE,3.1080192283830224,0.9147160484171342,0.08528395158286589
Examination→Admission,наивная MLE,3.1625458815125493,0.9163210871408191,0.08367891285918094
Examination→Admission,наивная MLE,3.217072534642076,0.9178764678766338,0.08212353212336615
Examination→Admission,наивная MLE,3.2715991877716024,0.9193843750579982,0.08061562494200175
Examination→Admission,наивная MLE,3.3261258409011294,0.9208468677693171,0.07915313223068293
Examination→Admission,наивная MLE,3.380652494030656,0.9222658886237621,0.07773411137623784
Examination→Admission,наивная MLE,3.435179147160183,0.9236432718938977,0.07635672810610232
Examination→Admission,наивная MLE,3.4897058002897094,0.9249807509678493,0.07501924903215078
Examination→Admission,наивная MLE,3.544232453419236,0.9262799651957092,0.07372003480429082
Examination→Admission,наивная MLE,3.598759106548763,0.9275424661838387,0.07245753381616128
Examination→Admission,наивная MLE,3.6532857596782895,0.9287697235885513,0.07123027641144875
Examination→Admission,наивная MLE,3.7078124128078165,0.9299631304552227,0.07003686954477732
Examination→Admission,наивная MLE,3.762339065937343,0.9311240081440753,0.06887599185592472
Examination→Admission,наивная MLE,3.8168657190668696,0.9322536108796401,0.06774638912035987
Examination→Admission,наивная MLE,3.8713923721963965,0.9333531299571511,0.06664687004284886
Examination→Admission,наивная MLE,3.925919025325923,0.9344236976357909,0.06557630236420912
Examination→Admission,наивная MLE,3.98044567845545,0.935466390745753,0.06453360925424703
Examination→Admission,наивная MLE,4.034972331584976,0.9364822340334533,0.06351776596654672
Examination→Admission,наивная MLE,4.089498984714504,0.9374722032668773,0.06252779673312266
Examination→Admission,наивная MLE,4.14402563784403,0.9384372281209588,0.061562771879041196
Examination→Admission,наивная MLE,4.198552290973557,0.9393781948610125,0.06062180513898752
Examination→Admission,наивная MLE,4.253078944103083,0.9402959488405727,0.059704051159427285
Examination→Admission,наивная MLE,4.30760559723261,0.9411912968284845,0.05880870317151551
Examination→Admission,наивная MLE,4.362132250362137,0.9420650091787514,0.057934990821248665
Examination→Admission,наивная MLE,4.416658903491664,0.9429178218554297,0.05708217814457029
Examination→Admission,наивная MLE,4.47118555662119,0.9437504383237734,0.05624956167622665
Examination→Admission,наивная MLE,4.525712209750717,0.9445635313178466,0.055436468682153385
Examination→Admission,наивная MLE,4.580238862880243,0.9453577444939429,0.054642255506057114
Examination→Admission,наивная MLE,4.634765516009771,0.9461336939783425,0.053866306021657595
Examination→Admission,наивная MLE,4.689292169139297,0.9468919698172203,0.053108030182779674
Examination→Admission,наивная MLE,4.743818822268824,0.947633137335863,0.052366862664136996
Examination→Admission,наивная MLE,4.79834547539835,0.9483577384137539,0.051642261586246095
Examination→Admission,наивная MLE,4.852872128527877,0.9490662926815544,0.05093370731844563
Examination→Admission,наивная MLE,4.907398781657404,0.9497592986455141,0.05024070135448584
Examination→Admission,наивная MLE,4.961925434786931,0.9504372347444014,0.04956276525559859
Examination→Admission,наивная MLE,5.016452087916457,0.9511005603436374,0.04889943965636259
Examination→Admission,наивная MLE,5.070978741045984,0.9517497166709532,0.04825028332904675
Examination→Admission,наивная MLE,5.12550539417551,0.952385127697546,0.047614872302454
Examination→Admission,наивная MLE,5.180032047305038,0.9530072009684093,0.04699279903159073
Examination→Admission,наивная MLE,5.234558700434564,0.9536163283852281,0.04638367161477191
Examination→Admission,наивная MLE,5.289085353564091,0.9542128869449742,0.045787113055025835
Examination→Admission,наивная MLE,5.3436120066936175,0.9547972394371008,0.045202760562899215
Examination→Admission,наивная MLE,5.398138659823144,0.9553697351020226,0.044630264897977404
Examination→Admission,наивная MLE,5.452665312952671,0.955930710253367,0.04406928974663305
Examination→Admission,наивная MLE,5.507191966082198,0.9564804888663027,0.04351951113369729
Examination→Admission,наивная MLE,5.5617186192117245,0.9570193831340861,0.04298061686591392
Examination→Admission,наивная MLE,5.616245272341251,0.9575476939948098,0.04245230600519021
Examination→Admission,наивная MLE,5.670771925470778,0.9580657116302008,0.04193428836979921
Examination→Admission,наивная MLE,5.725298578600305,0.9585737159381824,0.0414262840618176
Examination→Admission,наивная MLE,5.7798252317298315,0.9590719769807975,0.04092802301920256
Examination→Admission,наивная MLE,5.834351884859358,0.959560755408978,0.04043924459102196
Examination→Admission,наивная MLE,5.888878537988885,0.9600403028655471,0.039959697134452875
Examination→Admission,наивная MLE,5.943405191118411,0.9605108623677411,0.03948913763225893
Examination→Admission,наивная MLE,5.997931844247938,0.9609726686704586,0.03902733132954135
Examination→Admission,наивная MLE,6.052458497377465,0.9614259486113582,0.03857405138864177
Examination→Admission,наивная MLE,6.106985150506992,0.9618709214388534,0.03812907856114661
Examination→Admission,наивная MLE,6.161511803636518,0.962307799123987,0.03769220087601305
Examination→Admission,наивная MLE,6.216038456766045,0.9627367866570998,0.037263213342900205
Examination→Admission,наивная MLE,6.270565109895571,0.9631580823301521,0.03684191766984794
Examination→Admission,наивная MLE,6.325091763025099,0.9635718780054996,0.03642812199450036
Examination→Admission,наивная MLE,6.379618416154625,0.963978359371877,0.03602164062812298
Examination→Admission,наивная MLE,6.434145069284152,0.9643777061882911,0.03562229381170888
Examination→Admission,наивная MLE,6.488671722413678,0.9647700925164866,0.035229907483513366
Examination→Admission,наивная MLE,6.543198375543205,0.9651556869426018,0.0348443130573982
Examination→Admission,наивная MLE,6.597725028672732,0.9655346527885963,0.0344653472114037
Examination→Admission,наивная MLE,6.652251681802259,0.965907148313997,0.034092851686003005
Examination→Admission,наивная MLE,6.706778334931785,0.9662733269084743,0.03372667309152569
Examination→Admission,наивная MLE,6.761304988061312,0.9666333372757312,0.03336666272426883
Examination→Admission,наивная MLE,6.815831641190838,0.9669873236091577,0.03301267639084224
Examination→Admission,наивная MLE,6.870358294320366,0.9673354257596787,0.03266457424032135
Examination→Admission,наивная MLE,6.924884947449892,0.9676777793961934,0.03232222060380661
Examination→Admission,наивная MLE,6.979411600579419,0.9680145161589886,0.031985483841011374
Examination→Admission,наивная MLE,7.033938253708945,0.9683457638064779,0.031654236193522166
Examination→Admission,наивная MLE,7.088464906838472,0.9686716463556043,0.03132835364439565
Examination→Admission,наивная MLE,7.142991559967999,0.9689922842162237,0.031007715783776313
Examination→Admission,наивная MLE,7.197518213097526,0.9693077943197643,0.030692205680235635
Examination→Admission,наивная MLE,7.2520448662270525,0.9696182902424484,0.030381709757551636
Examination→Admission,наивная MLE,7.306571519356579,0.9699238823233373,0.030076117676662743
Examination→Admission,наивная MLE,7.3610981724861055,0.9702246777774558,0.029775322222544146
Examination→Admission,наивная MLE,7.415624825615633,0.9705207808042299,0.029479219195770165
Examination→Admission,наивная MLE,7.4701514787451595,0.9708122926914623,0.029187707308537668
Examination→Admission,наивная MLE,7.524678131874686,0.9710993119150617,0.02890068808493824
Examination→Admission,наивная MLE,7.579204785004213,0.9713819342347211,0.028618065765278936
Examination→Admission,наивная MLE,7.633731438133739,0.9716602527857391,0.02833974721426086
Examination→Admission,наивная MLE,7.6882580912632665,0.9719343581671636,0.028065641832836448
Examination→Admission,наивная MLE,7.742784744392793,0.9722043385264255,0.027795661473574502
Examination→Admission,наивная MLE,7.79731139752232,0.9724702796406282,0.02752972035937181
Examination→Admission,наивная MLE,7.851838050651846,0.9727322649946415,0.027267735005358545
Examination→Admission,наивная MLE,7.906364703781373,0.972990375856148,0.027009624143852048
Examination→Admission,наивная MLE,7.9608913569109,0.9732446913477784,0.02675530865222162
Examination→Admission,наивная MLE,8.015418010040426,0.9734952885164662,0.026504711483533817
Examination→Admission,наивная MLE,8.069944663169952,0.9737422424001457,0.026257757599854242
Examination→Admission,наивная MLE,8.12447131629948,0.9739856260919116,0.02601437390808841
Examination→Admission,наивная MLE,8.178997969429007,0.9742255108017506,0.025774489198249418
Examination→Admission,наивная MLE,8.233524622558534,0.9744619659159527,0.025538034084047364
Examination→Admission,наивная MLE,8.28805127568806,0.9746950590543016,0.0253049409456983
Examination→Admission,наивная MLE,8.342577928817587,0.9749248561251421,0.02507514387485784
Examination→Admission,наивная MLE,8.397104581947113,0.9751514213784122,0.024848578621587875
Examination→Admission,наивная MLE,8.45163123507664,0.9753748174567306,0.02462518254326942
Examination→Admission,наивная MLE,8.506157888206166,0.9755951054446206,0.02440489455537945
Examination→Admission,наивная MLE,8.560684541335693,0.9758123449159473,0.024187655084052767
Examination→Admission,наивная MLE,8.61521119446522,0.9760265939796456,0.023973406020354346
Examination→Admission,наивная MLE,8.669737847594748,0.9762379093238094,0.023762090676190655
Examination→Admission,наивная MLE,8.724264500724274,0.9764463462582076,0.023553653741792368
Examination→Admission,наивная MLE,8.7787911538538,0.9766519587552966,0.023348041244703303
Examination→Admission,наивная MLE,8.833317806983327,0.9768547994897856,0.023145200510214355
Examination→Admission,наивная MLE,8.887844460112854,0.9770549198768167,0.022945080123183307
Examination→Admission,наивная MLE,8.94237111324238,0.9772523701088154,0.02274762989118467
Examination→Admission,наивная MLE,8.996897766371907,0.9774471991910645,0.0225528008089355
Examination→Admission,наивная MLE,9.051424419501434,0.977639454976053,0.022360545023947017
Examination→Admission,наивная MLE,9.10595107263096,0.9778291841966478,0.02217081580335226
Examination→Admission,наивная MLE,9.160477725760487,0.9780164324981362,0.02198356750186381
Examination→Admission,наивная MLE,9.215004378890015,0.9782012444691829,0.02179875553081715
Examination→Admission,наивная MLE,9.269531032019541,0.9783836636717432,0.02161633632825681
Examination→Admission,наивная MLE,9.324057685149068,0.9785637326699752,0.021436267330024846
Examination→Admission,наивная MLE,9.378584338278595,0.9787414930581869,0.021258506941813103
Examination→Admission,наивная MLE,9.433110991408121,0.9789169854878582,0.021083014512141767
Examination→Admission,наивная MLE,9.487637644537648,0.9790902496937711,0.02090975030622887
Examination→Admission,наивная MLE,9.542164297667174,0.9792613245192829,0.020738675480717086
Examination→Admission,наивная MLE,9.5966909507967,0.9794302479407753,0.02056975205922469
Examination→Admission,наивная MLE,9.651217603926227,0.9795970570913096,0.02040294290869041
Examination→Admission,наивная MLE,9.705744257055754,0.9797617882835183,0.02023821171648168
Examination→Admission,наивная MLE,9.76027091018528,0.9799244770317616,0.020075522968238415
Examination→Admission,наивная MLE,9.814797563314809,0.9800851580735755,0.019914841926424474
Examination→Admission,наивная MLE,9.869324216444335,0.9802438653904387,0.01975613460956129
Examination→Admission,наивная MLE,9.923850869573862,0.9804006322278821,0.019599367772117928
Examination→Admission,наивная MLE,9.978377522703388,0.9805554911149658,0.019444508885034253
Examination→Admission,наивная MLE,10.032904175832915,0.9807084738831462,0.019291526116853804
Examination→Admission,наивная MLE,10.087430828962441,0.9808596116845558,0.019140388315444175
Examination→Admission,наивная MLE,10.141957482091968,0.9810089350097155,0.0189910649902845
Examination→Admission,наивная MLE,10.196484135221494,0.9811564737047012,0.0188435262952988
Examination→Admission,наивная MLE,10.25101078835102,0.9813022569877837,0.018697743012216286
Examination→Admission,наивная MLE,10.305537441480547,0.9814463134655599,0.018553686534440107
Examination→Admission,наивная MLE,10.360064094610076,0.9815886711485942,0.018411328851405853
Examination→Admission,наивная MLE,10.414590747739602,0.9817293574665863,0.0182706425334137
Examination→Admission,наивная MLE,10.469117400869129,0.9818683992830836,0.018131600716916465
Examination→Admission,наивная MLE,10.523644053998655,0.9820058229097511,0.017994177090248892
Examination→Admission,наивная MLE,10.578170707128182,0.9821416541202181,0.01785834587978185
Examination→Admission,наивная MLE,10.632697360257708,0.9822759181635123,0.017724081836487646
Examination→Admission,наивная MLE,10.687224013387235,0.9824086397770981,0.017591360222901864
Examination→Admission,наивная MLE,10.741750666516761,0.9825398431995316,0.01746015680046839
Examination→Admission,наивная MLE,10.796277319646288,0.9826695521827453,0.017330447817254714
Examination→Admission,наивная MLE,10.850803972775815,0.9827977900039754,0.017202209996024613
Examination→Admission,наивная MLE,10.905330625905343,0.982924579477343,0.017075420522656932
Examination→Admission,наивная MLE,10.95985727903487,0.9830499429651021,0.016950057034897895
Examination→Admission,наивная MLE,11.014383932164396,0.9831739023885632,0.016826097611436806
Examination→Admission,наивная MLE,11.068910585293922,0.9832964792387063,0.01670352076129368
Examination→Admission,наивная MLE,11.123437238423449,0.9834176945864909,0.016582305413509094
Examination→Admission,наивная MLE,11.177963891552976,0.9835375690928743,0.016462430907125753
Examination→Admission,наивная MLE,11.232490544682502,0.9836561230185473,0.016343876981452708
Examination→Admission,наивная MLE,11.287017197812029,0.9837733762333971,0.016226623766602853
Examination→Admission,наивная MLE,11.341543850941555,0.9838893482257053,0.016110651774294733
Examination→Admission,наивная MLE,11.396070504071082,0.9840040581110897,0.015995941888910327
Examination→Admission,наивная MLE,11.45059715720061,0.9841175246411995,0.01588247535880044
Examination→Admission,наивная MLE,11.505123810330137,0.9842297662121701,0.015770233787829935
Examination→Admission,наивная MLE,11.559650463459663,0.9843408008728451,0.01565919912715488
Examination→Admission,наивная MLE,11.61417711658919,0.9844506463327753,0.01554935366722469
Examination→Admission,наивная MLE,11.668703769718716,0.9845593199699981,0.015440680030001881
Examination→Admission,наивная MLE,11.723230422848243,0.9846668388386075,0.01533316116139249
Examination→Admission,наивная MLE,11.77775707597777,0.9847732196761191,0.015226780323880954
Examination→Admission,наивная MLE,11.832283729107296,0.9848784789106373,0.015121521089362698
Examination→Admission,наивная MLE,11.886810382236822,0.9849826326678315,0.015017367332168541
Examination→Admission,наивная MLE,11.941337035366349,0.9850856967777251,0.014914303222274954
Examination→Admission,наивная MLE,11.995863688495875,0.9851876867813057,0.01481231321869426
Examination→Admission,наивная MLE,12.050390341625404,0.9852886179369603,0.014711382063039699
Examination→Admission,наивная MLE,12.10491699475493,0.9853885052267406,0.014611494773259412
Examination→Admission,наивная MLE,12.159443647884457,0.9854873633624651,0.014512636637534881
Examination→Admission,наивная MLE,12.213970301013983,0.9855852067916616,0.014414793208338337
Examination→Admission,наивная MLE,12.26849695414351,0.9856820497033554,0.014317950296644611
Examination→Admission,наивная MLE,12.323023607273036,0.9857779060337073,0.0142220939662927
Examination→Admission,наивная MLE,12.377550260402563,0.9858727894715074,0.014127210528492687
Examination→Admission,наивная MLE,12.43207691353209,0.9859667134635265,0.014033286536473476
Examination→Admission,наивная MLE,12.486603566661616,0.9860596912197326,0.01394030878026747
Examination→Admission,наивная MLE,12.541130219791143,0.9861517357183721,0.013848264281627894
Examination→Admission,наивная MLE,12.59565687292067,0.9862428597109251,0.013757140289074953
Examination→Admission,наивная MLE,12.650183526050197,0.9863330757269329,0.013666924273067196
Examination→Admission,наивная MLE,12.704710179179724,0.9864223960787059,0.013577603921294115
Examination→Admission,наивная MLE,12.75923683230925,0.9865108328659131,0.01348916713408692
Examination→Admission,наивная MLE,12.813763485438777,0.9865983979800566,0.013401602019943497
Examination→Admission,наивная MLE,12.868290138568304,0.9866851031088352,0.013314896891164866
Examination→Admission,наивная MLE,12.92281679169783,0.9867709597404005,0.01322904025959948
Examination→Admission,наивная MLE,12.977343444827357,0.9868559791675074,0.013144020832492576
Examination→Admission,наивная MLE,13.031870097956883,0.9869401724915627,0.013059827508437274
Examination→Admission,наивная MLE,13.08639675108641,0.987023550626575,0.01297644937342501
Examination→Admission,наивная MLE,13.140923404215938,0.9871061243030079,0.012893875696992036
Examination→Admission,наивная MLE,13.195450057345465,0.9871879040715406,0.012812095928459498
Examination→Admission,наивная MLE,13.249976710474991,0.9872689003067354,0.01273109969326458
Examination→Admission,наивная MLE,13.304503363604518,0.9873491232106202,0.012650876789379812
Examination→Admission,наивная MLE,13.359030016734044,0.9874285828161814,0.012571417183818559
Examination→Admission,наивная MLE,13.41355666986357,0.9875072889907761,0.012492711009223941
Examination→Admission,наивная MLE,13.468083322993097,0.987585251439461,0.012414748560539063
Examination→Admission,наивная MLE,13.522609976122624,0.9876624797082438,0.012337520291756127
Examination→Admission,наивная MLE,13.57713662925215,0.9877389831872574,0.012261016812742647
Examination→Admission,наивная MLE,13.631663282381677,0.9878147711138577,0.012185228886142273
Examination→Admission,наивная MLE,13.686189935511205,0.9878898525756517,0.012110147424348322
Examination→Admission,наивная MLE,13.740716588640732,0.9879642365134518,0.012035763486548168
Examination→Admission,наивная MLE,13.795243241770258,0.9880379317241635,0.011962068275836428
Examination→Admission,наивная MLE,13.849769894899785,0.9881109468636049,0.011889053136395124
Examination→Admission,наивная MLE,13.904296548029311,0.9881832904492608,0.011816709550739176
Examination→Admission,наивная MLE,13.958823201158838,0.9882549708629748,0.011745029137025286
Examination→Admission,наивная MLE,14.013349854288364,0.9883259963535775,0.011674003646422496
Examination→Admission,наивная MLE,14.06787650741789,0.9883963750394569,0.011603624960543136
Examination→Admission,наивная MLE,14.122403160547417,0.9884661149110678,0.011533885088932157
Examination→Admission,наивная MLE,14.176929813676944,0.9885352238333864,0.011464776166613512
Examination→Admission,наивная MLE,14.23145646680647,0.9886037095483079,0.011396290451692105
Examination→Admission,наивная MLE,14.285983119935999,0.9886715796769902,0.011328420323009817
Examination→Admission,наивная MLE,14.340509773065525,0.9887388417221458,0.011261158277854186
Examination→Admission,наивная MLE,14.395036426195052,0.9888055030702816,0.011194496929718356
Examination→Admission,наивная MLE,14.449563079324578,0.9888715709938889,0.0111284290061111
Examination→Admission,наивная MLE,14.504089732454105,0.9889370526535846,0.01106294734641546
Examination→Admission,наивная MLE,14.558616385583631,0.989001955100205,0.010998044899794893
Examination→Admission,наивная MLE,14.613143038713158,0.9890662852768544,0.010933714723145596
Examination→Admission,наивная MLE,14.667669691842685,0.989130050020906,0.010869949979093933
Examination→Admission,наивная MLE,14.722196344972211,0.9891932560659623,0.010806743934037742
Examination→Admission,наивная MLE,14.776722998101738,0.9892559100437696,0.010744089956230473
Examination→Admission,наивная MLE,14.831249651231266,0.9893180184860929,0.01068198151390712
Examination→Admission,наивная MLE,14.885776304360792,0.9893795878265494,0.010620412173450607
Examination→Admission,наивная MLE,14.940302957490319,0.9894406244024019,0.010559375597598111
Examination→Admission,наивная MLE,14.994829610619846,0.9895011344563142,0.010498865543685842
Examination→Admission,наивная MLE,15.049356263749372,0.9895611241380683,0.010438875861931714
Examination→Admission,наивная MLE,15.103882916878899,0.9896205995062454,0.01037940049375461
Examination→Admission,наивная MLE,15.158409570008425,0.9896795665298704,0.010320433470129611
Examination→Admission,наивная MLE,15.212936223137952,0.9897380310900218,0.010261968909978252
Examination→Admission,наивная MLE,15.267462876267478,0.9897959989814072,0.010204001018592805
Examination→Admission,наивная MLE,15.321989529397005,0.989853475913906,0.01014652408609394
Examination→Admission,наивная MLE,15.376516182526533,0.9899104675140792,0.010089532485920802
Examination→Admission,наивная MLE,15.43104283565606,0.9899669793266472,0.010033020673352787
Examination→Admission,наивная MLE,15.485569488785586,0.9900230168159376,0.009976983184062368
Examination→Admission,наивная MLE,15.540096141915113,0.9900785853673021,0.009921414632697875
Examination→Admission,наивная MLE,15.59462279504464,0.9901336902885041,0.009866309711495942
Examination→Admission,наивная MLE,15.649149448174166,0.9901883368110773,0.009811663188922631
Examination→Admission,наивная MLE,15.703676101303692,0.9902425300916575,0.009757469908342517
Examination→Admission,наивная MLE,15.758202754433219,0.9902962752132847,0.009703724786715334
Examination→Admission,наивная MLE,15.812729407562745,0.9903495771866807,0.009650422813319272
Examination→Admission,наивная MLE,15.867256060692272,0.9904024409514997,0.009597559048500392
Examination→Admission,наивная MLE,15.9217827138218,0.9904548713775524,0.009545128622447585
Examination→Admission,наивная MLE,15.976309366951327,0.9905068732660077,0.009493126733992321
Examination→Admission,наивная MLE,16.03083602008085,0.9905584513505672,0.009441548649432845
Examination→Admission,наивная MLE,16.08536267321038,0.9906096102986179,0.009390389701382045
Examination→Admission,наивная MLE,16.139889326339905,0.9906603547123615,0.009339645287638516
Examination→Admission,наивная MLE,16.194415979469433,0.9907106891299197,0.009289310870080317
Examination→Admission,наивная MLE,16.24894263259896,0.9907606180264192,0.00923938197358076
Examination→Admission,наивная MLE,16.303469285728486,0.990810145815054,0.00918985418494602
Examination→Admission,с учётом цензуры,0.0,0.0,1.0
Examination→Admission,с учётом цензуры,0.05452665312952671,0.14894389433569594,0.851056105664304
Examination→Admission,с учётом цензуры,0.10905330625905342,0.2650057719187544,0.7349942280812456
Examination→Admission,с учётом цензуры,0.16357995938858014,0.34959744170537344,0.6504025582946266
Examination→Admission,с учётом цензуры,0.21810661251810684,0.4148824278214924,0.5851175721785076
Examination→Admission,с учётом цензуры,0.27263326564763357,0.4673028366739054,0.5326971633260946
Examination→Admission,с учётом цензуры,0.3271599187771603,0.5106017265177984,0.48939827348220155
Examination→Admission,с учётом цензуры,0.381686571906687,0.5471335514714544,0.4528664485285456
Examination→Admission,с учётом цензуры,0.4362132250362137,0.5784704557860921,0.42152954421390787
Examination→Admission,с учётом цензуры,0.4907398781657404,0.6057113762643863,0.39428862373561363
Examination→Admission,с учётом цензуры,0.5452665312952671,0.6296526884266425,0.37034731157335754
Examination→Admission,с учётом цензуры,0.5997931844247938,0.6508885764555032,0.3491114235444968
Examination→Admission,с учётом цензуры,0.6543198375543205,0.6698731600042901,0.3301268399957099
Examination→Admission,с учётом цензуры,0.7088464906838472,0.6869605936507259,0.3130394063492741
Examination→Admission,с учётом цензуры,0.763373143813374,0.7024318690335095,0.2975681309664905
Examination→Admission,с учётом цензуры,0.8178997969429006,0.7165132671072693,0.28348673289273074
Examination→Admission,с учётом цензуры,0.8724264500724274,0.7293893884191579,0.2706106115808421
Examination→Admission,с учётом цензуры,0.9269531032019541,0.7412125594988059,0.25878744050119407
Examination→Admission,с учётом цензуры,0.9814797563314808,0.7521097555169192,0.24789024448308083
Examination→Admission,с учётом цензуры,1.0360064094610075,0.7621877826562128,0.2378122173437872
Examination→Admission,с учётом цензуры,1.0905330625905343,0.7715372170350632,0.22846278296493683
Examination→Admission,с учётом цензуры,1.1450597157200608,0.7802354395508528,0.2197645604491471
Examination→Admission,с учётом цензуры,1.1995863688495876,0.7883490030165075,0.21165099698349255
Examination→Admission,с учётом цензуры,1.2541130219791143,0.7959354991428356,0.20406450085716443
Examination→Admission,с учётом цензуры,1.308639675108641,0.803045046036179,0.196954953963821
Examination→Admission,с учётом цензуры,1.3631663282381679,0.8097214843790779,0.19027851562092218
Examination→Admission,с учётом цензуры,1.4176929813676944,0.8160033475682402,0.18399665243175983
Examination→Admission,с учётом цензуры,1.4722196344972212,0.8219246547222349,0.17807534527776514
Examination→Admission,с учётом цензуры,1.526746287626748,0.8275155636203435,0.17248443637965644
Examination→Admission,с учётом цензуры,1.5812729407562747,0.8328029119440399,0.16719708805596017
Examination→Admission,с учётом цензуры,1.6357995938858012,0.8378106687476045,0.16218933125239554
Examination→Admission,с учётом цензуры,1.690326247015328,0.8425603132538051,0.1574396867461949
Examination→Admission,с учётом цензуры,1.7448529001448547,0.8470711544143159,0.15292884558568404
Examination→Admission,с учётом цензуры,1.7993795532743815,0.8513606018817444,0.14863939811825555
Examination→Admission,с учётом цензуры,1.8539062064039082,0.8554443968885714,0.14455560311142862
Examination→Admission,с учётом цензуры,1.9084328595334348,0.8593368098574351,0.1406631901425649
Examination→Admission,с учётом цензуры,1.9629595126629615,0.8630508102598482,0.13694918974015186
Examination→Admission,с учётом цензуры,2.017486165792488,0.8665982132102588,0.13340178678974118
Examination→Admission,с учётом цензуры,2.072012818922015,0.8699898064652012,0.13001019353479887
Examination→Admission,с учётом цензуры,2.1265394720515416,0.8732354608449574,0.1267645391550426
Examination→Admission,с учётом цензуры,2.1810661251810686,0.8763442265713589,0.12365577342864109
Examination→Admission,с учётом цензуры,2.235592778310595,0.879324417592351,0.12067558240764897
Examination→Admission,с учётом цензуры,2.2901194314401216,0.8821836856205371,0.11781631437946294
Examination→Admission,с учётом цензуры,2.3446460845696486,0.8849290853326954,0.11507091466730451
Examination→Admission,с учётом цензуры,2.399172737699175,0.8875671319475038,0.11243286805249625
Examination→Admission,с учётом цензуры,2.453699390828702,0.8901038522094397,0.10989614779056034
Examination→Admission,с учётом цензуры,2.5082260439582287,0.8925448296502596,0.10745517034974034
Examination→Admission,с учётом цензуры,2.562752697087755,0.8948952448693646,0.10510475513063539
Examination→Admission,с учётом цензуры,2.617279350217282,0.8971599114658618,0.10284008853413817
Examination→Admission,с учётом цензуры,2.6718060033468087,0.8993433081642767,0.10065669183572334
Examination→Admission,с учётом цензуры,2.7263326564763357,0.9014496075995184,0.09855039240048152
Examination→Admission,с учётом цензуры,2.7808593096058623,0.9034827021623115,0.09651729783768842
Examination→Admission,с учётом цензуры,2.835385962735389,0.9054462272518224,0.0945537727481775
Examination→Admission,с учётом цензуры,2.8899126158649158,0.9073435822359524,0.0926564177640477
Examination→Admission,с учётом цензуры,2.9444392689944423,0.9091779493803844,0.09082205061961562
Examination→Admission,с учётом цензуры,2.998965922123969,0.9109523109738277,0.08904768902617233
Examination→Admission,с учётом цензуры,3.053492575253496,0.9126694648480842,0.08733053515191574
Examination→Admission,с учётом цензуры,3.1080192283830224,0.9143320384668171,0.0856679615331829
Examination→Admission,с учётом цензуры,3.1625458815125493,0.9159425017355756,0.08405749826442444
Examination→Admission,с учётом цензуры,3.217072534642076,0.9175031786672305,0.08249682133276942
Examination→Admission,с учётом цензуры,3.2715991877716024,0.919016258021039,0.08098374197896091
Examination→Admission,с учётом цензуры,3.3261258409011294,0.9204838030197312,0.0795161969802688
Examination→Admission,с учётом цензуры,3.380652494030656,0.9219077602369921,0.07809223976300796
Examination→Admission,с учётом цензуры,3.435179147160183,0.9232899677372264,0.07671003226277358
Examination→Admission,с учётом цензуры,3.4897058002897094,0.9246321625403445,0.07536783745965549
Examination→Admission,с учётом цензуры,3.544232453419236,0.9259359874762871,0.07406401252371289
Examination→Admission,с учётом цензуры,3.598759106548763,0.9272029974869826,0.07279700251301738
Examination→Admission,с учётом цензуры,3.6532857596782895,0.9284346654272482,0.07156533457275184
Examination→Admission,с учётом цензуры,3.7078124128078165,0.9296323874107065,0.07036761258929346
Examination→Admission,с учётом цензуры,3.762339065937343,0.93079748774199,0.06920251225800998
Examination→Admission,с учётом цензуры,3.8168657190668696,0.9319312234722613,0.06806877652773864
Examination→Admission,с учётом цензуры,3.8713923721963965,0.9330347886113252,0.06696521138867481
Examination→Admission,с учётом цензуры,3.925919025325923,0.9341093180262716,0.06589068197372837
Examination→Admission,с учётом цензуры,3.98044567845545,0.9351558910536364,0.06484410894636358
Examination→Admission,с учётом цензуры,4.034972331584976,0.9361755348494287,0.06382446515057127
Examination→Admission,с учётом цензуры,4.089498984714504,0.9371692274990296,0.06283077250097036
Examination→Admission,с учётом цензуры,4.14402563784403,0.9381379009068738,0.06186209909312625
Examination→Admission,с учётом цензуры,4.198552290973557,0.9390824434839518,0.060917556516048244
Examination→Admission,с учётом цензуры,4.253078944103083,0.940003702649499,0.05999629735050107
Examination→Admission,с учётом цензуры,4.30760559723261,0.9409024871617305,0.059097512838269514
Examination→Admission,с учётом цензуры,4.362132250362137,0.9417795692911396,0.05822043070886045
Examination→Admission,с учётом цензуры,4.416658903491664,0.9426356868486595,0.05736431315134049
Examination→Admission,с учётом цензуры,4.47118555662119,0.943471545079905,0.05652845492009495
Examination→Admission,с учётом цензуры,4.525712209750717,0.944287818435721,0.05571218156427906
Examination→Admission,с учётом цензуры,4.580238862880243,0.9450851522283836,0.054914847771616385
Examination→Admission,с учётом цензуры,4.634765516009771,0.9458641641819996,0.054135835818000355
Examination→Admission,с учётом цензуры,4.689292169139297,0.9466254458849199,0.05337455411508012
Examination→Admission,с учётом цензуры,4.743818822268824,0.9473695641513344,0.05263043584866561
Examination→Admission,с учётом цензуры,4.79834547539835,0.9480970622986181,0.05190293770138193
Examination→Admission,с учётом цензуры,4.852872128527877,0.9488084613464584,0.05119153865354168
Examination→Admission,с учётом цензуры,4.907398781657404,0.9495042611433054,0.05049573885669455
Examination→Admission,с учётом цензуры,4.961925434786931,0.9501849414252429,0.049815058574757064
Examination→Admission,с учётом цензуры,5.016452087916457,0.9508509628119677,0.049149037188032305
Examination→Admission,с учётом цензуры,5.070978741045984,0.951502767744202,0.0484972322557981
Examination→Admission,с учётом цензуры,5.12550539417551,0.9521407813665212,0.04785921863347872
Examination→Admission,с учётом цензуры,5.180032047305038,0.9527654123592766,0.04723458764072341
Examination→Admission,с учётом цензуры,5.234558700434564,0.9533770537230046,0.04662294627699534
Examination→Admission,с учётом цензуры,5.289085353564091,0.9539760835184681,0.04602391648153195
Examination→Admission,с учётом цензуры,5.3436120066936175,0.9545628655652275,0.04543713443477249
Examination→Admission,с учётом цензуры,5.398138659823144,0.955137750101434,0.04486224989856601
Examination→Admission,с учётом цензуры,5.452665312952671,0.9557010744073332,0.04429892559266677
Examination→Admission,с учётом цензуры,5.507191966082198,0.9562531633947895,0.04374683660521047
Examination→Admission,с учётом цензуры,5.5617186192117245,0.9567943301649726,0.0432056698350274
Examination→Admission,с учётом цензуры,5.616245272341251,0.957324876536196,0.042675123463804
Examination→Admission,с учётом цензуры,5.670771925470778,0.9578450935437555,0.04215490645624448
Examination→Admission,с учётом цензуры,5.725298578600305,0.9583552619134856,0.04164473808651435
Examination→Admission,с учётом цензуры,5.7798252317298315,0.958855652510633,0.041144347489367
Examination→Admission,с учётом цензуры,5.834351884859358,0.959346526765535,0.04065347323446502
Examination→Admission,с учётом цензуры,5.888878537988885,0.9598281370774899,0.040171862922510064
Examination→Admission,с учётом цензуры,5.943405191118411,0.9603007271981117,0.03969927280188834
Examination→Admission,с учётом цензуры,5.997931844247938,0.9607645325953738,0.039235467404626266
Examination→Admission,с учётом цензуры,6.052458497377465,0.9612197807994687,0.038780219200531346
Examination→Admission,с учётом цензуры,6.106985150506992,0.9616666917315329,0.038333308268467155
Examination→Admission,с учётом цензуры,6.161511803636518,0.9621054780162193,0.03789452198378068
Examination→Admission,с учётом цензуры,6.216038456766045,0.9625363452790359,0.03746365472096415
Examination→Admission,с учётом цензуры,6.270565109895571,0.9629594924293082,0.03704050757069177
Examination→Admission,с учётом цензуры,6.325091763025099,0.9633751119295715,0.03662488807042852
Examination→Admission,с учётом цензуры,6.379618416154625,0.9637833900521429,0.03621660994785712
Examination→Admission,с учётом цензуры,6.434145069284152,0.9641845071235817,0.03581549287641828
Examination→Admission,с учётом цензуры,6.488671722413678,0.9645786377576974,0.03542136224230263
Examination→Admission,с учётом цензуры,6.543198375543205,0.9649659510777265,0.03503404892227346
Examination→Admission,с учётом цензуры,6.597725028672732,0.9653466109282614,0.034653389071738656
Examination→Admission,с учётом цензуры,6.652251681802259,0.9657207760774755,0.03427922392252445
Examination→Admission,с учётом цензуры,6.706778334931785,0.9660886004101624,0.03391139958983757
Examination→Admission,с учётом цензуры,6.761304988061312,0.9664502331120672,0.03354976688793281
Examination→Admission,с учётом цензуры,6.815831641190838,0.966805818845968,0.0331941811540321
Examination→Admission,с учётом цензуры,6.870358294320366,0.9671554979199323,0.032844502080067714
Examination→Admission,с учётом цензуры,6.924884947449892,0.9674994064481522,0.032500593551847784
Examination→Admission,с учётом цензуры,6.979411600579419,0.9678376765047346,0.032162323495265335
Examination→Admission,с учётом цензуры,7.033938253708945,0.9681704362708061,0.031829563729193926
Examination→Admission,с учётом цензуры,7.088464906838472,0.9684978101752658,0.031502189824734156
Examination→Admission,с учётом цензуры,7.142991559967999,0.9688199190295065,0.031180080970493542
Examination→Admission,с учётом цензуры,7.197518213097526,0.9691368801563991,0.03086311984360094
Examination→Admission,с учётом цензуры,7.2520448662270525,0.969448807513827,0.030551192486173023
Examination→Admission,с учётом цензуры,7.306571519356579,0.9697558118130333,0.03024418818696676
Examination→Admission,с учётом цензуры,7.3610981724861055,0.9700580006320345,0.029941999367965433
Examination→Admission,с учётом цензуры,7.415624825615633,0.9703554785243387,0.029644521475661274
Examination→Admission,с учётом цензуры,7.4701514787451595,0.9706483471231909,0.029351652876809128
Examination→Admission,с учётом цензуры,7.524678131874686,0.9709367052415613,0.029063294758438725
Examination→Admission,с учётом цензуры,7.579204785004213,0.9712206489680753,0.02877935103192474
Examination→Admission,с учётом цензуры,7.633731438133739,0.9715002717590764,0.028499728240923602
Examination→Admission,с учётом цензуры,7.6882580912632665,0.9717756645270024,0.028224335472997575
Examination→Admission,с учётом цензуры,7.742784744392793,0.9720469157252452,0.027953084274754802
Examination→Admission,с учётом цензуры,7.79731139752232,0.9723141114296562,0.027685888570343806
Examination→Admission,с учётом цензуры,7.851838050651846,0.9725773354168508,0.027422664583149195
Examination→Admission,с учётом цензуры,7.906364703781373,0.9728366692394569,0.027163330760543152
Examination→Admission,с учётом цензуры,7.9608913569109,0.9730921922984451,0.026907807701554858
Examination→Admission,с учётом цензуры,8.015418010040426,0.973343981912673,0.026656018087326934
Examination→Admission,с учётом цензуры,8.069944663169952,0.973592113385765,0.02640788661423503
Examination→Admission,с учётом цензуры,8.12447131629948,0.9738366600704477,0.026163339929552352
Examination→Admission,с учётом цензуры,8.178997969429007,0.9740776934304526,0.025922306569547405
Examination→Admission,с учётом цензуры,8.233524622558534,0.9743152831000915,0.02568471689990847
Examination→Admission,с учётом цензуры,8.28805127568806,0.9745494969416062,0.025450503058393827
Examination→Admission,с учётом цензуры,8.342577928817587,0.9747804011003888,0.025219598899611242
Examination→Admission,с учётом цензуры,8.397104581947113,0.9750080600581639,0.024991939941836103
Examination→Admission,с учётом цензуры,8.45163123507664,0.9752325366842197,0.02476746331578033
Examination→Admission,с учётом цензуры,8.506157888206166,0.9754538922847702,0.02454610771522986
Examination→Admission,с учётом цензуры,8.560684541335693,0.9756721866505281,0.024327813349471903
Examination→Admission,с учётом цензуры,8.61521119446522,0.975887478102563,0.024112521897436904
Examination→Admission,с учётом цензуры,8.669737847594748,0.9760998235365164,0.023900176463483636
Examination→Admission,с учётом цензуры,8.724264500724274,0.9763092784652404,0.023690721534759644
Examination→Admission,с учётом цензуры,8.7787911538538,0.976515897059928,0.023484102940071923
Examination→Admission,с учётом цензуры,8.833317806983327,0.9767197321897938,0.02328026781020625
Examination→Admission,с учётом цензуры,8.887844460112854,0.976920835460364,0.023079164539636023
Examination→Admission,с учётом цензуры,8.94237111324238,0.9771192572504356,0.022880742749564434
Examination→Admission,с учётом цензуры,8.996897766371907,0.9773150467477537,0.022684953252246266
Examination→Admission,с учётом цензуры,9.051424419501434,0.9775082519834617,0.02249174801653834
Examination→Admission,с учётом цензуры,9.10595107263096,0.9776989198653706,0.022301080134629368
Examination→Admission,с учётом цензуры,9.160477725760487,0.9778870962100972,0.02211290378990285
Examination→Admission,с учётом цензуры,9.215004378890015,0.9780728257741117,0.021927174225888295
Examination→Admission,с учётом цензуры,9.269531032019541,0.9782561522837417,0.021743847716258233
Examination→Admission,с учётом цензуры,9.324057685149068,0.9784371184641699,0.021562881535830074
Examination→Admission,с учётом цензуры,9.378584338278595,0.9786157660674655,0.021384233932534545
Examination→Admission,с учётом цензуры,9.433110991408121,0.9787921358996874,0.02120786410031266
Examination→Admission,с учётом цензуры,9.487637644537648,0.9789662678470936,0.021033732152906354
Examination→Admission,с учётом цензуры,9.542164297667174,0.9791382009014916,0.020861799098508355
Examination→Admission,с учётом цензуры,9.5966909507967,0.9793079731847609,0.02069202681523903
Examination→Admission,с учётом цензуры,9.651217603926227,0.9794756219725813,0.020524378027418667
Examination→Admission,с учётом цензуры,9.705744257055754,0.9796411837173943,0.020358816282605684
Examination→Admission,с учётом цензуры,9.76027091018528,0.9798046940706276,0.020195305929372385
Examination→Admission,с учётом цензуры,9.814797563314809,0.9799661879042099,0.020033812095790107
Examination→Admission,с учётом цензуры,9.869324216444335,0.9801256993314014,0.0198743006685986
Examination→Admission,с учётом цензуры,9.923850869573862,0.9802832617269662,0.019716738273033732
Examination→Admission,с учётом цензуры,9.978377522703388,0.98043890774671,0.019561092253289964
Examination→Admission,с учётом цензуры,10.032904175832915,0.9805926693464058,0.019407330653594214
Examination→Admission,с учётом цензуры,10.087430828962441,0.9807445778001308,0.019255422199869192
Examination→Admission,с учётом цензуры,10.141957482091968,0.9808946637180351,0.019105336281964876
Examination→Admission,с учётом цензуры,10.196484135221494,0.981042957063562,0.01895704293643795
Examination→Admission,с учётом цензуры,10.25101078835102,0.9811894871701405,0.018810512829859512
Examination→Admission,с учётом цензуры,10.305537441480547,0.9813342827573676,0.01866571724263244
Examination→Admission,с учётом цензуры,10.360064094610076,0.9814773719466995,0.018522628053300544
Examination→Admission,с учётом цензуры,10.414590747739602,0.9816187822766682,0.018381217723331823
Examination→Admission,с учётом цензуры,10.469117400869129,0.9817585407176401,0.018241459282359852
Examination→Admission,с учётом цензуры,10.523644053998655,0.981896673686133,0.018103326313867036
Examination→Admission,с учётом цензуры,10.578170707128182,0.9820332070587057,0.01796679294129438
Examination→Admission,с учётом цензуры,10.632697360257708,0.9821681661854366,0.017831833814563398
Examination→Admission,с учётом цензуры,10.687224013387235,0.9823015759030043,0.017698424096995746
Examination→Admission,с учётом цензуры,10.741750666516761,0.9824334605473828,0.017566539452617234
Examination→Admission,с учётом цензуры,10.796277319646288,0.9825638439661669,0.017436156033833108
Examination→Admission,с учётом цензуры,10.850803972775815,0.9826927495305382,0.017307250469461855
Examination→Admission,с учётом цензуры,10.905330625905343,0.9828202001468841,0.017179799853115935
Examination→Admission,с учётом цензуры,10.95985727903487,0.9829462182680825,0.017053781731917482
Examination→Admission,с учётом цензуры,11.014383932164396,0.9830708259044622,0.016929174095537795
Examination→Admission,с учётом цензуры,11.068910585293922,0.9831940446344499,0.016805955365550126
Examination→Admission,с учётом цензуры,11.123437238423449,0.9833158956149146,0.0166841043850854
Examination→Admission,с учётом цензуры,11.177963891552976,0.9834363995912195,0.016563600408780462
Examination→Admission,с учётом цензуры,11.232490544682502,0.9835555769069899,0.01644442309301014
Examination→Admission,с учётом цензуры,11.287017197812029,0.983673447513607,0.01632655248639301
Examination→Admission,с учётом цензуры,11.341543850941555,0.9837900309794374,0.01620996902056257
Examination→Admission,с учётом цензуры,11.396070504071082,0.9839053464988049,0.016094653501195048
Examination→Admission,с учётом цензуры,11.45059715720061,0.9840194129007144,0.0159805870992856
Examination→Admission,с учётом цензуры,11.505123810330137,0.984132248657335,0.015867751342665007
Examination→Admission,с учётом цензуры,11.559650463459663,0.9842438718922507,0.01575612810774925
Examination→Admission,с учётом цензуры,11.61417711658919,0.9843543003884856,0.01564569961151446
Examination→Admission,с учётом цензуры,11.668703769718716,0.9844635515963098,0.015536448403690225
Examination→Admission,с учётом цензуры,11.723230422848243,0.9845716426408355,0.015428357359164438
Examination→Admission,с учётом цензуры,11.77775707597777,0.9846785903294071,0.015321409670592962
Examination→Admission,с учётом цензуры,11.832283729107296,0.9847844111587922,0.01521558884120779
Examination→Admission,с учётом цензуры,11.886810382236822,0.9848891213221824,0.015110878677817558
Examination→Admission,с учётом цензуры,11.941337035366349,0.9849927367160055,0.015007263283994467
Examination→Admission,с учётом цензуры,11.995863688495875,0.9850952729465582,0.01490472705344181
Examination→Admission,с учётом цензуры,12.050390341625404,0.9851967453364633,0.014803254663536713
Examination→Admission,с учётом цензуры,12.10491699475493,0.9852971689309573,0.014702831069042709
Examination→Admission,с учётом цензуры,12.159443647884457,0.9853965585040133,0.014603441495986734
Examination→Admission,с учётом цензуры,12.213970301013983,0.9854949285643039,0.014505071435696156
Examination→Admission,с учётом цензуры,12.26849695414351,0.9855922933610096,0.014407706638990363
Examination→Admission,с учётом цензуры,12.323023607273036,0.9856886668894773,0.014311333110522712
Examination→Admission,с учётом цензуры,12.377550260402563,0.9857840628967318,0.014215937103268224
Examination→Admission,с учётом цензуры,12.43207691353209,0.9858784948868474,0.014121505113152542
Examination→Admission,с учётом цензуры,12.486603566661616,0.9859719761261816,0.014028023873818395
Examination→Admission,с учётом цензуры,12.541130219791143,0.9860645196484751,0.01393548035152493
Examination→Admission,с учётом цензуры,12.59565687292067,0.9861561382598235,0.013843861740176494
Examination→Admission,с учётом цензуры,12.650183526050197,0.9862468445435232,0.013753155456476861
Examination→Admission,с учётом цензуры,12.704710179179724,0.9863366508647947,0.013663349135205276
Examination→Admission,с учётом цензуры,12.75923683230925,0.9864255693753893,0.013574430624610717
Examination→Admission,с учётом цензуры,12.813763485438777,0.9865136120180787,0.013486387981921238
Examination→Admission,с учётом цензуры,12.868290138568304,0.9866007905310353,0.013399209468964678
Examination→Admission,с учётом цензуры,12.92281679169783,0.9866871164521022,0.013312883547897818
Examination→Admission,с учётом цензуры,12.977343444827357,0.9867726011229592,0.013227398877040823
Examination→Admission,с учётом цензуры,13.031870097956883,0.986857255693186,0.013142744306814003
Examination→Admission,с учётом цензуры,13.08639675108641,0.9869410911242261,0.013058908875773828
Examination→Admission,с учётом цензуры,13.140923404215938,0.9870241181932543,0.01297588180674569
Examination→Admission,с учётом цензуры,13.195450057345465,0.9871063474969496,0.012893652503050423
Examination→Admission,с учётом цензуры,13.249976710474991,0.9871877894551779,0.012812210544822072
Examination→Admission,с учётом цензуры,13.304503363604518,0.9872684543145855,0.012731545685414404
Examination→Admission,с учётом цензуры,13.359030016734044,0.9873483521521065,0.012651647847893572
Examination→Admission,с учётом цензуры,13.41355666986357,0.9874274928783854,0.012572507121614672
Examination→Admission,с учётом цензуры,13.468083322993097,0.9875058862411201,0.01249411375887986
Examination→Admission,с учётом цензуры,13.522609976122624,0.9875835418283244,0.012416458171675636
Examination→Admission,с учётом цензуры,13.57713662925215,0.9876604690715126,0.012339530928487372
Examination→Admission,с учётом цензуры,13.631663282381677,0.9877366772488112,0.0122633227511888
Examination→Admission,с учётом цензуры,13.686189935511205,0.9878121754879955,0.012187824512004496
Examination→Admission,с учётом цензуры,13.740716588640732,0.9878869727694567,0.012113027230543274
Examination→Admission,с учётом цензуры,13.795243241770258,0.9879610779290992,0.012038922070900888
Examination→Admission,с учётом цензуры,13.849769894899785,0.9880344996611703,0.011965500338829661
Examination→Admission,с учётом цензуры,13.904296548029311,0.9881072465210261,0.011892753478973894
Examination→Admission,с учётом цензуры,13.958823201158838,0.9881793269278314,0.01182067307216863
Examination→Admission,с учётом цензуры,14.013349854288364,0.9882507491671993,0.011749250832800599
Examination→Admission,с учётом цензуры,14.06787650741789,0.9883215213937705,0.011678478606229534
Examination→Admission,с учётом цензуры,14.122403160547417,0.9883916516337319,0.011608348366268168
Examination→Admission,с учётом цензуры,14.176929813676944,0.9884611477872806,0.011538852212719459
Examination→Admission,с учётом цензуры,14.23145646680647,0.9885300176310304,0.011469982368969582
Examination→Admission,с учётом цензуры,14.285983119935999,0.9885982688203648,0.011401731179635144
Examination→Admission,с учётом цензуры,14.340509773065525,0.9886659088917368,0.01133409110826325
Examination→Admission,с учётом цензуры,14.395036426195052,0.9887329452649168,0.011267054735083158
Examination→Admission,с учётом цензуры,14.449563079324578,0.9887993852451922,0.01120061475480784
Examination→Admission,с учётом цензуры,14.504089732454105,0.9888652360255152,0.01113476397448479
Examination→Admission,с учётом цензуры,14.558616385583631,0.988930504688606,0.011069495311394013
Examination→Admission,с учётом цензуры,14.613143038713158,0.9889951982090072,0.011004801790992806
Examination→Admission,с учётом цензуры,14.667669691842685,0.9890593234550945,0.010940676544905466
Examination→Admission,с учётом цензуры,14.722196344972211,0.9891228871910428,0.01087711280895719
Examination→Admission,с учётом цензуры,14.776722998101738,0.989185896078749,0.010814103921250992
Examination→Admission,с учётом цензуры,14.831249651231266,0.9892483566797137,0.010751643320286292
Examination→Admission,с учётом цензуры,14.885776304360792,0.9893102754568814,0.010689724543118577
Examination→Admission,с учётом цензуры,14.940302957490319,0.9893716587764413,0.010628341223558666
Examination→Admission,с учётом цензуры,14.994829610619846,0.9894325129095891,0.010567487090410837
Examination→Admission,с учётом цензуры,15.049356263749372,0.9894928440342511,0.010507155965748902
Examination→Admission,с учётом цензуры,15.103882916878899,0.989552658236771,0.010447341763228984
Examination→Admission,с учётом цензуры,15.158409570008425,0.9896119615135616,0.010388038486438482
Examination→Admission,с учётом цензуры,15.212936223137952,0.9896707597727199,0.010329240227280087
Examination→Admission,с учётом цензуры,15.267462876267478,0.98972905883561,0.010270941164389955
Examination→Admission,с учётом цензуры,15.321989529397005,0.9897868644384106,0.010213135561589384
Examination→Admission,с учётом цензуры,15.376516182526533,0.9898441822336308,0.010155817766369155
Examination→Admission,с учётом цензуры,15.43104283565606,0.9899010177915946,0.01009898220840547
Examination→Admission,с учётом цензуры,15.485569488785586,0.9899573766018929,0.010042623398107148
Examination→Admission,с учётом цензуры,15.540096141915113,0.990013264074807,0.009986735925192974
Examination→Admission,с учётом цензуры,15.59462279504464,0.9900686855427013,0.009931314457298668
Examination→Admission,с учётом цензуры,15.649149448174166,0.9901236462613874,0.009876353738612672
Examination→Admission,с учётом цензуры,15.703676101303692,0.9901781514114598,0.009821848588540157
Examination→Admission,с учётом цензуры,15.758202754433219,0.9902322060996056,0.009767793900394449
Examination→Admission,с учётом цензуры,15.812729407562745,0.9902858153598847,0.00971418464011535
Examination→Admission,с учётом цензуры,15.867256060692272,0.9903389841549863,0.009661015845013684
Examination→Admission,с учётом цензуры,15.9217827138218,0.9903917173774587,0.00960828262254134
Examination→Admission,с учётом цензуры,15.976309366951327,0.9904440198509136,0.009555980149086376
Examination→Admission,с учётом цензуры,16.03083602008085,0.9904958963312074,0.009504103668792598
Examination→Admission,с учётом цензуры,16.08536267321038,0.9905473515075973,0.009452648492402736
Examination→Admission,с учётом цензуры,16.139889326339905,0.9905983900038748,0.00940160999612521
Examination→Admission,с учётом цензуры,16.194415979469433,0.9906490163794767,0.00935098362052337
Examination→Admission,с учётом цензуры,16.24894263259896,0.9906992351305729,0.00930076486942707
Examination→Admission,с учётом цензуры,16.303469285728486,0.990749050691134,0.009250949308866
Examination→Discharge,наивная MLE,0.0,0.0,1.0
Examination→Discharge,наивная MLE,0.08154756143345962,0.00786446880098006,0.99213553119902
Examination→Discharge,наивная MLE,0.16309512286691924,0.017595139830523417,0.9824048601694766
Examination→Discharge,наивная MLE,0.24464268430037886,0.028072189268129148,0.9719278107318708
Examination→Discharge,наивная MLE,0.3261902457338385,0.03899839835483915,0.9610016016451608
Examination→Discharge,наивная MLE,0.4077378071672981,0.05022077324523501,0.949779226754765
Examination→Discharge,наивная MLE,0.4892853686007577,0.061644240088115004,0.938355759911885
Examination→Discharge,наивная MLE,0.5708329300342173,0.07320352462313374,0.9267964753768663
Examination→Discharge,наивная MLE,0.652380491467677,0.08485093897713872,0.9151490610228613
Examination→Discharge,наивная MLE,0.7339280529011366,0.096550139518736,0.903449860481264
Examination→Discharge,наивная MLE,0.8154756143345963,0.10827257437342472,0.8917274256265753
Examination→Discharge,наивная MLE,0.8970231757680558,0.11999529962775374,0.8800047003722462
Examination→Discharge,наивная MLE,0.9785707372015154,0.13169955634748615,0.8683004436525139
Examination→Discharge,наивная MLE,1.060118298634975,0.14336979997520216,0.8566302000247978
Examination→Discharge,наивная MLE,1.1416658600684346,0.15499301341938973,0.8450069865806102
Examination→Discharge,наивная MLE,1.2232134215018944,0.16655820590816828,0.8334417940918317
Examination→Discharge,наивная MLE,1.304760982935354,0.17805603792399136,0.8219439620760086
Examination→Discharge,наивная MLE,1.3863085443688135,0.1894785343388048,0.8105214656611952
Examination→Discharge,наивная MLE,1.4678561058022732,0.20081886086752085,0.7991811391324791
Examination→Discharge,наивная MLE,1.5494036672357328,0.21207114700682173,0.7879288529931783
Examination→Discharge,наивная MLE,1.6309512286691925,0.22323034377637607,0.7767696562236239
Examination→Discharge,наивная MLE,1.712498790102652,0.2342921079698597,0.7657078920301403
Examination→Discharge,наивная MLE,1.7940463515361116,0.24525270691161044,0.7547472930883896
Examination→Discharge,наивная MLE,1.8755939129695713,0.25610893929407136,0.7438910607059286
Examination→Discharge,наивная MLE,1.9571414744030309,0.266858068782932,0.7331419312170679
Examination→Discharge,наивная MLE,2.0386890358364904,0.27749776787354274,0.7225022321264573
Examination→Discharge,наивная MLE,2.12023659726995,0.2880260700622991,0.7119739299377009
Examination→Discharge,наивная MLE,2.20178415870341,0.29844132882536906,0.7015586711746309
Examination→Discharge,наивная MLE,2.2833317201368692,0.3087421822181228,0.6912578177818772
Examination→Discharge,наивная MLE,2.364879281570329,0.3189275221519556,0.6810724778480444
Examination→Discharge,наивная MLE,2.4464268430037888,0.3289964675917186,0.6710035324082815
Examination→Discharge,наивная MLE,2.527974404437248,0.3389483410614542,0.6610516589385458
Examination→Discharge,наивная MLE,2.609521965870708,0.34878264795912123,0.6512173520408788
Examination→Discharge,наивная MLE,2.6910695273041676,0.3584990582701446,0.6415009417298554
Examination→Discharge,наивная MLE,2.772617088737627,0.36809739034056216,0.6319026096594378
Examination→Discharge,наивная MLE,2.8541646501710867,0.3775775964274024,0.6224224035725976
Examination→Discharge,наивная MLE,2.9357122116045464,0.3869397497898681,0.6130602502101319
Examination→Discharge,наивная MLE,3.0172597730380057,0.39618403312224104,0.603815966877759
Examination→Discharge,наивная MLE,3.0988073344714655,0.40531072815999053,0.5946892718400094
Examination→Discharge,наивная MLE,3.1803548959049253,0.4143202063157255,0.5856797936842745
Examination→Discharge,наивная MLE,3.261902457338385,0.42321292022247076,0.5767870797775292
Examination→Discharge,наивная MLE,3.3434500187718443,0.4319893960790754,0.5680106039209246
Examination→Discharge,наивная MLE,3.424997580205304,0.4406502267070824,0.5593497732929176
Examination→Discharge,наивная MLE,3.506545141638764,0.4491960652405772,0.5508039347594228
Examination→Discharge,наивная MLE,3.588092703072223,0.4576276193808284,0.5423723806191716
Examination→Discharge,наивная MLE,3.669640264505683,0.4659456461562821,0.5340543538437179
Examination→Discharge,наивная MLE,3.7511878259391427,0.47415094713589306,0.5258490528641069
Examination→Discharge,наивная MLE,3.832735387372602,0.4822443640501528,0.5177556359498472
Examination→Discharge,наивная MLE,3.9142829488060618,0.49022677477962046,0.5097732252203795
Examination→Discharge,наивная MLE,3.9958305102395215,0.49809908967547434,0.5019009103245257
Examination→Discharge,наивная MLE,4.077378071672981,0.5058622481806552,0.49413775181934483
Examination→Discharge,наивная MLE,4.158925633106441,0.5135172157237046,0.48648278427629543
Examination→Discharge,наивная MLE,4.2404731945399,0.5210649808604563,0.4789350191395437
Examination→Discharge,наивная MLE,4.32202075597336,0.5285065526414218,0.47149344735857823
Examination→Discharge,наивная MLE,4.40356831740682,0.5358429581850415,0.46415704181495854
Examination→Discharge,наивная MLE,4.485115878840279,0.5430752404390269,0.4569247595609731
Examination→Discharge,наивная MLE,4.5666634402737385,0.5502044561138284,0.4497955438861716
Examination→Discharge,наивная MLE,4.648211001707199,0.5572316737738484,0.4427683262261516
Examination→Discharge,наивная MLE,4.729758563140658,0.5641579720734308,0.43584202792656923
Examination→Discharge,наивная MLE,4.811306124574117,0.5709844381259019,0.42901556187409806
Examination→Discharge,наивная MLE,4.8928536860075775,0.5777121659950506,0.4222878340049494
Examination→Discharge,наивная MLE,4.974401247441037,0.5843422552994143,0.4156577447005856
Examination→Discharge,наивная MLE,5.055948808874496,0.5908758099206204,0.4091241900793794
Examination→Discharge,наивная MLE,5.137496370307956,0.5973139368078192,0.4026860631921808
Examination→Discharge,наивная MLE,5.219043931741416,0.6036577448709457,0.3963422551290543
Examination→Discharge,наивная MLE,5.300591493174875,0.6099083439561869,0.39009165604381313
Examination→Discharge,наивная MLE,5.382139054608335,0.6160668438975829,0.3839331561024171
Examination→Discharge,наивная MLE,5.4636866160417945,0.6221343536392193,0.3778656463607807
Examination→Discharge,наивная MLE,5.545234177475254,0.6281119804229222,0.37188801957707784
Examination→Discharge,наивная MLE,5.626781738908714,0.6340008290367765,0.3659991709632236
Examination→Discharge,наивная MLE,5.708329300342173,0.6398020011201844,0.3601979988798157
Examination→Discharge,наивная MLE,5.789876861775633,0.6455165945214922,0.3544834054785078
Examination→Discharge,наивная MLE,5.871424423209093,0.6511457027045722,0.34885429729542783
Examination→Discharge,наивная MLE,5.952971984642552,0.656690414200967,0.34330958579903303
Examination→Discharge,наивная MLE,6.0345195460760115,0.6621518121045111,0.3378481878954888
Examination→Discharge,наивная MLE,6.116067107509472,0.6675309736055768,0.33246902639442316
Examination→Discharge,наивная MLE,6.197614668942931,0.6728289695622388,0.3271710304377612
Examination→Discharge,наивная MLE,6.27916223037639,0.6780468641059558,0.3219531358940441
Examination→Discharge,наивная MLE,6.3607097918098505,0.6831857142794531,0.316814285720547
Examination→Discharge,наивная MLE,6.44225735324331,0.6882465697047129,0.31175343029528707
Examination→Discharge,наивная MLE,6.52380491467677,0.6932304722790636,0.30676952772093635
Examination→Discharge,наивная MLE,6.605352476110229,0.6981384558976109,0.3018615441023891
Examination→Discharge,наивная MLE,6.686900037543689,0.7029715462002425,0.2970284537997575
Examination→Discharge,наивная MLE,6.768447598977149,0.7077307603416612,0.2922692396583389
Examination→Discharge,наивная MLE,6.849995160410608,0.7124171067829543,0.2875828932170456
Examination→Discharge,наивная MLE,6.9315427218440675,0.7170315851033486,0.28296841489665137
Examination→Discharge,наивная MLE,7.013090283277528,0.721575185830821,0.2784248141691789
Examination→Discharge,наивная MLE,7.094637844710987,0.7260488902904173,0.2739511097095827
Examination→Discharge,наивная MLE,7.176185406144446,0.7304536704691198,0.26954632953088015
Examination→Discharge,наивная MLE,7.2577329675779065,0.7347904888962398,0.2652095111037602
Examination→Discharge,наивная MLE,7.339280529011366,0.7390602985383371,0.2609397014616629
Examination→Discharge,наивная MLE,7.420828090444825,0.7432640427077675,0.25673595729223253
Examination→Discharge,наивная MLE,7.502375651878285,0.7474026549839795,0.2525973450160205
Examination→Discharge,наивная MLE,7.583923213311745,0.751477059146771,0.248522940853229
Examination→Discharge,наивная MLE,7.665470774745204,0.7554881691207428,0.2445118308792572
Examination→Discharge,наивная MLE,7.747018336178664,0.7594368889302301,0.24056311106976994
Examination→Discharge,наивная MLE,7.8285658976121235,0.7633241126640793,0.23667588733592068
Examination→Discharge,наивная MLE,7.910113459045583,0.7671507244496025,0.23284927555039742
Examination→Discharge,наивная MLE,7.991661020479043,0.7709175984351601,0.22908240156483997
Examination→Discharge,наивная MLE,8.073208581912503,0.7746255987807954,0.22537440121920463
Examination→Discharge,наивная MLE,8.154756143345962,0.7782755796564178,0.22172442034358214
Examination→Discharge,наивная MLE,8.236303704779422,0.7818683852470392,0.21813161475296083
Examination→Discharge,наивная MLE,8.317851266212882,0.7854048497646072,0.21459515023539275
Examination→Discharge,наивная MLE,8.39939882764634,0.7888857974660038,0.21111420253399613
Examination→Discharge,наивная MLE,8.4809463890798,0.7923120426768049,0.20768795732319517
Examination→Discharge,наивная MLE,8.562493950513261,0.7956843898204107,0.20431561017958938
Examination→Discharge,наивная MLE,8.64404151194672,0.799003633452196,0.20099636654780398
Examination→Discharge,наивная MLE,8.72558907338018,0.8022705582983354,0.1977294417016646
Examination→Discharge,наивная MLE,8.80713663481364,0.8054859392989793,0.19451406070102076
Examination→Discharge,наивная MLE,8.888684196247098,0.8086505416554952,0.1913494583445048
Examination→Discharge,наивная MLE,8.970231757680558,0.8117651208814582,0.18823487911854178
Examination→Discharge,наивная MLE,9.051779319114019,0.8148304228571639,0.18516957714283608
Examination→Discharge,наивная MLE,9.133326880547477,0.8178471838873724,0.18215281611262757
Examination→Discharge,наивная MLE,9.214874441980937,0.8208161307620669,0.17918386923793303
Examination→Discharge,наивная MLE,9.296422003414397,0.8237379808199949,0.17626201918000503
Examination→Discharge,наивная MLE,9.377969564847856,0.8266134420147809,0.17338655798521907
Examination→Discharge,наивная MLE,9.459517126281316,0.8294432129834021,0.17055678701659796
Examination→Discharge,наивная MLE,9.541064687714776,0.8322279831168526,0.16777201688314733
Examination→Discharge,наивная MLE,9.622612249148235,0.8349684326328024,0.16503156736719765
Examination→Discharge,наивная MLE,9.704159810581695,0.837665232650091,0.16233476734990906
Examination→Discharge,наивная MLE,9.785707372015155,0.840319045264895,0.15968095473510505
Examination→Discharge,наивная MLE,9.867254933448613,0.8429305236284133,0.15706947637158675
Examination→Discharge,наивная MLE,9.948802494882074,0.8455003120259388,0.15449968797406124
Examination→Discharge,наивная MLE,10.030350056315534,0.8480290459571722,0.15197095404282773
Examination→Discharge,наивная MLE,10.111897617748992,0.8505173522176568,0.14948264778234316
Examination→Discharge,наивная MLE,10.193445179182453,0.852965848981214,0.14703415101878609
Examination→Discharge,наивная MLE,10.274992740615913,0.8553751458832636,0.1446248541167364
Examination→Discharge,наивная MLE,10.356540302049371,0.85774584410493,0.14225415589506998
Examination→Discharge,наивная MLE,10.438087863482831,0.8600785364578254,0.13992146354217458
Examination→Discharge,наивная MLE,10.519635424916292,0.862373807469419,0.13762619253058092
Examination→Discharge,наивная MLE,10.60118298634975,0.8646322334689047,0.1353677665310953
Examination→Discharge,наивная MLE,10.68273054778321,0.8668543826734814,0.1331456173265187
Examination→Discharge,наивная MLE,10.76427810921667,0.8690408152749637,0.1309591847250363
Examination→Discharge,наивная MLE,10.845825670650129,0.8711920835266536,0.1288079164733465
Examination→Discharge,наивная MLE,10.927373232083589,0.8733087318303981,0.12669126816960188
Examination→Discharge,наивная MLE,11.00892079351705,0.8753912968237694,0.12460870317623068
Examination→Discharge,наивная MLE,11.090468354950508,0.8774403074673018,0.12255969253269819
Examination→Discharge,наивная MLE,11.172015916383968,0.8794562851317318,0.12054371486826825
Examination→Discharge,наивная MLE,11.253563477817428,0.8814397436851777,0.1185602563148222
Examination→Discharge,наивная MLE,11.335111039250886,0.8833911895802166,0.11660881041978347
Examination→Discharge,наивная MLE,11.416658600684347,0.8853111219408001,0.11468887805919992
Examination→Discharge,наивная MLE,11.498206162117807,0.8872000326489724,0.11279996735102756
Examination→Discharge,наивная MLE,11.579753723551265,0.8890584064313372,0.11094159356866287
Examination→Discharge,наивная MLE,11.661301284984726,0.8908867209452422,0.10911327905475778
Examination→Discharge,наивная MLE,11.742848846418186,0.892685446864639,0.10731455313536101
Examination→Discharge,наивная MLE,11.824396407851644,0.8944550479655804,0.10554495203441958
Examination→Discharge,наивная MLE,11.905943969285104,0.8961959812113273,0.1038040187886727
Examination→Discharge,наивная MLE,11.987491530718565,0.8979086968370311,0.10209130316296884
Examination→Discharge,наивная MLE,12.069039092152023,0.8995936384339625,0.10040636156603756
Examination→Discharge,наивная MLE,12.150586653585483,0.9012512430332581,0.09874875696674193
Examination→Discharge,наивная MLE,12.232134215018943,0.902881941189166,0.09711805881083399
Examination→Discharge,наивная MLE,12.313681776452402,0.9044861570617558,0.09551384293824412
Examination→Discharge,наивная MLE,12.395229337885862,0.9060643084990858,0.09393569150091417
Examination→Discharge,наивная MLE,12.476776899319322,0.9076168071187897,0.09238319288121032
Examination→Discharge,наивная MLE,12.55832446075278,0.9091440583890817,0.09085594161091821
Examination→Discharge,наивная MLE,12.63987202218624,0.9106464617091496,0.08935353829085041
Examination→Discharge,наивная MLE,12.721419583619701,0.9121244104889253,0.08787558951107466
Examination→Discharge,наивная MLE,12.80296714505316,0.9135782922282187,0.08642170777178126
Examination→Discharge,наивная MLE,12.88451470648662,0.9150084885951992,0.08499151140480075
Examination→Discharge,наивная MLE,12.96606226792008,0.9164153755042129,0.08358462449578703
Examination→Discharge,наивная MLE,13.04760982935354,0.9177993231929266,0.08220067680707341
Examination→Discharge,наивная MLE,13.129157390786999,0.9191606962987845,0.08083930370121555
Examination→Discharge,наивная MLE,13.210704952220459,0.9204998539347721,0.07950014606522793
Examination→Discharge,наивная MLE,13.292252513653919,0.9218171497644767,0.07818285023552325
Examination→Discharge,наивная MLE,13.373800075087377,0.9231129320764383,0.07688706792356174
Examination→Discharge,наивная MLE,13.455347636520838,0.9243875438577827,0.0756124561422174
Examination→Discharge,наивная MLE,13.536895197954298,0.9256413228671332,0.07435867713286679
Examination→Discharge,наивная MLE,13.618442759387756,0.9268746017067959,0.07312539829320407
Examination→Discharge,наивная MLE,13.699990320821216,0.9280877078942107,0.07191229210578934
Examination→Discharge,наивная MLE,13.781537882254677,0.9292809639326693,0.07071903606733071
Examination→Discharge,наивная MLE,13.863085443688135,0.9304546873812933,0.06954531261870664
Examination→Discharge,наивная MLE,13.944633005121595,0.9316091909242737,0.06839080907572628
Examination→Discharge,наивная MLE,14.026180566555055,0.9327447824393651,0.06725521756063486
Examination→Discharge,наивная MLE,14.107728127988514,0.9338617650656387,0.06613823493436131
Examination→Discharge,наивная MLE,14.189275689421974,0.93496043727049,0.06503956272950993
Examination→Discharge,наивная MLE,14.270823250855434,0.9360410929159008,0.06395890708409921
Examination→Discharge,наивная MLE,14.352370812288893,0.9371040213239582,0.06289597867604184
Examination→Discharge,наивная MLE,14.433918373722353,0.9381495073416288,0.06185049265837122
Examination→Discharge,наивная MLE,14.515465935155813,0.9391778314047902,0.060822168595209794
Examination→Discharge,наивная MLE,14.597013496589271,0.9401892696015215,0.05981073039847849
Examination→Discharge,наивная MLE,14.678561058022732,0.9411840937346532,0.05881590626534688
Examination→Discharge,наивная MLE,14.760108619456192,0.9421625713835804,0.057837428616419655
Examination→Discharge,наивная MLE,14.84165618088965,0.9431249659653406,0.05687503403465947
Examination→Discharge,наивная MLE,14.92320374232311,0.9440715367949591,0.05592846320504081
Examination→Discharge,наивная MLE,15.00475130375657,0.9450025391450658,0.054997460854934226
Examination→Discharge,наивная MLE,15.08629886519003,0.9459182243047838,0.054081775695216175
Examination→Discharge,наивная MLE,15.16784642662349,0.9468188396378988,0.05318116036210115
Examination→Discharge,наивная MLE,15.24939398805695,0.9477046286403072,0.0522953713596928
Examination→Discharge,наивная MLE,15.330941549490408,0.9485758309967502,0.05142416900324976
Examination→Discharge,наивная MLE,15.412489110923868,0.9494326826368382,0.050567317363161765
Examination→Discharge,наивная MLE,15.494036672357328,0.9502754157903683,0.04972458420963166
Examination→Discharge,наивная MLE,15.575584233790787,0.9511042590419403,0.04889574095805969
Examination→Discharge,наивная MLE,15.657131795224247,0.9519194373848766,0.04808056261512336
Examination→Discharge,наивная MLE,15.738679356657707,0.9527211722744493,0.0472788277255507
Examination→Discharge,наивная MLE,15.820226918091166,0.9535096816804216,0.04649031831957842
Examination→Discharge,наивная MLE,15.901774479524626,0.9542851801389064,0.04571481986109365
Examination→Discharge,наивная MLE,15.983322040958086,0.9550478788035495,0.044952121196450555
Examination→Discharge,наивная MLE,16.064869602391546,0.9557979854960411,0.04420201450395892
Examination→Discharge,наивная MLE,16.146417163825006,0.956535704755963,0.0434642952440371
Examination→Discharge,наивная MLE,16.227964725258463,0.957261237889974,0.04273876211002603
Examination→Discharge,наивная MLE,16.309512286691923,0.9579747830203441,0.04202521697965584
Examination→Discharge,наивная MLE,16.391059848125384,0.9586765351328375,0.041323464867162485
Examination→Discharge,наивная MLE,16.472607409558844,0.9593666861239547,0.04063331387604529
Examination→Discharge,наивная MLE,16.554154970992304,0.9600454248475379,0.039954575152462195
Examination→Discharge,наивная MLE,16.635702532425764,0.9607129371607452,0.039287062839254795
Examination→Discharge,наивная MLE,16.71725009385922,0.9613694059694013,0.03863059403059871
Examination→Discharge,наивная MLE,16.79879765529268,0.9620150112727285,0.03798498872727152
Examination→Discharge,наивная MLE,16.88034521672614,0.9626499302074659,0.03735006979253407
Examination→Discharge,наивная MLE,16.9618927781596,0.9632743370913828,0.03672566290861724
Examination→Discharge,наивная MLE,17.04344033959306,0.9638884034661906,0.03611159653380937
Examination→Discharge,наивная MLE,17.124987901026522,0.9644922981398626,0.03550770186013736
Examination→Discharge,наивная MLE,17.20653546245998,0.9650861872283649,0.03491381277163509
Examination→Discharge,наивная MLE,17.28808302389344,0.9656702341968061,0.03432976580319393
Examination→Discharge,наивная MLE,17.3696305853269,0.9662445999000118,0.03375540009998818
Examination→Discharge,наивная MLE,17.45117814676036,0.9668094426225308,0.033190557377469225
Examination→Discharge,наивная MLE,17.53272570819382,0.967364918118077,0.03263508188192294
Examination→Discharge,наивная MLE,17.61427326962728,0.9679111796484167,0.032088820351583336
Examination→Discharge,наивная MLE,17.695820831060736,0.9684483780217039,0.03155162197829604
Examination→Discharge,наивная MLE,17.777368392494196,0.9689766616302732,0.031023338369726813
Examination→Discharge,наивная MLE,17.858915953927657,0.9694961764878932,0.030503823512106766
Examination→Discharge,наивная MLE,17.940463515361117,0.9700070662664899,0.02999293373351009
Examination→Discharge,наивная MLE,18.022011076794577,0.9705094723323434,0.029490527667656575
Examination→Discharge,наивная MLE,18.103558638228037,0.9710035337817662,0.028996466218233784
Examination→Discharge,наивная MLE,18.185106199661494,0.9714893874762679,0.028510612523732052
Examination→Discharge,наивная MLE,18.266653761094954,0.9719671680772133,0.028032831922786744
Examination→Discharge,наивная MLE,18.348201322528414,0.9724370080799787,0.027562991920021308
Examination→Discharge,наивная MLE,18.429748883961874,0.972899037847615,0.027100962152385017
Examination→Discharge,наивная MLE,18.511296445395335,0.9733533856440202,0.026646614355979814
Examination→Discharge,наивная MLE,18.592844006828795,0.9738001776666303,0.026199822333369704
Examination→Discharge,наивная MLE,18.67439156826225,0.9742395380786328,0.025760461921367148
Examination→Discharge,наивная MLE,18.75593912969571,0.9746715890407097,0.025328410959290257
Examination→Discharge,наивная MLE,18.837486691129172,0.975096450742315,0.024903549257684964
Examination→Discharge,наивная MLE,18.919034252562632,0.9755142414324933,0.024485758567506677
Examination→Discharge,наивная MLE,19.000581813996092,0.9759250774502453,0.024074922549754706
Examination→Discharge,наивная MLE,19.082129375429552,0.9763290732544452,0.023670926745554835
Examination→Discharge,наивная MLE,19.16367693686301,0.9767263414533167,0.023273658546683278
Examination→Discharge,наивная MLE,19.24522449829647,0.977116992833473,0.02288300716652702
Examination→Discharge,наивная MLE,19.32677205972993,0.9775011363885253,0.02249886361147467
Examination→Discharge,наивная MLE,19.40831962116339,0.9778788793472679,0.02212112065273208
Examination→Discharge,наивная MLE,19.48986718259685,0.9782503272014428,0.02174967279855722
Examination→Discharge,наивная MLE,19.57141474403031,0.9786155837330907,0.02138441626690931
Examination→Discharge,наивная MLE,19.652962305463767,0.9789747510414942,0.021025248958505775
Examination→Discharge,наивная MLE,19.734509866897227,0.9793279295697175,0.020672070430282522
Examination→Discharge,наивная MLE,19.816057428330687,0.9796752181307483,0.020324781869251657
Examination→Discharge,наивная MLE,19.897604989764147,0.9800167139332483,0.019983286066751652
Examination→Discharge,наивная MLE,19.979152551197608,0.9803525126069158,0.019647487393084234
Examination→Discharge,наивная MLE,20.060700112631068,0.9806827082274667,0.01931729177253327
Examination→Discharge,наивная MLE,20.142247674064524,0.9810073933412398,0.018992606658760267
Examination→Discharge,наивная MLE,20.223795235497985,0.9813266589894287,0.01867334101057133
Examination→Discharge,наивная MLE,20.305342796931445,0.9816405947319494,0.018359405268050556
Examination→Discharge,наивная MLE,20.386890358364905,0.9819492886709451,0.01805071132905488
Examination→Discharge,наивная MLE,20.468437919798365,0.9822528274739346,0.017747172526065405
Examination→Discharge,наивная MLE,20.549985481231825,0.9825512963966098,0.017448703603390278
Examination→Discharge,наивная MLE,20.631533042665282,0.9828447793052858,0.01715522069471419
Examination→Discharge,наивная MLE,20.713080604098742,0.9831333586990102,0.01686664130098983
Examination→Discharge,наивная MLE,20.794628165532203,0.9834171157313335,0.016582884268666515
Examination→Discharge,наивная MLE,20.876175726965663,0.983696130231749,0.016303869768251083
Examination→Discharge,наивная MLE,20.957723288399123,0.9839704807268034,0.016029519273196645
Examination→Discharge,наивная MLE,21.039270849832583,0.9842402444608854,0.015759755539114545
Examination→Discharge,наивная MLE,21.120818411266043,0.9845054974166951,0.015494502583304905
Examination→Discharge,наивная MLE,21.2023659726995,0.9847663143353989,0.015233685664601143
Examination→Discharge,наивная MLE,21.28391353413296,0.9850227687364757,0.014977231263524323
Examination→Discharge,наивная MLE,21.36546109556642,0.9852749329372573,0.014725067062742705
Examination→Discharge,наивная MLE,21.44700865699988,0.9855228780721678,0.014477121927832228
Examination→Discharge,наивная MLE,21.52855621843334,0.9857666741116664,0.014233325888333571
Examination→Discharge,наивная MLE,21.6101037798668,0.9860063898808984,0.013993610119101602
Examination→Discharge,наивная MLE,21.691651341300258,0.9862420930780569,0.013757906921943067
Examination→Discharge,наивная MLE,21.773198902733718,0.9864738502924618,0.013526149707538217
Examination→Discharge,наивная MLE,21.854746464167178,0.9867017270223576,0.013298272977642401
Examination→Discharge,наивная MLE,21.93629402560064,0.9869257876924363,0.0130742123075637
Examination→Discharge,наивная MLE,22.0178415870341,0.9871460956710878,0.012853904328912182
Examination→Discharge,наивная MLE,22.09938914846756,0.9873627132873827,0.012637286712617333
Examination→Discharge,наивная MLE,22.180936709901015,0.9875757018477905,0.012424298152209488
Examination→Discharge,наивная MLE,22.262484271334475,0.9877851216526387,0.012214878347361359
Examination→Discharge,наивная MLE,22.344031832767936,0.9879910320123139,0.012008967987686189
Examination→Discharge,наивная MLE,22.425579394201396,0.9881934912632117,0.011806508736788294
Examination→Discharge,наивная MLE,22.507126955634856,0.9883925567834373,0.011607443216562735
Examination→Discharge,наивная MLE,22.588674517068316,0.9885882850082598,0.011411714991740205
Examination→Discharge,наивная MLE,22.670222078501773,0.9887807314453264,0.011219268554673575
Examination→Discharge,наивная MLE,22.751769639935233,0.9889699506896374,0.011030049310362606
Examination→Discharge,наивная MLE,22.833317201368693,0.9891559964382868,0.010844003561713196
Examination→Discharge,наивная MLE,22.914864762802154,0.9893389215049723,0.010661078495027735
Examination→Discharge,наивная MLE,22.996412324235614,0.9895187778342768,0.010481222165723208
Examination→Discharge,наивная MLE,23.077959885669074,0.9896956165157265,0.010304383484273542
Examination→Discharge,наивная MLE,23.15950744710253,0.9898694877976271,0.010130512202372937
Examination→Discharge,наивная MLE,23.24105500853599,0.9900404411006831,0.009959558899316833
Examination→Discharge,наивная MLE,23.32260256996945,0.9902085250314027,0.009791474968597386
Examination→Discharge,наивная MLE,23.40415013140291,0.9903737873952899,0.009626212604710091
Examination→Discharge,наивная MLE,23.48569769283637,0.9905362752098316,0.009463724790168408
Examination→Discharge,наивная MLE,23.56724525426983,0.9906960347172766,0.009303965282723392
Examination→Discharge,наивная MLE,23.64879281570329,0.9908531113972149,0.009146888602785171
Examination→Discharge,наивная MLE,23.73034037713675,0.9910075499789569,0.00899245002104311
Examination→Discharge,наивная MLE,23.81188793857021,0.991159394453718,0.008840605546281969
Examination→Discharge,наивная MLE,23.89343550000367,0.9913086880866092,0.00869131191339075
Examination→Discharge,наивная MLE,23.97498306143713,0.9914554734284384,0.008544526571561543
Examination→Discharge,наивная MLE,24.05653062287059,0.9915997923273244,0.008400207672675526
Examination→Discharge,наивная MLE,24.138078184304046,0.991741685940127,0.008258314059873007
Examination→Discharge,наивная MLE,24.219625745737506,0.991881194743695,0.008118805256305022
Examination→Discharge,наивная MLE,24.301173307170966,0.9920183585459363,0.007981641454063626
Examination→Discharge,наивная MLE,24.382720868604427,0.992153216496712,0.007846783503288034
Examination→Discharge,с учётом цензуры,0.0,0.0,1.0
Examination→Discharge,с учётом цензуры,0.08154756143345962,0.007821046921622485,0.9921789530783776
Examination→Discharge,с учётом цензуры,0.16309512286691924,0.017515165572409452,0.9824848344275905
Examination→Discharge,с учётом цензуры,0.24464268430037886,0.027960476542573862,0.9720395234574262
Examination→Discharge,с учётом цензуры,0.3261902457338385,0.038858714592632515,0.9611412854073675
Examination→Discharge,с учётом цензуры,0.4077378071672981,0.05005623972641365,0.9499437602735864
Examination→Discharge,с учётом цензуры,0.4892853686007577,0.06145752558845033,0.9385424744115497
Examination→Discharge,с учётом цензуры,0.5708329300342173,0.07299695725945857,0.9270030427405415
Examination→Discharge,с учётом цензуры,0.652380491467677,0.08462657805152317,0.9153734219484768
Examination→Discharge,с учётом цензуры,0.7339280529011366,0.09630982509019181,0.9036901749098082
Examination→Discharge,с учётом цензуры,0.8154756143345963,0.10801796327482617,0.8919820367251738
Examination→Discharge,с учётом цензуры,0.8970231757680558,0.1197278926778189,0.8802721073221811
Examination→Discharge,с учётом цензуры,0.9785707372015154,0.13142071954991366,0.8685792804500864
Examination→Discharge,с учётом цензуры,1.060118298634975,0.14308078144550046,0.8569192185544996
Examination→Discharge,с учётом цензуры,1.1416658600684346,0.15469495717651216,0.8453050428234878
Examination→Discharge,с учётом цензуры,1.2232134215018944,0.1662521633029188,0.8337478366970812
Examination→Discharge,с учётом цензуры,1.304760982935354,0.17774297724533578,0.8222570227546642
Examination→Discharge,с учётом цензуры,1.3863085443688135,0.18915934898787026,0.8108406510121298
Examination→Discharge,с учётом цензуры,1.4678561058022732,0.20049437638667578,0.7995056236133242
Examination→Discharge,с учётом цензуры,1.5494036672357328,0.21174212718008523,0.7882578728199148
Examination→Discharge,с учётом цензуры,1.6309512286691925,0.22289749596679534,0.7771025040332047
Examination→Discharge,с учётом цензуры,1.712498790102652,0.23395608782274357,0.7660439121772564
Examination→Discharge,с учётом цензуры,1.7940463515361116,0.2449141225253326,0.7550858774746674
Examination→Discharge,с учётом цензуры,1.8755939129695713,0.25576835493972655,0.7442316450602735
Examination→Discharge,с учётом цензуры,1.9571414744030309,0.26651600823854676,0.7334839917614533
Examination→Discharge,с учётом цензуры,2.0386890358364904,0.277154717426495,0.722845282573505
Examination→Discharge,с учётом цензуры,2.12023659726995,0.28768248122418105,0.712317518775819
Examination→Discharge,с учётом цензуры,2.20178415870341,0.2980976207960708,0.7019023792039292
Examination→Discharge,с учётом цензуры,2.2833317201368692,0.3083987441299602,0.6916012558700397
Examination→Discharge,с учётом цензуры,2.364879281570329,0.31858471511986464,0.6814152848801354
Examination→Discharge,с учётом цензуры,2.4464268430037888,0.32865462659162853,0.6713453734083714
Examination→Discharge,с учётом цензуры,2.527974404437248,0.33860777665575253,0.6613922233442475
Examination→Discharge,с учётом цензуры,2.609521965870708,0.3484436478854769,0.6515563521145231
Examination→Discharge,с учётом цензуры,2.6910695273041676,0.3581618889077585,0.6418381110922415
Examination→Discharge,с учётом цензуры,2.772617088737627,0.3677622980660691,0.6322377019339309
Examination→Discharge,с учётом цензуры,2.8541646501710867,0.3772448088711046,0.6227551911288953
Examination→Discharge,с учётом цензуры,2.9357122116045464,0.3866094770016639,0.6133905229983361
Examination→Discharge,с учётом цензуры,3.0172597730380057,0.39585646865549623,0.6041435313445038
Examination→Discharge,с учётом цензуры,3.0988073344714655,0.4049860500806484,0.5950139499193516
Examination→Discharge,с учётом цензуры,3.1803548959049253,0.4139985781431237,0.5860014218568763
Examination→Discharge,с учётом цензуры,3.261902457338385,0.4228944918076323,0.5771055081923677
Examination→Discharge,с учётом цензуры,3.3434500187718443,0.4316743044256201,0.5683256955743798
Examination→Discharge,с учётом цензуры,3.424997580205304,0.440338596739376,0.559661403260624
Examination→Discharge,с учётом цензуры,3.506545141638764,0.44888801052326294,0.5511119894767371
Examination→Discharge,с учётом цензуры,3.588092703072223,0.45732324279348247,0.5426767572065175
Examination→Discharge,с учётом цензуры,3.669640264505683,0.465645040526568,0.534354959473432
Examination→Discharge,с учётом цензуры,3.7511878259391427,0.4738541958342786,0.5261458041657214
Examination→Discharge,с учётом цензуры,3.832735387372602,0.48195154154896513,0.5180484584510349
Examination→Discharge,с учётом цензуры,3.9142829488060618,0.48993794717897243,0.5100620528210276
Examination→Discharge,с учётом цензуры,3.9958305102395215,0.49781431519836533,0.5021856848016346
Examination→Discharge,с учётом цензуры,4.077378071672981,0.5055815776393564,0.4944184223606436
Examination→Discharge,с учётом цензуры,4.158925633106441,0.5132406929593609,0.4867593070406391
Examination→Discharge,с учётом цензуры,4.2404731945399,0.5207926431576733,0.47920735684232674
Examination→Discharge,с учётом цензуры,4.32202075597336,0.5282384311194666,0.47176156888053344
Examination→Discharge,с учётом цензуры,4.40356831740682,0.5355790781671576,0.46442092183284245
Examination→Discharge,с учётом цензуры,4.485115878840279,0.5428156218012421,0.4571843781987579
Examination→Discharge,с учётом цензуры,4.5666634402737385,0.5499491136145347,0.4500508863854653
Examination→Discharge,с учётом цензуры,4.648211001707199,0.5569806173653331,0.4430193826346669
Examination→Discharge,с учётом цензуры,4.729758563140658,0.5639112071964497,0.4360887928035503
Examination→Discharge,с учётом цензуры,4.811306124574117,0.5707419659883126,0.4292580340116874
Examination→Discharge,с учётом цензуры,4.8928536860075775,0.577473983835446,0.422526016164554
Examination→Discharge,с учётом цензуры,4.974401247441037,0.5841083566366285,0.41589164336337153
Examination→Discharge,с учётом цензуры,5.055948808874496,0.590646184789926,0.40935381521007363
Examination→Discharge,с учётом цензуры,5.137496370307956,0.5970885719845744,0.40291142801542557
Examination→Discharge,с учётом цензуры,5.219043931741416,0.6034366240823992,0.3965633759176008
Examination→Discharge,с учётом цензуры,5.300591493174875,0.6096914480821014,0.3903085519178986
Examination→Discharge,с учётом цензуры,5.382139054608335,0.6158541511602992,0.3841458488397008
Examination→Discharge,с учётом цензуры,5.4636866160417945,0.6219258397837362,0.37807416021626383
Examination→Discharge,с учётом цензуры,5.545234177475254,0.6279076188875359,0.37209238111246407
Examination→Discharge,с учётом цензуры,5.626781738908714,0.6338005911147935,0.36619940888520647
Examination→Discharge,с учётом цензуры,5.708329300342173,0.6396058561131717,0.36039414388682833
Examination→Discharge,с учётом цензуры,5.789876861775633,0.6453245098845232,0.35467549011547683
Examination→Discharge,с учётом цензуры,5.871424423209093,0.6509576441838982,0.34904235581610177
Examination→Discharge,с учётом цензуры,5.952971984642552,0.6565063459644778,0.3434936540355222
Examination→Discharge,с учётом цензуры,6.0345195460760115,0.6619716968654079,0.3380283031345921
Examination→Discharge,с учётом цензуры,6.116067107509472,0.6673547727395417,0.33264522726045825
Examination→Discharge,с учётом цензуры,6.197614668942931,0.6726566432185095,0.32734335678149046
Examination→Discharge,с учётом цензуры,6.27916223037639,0.6778783713125505,0.32212162868744953
Examination→Discharge,с учётом цензуры,6.3607097918098505,0.683021013042883,0.316978986957117
Examination→Discharge,с учётом цензуры,6.44225735324331,0.6880856171044274,0.31191438289557255
Examination→Discharge,с учётом цензуры,6.52380491467677,0.6930732245569299,0.3069267754430701
Examination→Discharge,с учётом цензуры,6.605352476110229,0.6979848685426429,0.3020151314573572
Examination→Discharge,с учётом цензуры,6.686900037543689,0.7028215740288222,0.29717842597117783
Examination→Discharge,с учётом цензуры,6.768447598977149,0.707584357573487,0.2924156424265129
Examination→Discharge,с учётом цензуры,6.849995160410608,0.7122742271129242,0.2877257728870758
Examination→Discharge,с учётом цензуры,6.9315427218440675,0.7168921817695512,0.28310781823044884
Examination→Discharge,с учётом цензуры,7.013090283277528,0.7214392116788687,0.2785607883211313
Examination→Discharge,с учётом цензуры,7.094637844710987,0.7259162978342579,0.274083702165742
Examination→Discharge,с учётом цензуры,7.176185406144446,0.7303244119485286,0.26967558805147146
Examination→Discharge,с учётом цензуры,7.2577329675779065,0.734664516331127,0.265335483668873
Examination→Discharge,с учётом цензуры,7.339280529011366,0.7389375637800514,0.2610624362199486
Examination→Discharge,с учётом цензуры,7.420828090444825,0.7431444974875108,0.25685550251248923
Examination→Discharge,с учётом цензуры,7.502375651878285,0.7472862509585032,0.25271374904149674
Examination→Discharge,с учётом цензуры,7.583923213311745,0.7513637479414556,0.24863625205854445
Examination→Discharge,с учётом цензуры,7.665470774745204,0.7553779023702007,0.24462209762979922
Examination→Discharge,с учётом цензуры,7.747018336178664,0.759329618316557,0.24067038168344299
Examination→Discharge,с учётом цензуры,7.8285658976121235,0.7632197899528456,0.2367802100471544
Examination→Discharge,с учётом цензуры,7.910113459045583,0.7670493015237154,0.23295069847628463
Examination→Discharge,с учётом цензуры,7.991661020479043,0.7708190273266793,0.22918097267332072
Examination→Discharge,с учётом цензуры,8.073208581912503,0.7745298317008157,0.22547016829918434
Examination→Discharge,с учётом цензуры,8.154756143345962,0.7781825690230978,0.22181743097690218
Examination→Discharge,с учётом цензуры,8.236303704779422,0.7817780837118762,0.21822191628812382
Examination→Discharge,с учётом цензуры,8.317851266212882,0.7853172102370314,0.21468278976296865
Examination→Discharge,с учётом цензуры,8.39939882764634,0.7888007731363795,0.2111992268636205
Examination→Discharge,с учётом цензуры,8.4809463890798,0.7922295870379128,0.20777041296208726
Examination→Discharge,с учётом цензуры,8.562493950513261,0.7956044566874827,0.2043955433125173
Examination→Discharge,с учётом цензуры,8.64404151194672,0.7989261769815762,0.20107382301842378
Examination→Discharge,с учётом цензуры,8.72558907338018,0.8021955330048276,0.19780446699517237
Examination→Discharge,с учётом цензуры,8.80713663481364,0.8054133000719487,0.1945866999280513
Examination→Discharge,с учётом цензуры,8.888684196247098,0.8085802437737779,0.19141975622622212
Examination→Discharge,с учётом цензуры,8.970231757680558,0.811697120027153,0.18830287997284703
Examination→Discharge,с учётом цензуры,9.051779319114019,0.8147646751283345,0.18523532487166547
Examination→Discharge,с учётом цензуры,9.133326880547477,0.8177836458097388,0.18221635419026116
Examination→Discharge,с учётом цензуры,9.214874441980937,0.8207547592997166,0.17924524070028336
Examination→Discharge,с учётом цензуры,9.296422003414397,0.8236787333851745,0.1763212666148255
Examination→Discharge,с учётом цензуры,9.377969564847856,0.8265562764768044,0.17344372352319562
Examination→Discharge,с учётом цензуры,9.459517126281316,0.829388087676727,0.17061191232327294
Examination→Discharge,с учётом цензуры,9.541064687714776,0.8321748568483585,0.16782514315164157
Examination→Discharge,с учётом цензуры,9.622612249148235,0.8349172646883165,0.16508273531168352
Examination→Discharge,с учётом цензуры,9.704159810581695,0.8376159828001983,0.16238401719980172
Examination→Discharge,с учётом цензуры,9.785707372015155,0.8402716737700637,0.1597283262299363
Examination→Discharge,с учётом цензуры,9.867254933448613,0.84288499124348,0.15711500875651999
Examination→Discharge,с учётом цензуры,9.948802494882074,0.8454565800039763,0.15454341999602375
Examination→Discharge,с учётом цензуры,10.030350056315534,0.8479870760527779,0.15201292394722213
Examination→Discharge,с учётом цензуры,10.111897617748992,0.8504771066896885,0.14952289331031157
Examination→Discharge,с учётом цензуры,10.193445179182453,0.8529272905950032,0.14707270940499678
Examination→Discharge,с учётом цензуры,10.274992740615913,0.8553382379123381,0.1446617620876619
Examination→Discharge,с учётом цензуры,10.356540302049371,0.8577105503322606,0.14228944966773938
Examination→Discharge,с учётом цензуры,10.438087863482831,0.8600448211766345,0.13995517882336544
Examination→Discharge,с учётом цензуры,10.519635424916292,0.8623416354835672,0.13765836451643276
Examination→Discharge,с учётом цензуры,10.60118298634975,0.8646015700928829,0.13539842990711717
Examination→Discharge,с учётом цензуры,10.68273054778321,0.8668251937320237,0.13317480626797626
Examination→Discharge,с учётом цензуры,10.76427810921667,0.8690130671023122,0.13098693289768787
Examination→Discharge,с учётом цензуры,10.845825670650129,0.8711657429654849,0.12883425703451518
Examination→Discharge,с учётом цензуры,10.927373232083589,0.8732837662304372,0.12671623376956279
Examination→Discharge,с учётом цензуры,11.00892079351705,0.8753676740401062,0.12463232595989385
Examination→Discharge,с учётом цензуры,11.090468354950508,0.8774179958584297,0.12258200414157029
Examination→Discharge,с учётом цензуры,11.172015916383968,0.8794352535573209,0.12056474644267912
Examination→Discharge,с учётом цензуры,11.253563477817428,0.8814199615036054,0.11858003849639459
Examination→Discharge,с учётом цензуры,11.335111039250886,0.8833726266458645,0.11662737335413557
Examination→Discharge,с учётом цензуры,11.416658600684347,0.8852937486011336,0.11470625139886634
Examination→Discharge,с учётом цензуры,11.498206162117807,0.8871838197414192,0.1128161802585808
Examination→Discharge,с учётом цензуры,11.579753723551265,0.8890433252799735,0.11095667472002649
Examination→Discharge,с учётом цензуры,11.661301284984726,0.8908727433573045,0.10912725664269553
Examination→Discharge,с учётом цензуры,11.742848846418186,0.892672545126867,0.10732745487313303
Examination→Discharge,с учётом цензуры,11.824396407851644,0.8944431948404101,0.10555680515958984
Examination→Discharge,с учётом цензуры,11.905943969285104,0.8961851499329401,0.10381485006705998
Examination→Discharge,с учётом цензуры,11.987491530718565,0.8978988611072681,0.1021011388927319
Examination→Discharge,с учётом цензуры,12.069039092152023,0.8995847724181196,0.10041522758188041
Examination→Discharge,с учётом цензуры,12.150586653585483,0.9012433213557681,0.09875667864423192
Examination→Discharge,с учётом цензуры,12.232134215018943,0.9028749389291738,0.09712506107082619
Examination→Discharge,с учётом цензуры,12.313681776452402,0.9044800497486036,0.09551995025139633
Examination→Discharge,с учётом цензуры,12.395229337885862,0.906059072107706,0.09394092789229397
Examination→Discharge,с учётом цензуры,12.476776899319322,0.9076124180650231,0.09238758193497686
Examination→Discharge,с учётом цензуры,12.55832446075278,0.909140493524922,0.09085950647507805
Examination→Discharge,с учётом цензуры,12.63987202218624,0.9106436983179234,0.08935630168207662
Examination→Discharge,с учётом цензуры,12.721419583619701,0.9121224262804158,0.08787757371958416
Examination→Discharge,с учётом цензуры,12.80296714505316,0.9135770653337374,0.08642293466626265
Examination→Discharge,с учётом цензуры,12.88451470648662,0.9150079975626115,0.08499200243738844
Examination→Discharge,с учётом цензуры,12.96606226792008,0.9164155992929273,0.08358440070707279
Examination→Discharge,с учётом цензуры,13.04760982935354,0.9178002411688471,0.08219975883115288
Examination→Discharge,с учётом цензуры,13.129157390786999,0.919162288229237,0.08083771177076303
Examination→Discharge,с учётом цензуры,13.210704952220459,0.9205020999834058,0.07949790001659414
Examination→Discharge,с учётом цензуры,13.292252513653919,0.9218200304861482,0.0781799695138518
Examination→Discharge,с учётом цензуры,13.373800075087377,0.9231164284120799,0.07688357158792014
Examination→Discharge,с учётом цензуры,13.455347636520838,0.9243916371292625,0.07560836287073743
Examination→Discharge,с учётом цензуры,13.536895197954298,0.9256459947721098,0.07435400522789015
Examination→Discharge,с учётом цензуры,13.618442759387756,0.9268798343135682,0.0731201656864317
Examination→Discharge,с учётом цензуры,13.699990320821216,0.9280934836365734,0.07190651636342664
Examination→Discharge,с учётом цензуры,13.781537882254677,0.9292872656047699,0.07071273439523006
Examination→Discharge,с учётом цензуры,13.863085443688135,0.9304614981325009,0.06953850186749912
Examination→Discharge,с учётом цензуры,13.944633005121595,0.9316164942540562,0.06838350574594376
Examination→Discharge,с учётом цензуры,14.026180566555055,0.9327525621921836,0.06724743780781642
Examination→Discharge,с учётом цензуры,14.107728127988514,0.9338700054258569,0.06612999457414309
Examination→Discharge,с учётом цензуры,14.189275689421974,0.9349691227573048,0.06503087724269518
Examination→Discharge,с учётом цензуры,14.270823250855434,0.9360502083782942,0.06394979162170578
Examination→Discharge,с учётом цензуры,14.352370812288893,0.9371135519356745,0.0628864480643255
Examination→Discharge,с учётом цензуры,14.433918373722353,0.9381594385961779,0.06184056140382215
Examination→Discharge,с учётом цензуры,14.515465935155813,0.9391881491104799,0.060811850889520125
Examination→Discharge,с учётом цензуры,14.597013496589271,0.94019995987652,0.05980004012347995
Examination→Discharge,с учётом цензуры,14.678561058022732,0.9411951430020848,0.05880485699791519
Examination→Discharge,с учётом цензуры,14.760108619456192,0.9421739663666544,0.05782603363334563
Examination→Discharge,с учётом цензуры,14.84165618088965,0.9431366936825164,0.056863306317483577
Examination→Discharge,с учётом цензуры,14.92320374232311,0.9440835845551482,0.05591641544485179
Examination→Discharge,с учётом цензуры,15.00475130375657,0.9450148945428717,0.05498510545712835
Examination→Discharge,с учётом цензуры,15.08629886519003,0.9459308752157828,0.054069124784217264
Examination→Discharge,с учётом цензуры,15.16784642662349,0.9468317742139607,0.053168225786039344
Examination→Discharge,с учётом цензуры,15.24939398805695,0.9477178353049573,0.052282164695042606
Examination→Discharge,с учётом цензуры,15.330941549490408,0.9485892984405766,0.05141070155942335
Examination→Discharge,с учётом цензуры,15.412489110923868,0.9494463998129404,0.050553600187059546
Examination→Discharge,с учётом цензуры,15.494036672357328,0.9502893719098515,0.04971062809014848
Examination→Discharge,с учётом цензуры,15.575584233790787,0.9511184435694554,0.0488815564305446
Examination→Discharge,с учётом цензуры,15.657131795224247,0.9519338400342059,0.04806615996579416
Examination→Discharge,с учётом цензуры,15.738679356657707,0.952735783004139,0.04726421699586101
Examination→Discharge,с учётом цензуры,15.820226918091166,0.953524490689462,0.04647550931053803
Examination→Discharge,с учётом цензуры,15.901774479524626,0.9543001778624591,0.04569982213754084
Examination→Discharge,с учётом цензуры,15.983322040958086,0.9550630559087241,0.04493694409127593
Examination→Discharge,с учётом цензуры,16.064869602391546,0.9558133328777193,0.04418666712228075
Examination→Discharge,с учётом цензуры,16.146417163825006,0.9565512135326724,0.04344878646732767
Examination→Discharge,с учётом цензуры,16.227964725258463,0.9572768993998112,0.042723100600188774
Examination→Discharge,с учётом цензуры,16.309512286691923,0.9579905888169471,0.042009411183052875
Examination→Discharge,с учётом цензуры,16.391059848125384,0.9586924769814079,0.04130752301859204
Examination→Discharge,с учётом цензуры,16.472607409558844,0.9593827559973299,0.04061724400267004
Examination→Discharge,с учётом цензуры,16.554154970992304,0.9600616149223131,0.03993838507768692
Examination→Discharge,с учётом цензуры,16.635702532425764,0.9607292398134458,0.039270760186554184
Examination→Discharge,с учётом цензуры,16.71725009385922,0.9613858137727052,0.0386141862272949
Examination→Discharge,с учётом цензуры,16.79879765529268,0.9620315169917382,0.037968483008261854
Examination→Discharge,с учётом цензуры,16.88034521672614,0.9626665267960316,0.037333473203968445
Examination→Discharge,с учётом цензуры,16.9618927781596,0.9632910176884744,0.03670898231152565
Examination→Discharge,с учётом цензуры,17.04344033959306,0.9639051613923209,0.036094838607679196
Examination→Discharge,с учётом цензуры,17.124987901026522,0.9645091268935589,0.035490873106441015
Examination→Discharge,с учётом цензуры,17.20653546245998,0.9651030804826919,0.034896919517308125
Examination→Discharge,с учётом цензуры,17.28808302389344,0.9656871857959366,0.034312814204063416
Examination→Discharge,с учётом цензуры,17.3696305853269,0.9662616038558485,0.03373839614415154
Examination→Discharge,с учётом цензуры,17.45117814676036,0.9668264931113754,0.03317350688862464
Examination→Discharge,с учётом цензуры,17.53272570819382,0.9673820094773498,0.032617990522650256
Examination→Discharge,с учётом цензуры,17.61427326962728,0.9679283063734236,0.032071693626576386
Examination→Discharge,с учётом цензуры,17.695820831060736,0.9684655347624528,0.03153446523754721
Examination→Discharge,с учётом цензуры,17.777368392494196,0.9689938431883373,0.031006156811662692
Examination→Discharge,с учётом цензуры,17.858915953927657,0.9695133778133231,0.03048662218667687
Examination→Discharge,с учётом цензуры,17.940463515361117,0.9700242824547726,0.02997571754522743
Examination→Discharge,с учётом цензуры,18.022011076794577,0.9705266986214082,0.029473301378591884
Examination→Discharge,с учётом цензуры,18.103558638228037,0.9710207655490378,0.02897923445096218
Examination→Discharge,с учётом цензуры,18.185106199661494,0.9715066202357658,0.028493379764234154
Examination→Discharge,с учётом цензуры,18.266653761094954,0.9719843974766968,0.028015602523303144
Examination→Discharge,с учётом цензуры,18.348201322528414,0.9724542298981382,0.027545770101861787
Examination→Discharge,с учётом цензуры,18.429748883961874,0.9729162479913075,0.027083752008692515
Examination→Discharge,с учётом цензуры,18.511296445395335,0.9733705801455506,0.026629419854449495
Examination→Discharge,с учётом цензуры,18.592844006828795,0.9738173526810764,0.0261826473189236
Examination→Discharge,с учётом цензуры,18.67439156826225,0.9742566898812149,0.025743310118785005
Examination→Discharge,с учётом цензуры,18.75593912969571,0.9746887140242034,0.025311285975796575
Examination→Discharge,с учётом цензуры,18.837486691129172,0.9751135454145067,0.02488645458549334
Examination→Discharge,с учётом цензуры,18.919034252562632,0.9755313024136791,0.024468697586320864
Examination→Discharge,с учётом цензуры,19.000581813996092,0.9759421014707718,0.02405789852922825
Examination→Discharge,с учётом цензуры,19.082129375429552,0.9763460571522918,0.023653942847708154
Examination→Discharge,с учётом цензуры,19.16367693686301,0.9767432821717199,0.02325671782828004
Examination→Discharge,с учётом цензуры,19.24522449829647,0.9771338874185908,0.022866112581409224
Examination→Discharge,с учётом цензуры,19.32677205972993,0.9775179819871423,0.022482018012857687
Examination→Discharge,с учётом цензуры,19.40831962116339,0.9778956732045405,0.02210432679545953
Examination→Discharge,с учётом цензуры,19.48986718259685,0.9782670666586833,0.021732933341316617
Examination→Discharge,с учётом цензуры,19.57141474403031,0.9786322662255916,0.021367733774408385
Examination→Discharge,с учётом цензуры,19.652962305463767,0.9789913740963893,0.021008625903610773
Examination→Discharge,с учётом цензуры,19.734509866897227,0.9793444908038821,0.020655509196117933
Examination→Discharge,с учётом цензуры,19.816057428330687,0.9796917152487371,0.020308284751262905
Examination→Discharge,с учётом цензуры,19.897604989764147,0.9800331447252698,0.019966855274730196
Examination→Discharge,с учётом цензуры,19.979152551197608,0.9803688749468437,0.01963112505315639
Examination→Discharge,с учётом цензуры,20.060700112631068,0.9806990000708871,0.019300999929112897
Examination→Discharge,с учётом цензуры,20.142247674064524,0.9810236127235344,0.018976387276465556
Examination→Discharge,с учётом цензуры,20.223795235497985,0.9813428040238934,0.018657195976106593
Examination→Discharge,с учётом цензуры,20.305342796931445,0.9816566636079468,0.018343336392053242
Examination→Discharge,с учётом цензуры,20.386890358364905,0.9819652796520917,0.01803472034790836
Examination→Discharge,с учётом цензуры,20.468437919798365,0.9822687388963219,0.01773126110367803
Examination→Discharge,с учётом цензуры,20.549985481231825,0.9825671266670591,0.017432873332940895
Examination→Discharge,с учётом цензуры,20.631533042665282,0.9828605268996348,0.017139473100365187
Examination→Discharge,с учётом цензуры,20.713080604098742,0.9831490221604324,0.016850977839567544
Examination→Discharge,с учётом цензуры,20.794628165532203,0.9834326936686903,0.016567306331309685
Examination→Discharge,с учётом цензуры,20.876175726965663,0.9837116213179719,0.01628837868202814
Examination→Discharge,с учётом цензуры,20.957723288399123,0.9839858836973082,0.01601411630269177
Examination→Discharge,с учётом цензуры,21.039270849832583,0.9842555581120168,0.015744441887983192
Examination→Discharge,с учётом цензуры,21.120818411266043,0.9845207206042007,0.015479279395799326
Examination→Discharge,с учётом цензуры,21.2023659726995,0.9847814459729338,0.015218554027066226
Examination→Discharge,с учётом цензуры,21.28391353413296,0.9850378077941357,0.014962192205864264
Examination→Discharge,с учётом цензуры,21.36546109556642,0.9852898784401412,0.01471012155985885
Examination→Discharge,с учётом цензуры,21.44700865699988,0.9855377290989672,0.014462270901032763
Examination→Discharge,с учётом цензуры,21.52855621843334,0.9857814297932849,0.014218570206715093
Examination→Discharge,с учётом цензуры,21.6101037798668,0.9860210493990965,0.013978950600903485
Examination→Discharge,с учётом цензуры,21.691651341300258,0.9862566556641253,0.01374334433587467
Examination→Discharge,с учётом цензуры,21.773198902733718,0.9864883152259205,0.013511684774079527
Examination→Discharge,с учётом цензуры,21.854746464167178,0.9867160936296815,0.013283906370318557
Examination→Discharge,с учётом цензуры,21.93629402560064,0.9869400553458064,0.01305994465419362
Examination→Discharge,с учётом цензуры,22.0178415870341,0.9871602637871679,0.012839736212832046
Examination→Discharge,с учётом цензуры,22.09938914846756,0.9873767813261211,0.012623218673878977
Examination→Discharge,с учётом цензуры,22.180936709901015,0.9875896693112457,0.012410330688754277
Examination→Discharge,с учётом цензуры,22.262484271334475,0.9877989880838299,0.012201011916170082
Examination→Discharge,с учётом цензуры,22.344031832767936,0.988004796994095,0.011995203005904991
Examination→Discharge,с учётом цензуры,22.425579394201396,0.9882071544171686,0.011792845582831458
Examination→Discharge,с учётом цензуры,22.507126955634856,0.9884061177688076,0.011593882231192417
Examination→Discharge,с учётом цензуры,22.588674517068316,0.9886017435208764,0.011398256479123594
Examination→Discharge,с учётом цензуры,22.670222078501773,0.988794087216582,0.011205912783417975
Examination→Discharge,с учётом цензуры,22.751769639935233,0.9889832034854715,0.011016796514528492
Examination→Discharge,с учётом цензуры,22.833317201368693,0.989169146058194,0.010830853941806017
Examination→Discharge,с учётом цензуры,22.914864762802154,0.9893519677810314,0.010648032218968609
Examination→Discharge,с учётом цензуры,22.996412324235614,0.9895317206302012,0.010468279369798748
Examination→Discharge,с учётом цензуры,23.077959885669074,0.9897084557259345,0.010291544274065513
Examination→Discharge,с учётом цензуры,23.15950744710253,0.9898822233463321,0.010117776653667818
Examination→Discharge,с учётом цензуры,23.24105500853599,0.9900530729410043,0.009946927058995707
Examination→Discharge,с учётом цензуры,23.32260256996945,0.9902210531444935,0.009778946855506556
Examination→Discharge,с учётом цензуры,23.40415013140291,0.9903862117894874,0.009613788210512658
Examination→Discharge,с учётом цензуры,23.48569769283637,0.9905485959198227,0.009451404080177285
Examination→Discharge,с учётом цензуры,23.56724525426983,0.990708251803284,0.009291748196716005
Examination→Discharge,с учётом цензуры,23.64879281570329,0.9908652249441999,0.00913477505580007
Examination→Discharge,с учётом цензуры,23.73034037713675,0.9910195600958409,0.008980439904159091
Examination→Discharge,с учётом цензуры,23.81188793857021,0.9911713012726203,0.008828698727379665
Examination→Discharge,с учётом цензуры,23.89343550000367,0.9913204917621027,0.00867950823789736
Examination→Discharge,с учётом цензуры,23.97498306143713,0.9914671741368212,0.00853282586317879
Examination→Discharge,с учётом цензуры,24.05653062287059,0.9916113902659089,0.00838860973409111
Examination→Discharge,с учётом цензуры,24.138078184304046,0.9917531813265439,0.008246818673456075
Examination→Discharge,с учётом цензуры,24.219625745737506,0.9918925878152143,0.008107412184785761
Examination→Discharge,с учётом цензуры,24.301173307170966,0.9920296495588027,0.007970350441197293
Examination→Discharge,с учётом цензуры,24.382720868604427,0.9921644057254961,0.007835594274503834
Examination→Treatment,наивная MLE,0.0,0.0,1.0
Examination→Treatment,наивная MLE,0.0013528011433489345,0.030110366250118863,0.9698896337498811
Examination→Treatment,наивная MLE,0.002705602286697869,0.05370793954280697,0.946292060457193
Examination→Treatment,наивная MLE,0.004058403430046804,0.07513418094201658,0.9248658190579834
Examination→Treatment,наивная MLE,0.005411204573395738,0.09515642014159124,0.9048435798584088
Examination→Treatment,наивная MLE,0.006764005716744672,0.11412270022270177,0.8858772997772982
Examination→Treatment,наивная MLE,0.008116806860093608,0.13223287081409188,0.8677671291859081
Examination→Treatment,наивная MLE,0.009469608003442542,0.14961706174821862,0.8503829382517814
Examination→Treatment,наивная MLE,0.010822409146791476,0.1663670447890362,0.8336329552109638
Examination→Treatment,наивная MLE,0.01217521029014041,0.182551240297402,0.817448759702598
Examination→Treatment,наивная MLE,0.013528011433489345,0.1982227990186323,0.8017772009813677
Examination→Treatment,наивная MLE,0.01488081257683828,0.21342433821454268,0.7865756617854573
Examination→Treatment,наивная MLE,0.016233613720187216,0.22819089985408705,0.771809100145913
Examination→Treatment,наивная MLE,0.01758641486353615,0.24255189297690047,0.7574481070230995
Examination→Treatment,наивная MLE,0.018939216006885085,0.25653242151270933,0.7434675784872906
Examination→Treatment,наивная MLE,0.02029201715023402,0.2701542226731831,0.7298457773268169
Examination→Treatment,наивная MLE,0.021644818293582953,0.2834363489014795,0.7165636510985205
Examination→Treatment,наивная MLE,0.022997619436931887,0.29639567539109607,0.7036043246089039
Examination→Treatment,наивная MLE,0.02435042058028082,0.3090472856248524,0.6909527143751476
Examination→Treatment,наивная MLE,0.025703221723629755,0.32140476954310965,0.6785952304568903
Examination→Treatment,наивная MLE,0.02705602286697869,0.33348045780505287,0.6665195421949471
Examination→Treatment,наивная MLE,0.028408824010327627,0.3452856084332096,0.6547143915667903
Examination→Treatment,наивная MLE,0.02976162515367656,0.35683055739101094,0.6431694426089891
Examination→Treatment,наивная MLE,0.031114426297025495,0.36812484143690166,0.6318751585630984
Examination→Treatment,наивная MLE,0.03246722744037443,0.37917729938427064,0.6208227006157294
Examination→Treatment,наивная MLE,0.03382002858372336,0.3899961563384852,0.6100038436615147
Examination→Treatment,наивная MLE,0.0351728297270723,0.4005890943674437,0.5994109056325563
Examination→Treatment,наивная MLE,0.03652563087042123,0.4109633122519395,0.5890366877480605
Examination→Treatment,наивная MLE,0.03787843201377017,0.4211255763651864,0.5788744236348136
Examination→Treatment,наивная MLE,0.0392312331571191,0.43108226428530705,0.568917735714693
Examination→Treatment,наивная MLE,0.04058403430046804,0.44083940240812064,0.5591605975918794
Examination→Treatment,наивная MLE,0.04193683544381697,0.45040269857067405,0.549597301429326
Examination→Treatment,наивная MLE,0.043289636587165906,0.45977757049786777,0.5402224295021323
Examination→Treatment,наивная MLE,0.04464243773051484,0.46896917073032496,0.531030829269675
Examination→Treatment,наивная MLE,0.045995238873863774,0.47798240857057467,0.5220175914294254
Examination→Treatment,наивная MLE,0.04734804001721271,0.4868219694887754,0.5131780305112246
Examination→Treatment,наивная MLE,0.04870084116056164,0.4954923323527616,0.5045076676472384
Examination→Treatment,наивная MLE,0.05005364230391058,0.5039977847857782,0.49600221521422183
Examination→Treatment,наивная MLE,0.05140644344725951,0.5123424369056164,0.4876575630943836
Examination→Treatment,наивная MLE,0.05275924459060845,0.5205302336584366,0.47946976634156335
Examination→Treatment,наивная MLE,0.05411204573395738,0.5285649659274843,0.47143503407251575
Examination→Treatment,наивная MLE,0.055464846877306316,0.536450280569668,0.46354971943033196
Examination→Treatment,наивная MLE,0.056817648020655254,0.5441896895104206,0.45581031048957943
Examination→Treatment,наивная MLE,0.058170449164004184,0.5517865780085173,0.44821342199148273
Examination→Treatment,наивная MLE,0.05952325030735312,0.5592442121868539,0.44075578781314606
Examination→Treatment,наивная MLE,0.06087605145070205,0.566565745912025,0.433434254087975
Examination→Treatment,наивная MLE,0.06222885259405099,0.5737542270944577,0.42624577290554233
Examination→Treatment,наивная MLE,0.06358165373739992,0.5808126034714526,0.4191873965285474
Examination→Treatment,наивная MLE,0.06493445488074887,0.5877437279275083,0.4122562720724917
Examination→Treatment,наивная MLE,0.0662872560240978,0.5945503633994934,0.4054496366005066
Examination→Treatment,наивная MLE,0.06764005716744673,0.6012351874083884,0.39876481259161156
Examination→Treatment,наивная MLE,0.06899285831079566,0.6078007962543243,0.39219920374567574
Examination→Treatment,наивная MLE,0.0703456594541446,0.6142497089073131,0.38575029109268705
Examination→Treatment,наивная MLE,0.07169846059749353,0.6205843706223301,0.3794156293776699
Examination→Treatment,наивная MLE,0.07305126174084246,0.626807156304186,0.3731928436958141
Examination→Treatment,наивная MLE,0.0744040628841914,0.6329203736447809,0.3670796263552192
Examination→Treatment,наивная MLE,0.07575686402754034,0.6389262660529028,0.36107373394709735
Examination→Treatment,наивная MLE,0.07710966517088927,0.6448270153945609,0.3551729846054389
Examination→Treatment,наивная MLE,0.0784624663142382,0.6506247445599804,0.3493752554400198
Examination→Treatment,наивная MLE,0.07981526745758714,0.6563215198717018,0.34367848012829816
Examination→Treatment,наивная MLE,0.08116806860093607,0.6619193533468054,0.33808064665319487
Examination→Treatment,наивная MLE,0.082520869744285,0.6674202048249472,0.3325797951750527
Examination→Treatment,наивная MLE,0.08387367088763394,0.672825983972796,0.3271740160272042
Examination→Treatment,наивная MLE,0.08522647203098288,0.67813855217441,0.32186144782559
Examination→Treatment,наивная MLE,0.08657927317433181,0.6833597243162245,0.3166402756837757
Examination→Treatment,наивная MLE,0.08793207431768074,0.6884912704744945,0.3115087295255054
Examination→Treatment,наивная MLE,0.08928487546102969,0.6935349175123384,0.3064650824876614
Examination→Treatment,наивная MLE,0.09063767660437862,0.6984923505928786,0.3015076494071212
Examination→Treatment,наивная MLE,0.09199047774772755,0.7033652146144096,0.29663478538559035
Examination→Treatment,наивная MLE,0.09334327889107648,0.7081551155730035,0.2918448844269965
Examination→Treatment,наивная MLE,0.09469608003442542,0.7128636218575067,0.28713637814249326
Examination→Treatment,наивная MLE,0.09604888117777435,0.7174922654814598,0.28250773451854017
Examination→Treatment,наивная MLE,0.09740168232112328,0.7220425432561013,0.27795745674389877
Examination→Treatment,наивная MLE,0.09875448346447223,0.7265159179082763,0.27348408209172376
Examination→Treatment,наивная MLE,0.10010728460782116,0.7309138191467621,0.2690861808532379
Examination→Treatment,наивная MLE,0.10146008575117009,0.7352376446802453,0.26476235531975467
Examination→Treatment,наивная MLE,0.10281288689451902,0.7394887611899463,0.2605112388100537
Examination→Treatment,наивная MLE,0.10416568803786797,0.7436685052596186,0.25633149474038136
Examination→Treatment,наивная MLE,0.1055184891812169,0.7477781842655022,0.2522218157344977
Examination→Treatment,наивная MLE,0.10687129032456583,0.751819077228562,0.24818092277143802
Examination→Treatment,наивная MLE,0.10822409146791476,0.7557924356312087,0.2442075643687913
Examination→Treatment,наивная MLE,0.1095768926112637,0.7596994842005174,0.24030051579948264
Examination→Treatment,наивная MLE,0.11092969375461263,0.7635414216598271,0.2364585783401729
Examination→Treatment,наивная MLE,0.11228249489796156,0.7673194214504793,0.23268057854952073
Examination→Treatment,наивная MLE,0.11363529604131051,0.7710346324252996,0.22896536757470046
Examination→Treatment,наивная MLE,0.11498809718465944,0.7746881795153556,0.22531182048464438
Examination→Treatment,наивная MLE,0.11634089832800837,0.778281164371395,0.22171883562860492
Examination→Treatment,наивная MLE,0.1176936994713573,0.7818146659812812,0.2181853340187188
Examination→Treatment,наивная MLE,0.11904650061470624,0.7852897412646624,0.21471025873533753
Examination→Treatment,наивная MLE,0.12039930175805517,0.7887074256460165,0.2112925743539835
Examination→Treatment,наивная MLE,0.1217521029014041,0.7920687336071595,0.2079312663928406
Examination→Treatment,наивная MLE,0.12310490404475305,0.7953746592202103,0.20462534077978967
Examination→Treatment,наивная MLE,0.12445770518810198,0.7986261766619857,0.20137382333801437
Examination→Treatment,наивная MLE,0.1258105063314509,0.8018242407106725,0.19817575928932754
Examination→Treatment,наивная MLE,0.12716330747479984,0.8049697872256469,0.195030212774353
Examination→Treatment,наивная MLE,0.12851610861814877,0.8080637336112083,0.19193626638879166
Examination→Treatment,наивная MLE,0.12986890976149773,0.8111069792649607,0.18889302073503936
Examination→Treatment,наивная MLE,0.13122171090484666,0.8141004060115418,0.1858995939884583
Examination→Treatment,наивная MLE,0.1325745120481956,0.8170448785223535,0.18295512147764648
Examination→Treatment,наивная MLE,0.13392731319154452,0.8199412447219017,0.1800587552780984
Examination→Treatment,наивная MLE,0.13528011433489345,0.8227903361813405,0.1772096638186595
Examination→Treatment,наивная MLE,0.13663291547824238,0.8255929684997505,0.1744070315002495
Examination→Treatment,наивная MLE,0.13798571662159131,0.8283499416736858,0.17165005832631416
Examination→Treatment,наивная MLE,0.13933851776494025,0.831062040455474,0.168937959544526
Examination→Treatment,наивная MLE,0.1406913189082892,0.833730034700729,0.166269965299271
Examination→Treatment,наивная MLE,0.14204412005163813,0.8363546797055202,0.16364532029447976
Examination→Treatment,наивная MLE,0.14339692119498706,0.8389367165336158,0.1610632834663842
Examination→Treatment,наивная MLE,0.144749722338336,0.8414768723341843,0.15852312766581567
Examination→Treatment,наивная MLE,0.14610252348168493,0.8439758606503422,0.15602413934965778
Examination→Treatment,наивная MLE,0.14745532462503386,0.8464343817188945,0.15356561828110551
Examination→Treatment,наивная MLE,0.1488081257683828,0.8488531227615987,0.1511468772384012
Examination→Treatment,наивная MLE,0.15016092691173175,0.8512327582682956,0.1487672417317044
Examination→Treatment,наивная MLE,0.15151372805508068,0.8535739502721795,0.1464260497278205
Examination→Treatment,наивная MLE,0.1528665291984296,0.8558773486175266,0.14412265138247332
Examination→Treatment,наивная MLE,0.15421933034177854,0.858143591220143,0.14185640877985697
Examination→Treatment,наивная MLE,0.15557213148512747,0.8603733043207936,0.13962669567920635
Examination→Treatment,наивная MLE,0.1569249326284764,0.8625671027318726,0.13743289726812735
Examination→Treatment,наивная MLE,0.15827773377182533,0.864725590077543,0.135274409922457
Examination→Treatment,наивная MLE,0.1596305349151743,0.8668493590275843,0.13315064097241572
Examination→Treatment,наивная MLE,0.16098333605852322,0.8689389915251573,0.13106100847484276
Examination→Treatment,наивная MLE,0.16233613720187215,0.8709950590086947,0.12900494099130536
Examination→Treatment,наивная MLE,0.16368893834522108,0.8730181226281268,0.12698187737187322
Examination→Treatment,наивная MLE,0.16504173948857,0.8750087334556123,0.12499126654438777
Examination→Treatment,наивная MLE,0.16639454063191894,0.8769674326909755,0.12303256730902447
Examination→Treatment,наивная MLE,0.16774734177526787,0.8788947518620163,0.12110524813798372
Examination→Treatment,наивная MLE,0.16910014291861683,0.88079121301985,0.11920878698015001
Examination→Treatment,наивная MLE,0.17045294406196576,0.8826573289294544,0.11734267107054566
Examination→Treatment,наивная MLE,0.1718057452053147,0.8844936032555641,0.11550639674443583
Examination→Treatment,наивная MLE,0.17315854634866362,0.8863005307440589,0.1136994692559411
Examination→Treatment,наивная MLE,0.17451134749201255,0.8880785973989944,0.1119214026010056
Examination→Treatment,наивная MLE,0.17586414863536148,0.8898282806554033,0.11017171934459664
Examination→Treatment,наивная MLE,0.17721694977871041,0.8915500495479947,0.10844995045200534
Examination→Treatment,наивная MLE,0.17856975092205937,0.8932443648758883,0.10675563512411165
Examination→Treatment,наивная MLE,0.1799225520654083,0.8949116793634839,0.10508832063651609
Examination→Treatment,наивная MLE,0.18127535320875723,0.8965524378175977,0.1034475621824023
Examination→Treatment,наивная MLE,0.18262815435210616,0.8981670772809673,0.1018329227190327
Examination→Treatment,наивная MLE,0.1839809554954551,0.8997560271822321,0.1002439728177679
Examination→Treatment,наивная MLE,0.18533375663880403,0.9013197094824952,0.09868029051750478
Examination→Treatment,наивная MLE,0.18668655778215296,0.9028585388185588,0.0971414611814412
Examination→Treatment,наивная MLE,0.18803935892550191,0.9043729226429364,0.09562707735706356
Examination→Treatment,наивная MLE,0.18939216006885085,0.9058632613607227,0.09413673863927727
Examination→Treatment,наивная MLE,0.19074496121219978,0.9073299484634172,0.09267005153658275
Examination→Treatment,наивная MLE,0.1920977623555487,0.9087733706597844,0.09122662934021562
Examination→Treatment,наивная MLE,0.19345056349889764,0.9101939080038295,0.08980609199617047
Examination→Treatment,наивная MLE,0.19480336464224657,0.9115919340199713,0.08840806598002873
Examination→Treatment,наивная MLE,0.1961561657855955,0.9129678158254863,0.08703218417451371
Examination→Treatment,наивная MLE,0.19750896692894446,0.9143219142503006,0.08567808574969941
Examination→Treatment,наивная MLE,0.1988617680722934,0.9156545839541976,0.08434541604580237
Examination→Treatment,наивная MLE,0.20021456921564232,0.9169661735415094,0.08303382645849058
Examination→Treatment,наивная MLE,0.20156737035899125,0.9182570256733622,0.08174297432663778
Examination→Treatment,наивная MLE,0.20292017150234018,0.9195274771775348,0.08047252282246517
Examination→Treatment,наивная MLE,0.2042729726456891,0.9207778591559963,0.07922214084400372
Examination→Treatment,наивная MLE,0.20562577378903804,0.9220084970901792,0.07799150290982082
Examination→Treatment,наивная MLE,0.206978574932387,0.9232197109440482,0.07678028905595184
Examination→Treatment,наивная MLE,0.20833137607573593,0.9244118152650204,0.07558818473497961
Examination→Treatment,наивная MLE,0.20968417721908486,0.9255851192827892,0.0744148807172108
Examination→Treatment,наивная MLE,0.2110369783624338,0.9267399270061079,0.0732600729938922
Examination→Treatment,наивная MLE,0.21238977950578272,0.927876537317579,0.07212346268242098
Examination→Treatment,наивная MLE,0.21374258064913165,0.9289952440665048,0.07100475593349521
Examination→Treatment,наивная MLE,0.21509538179248058,0.9300963361598394,0.06990366384016052
Examination→Treatment,наивная MLE,0.21644818293582951,0.9311800976512956,0.06881990234870435
Examination→Treatment,наивная MLE,0.21780098407917847,0.932246807828647,0.067753192171353
Examination→Treatment,наивная MLE,0.2191537852225274,0.9332967412992687,0.06670325870073131
Examination→Treatment,наивная MLE,0.22050658636587633,0.9343301680739632,0.06566983192603679
Examination→Treatment,наивная MLE,0.22185938750922526,0.9353473536491071,0.06465264635089285
Examination→Treatment,наивная MLE,0.2232121886525742,0.9363485590871605,0.06365144091283943
Examination→Treatment,наивная MLE,0.22456498979592313,0.9373340410955786,0.0626659589044214
Examination→Treatment,наивная MLE,0.22591779093927206,0.9383040521041618,0.06169594789583823
Examination→Treatment,наивная MLE,0.22727059208262101,0.9392588403408808,0.06074115965911923
Examination→Treatment,наивная MLE,0.22862339322596995,0.9401986499062113,0.059801350093788716
Examination→Treatment,наивная MLE,0.22997619436931888,0.9411237208460139,0.05887627915398609
Examination→Treatment,наивная MLE,0.2313289955126678,0.9420342892229924,0.05796571077700763
Examination→Treatment,наивная MLE,0.23268179665601674,0.9429305871867613,0.05706941281323876
Examination→Treatment,наивная MLE,0.23403459779936567,0.9438128430425555,0.05618715695744449
Examination→Treatment,наивная MLE,0.2353873989427146,0.9446812813186128,0.055318718681387186
Examination→Treatment,наивная MLE,0.23674020008606356,0.9455361228322574,0.05446387716774258
Examination→Treatment,наивная MLE,0.2380930012294125,0.946377584754716,0.053622415245284015
Examination→Treatment,наивная MLE,0.23944580237276142,0.947205880674691,0.05279411932530898
Examination→Treatment,наивная MLE,0.24079860351611035,0.9480212206607228,0.05197877933927718
Examination→Treatment,наивная MLE,0.24215140465945928,0.9488238113223632,0.05117618867763689
Examination→Treatment,наивная MLE,0.2435042058028082,0.9496138558701888,0.05038614412981119
Examination→Treatment,наивная MLE,0.24485700694615714,0.95039155417468,0.04960844582531995
Examination→Treatment,наивная MLE,0.2462098080895061,0.9511571028239868,0.04884289717601317
Examination→Treatment,наивная MLE,0.24756260923285503,0.9519106951806096,0.048089304819390465
Examination→Treatment,наивная MLE,0.24891541037620396,0.9526525214370154,0.047347478562984574
Examination→Treatment,наивная MLE,0.2502682115195529,0.9533827686702143,0.046617231329785694
Examination→Treatment,наивная MLE,0.2516210126629018,0.9541016208953149,0.045898379104685055
Examination→Treatment,наивная MLE,0.2529738138062508,0.9548092591180859,0.045190740881914056
Examination→Treatment,наивная MLE,0.2543266149495997,0.9555058613865386,0.044494138613461444
Examination→Treatment,наивная MLE,0.25567941609294864,0.9561916028415557,0.04380839715844432
Examination→Treatment,наивная MLE,0.25703221723629754,0.956866655766584,0.04313334423341602
Examination→Treatment,наивная MLE,0.2583850183796465,0.9575311896364109,0.042468810363589043
Examination→Treatment,наивная MLE,0.25973781952299546,0.9581853711650447,0.0418146288349553
Examination→Treatment,наивная MLE,0.26109062066634436,0.9588293643527146,0.041170635647285354
Examination→Treatment,наивная MLE,0.2624434218096933,0.959463330532013,0.04053666946798691
Examination→Treatment,наивная MLE,0.2637962229530422,0.960087428413193,0.03991257158680701
Examination→Treatment,наивная MLE,0.2651490240963912,0.9607018141286409,0.03929818587135915
Examination→Treatment,наивная MLE,0.2665018252397401,0.9613066412765409,0.038693358723459186
Examination→Treatment,наивная MLE,0.26785462638308905,0.9619020609637469,0.03809793903625314
Examination→Treatment,наивная MLE,0.26920742752643795,0.9624882218478781,0.03751177815212197
Examination→Treatment,наивная MLE,0.2705602286697869,0.9630652701786546,0.03693472982134539
Examination→Treatment,наивная MLE,0.27191302981313586,0.963633349838487,0.03636665016151302
Examination→Treatment,наивная MLE,0.27326583095648477,0.9641926023823362,0.03580739761766384
Examination→Treatment,наивная MLE,0.2746186320998337,0.9647431670768576,0.03525683292314244
Examination→Treatment,наивная MLE,0.27597143324318263,0.9652851809388429,0.0347148190611571
Examination→Treatment,наивная MLE,0.2773242343865316,0.9658187787729758,0.03418122122702411
Examination→Treatment,наивная MLE,0.2786770355298805,0.9663440932089122,0.03365590679108776
Examination→Treatment,наивная MLE,0.28002983667322945,0.9668612547377,0.03313874526229993
Examination→Treatment,наивная MLE,0.2813826378165784,0.9673703917475525,0.03262960825244755
Examination→Treatment,наивная MLE,0.2827354389599273,0.9678716305589841,0.03212836944101598
Examination→Treatment,наивная MLE,0.28408824010327627,0.9683650954593261,0.03163490454067382
Examination→Treatment,наивная MLE,0.28544104124662517,0.9688509087366305,0.031149091263369545
Examination→Treatment,наивная MLE,0.28679384238997413,0.9693291907129742,0.030670809287025817
Examination→Treatment,наивная MLE,0.28814664353332303,0.9698000597771785,0.030199940222821506
Examination→Treatment,наивная MLE,0.289499444676672,0.9702636324169505,0.029736367583049556
Examination→Treatment,наивная MLE,0.29085224582002095,0.9707200232504609,0.02927997674953906
Examination→Treatment,наивная MLE,0.29220504696336985,0.971169345057368,0.028830654942632004
Examination→Treatment,наивная MLE,0.2935578481067188,0.9716117088092974,0.028388291190702596
Examination→Treatment,наивная MLE,0.2949106492500677,0.9720472236997899,0.027952776300210036
Examination→Treatment,наивная MLE,0.29626345039341667,0.9724759971737262,0.027524002826273753
Examination→Treatment,наивная MLE,0.2976162515367656,0.9728981349562382,0.02710186504376182
Examination→Treatment,наивная MLE,0.29896905268011453,0.973313741081118,0.026686258918882
Examination→Treatment,наивная MLE,0.3003218538234635,0.9737229179187326,0.026277082081267406
Examination→Treatment,наивная MLE,0.3016746549668124,0.9741257662034546,0.025874233796545396
Examination→Treatment,наивная MLE,0.30302745611016135,0.9745223850606175,0.025477614939382463
Examination→Treatment,наивная MLE,0.30438025725351026,0.9749128720330045,0.025087127966995488
Examination→Treatment,наивная MLE,0.3057330583968592,0.9752973231068799,0.024702676893120137
Examination→Treatment,наивная MLE,0.3070858595402081,0.9756758327375712,0.024324167262428843
Examination→Treatment,наивная MLE,0.3084386606835571,0.9760484938746107,0.02395150612538928
Examination→Treatment,наивная MLE,0.30979146182690603,0.9764153979864445,0.02358460201355552
Examination→Treatment,наивная MLE,0.31114426297025494,0.9767766350847165,0.023223364915283564
Examination→Treatment,наивная MLE,0.3124970641136039,0.9771322937481361,0.02286770625186389
Examination→Treatment,наивная MLE,0.3138498652569528,0.9774824611459374,0.022517538854062637
Examination→Treatment,наивная MLE,0.31520266640030176,0.9778272230609355,0.02217277693906446
Examination→Treatment,наивная MLE,0.31655546754365066,0.9781666639121904,0.02183333608780962
Examination→Treatment,наивная MLE,0.3179082686869996,0.9785008667772823,0.021499133222717647
Examination→Treatment,наивная MLE,0.3192610698303486,0.9788299134142088,0.021170086585791274
Examination→Treatment,наивная MLE,0.3206138709736975,0.9791538842829073,0.020846115717092738
Examination→Treatment,наивная MLE,0.32196667211704644,0.9794728585664135,0.020527141433586506
Examination→Treatment,наивная MLE,0.32331947326039534,0.9797869141916585,0.02021308580834143
Examination→Treatment,наивная MLE,0.3246722744037443,0.9800961278499143,0.019903872150085735
Examination→Treatment,наивная MLE,0.3260250755470932,0.9804005750168915,0.019599424983108474
Examination→Treatment,наивная MLE,0.32737787669044216,0.9807003299724985,0.019299670027501502
Examination→Treatment,наивная MLE,0.3287306778337911,0.9809954658202649,0.019004534179735157
Examination→Treatment,наивная MLE,0.33008347897714,0.9812860545064374,0.018713945493562645
Examination→Treatment,наивная MLE,0.331436280120489,0.9815721668387539,0.01842783316124604
Examination→Treatment,наивная MLE,0.3327890812638379,0.9818538725049007,0.018146127495099217
Examination→Treatment,наивная MLE,0.33414188240718684,0.9821312400906589,0.01786875990934112
Examination→Treatment,наивная MLE,0.33549468355053574,0.9824043370977453,0.01759566290225468
Examination→Treatment,наивная MLE,0.3368474846938847,0.9826732299613548,0.017326770038645235
Examination→Treatment,наивная MLE,0.33820028583723366,0.9829379840674066,0.01706201593259341
Examination→Treatment,наивная MLE,0.33955308698058256,0.9831986637695026,0.016801336230497347
Examination→Treatment,наивная MLE,0.3409058881239315,0.9834553324056012,0.016544667594398765
Examination→Treatment,наивная MLE,0.3422586892672804,0.9837080523144117,0.016291947685588302
Examination→Treatment,наивная MLE,0.3436114904106294,0.9839568848515152,0.016043115148484804
Examination→Treatment,наивная MLE,0.3449642915539783,0.9842018904052161,0.015798109594783925
Examination→Treatment,наивная MLE,0.34631709269732724,0.9844431284121289,0.015556871587871083
Examination→Treatment,наивная MLE,0.3476698938406762,0.9846806573725054,0.015319342627494618
Examination→Treatment,наивная MLE,0.3490226949840251,0.9849145348653062,0.015085465134693816
Examination→Treatment,наивная MLE,0.35037549612737406,0.9851448175630221,0.014855182436977928
Examination→Treatment,наивная MLE,0.35172829727072297,0.9853715612462483,0.014628438753751727
Examination→Treatment,наивная MLE,0.3530810984140719,0.9855948208180172,0.01440517918198281
Examination→Treatment,наивная MLE,0.35443389955742083,0.9858146503178928,0.014185349682107143
Examination→Treatment,наивная MLE,0.3557867007007698,0.9860311029358321,0.013968897064167943
Examination→Treatment,наивная MLE,0.35713950184411875,0.9862442310258155,0.013755768974184554
Examination→Treatment,наивная MLE,0.35849230298746765,0.9864540861192534,0.013545913880746597
Examination→Treatment,наивная MLE,0.3598451041308166,0.9866607189381698,0.01333928106183019
Examination→Treatment,наивная MLE,0.3611979052741655,0.9868641794081682,0.013135820591831776
Examination→Treatment,наивная MLE,0.36255070641751447,0.9870645166711839,0.012935483328816121
Examination→Treatment,наивная MLE,0.36390350756086337,0.9872617790980251,0.012738220901974818
Examination→Treatment,наивная MLE,0.36525630870421233,0.9874560143007086,0.012543985699291332
Examination→Treatment,наивная MLE,0.3666091098475613,0.9876472691445906,0.012352730855409404
Examination→Treatment,наивная MLE,0.3679619109909102,0.987835589760299,0.012164410239701008
Examination→Treatment,наивная MLE,0.36931471213425915,0.9880210215554692,0.011978978444530726
Examination→Treatment,наивная MLE,0.37066751327760805,0.9882036092262874,0.011796390773712685
Examination→Treatment,наивная MLE,0.372020314420957,0.9883833967688426,0.011616603231157437
Examination→Treatment,наивная MLE,0.3733731155643059,0.9885604274902953,0.011439572509704772
Examination→Treatment,наивная MLE,0.37472591670765487,0.9887347440198601,0.011265255980139971
Examination→Treatment,наивная MLE,0.37607871785100383,0.9889063883196103,0.011093611680389703
Examination→Treatment,наивная MLE,0.37743151899435273,0.9890754016951048,0.010924598304895184
Examination→Treatment,наивная MLE,0.3787843201377017,0.9892418248058411,0.010758175194158845
Examination→Treatment,наивная MLE,0.3801371212810506,0.9894056976755378,0.010594302324462271
Examination→Treatment,наивная MLE,0.38148992242439955,0.9895670597022482,0.010432940297751823
Examination→Treatment,наивная MLE,0.38284272356774846,0.9897259496683103,0.010274050331689695
Examination→Treatment,наивная MLE,0.3841955247110974,0.989882405750133,0.010117594249867074
Examination→Treatment,наивная MLE,0.38554832585444637,0.990036465527823,0.009963534472177018
Examination→Treatment,наивная MLE,0.3869011269977953,0.9901881659946558,0.009811834005344197
Examination→Treatment,наивная MLE,0.38825392814114423,0.9903375435663913,0.009662456433608777
Examination→Treatment,наивная MLE,0.38960672928449314,0.990484634090438,0.00951536590956208
Examination→Treatment,наивная MLE,0.3909595304278421,0.990629472854869,0.009370527145130958
Examination→Treatment,наивная MLE,0.392312331571191,0.9907720945972908,0.009227905402709234
Examination→Treatment,наивная MLE,0.39366513271453996,0.9909125335135675,0.009087466486432598
Examination→Treatment,наивная MLE,0.3950179338578889,0.9910508232664044,0.008949176733595613
Examination→Treatment,наивная MLE,0.3963707350012378,0.9911869969937924,0.00881300300620763
Examination→Treatment,наивная MLE,0.3977235361445868,0.9913210873173142,0.008678912682685872
Examination→Treatment,наивная MLE,0.3990763372879357,0.991453126350317,0.008546873649682929
Examination→Treatment,наивная MLE,0.40042913843128464,0.9915831457059533,0.008416854294046698
Examination→Treatment,наивная MLE,0.40178193957463354,0.9917111765050897,0.008288823494910363
Examination→Treatment,наивная MLE,0.4031347407179825,0.9918372493840896,0.00816275061591046
Examination→Treatment,наивная MLE,0.40448754186133146,0.9919613945024695,0.00803860549753057
Examination→Treatment,с учётом цензуры,0.0,0.0,1.0
Examination→Treatment,с учётом цензуры,0.0013528011433489345,0.02957610353091215,0.9704238964690879
Examination→Treatment,с учётом цензуры,0.002705602286697869,0.05292154879093481,0.9470784512090652
Examination→Treatment,с учётом цензуры,0.004058403430046804,0.0741693666974197,0.9258306333025803
Examination→Treatment,с учётом цензуры,0.005411204573395738,0.09405506795100874,0.9059449320489913
Examination→Treatment,с учётом цензуры,0.006764005716744672,0.11291301850192431,0.8870869814980757
Examination→Treatment,с учётом цензуры,0.008116806860093608,0.1309355456296379,0.8690644543703621
Examination→Treatment,с учётом цензуры,0.009469608003442542,0.14824806684002062,0.8517519331599794
Examination→Treatment,с учётом цензуры,0.010822409146791476,0.16493914983575142,0.8350608501642486
Examination→Treatment,с учётом цензуры,0.01217521029014041,0.18107490951885583,0.8189250904811441
Examination→Treatment,с учётом цензуры,0.013528011433489345,0.19670676741857368,0.8032932325814264
Examination→Treatment,с учётом цензуры,0.01488081257683828,0.21187600195016457,0.7881239980498355
Examination→Treatment,с учётом цензуры,0.016233613720187216,0.2266165921957962,0.7733834078042038
Examination→Treatment,с учётом цензуры,0.01758641486353615,0.24095708614833902,0.759042913851661
Examination→Treatment,с учётом цензуры,0.018939216006885085,0.2549218784905474,0.7450781215094526
Examination→Treatment,с учётом цензуры,0.02029201715023402,0.26853211403513183,0.7314678859648682
Examination→Treatment,с учётом цензуры,0.021644818293582953,0.2818063445550141,0.7181936554449859
Examination→Treatment,с учётом цензуры,0.022997619436931887,0.2947610178055288,0.7052389821944711
Examination→Treatment,с учётом цензуры,0.02435042058028082,0.30741084915520633,0.6925891508447937
Examination→Treatment,с учётом цензуры,0.025703221723629755,0.3197691091035208,0.6802308908964791
Examination→Treatment,с учётом цензуры,0.02705602286697869,0.33184784925459204,0.668152150745408
Examination→Treatment,с учётом цензуры,0.028408824010327627,0.34365808242055507,0.6563419175794449
Examination→Treatment,с учётом цензуры,0.02976162515367656,0.35520992797056794,0.6447900720294321
Examination→Treatment,с учётом цензуры,0.031114426297025495,0.3665127304577866,0.6334872695422133
Examination→Treatment,с учётом цензуры,0.03246722744037443,0.3775751574265352,0.6224248425734649
Examination→Treatment,с учётом цензуры,0.03382002858372336,0.3884052808027422,0.6115947191972577
Examination→Treatment,с учётом цензуры,0.0351728297270723,0.399010645197669,0.6009893548023311
Examination→Treatment,с учётом цензуры,0.03652563087042123,0.409398325675056,0.590601674324944
Examination→Treatment,с учётом цензуры,0.03787843201377017,0.4195749769570085,0.5804250230429915
Examination→Treatment,с учётом цензуры,0.0392312331571191,0.4295468756148258,0.5704531243851743
Examination→Treatment,с учётом цензуры,0.04058403430046804,0.43931995646684235,0.5606800435331576
Examination→Treatment,с учётом цензуры,0.04193683544381697,0.44889984415785,0.55110015584215
Examination→Treatment,с учётом цензуры,0.043289636587165906,0.4582918807037525,0.5417081192962475
Examination→Treatment,с учётом цензуры,0.04464243773051484,0.46750114963646927,0.5324988503635307
Examination→Treatment,с учётом цензуры,0.045995238873863774,0.4765324972673964,0.5234675027326037
Examination→Treatment,с учётом цензуры,0.04734804001721271,0.48539055149529486,0.5146094485047051
Examination→Treatment,с учётом цензуры,0.04870084116056164,0.49407973851076936,0.5059202614892306
Examination→Treatment,с учётом цензуры,0.05005364230391058,0.502604297690257,0.49739570230974295
Examination→Treatment,с учётом цензуры,0.05140644344725951,0.510968294924538,0.489031705075462
Examination→Treatment,с учётом цензуры,0.05275924459060845,0.5191756345877855,0.4808243654122145
Examination→Treatment,с учётом цензуры,0.05411204573395738,0.5272300703212404,0.47276992967875964
Examination→Treatment,с учётом цензуры,0.055464846877306316,0.5351352147793078,0.4648647852206922
Examination→Treatment,с учётом цензуры,0.056817648020655254,0.5428945484641142,0.4571054515358858
Examination→Treatment,с учётом цензуры,0.058170449164004184,0.5505114277564583,0.44948857224354166
Examination→Treatment,с учётом цензуры,0.05952325030735312,0.5579890922359538,0.44201090776404617
Examination→Treatment,с учётом цензуры,0.06087605145070205,0.5653306713704641,0.4346693286295359
Examination→Treatment,с учётом цензуры,0.06222885259405099,0.5725391906442048,0.4274608093557952
Examination→Treatment,с учётом цензуры,0.06358165373739992,0.5796175771848204,0.42038242281517957
Examination→Treatment,с учётом цензуры,0.06493445488074887,0.5865686649420301,0.4134313350579699
Examination→Treatment,с учётом цензуры,0.0662872560240978,0.593395199463852,0.406604800536148
Examination→Treatment,с учётом цензуры,0.06764005716744673,0.6000998423107798,0.39990015768922016
Examination→Treatment,с учётом цензуры,0.06899285831079566,0.6066851751434471,0.3933148248565529
Examination→Treatment,с учётом цензуры,0.0703456594541446,0.6131537035151319,0.38684629648486796
Examination→Treatment,с учётом цензуры,0.07169846059749353,0.6195078603968505,0.38049213960314926
Examination→Treatment,с учётом цензуры,0.07305126174084246,0.6257500094596539,0.3742499905403457
Examination→Treatment,с учётом цензуры,0.0744040628841914,0.6318824481360165,0.3681175518639834
Examination→Treatment,с учётом цензуры,0.07575686402754034,0.6379074104798259,0.3620925895201737
Examination→Treatment,с учётом цензуры,0.07710966517088927,0.6438270698424179,0.3561729301575818
Examination→Treatment,с учётом цензуры,0.0784624663142382,0.6496435413802532,0.3503564586197467
Examination→Treatment,с учётом цензуры,0.07981526745758714,0.6553588844082551,0.34464111559174465
Examination→Treatment,с учётом цензуры,0.08116806860093607,0.6609751046113985,0.33902489538860103
Examination→Treatment,с учётом цензуры,0.082520869744285,0.666494156125898,0.3335058438741016
Examination→Treatment,с учётом цензуры,0.08387367088763394,0.6719179435002384,0.32808205649976113
Examination→Treatment,с учётом цензуры,0.08522647203098288,0.6772483235453136,0.3227516764546861
Examination→Treatment,с учётом цензуры,0.08657927317433181,0.6824871070820618,0.3175128929179377
Examination→Treatment,с учётом цензуры,0.08793207431768074,0.6876360605942194,0.3123639394057804
Examination→Treatment,с учётом цензуры,0.08928487546102969,0.6926969077931099,0.3073030922068896
Examination→Treatment,с учётом цензуры,0.09063767660437862,0.6976713311007814,0.3023286688992186
Examination→Treatment,с учётом цензуры,0.09199047774772755,0.702560973057232,0.2974390269427681
Examination→Treatment,с учётом цензуры,0.09334327889107648,0.707367437656986,0.29263256234301405
Examination→Treatment,с учётом цензуры,0.09469608003442542,0.7120922916198169,0.28790770838018304
Examination→Treatment,с учётом цензуры,0.09604888117777435,0.71673706560002,0.2832629343999799
Examination→Treatment,с учётом цензуры,0.09740168232112328,0.7213032553382748,0.2786967446617253
Examination→Treatment,с учётом цензуры,0.09875448346447223,0.7257923227598024,0.2742076772401975
Examination→Treatment,с учётом цензуры,0.10010728460782116,0.7302056970222331,0.26979430297776685
Examination→Treatment,с учётом цензуры,0.10146008575117009,0.7345447755163241,0.2654552244836759
Examination→Treatment,с учётом цензуры,0.10281288689451902,0.7388109248224258,0.26118907517757417
Examination→Treatment,с учётом цензуры,0.10416568803786797,0.7430054816253711,0.2569945183746289
Examination→Treatment,с учётом цензуры,0.1055184891812169,0.7471297535902695,0.2528702464097305
Examination→Treatment,с учётом цензуры,0.10687129032456583,0.7511850202014826,0.24881497979851738
Examination→Treatment,с учётом цензуры,0.10822409146791476,0.7551725335669113,0.2448274664330887
Examination→Treatment,с учётом цензуры,0.1095768926112637,0.7590935191895667,0.2409064808104333
Examination→Treatment,с учётом цензуры,0.11092969375461263,0.7629491767082349,0.23705082329176508
Examination→Treatment,с учётом цензуры,0.11228249489796156,0.7667406806089623,0.23325931939103775
Examination→Treatment,с учётом цензуры,0.11363529604131051,0.7704691809089171,0.2295308190910829
Examination→Treatment,с учётом цензуры,0.11498809718465944,0.7741358038141071,0.22586419618589296
Examination→Treatment,с учётом цензуры,0.11634089832800837,0.7777416523523484,0.22225834764765168
Examination→Treatment,с учётом цензуры,0.1176936994713573,0.7812878069827236,0.21871219301727637
Examination→Treatment,с учётом цензуры,0.11904650061470624,0.7847753261827818,0.21522467381721824
Examination→Treatment,с учётом цензуры,0.12039930175805517,0.7882052470145453,0.2117947529854547
Examination→Treatment,с учётом цензуры,0.1217521029014041,0.7915785856704218,0.20842141432957814
Examination→Treatment,с учётом цензуры,0.12310490404475305,0.7948963379999626,0.20510366200003738
Examination→Treatment,с учётом цензуры,0.12445770518810198,0.7981594800184205,0.20184051998157945
Examination→Treatment,с учётом цензуры,0.1258105063314509,0.8013689683979492,0.1986310316020507
Examination→Treatment,с учётом цензуры,0.12716330747479984,0.8045257409422698,0.19547425905773022
Examination→Treatment,с учётом цензуры,0.12851610861814877,0.8076307170455548,0.19236928295444522
Examination→Treatment,с учётом цензуры,0.12986890976149773,0.8106847981362719,0.18931520186372802
Examination→Treatment,с учётом цензуры,0.13122171090484666,0.8136888681066268,0.18631113189337317
Examination→Treatment,с учётом цензуры,0.1325745120481956,0.8166437937282743,0.18335620627172564
Examination→Treatment,с учётом цензуры,0.13392731319154452,0.8195504250548882,0.18044957494511182
Examination→Treatment,с учётом цензуры,0.13528011433489345,0.8224095958121478,0.1775904041878522
Examination→Treatment,с учётом цензуры,0.13663291547824238,0.8252221237756834,0.17477787622431665
Examination→Treatment,с учётом цензуры,0.13798571662159131,0.8279888111374972,0.1720111888625028
Examination→Treatment,с учётом цензуры,0.13933851776494025,0.8307104448613145,0.16928955513868543
Examination→Treatment,с учётом цензуры,0.1406913189082892,0.8333877970273386,0.1666122029726614
Examination→Treatment,с учётом цензуры,0.14204412005163813,0.8360216251668271,0.16397837483317285
Examination→Treatment,с учётом цензуры,0.14339692119498706,0.8386126725869022,0.1613873274130978
Examination→Treatment,с учётом цензуры,0.144749722338336,0.8411616686859719,0.15883833131402814
Examination→Treatment,с учётом цензуры,0.14610252348168493,0.8436693292601366,0.1563306707398634
Examination→Treatment,с учётом цензуры,0.14745532462503386,0.8461363568009248,0.15386364319907522
Examination→Treatment,с учётом цензуры,0.1488081257683828,0.8485634407846837,0.15143655921531626
Examination→Treatment,с учётом цензуры,0.15016092691173175,0.8509512579539417,0.1490487420460583
Examination→Treatment,с учётом цензуры,0.15151372805508068,0.853300472591043,0.146699527408957
Examination→Treatment,с учётом цензуры,0.1528665291984296,0.8556117367843326,0.14438826321566747
Examination→Treatment,с учётом цензуры,0.15421933034177854,0.8578856906871659,0.1421143093128341
Examination→Treatment,с учётом цензуры,0.15557213148512747,0.8601229627699967,0.13987703723000336
Examination→Treatment,с учётом цензуры,0.1569249326284764,0.8623241700657949,0.13767582993420513
Examination→Treatment,с учётом цензуры,0.15827773377182533,0.8644899184090198,0.13551008159098016
Examination→Treatment,с учётом цензуры,0.1596305349151743,0.8666208026683782,0.13337919733162185
Examination→Treatment,с учётом цензуры,0.16098333605852322,0.8687174069735789,0.13128259302642112
Examination→Treatment,с учётом цензуры,0.16233613720187215,0.8707803049362888,0.12921969506371117
Examination→Treatment,с учётом цензуры,0.16368893834522108,0.8728100598654782,0.1271899401345218
Examination→Treatment,с учётом цензуры,0.16504173948857,0.8748072249773546,0.12519277502264542
Examination→Treatment,с учётом цензуры,0.16639454063191894,0.8767723436000479,0.12322765639995213
Examination→Treatment,с учётом цензуры,0.16774734177526787,0.878705949373231,0.12129405062676904
Examination→Treatment,с учётом цензуры,0.16910014291861683,0.8806085664428299,0.11939143355717007
Examination→Treatment,с учётом цензуры,0.17045294406196576,0.8824807096509828,0.11751929034901717
Examination→Treatment,с учётом цензуры,0.1718057452053147,0.884322884721401,0.11567711527859904
Examination→Treatment,с учётом цензуры,0.17315854634866362,0.8861355884402684,0.11386441155973165
Examination→Treatment,с учётом цензуры,0.17451134749201255,0.8879193088328278,0.1120806911671722
Examination→Treatment,с учётом цензуры,0.17586414863536148,0.8896745253357726,0.11032547466422735
Examination→Treatment,с учётом цензуры,0.17721694977871041,0.8914017089655889,0.10859829103441108
Examination→Treatment,с учётом цензуры,0.17856975092205937,0.8931013224829474,0.10689867751705265
Examination→Treatment,с учётом цензуры,0.1799225520654083,0.89477382055329,0.10522617944670992
Examination→Treatment,с учётом цензуры,0.18127535320875723,0.8964196499036972,0.1035803500963029
Examination→Treatment,с учётом цензуры,0.18262815435210616,0.8980392494761609,0.10196075052383914
Examination→Treatment,с учётом цензуры,0.1839809554954551,0.8996330505773659,0.10036694942263412
Examination→Treatment,с учётом цензуры,0.18533375663880403,0.9012014770250726,0.09879852297492737
Examination→Treatment,с учётом цензуры,0.18668655778215296,0.9027449452912067,0.0972550547087933
Examination→Treatment,с учётом цензуры,0.18803935892550191,0.9042638646417427,0.09573613535825728
Examination→Treatment,с учётом цензуры,0.18939216006885085,0.905758637273474,0.09424136272652597
Examination→Treatment,с учётом цензуры,0.19074496121219978,0.9072296584477569,0.09277034155224305
Examination→Treatment,с учётом цензуры,0.1920977623555487,0.9086773166213096,0.09132268337869048
Examination→Treatment,с учётом цензуры,0.19345056349889764,0.9101019935741469,0.08989800642585315
Examination→Treatment,с учётом цензуры,0.19480336464224657,0.9115040645347318,0.08849593546526824
Examination→Treatment,с учётом цензуры,0.1961561657855955,0.9128838983024151,0.0871161016975849
Examination→Treatment,с учётом цензуры,0.19750896692894446,0.9142418573672361,0.08575814263276395
Examination→Treatment,с учётом цензуры,0.1988617680722934,0.9155782980271563,0.08442170197284375
Examination→Treatment,с учётом цензуры,0.20021456921564232,0.9168935705027923,0.08310642949720776
Examination→Treatment,с учётом цензуры,0.20156737035899125,0.9181880190497126,0.08181198095028745
Examination→Treatment,с учётом цензуры,0.20292017150234018,0.9194619820683635,0.0805380179316365
Examination→Treatment,с учётом цензуры,0.2042729726456891,0.9207157922116833,0.07928420778831663
Examination→Treatment,с учётом цензуры,0.20562577378903804,0.921949776490463,0.07805022350953704
Examination→Treatment,с учётом цензуры,0.206978574932387,0.923164256376516,0.07683574362348398
Examination→Treatment,с учётом цензуры,0.20833137607573593,0.9243595479037042,0.07564045209629582
Examination→Treatment,с учётом цензуры,0.20968417721908486,0.9255359617668806,0.0744640382331194
Examination→Treatment,с учётом цензуры,0.2110369783624338,0.9266938034187975,0.07330619658120256
Examination→Treatment,с учётом цензуры,0.21238977950578272,0.9278333731650299,0.0721666268349701
Examination→Treatment,с учётом цензуры,0.21374258064913165,0.9289549662569654,0.07104503374303456
Examination→Treatment,с учётом цензуры,0.21509538179248058,0.9300588729829048,0.06994112701709518
Examination→Treatment,с учётом цензуры,0.21644818293582951,0.9311453787573216,0.06885462124267833
Examination→Treatment,с учётом цензуры,0.21780098407917847,0.9322147642083227,0.06778523579167733
Examination→Treatment,с учётом цензуры,0.2191537852225274,0.9332673052633554,0.06673269473664455
Examination→Treatment,с учётом цензуры,0.22050658636587633,0.9343032732332017,0.06569672676679826
Examination→Treatment,с учётом цензуры,0.22185938750922526,0.9353229348942979,0.06467706510570218
Examination→Treatment,с учётом цензуры,0.2232121886525742,0.9363265525694233,0.06367344743057662
Examination→Treatment,с учётом цензуры,0.22456498979592313,0.9373143842067936,0.06268561579320638
Examination→Treatment,с учётом цензуры,0.22591779093927206,0.938286683457596,0.06171331654240392
Examination→Treatment,с учётом цензуры,0.22727059208262101,0.939243699752002,0.060756300247997996
Examination→Treatment,с учётом цензуры,0.22862339322596995,0.9401856783736937,0.05981432162630634
Examination→Treatment,с учётом цензуры,0.22997619436931888,0.9411128605329376,0.058887139467062366
Examination→Treatment,с учётом цензуры,0.2313289955126678,0.9420254834382388,0.05797451656176126
Examination→Treatment,с учётом цензуры,0.23268179665601674,0.9429237803666052,0.05707621963339478
Examination→Treatment,с учётом цензуры,0.23403459779936567,0.9438079807324589,0.056192019267541166
Examination→Treatment,с учётом цензуры,0.2353873989427146,0.9446783101552172,0.05532168984478279
Examination→Treatment,с учётом цензуры,0.23674020008606356,0.945534990525581,0.054465009474419034
Examination→Treatment,с учётом цензуры,0.2380930012294125,0.946378240070552,0.053621759929447906
Examination→Treatment,с учётом цензуры,0.23944580237276142,0.9472082734172128,0.05279172658278721
Examination→Treatment,с учётом цензуры,0.24079860351611035,0.9480253016552916,0.051974698344708345
Examination→Treatment,с учётом цензуры,0.24215140465945928,0.948829532398543,0.05117046760145707
Examination→Treatment,с учётом цензуры,0.2435042058028082,0.9496211698449663,0.05037883015503371
Examination→Treatment,с учётом цензуры,0.24485700694615714,0.9504004148358909,0.0495995851641091
Examination→Treatment,с учётом цензуры,0.2462098080895061,0.9511674649139482,0.048832535086051836
Examination→Treatment,с учётом цензуры,0.24756260923285503,0.9519225143799586,0.04807748562004142
Examination→Treatment,с учётом цензуры,0.24891541037620396,0.9526657543487533,0.047334245651246665
Examination→Treatment,с учётом цензуры,0.2502682115195529,0.9533973728039558,0.046602627196044216
Examination→Treatment,с учётом цензуры,0.2516210126629018,0.954117554651743,0.045882445348257014
Examination→Treatment,с учётом цензуры,0.2529738138062508,0.9548264817736108,0.04517351822638912
Examination→Treatment,с учётом цензуры,0.2543266149495997,0.9555243330781604,0.04447566692183963
Examination→Treatment,с учётом цензуры,0.25567941609294864,0.9562112845519298,0.04378871544807021
Examination→Treatment,с учётом цензуры,0.25703221723629754,0.956887509309289,0.043112490690711026
Examination→Treatment,с учётом цензуры,0.2583850183796465,0.9575531776414171,0.042446822358582874
Examination→Treatment,с учётом цензуры,0.25973781952299546,0.9582084570643828,0.04179154293561718
Examination→Treatment,с учётом цензуры,0.26109062066634436,0.9588535123663438,0.04114648763365625
Examination→Treatment,с учётом цензуры,0.2624434218096933,0.9594885056538858,0.04051149434611424
Examination→Treatment,с учётом цензуры,0.2637962229530422,0.9601135963975174,0.03988640360248262
Examination→Treatment,с учётом цензуры,0.2651490240963912,0.9607289414763378,0.03927105852366219
Examination→Treatment,с учётом цензуры,0.2665018252397401,0.961334695221895,0.03866530477810508
Examination→Treatment,с учётом цензуры,0.26785462638308905,0.9619310094612498,0.03806899053875028
Examination→Treatment,с учётом цензуры,0.26920742752643795,0.9625180335592628,0.03748196644073718
Examination→Treatment,с учётом цензуры,0.2705602286697869,0.9630959144601193,0.0369040855398807
Examination→Treatment,с учётом цензуры,0.27191302981313586,0.9636647967281066,0.036335203271893476
Examination→Treatment,с учётом цензуры,0.27326583095648477,0.96422482258766,0.03577517741234006
Examination→Treatment,с учётом цензуры,0.2746186320998337,0.9647761319626922,0.03522386803730786
Examination→Treatment,с учётом цензуры,0.27597143324318263,0.9653188625152176,0.03468113748478241
Examination→Treatment,с учётом цензуры,0.2773242343865316,0.9658531496832894,0.03414685031671061
Examination→Treatment,с учётом цензуры,0.2786770355298805,0.9663791267182591,0.03362087328174095
Examination→Treatment,с учётом цензуры,0.28002983667322945,0.9668969247213749,0.03310307527862509
Examination→Treatment,с учётом цензуры,0.2813826378165784,0.9674066726797302,0.03259332732026976
Examination→Treatment,с учётом цензуры,0.2827354389599273,0.9679084975015747,0.03209150249842525
Examination→Treatment,с учётом цензуры,0.28408824010327627,0.9684025240510017,0.031597475948998324
Examination→Treatment,с учётом цензуры,0.28544104124662517,0.9688888751820224,0.031111124817977637
Examination→Treatment,с учётом цензуры,0.28679384238997413,0.9693676717720405,0.0306323282279595
Examination→Treatment,с учётом цензуры,0.28814664353332303,0.9698390327547367,0.030160967245263244
Examination→Treatment,с учётом цензуры,0.289499444676672,0.9703030751523771,0.02969692484762293
Examination→Treatment,с учётом цензуры,0.29085224582002095,0.9707599141075525,0.029240085892447493
Examination→Treatment,с учётом цензуры,0.29220504696336985,0.9712096629143653,0.028790337085634762
Examination→Treatment,с учётом цензуры,0.2935578481067188,0.9716524330490678,0.028347566950932254
Examination→Treatment,с учётом цензуры,0.2949106492500677,0.9720883342001684,0.027911665799831665
Examination→Treatment,с учётом цензуры,0.29626345039341667,0.9725174742980116,0.027482525701988416
Examination→Treatment,с учётом цензуры,0.2976162515367656,0.9729399595438437,0.02706004045615629
Examination→Treatment,с учётом цензуры,0.29896905268011453,0.9733558944383734,0.026644105561626562
Examination→Treatment,с учётом цензуры,0.3003218538234635,0.9737653818098371,0.026234618190162873
Examination→Treatment,с учётом цензуры,0.3016746549668124,0.9741685228415774,0.025831477158422586
Examination→Treatment,с учётом цензуры,0.30302745611016135,0.9745654170991453,0.02543458290085465
Examination→Treatment,с учётом цензуры,0.30438025725351026,0.9749561625569334,0.025043837443066593
Examination→Treatment,с учётом цензуры,0.3057330583968592,0.9753408556243499,0.024659144375650068
Examination→Treatment,с учётом цензуры,0.3070858595402081,0.975719591171542,0.02428040882845805
Examination→Treatment,с учётом цензуры,0.3084386606835571,0.9760924625546757,0.023907537445324274
Examination→Treatment,с учётом цензуры,0.30979146182690603,0.976459561640783,0.023540438359217025
Examination→Treatment,с учётом цензуры,0.31114426297025494,0.9768209788321803,0.023179021167819704
Examination→Treatment,с учётом цензуры,0.3124970641136039,0.9771768030904706,0.022823196909529376
Examination→Treatment,с учётом цензуры,0.3138498652569528,0.9775271219601336,0.022472878039866463
Examination→Treatment,с учётом цензуры,0.31520266640030176,0.9778720215917124,0.022127978408287653
Examination→Treatment,с учётом цензуры,0.31655546754365066,0.9782115867646052,0.021788413235394773
Examination→Treatment,с учётом цензуры,0.3179082686869996,0.9785459009094679,0.0214540990905321
Examination→Treatment,с учётом цензуры,0.3192610698303486,0.9788750461302345,0.02112495386976559
Examination→Treatment,с учётом цензуры,0.3206138709736975,0.9791991032257635,0.020800896774236424
Examination→Treatment,с учётом цензуры,0.32196667211704644,0.9795181517111176,0.020481848288882467
Examination→Treatment,с учётом цензуры,0.32331947326039534,0.9798322698384788,0.020167730161521222
Examination→Treatment,с учётом цензуры,0.3246722744037443,0.9801415346177133,0.019858465382286774
Examination→Treatment,с учётом цензуры,0.3260250755470932,0.9804460218365846,0.019553978163415423
Examination→Treatment,с учётом цензуры,0.32737787669044216,0.9807458060806267,0.0192541939193733
Examination→Treatment,с учётом цензуры,0.3287306778337911,0.9810409607526805,0.018959039247319502
Examination→Treatment,с учётом цензуры,0.33008347897714,0.9813315580921009,0.01866844190789911
Examination→Treatment,с учётом цензуры,0.331436280120489,0.9816176691936399,0.018382330806360075
Examination→Treatment,с учётом цензуры,0.3327890812638379,0.9818993640260117,0.01810063597398826
Examination→Treatment,с учётом цензуры,0.33414188240718684,0.9821767114501454,0.01782328854985455
Examination→Treatment,с учётом цензуры,0.33549468355053574,0.9824497792371307,0.017550220762869318
Examination→Treatment,с учётом цензуры,0.3368474846938847,0.9827186340858625,0.017281365914137554
Examination→Treatment,с учётом цензуры,0.33820028583723366,0.9829833416403895,0.01701665835961049
Examination→Treatment,с учётом цензуры,0.33955308698058256,0.9832439665069721,0.01675603349302787
Examination→Treatment,с учётом цензуры,0.3409058881239315,0.9835005722708544,0.016499427729145543
Examination→Treatment,с учётом цензуры,0.3422586892672804,0.983753221512756,0.01624677848724403
Examination→Treatment,с учётом цензуры,0.3436114904106294,0.9840019758250877,0.015998024174912265
Examination→Treatment,с учётом цензуры,0.3449642915539783,0.9842468958278977,0.015753104172102315
Examination→Treatment,с учётом цензуры,0.34631709269732724,0.98448804118455,0.015511958815449946
Examination→Treatment,с учётом цензуры,0.3476698938406762,0.9847254706171434,0.015274529382856583
Examination→Treatment,с учётом цензуры,0.3490226949840251,0.9849592419216722,0.015040758078327868
Examination→Treatment,с учётом цензуры,0.35037549612737406,0.9851894119829356,0.014810588017064414
Examination→Treatment,с учётом цензуры,0.35172829727072297,0.9854160367891995,0.014583963210800447
Examination→Treatment,с учётом цензуры,0.3530810984140719,0.9856391714466142,0.01436082855338587
Examination→Treatment,с учётом цензуры,0.35443389955742083,0.9858588701933926,0.014141129806607472
Examination→Treatment,с учётом цензуры,0.3557867007007698,0.9860751864137547,0.013924813586245283
Examination→Treatment,с учётом цензуры,0.35713950184411875,0.9862881726516401,0.013711827348359844
Examination→Treatment,с учётом цензуры,0.35849230298746765,0.9864978806241936,0.013502119375806369
Examination→Treatment,с учётом цензуры,0.3598451041308166,0.9867043612350279,0.01329563876497209
Examination→Treatment,с учётом цензуры,0.3611979052741655,0.9869076645872675,0.013092335412732446
Examination→Treatment,с учётом цензуры,0.36255070641751447,0.9871078399963771,0.012892160003622928
Examination→Treatment,с учётом цензуры,0.36390350756086337,0.9873049360027776,0.012695063997222403
Examination→Treatment,с учётом цензуры,0.36525630870421233,0.9874990003842556,0.012500999615744348
Examination→Treatment,с учётом цензуры,0.3666091098475613,0.9876900801681673,0.012309919831832728
Examination→Treatment,с учётом цензуры,0.3679619109909102,0.9878782216434416,0.012121778356558362
Examination→Treatment,с учётом цензуры,0.36931471213425915,0.9880634703723868,0.01193652962761317
Examination→Treatment,с учётом цензуры,0.37066751327760805,0.988245871202302,0.01175412879769796
Examination→Treatment,с учётом цензуры,0.372020314420957,0.9884254682768986,0.011574531723101363
Examination→Treatment,с учётом цензуры,0.3733731155643059,0.9886023050475342,0.01139769495246584
Examination→Treatment,с учётом цензуры,0.37472591670765487,0.9887764242842618,0.011223575715738175
Examination→Treatment,с учётом цензуры,0.37607871785100383,0.9889478680866991,0.011052131913300922
Examination→Treatment,с учётом цензуры,0.37743151899435273,0.9891166778947182,0.010883322105281798
Examination→Treatment,с учётом цензуры,0.3787843201377017,0.9892828944989619,0.010717105501038158
Examination→Treatment,с учётом цензуры,0.3801371212810506,0.9894465580511868,0.010553441948813266
Examination→Treatment,с учётом цензуры,0.38148992242439955,0.9896077080744382,0.010392291925561839
Examination→Treatment,с учётом цензуры,0.38284272356774846,0.9897663834730585,0.010233616526941531
Examination→Treatment,с учётом цензуры,0.3841955247110974,0.9899226225425322,0.010077377457467854
Examination→Treatment,с учётом цензуры,0.38554832585444637,0.9900764629791702,0.009923537020829782
Examination→Treatment,с учётом цензуры,0.3869011269977953,0.990227941889637,0.009772058110363017
Examination→Treatment,с учётом цензуры,0.38825392814114423,0.9903770958003214,0.009622904199678572
Examination→Treatment,с учётом цензуры,0.38960672928449314,0.990523960666556,0.009476039333443957
Examination→Treatment,с учётом цензуры,0.3909595304278421,0.9906685718816859,0.009331428118314111
Examination→Treatment,с учётом цензуры,0.392312331571191,0.9908109642859898,0.009189035714010162
Examination→Treatment,с учётом цензуры,0.39366513271453996,0.9909511721754573,0.00904882782454276
Examination→Treatment,с учётом цензуры,0.3950179338578889,0.9910892293104218,0.00891077068957821
Examination→Treatment,с учётом цензуры,0.3963707350012378,0.9912251689240553,0.008774831075944713
Examination→Treatment,с учётом цензуры,0.3977235361445868,0.9913590237307238,0.008640976269276152
Examination→Treatment,с учётом цензуры,0.3990763372879357,0.9914908259342083,0.008509174065791653
Examination→Treatment,с учётом цензуры,0.40042913843128464,0.9916206072357919,0.008379392764208097
Examination→Treatment,с учётом цензуры,0.40178193957463354,0.9917483988422163,0.008251601157783721
Examination→Treatment,с учётом цензуры,0.4031347407179825,0.9918742314735096,0.008125768526490383
Examination→Treatment,с учётом цензуры,0.40448754186133146,0.9919981353706875,0.008001864629312542
Registration→Admission,наивная MLE,0.0,0.0,1.0
Registration→Admission,наивная MLE,0.0019335208520562387,0.016045403828366715,0.9839545961716333
Registration→Admission,наивная MLE,0.0038670417041124774,0.03183335267271806,0.968166647327282
Registration→Admission,наивная MLE,0.005800562556168716,0.04736797750224018,0.9526320224977598
Registration→Admission,наивная MLE,0.007734083408224955,0.06265334300305046,0.9373466569969495
Registration→Admission,наивная MLE,0.009667604260281194,0.07769344864173607,0.9223065513582639
Registration→Admission,наивная MLE,0.011601125112337431,0.09249222971182763,0.9075077702881723
Registration→Admission,наивная MLE,0.01353464596439367,0.10705355836348202,0.8929464416365179
Registration→Admission,наивная MLE,0.01546816681644991,0.12138124461664306,0.878618755383357
Registration→Admission,наивная MLE,0.01740168766850615,0.13547903735794595,0.864520962642054
Registration→Admission,наивная MLE,0.019335208520562388,0.14935062532162607,0.850649374678374
Registration→Admission,наивная MLE,0.021268729372618627,0.16299963805468817,0.8370003619453118
Registration→Admission,наивная MLE,0.023202250224674863,0.1764296468665898,0.8235703531334102
Registration→Admission,наивная MLE,0.025135771076731102,0.18964416576368595,0.8103558342363141
Registration→Admission,наивная MLE,0.02706929192878734,0.20264665236868054,0.7973533476313194
Registration→Admission,наивная MLE,0.02900281278084358,0.2154405088253252,0.7845594911746748
Registration→Admission,наивная MLE,0.03093633363289982,0.22802908268860078,0.7719709173113992
Registration→Admission,наивная MLE,0.03286985448495606,0.2404156678006169,0.7595843321993831
Registration→Admission,наивная MLE,0.0348033753370123,0.2526035051524562,0.7473964948475438
Registration→Admission,наивная MLE,0.03673689618906854,0.2645957837321908,0.7354042162678092
Registration→Admission,наивная MLE,0.038670417041124776,0.27639564135929134,0.7236043586407087
Registration→Admission,наивная MLE,0.040603937893181015,0.2880061655056478,0.7119938344943522
Registration→Admission,наивная MLE,0.042537458745237254,0.29943039410341704,0.700569605896583
Registration→Admission,наивная MLE,0.04447097959729349,0.31067131633990736,0.6893286836600926
Registration→Admission,наивная MLE,0.046404500449349725,0.32173187343971,0.67826812656029
Registration→Admission,наивная MLE,0.048338021301405965,0.33261495943427954,0.6673850405657205
Registration→Admission,наивная MLE,0.050271542153462204,0.3433234219191675,0.6566765780808326
Registration→Admission,наивная MLE,0.05220506300551844,0.3538600627991044,0.6461399372008956
Registration→Admission,наивная MLE,0.05413858385757468,0.3642276390211283,0.6357723609788717
Registration→Admission,наивная MLE,0.05607210470963092,0.3744288632959485,0.6255711367040515
Registration→Admission,наивная MLE,0.05800562556168716,0.3844664048077353,0.6155335951922647
Registration→Admission,наивная MLE,0.0599391464137434,0.39434288991252164,0.6056571100874784
Registration→Admission,наивная MLE,0.06187266726579964,0.40406090282539675,0.5959390971746032
Registration→Admission,наивная MLE,0.06380618811785588,0.4136229862966755,0.5863770137033245
Registration→Admission,наивная MLE,0.06573970896991212,0.4230316422772171,0.5769683577227829
Registration→Admission,наивная MLE,0.06767322982196836,0.4322893325730687,0.5677106674269313
Registration→Admission,наивная MLE,0.0696067506740246,0.4413984794896054,0.5586015205103946
Registration→Admission,наивная MLE,0.07154027152608083,0.45036146646533437,0.5496385335346656
Registration→Admission,наивная MLE,0.07347379237813707,0.4591806386955294,0.5408193613044706
Registration→Admission,наивная MLE,0.07540731323019331,0.4678583037458589,0.5321416962541411
Registration→Admission,наивная MLE,0.07734083408224955,0.47639673215616873,0.5236032678438313
Registration→Admission,наивная MLE,0.07927435493430579,0.4847981580345755,0.5152018419654245
Registration→Admission,наивная MLE,0.08120787578636203,0.493064779642029,0.506935220357971
Registration→Admission,наивная MLE,0.08314139663841827,0.5011987599674947,0.49880124003250526
Registration→Admission,наивная MLE,0.08507491749047451,0.5092022272939063,0.49079777270609365
Registration→Admission,наивная MLE,0.08700843834253075,0.5170772757550386,0.4829227242449614
Registration→Admission,наивная MLE,0.08894195919458699,0.524825965883444,0.475174034116556
Registration→Admission,наивная MLE,0.09087548004664323,0.5324503251495982,0.4675496748504018
Registration→Admission,наивная MLE,0.09280900089869945,0.5399523484923945,0.46004765150760557
Registration→Admission,наивная MLE,0.09474252175075569,0.5473339988411257,0.45266600115887434
Registration→Admission,наивная MLE,0.09667604260281193,0.5545972076290917,0.4454027923709083
Registration→Admission,наивная MLE,0.09860956345486817,0.5617438752989651,0.4382561247010349
Registration→Admission,наивная MLE,0.10054308430692441,0.5687758718000483,0.4312241281999517
Registration→Admission,наивная MLE,0.10247660515898065,0.5756950370775519,0.4243049629224481
Registration→Admission,наивная MLE,0.10441012601103689,0.5825031815540227,0.4174968184459773
Registration→Admission,наивная MLE,0.10634364686309312,0.5892020866030467,0.4107979133969533
Registration→Admission,наивная MLE,0.10827716771514936,0.5957935050153513,0.4042064949846487
Registration→Admission,наивная MLE,0.1102106885672056,0.6022791614574285,0.3977208385425714
Registration→Admission,наивная MLE,0.11214420941926184,0.6086607529228008,0.3913392470771992
Registration→Admission,наивная MLE,0.11407773027131808,0.6149399491760434,0.38506005082395656
Registration→Admission,наивная MLE,0.11601125112337432,0.6211183931896853,0.37888160681031474
Registration→Admission,наивная MLE,0.11794477197543056,0.6271977015740973,0.3728022984259028
Registration→Admission,наивная MLE,0.1198782928274868,0.633179465000484,0.36682053499951595
Registration→Admission,наивная MLE,0.12181181367954304,0.6390652486170889,0.36093475138291115
Registration→Admission,наивная MLE,0.12374533453159928,0.6448565924587188,0.35514340754128115
Registration→Admission,наивная MLE,0.1256788553836555,0.6505550118497008,0.3494449881502992
Registration→Admission,наивная MLE,0.12761237623571176,0.6561619978003712,0.34383800219962873
Registration→Admission,наивная MLE,0.12954589708776798,0.6616790173972031,0.3383209826027969
Registration→Admission,наивная MLE,0.13147941793982423,0.6671075141866749,0.33289248581332515
Registration→Admission,наивная MLE,0.13341293879188046,0.6724489085529785,0.32755109144702155
Registration→Admission,наивная MLE,0.1353464596439367,0.6777045980896682,0.3222954019103318
Registration→Admission,наивная MLE,0.13727998049599294,0.6828759579653452,0.31712404203465483
Registration→Admission,наивная MLE,0.1392135013480492,0.6879643412834753,0.3120356587165247
Registration→Admission,наивная MLE,0.14114702220010542,0.6929710794364323,0.30702892056356773
Registration→Admission,наивная MLE,0.14308054305216167,0.6978974824538622,0.30210251754613776
Registration→Admission,наивная MLE,0.1450140639042179,0.7027448393454563,0.29725516065454377
Registration→Admission,наивная MLE,0.14694758475627415,0.7075144184382245,0.29248558156177556
Registration→Admission,наивная MLE,0.14888110560833037,0.7122074677083579,0.2877925322916422
Registration→Admission,наивная MLE,0.15081462646038662,0.7168252151077654,0.2831747848922345
Registration→Admission,наивная MLE,0.15274814731244285,0.7213688688853722,0.2786311311146278
Registration→Admission,наивная MLE,0.1546816681644991,0.725839617903261,0.274160382096739
Registration→Admission,наивная MLE,0.15661518901655533,0.7302386319477425,0.2697613680522574
Registration→Admission,наивная MLE,0.15854870986861158,0.7345670620354336,0.2654329379645663
Registration→Admission,наивная MLE,0.1604822307206678,0.7388260407144249,0.2611739592855751
Registration→Admission,наивная MLE,0.16241575157272406,0.7430166823606155,0.2569833176393846
Registration→Admission,наивная MLE,0.16434927242478028,0.7471400834692927,0.2528599165307072
Registration→Admission,наивная MLE,0.16628279327683654,0.7511973229420351,0.2488026770579649
Registration→Admission,наивная MLE,0.16821631412889276,0.7551894623690089,0.24481053763099117
Registration→Admission,наивная MLE,0.17014983498094902,0.7591175463067377,0.24088245369326236
Registration→Admission,наивная MLE,0.17208335583300524,0.7629826025514138,0.23701739744858616
Registration→Admission,наивная MLE,0.1740168766850615,0.766785642407825,0.23321435759217501
Registration→Admission,наивная MLE,0.17595039753711772,0.7705276609539645,0.22947233904603548
Registration→Admission,наивная MLE,0.17788391838917397,0.774209637301398,0.22579036269860195
Registration→Admission,наивная MLE,0.1798174392412302,0.7778325348514504,0.22216746514854954
Registration→Admission,наивная MLE,0.18175096009328645,0.7813973015472836,0.2186026984527164
Registration→Admission,наивная MLE,0.18368448094534268,0.7849048701219281,0.21509512987807194
Registration→Admission,наивная MLE,0.1856180017973989,0.7883561583423366,0.2116438416576633
Registration→Admission,наивная MLE,0.18755152264945515,0.7917520692495208,0.2082479307504792
Registration→Admission,наивная MLE,0.18948504350151138,0.795093491394834,0.20490650860516604
Registration→Admission,наивная MLE,0.19141856435356763,0.7983812990724646,0.2016187009275354
Registration→Admission,наивная MLE,0.19335208520562386,0.8016163525481976,0.19838364745180243
Registration→Admission,наивная MLE,0.1952856060576801,0.8047994982845061,0.1952005017154939
Registration→Admission,наивная MLE,0.19721912690973634,0.8079315691620309,0.19206843083796907
Registration→Admission,наивная MLE,0.1991526477617926,0.811013384697507,0.18898661530249306
Registration→Admission,наивная MLE,0.20108616861384881,0.8140457512581916,0.1859542487418084
Registration→Admission,наивная MLE,0.20301968946590507,0.8170294622728544,0.18297053772714553
Registration→Admission,наивная MLE,0.2049532103179613,0.8199652984393799,0.1800347015606201
Registration→Admission,наивная MLE,0.20688673117001755,0.8228540279290396,0.17714597207096042
Registration→Admission,наивная MLE,0.20882025202207377,0.8256964065874867,0.1743035934125133
Registration→Admission,наивная MLE,0.21075377287413002,0.8284931781325259,0.1715068218674741
Registration→Admission,наивная MLE,0.21268729372618625,0.8312450743487092,0.16875492565129074
Registration→Admission,наивная MLE,0.2146208145782425,0.8339528152788103,0.16604718472118976
Registration→Admission,наивная MLE,0.21655433543029873,0.8366171094122251,0.16338289058777486
Registration→Admission,наивная MLE,0.21848785628235498,0.8392386538703518,0.16076134612964815
Registration→Admission,наивная MLE,0.2204213771344112,0.8418181345889939,0.15818186541100612
Registration→Admission,наивная MLE,0.22235489798646746,0.8443562264978378,0.15564377350216219
Registration→Admission,наивная MLE,0.22428841883852368,0.8468535936970509,0.15314640630294912
Registration→Admission,наивная MLE,0.22622193969057994,0.8493108896310448,0.1506891103689552
Registration→Admission,наивная MLE,0.22815546054263616,0.851728757259452,0.148271242740548
Registration→Admission,наивная MLE,0.23008898139469242,0.8541078292253579,0.14589217077464212
Registration→Admission,наивная MLE,0.23202250224674864,0.856448728020834,0.14355127197916592
Registration→Admission,наивная MLE,0.2339560230988049,0.8587520661498155,0.1412479338501845
Registration→Admission,наивная MLE,0.23588954395086112,0.8610184462883641,0.1389815537116359
Registration→Admission,наивная MLE,0.23782306480291737,0.8632484614423612,0.13675153855763883
Registration→Admission,наивная MLE,0.2397565856549736,0.8654426951026689,0.1345573048973311
Registration→Admission,наивная MLE,0.24169010650702985,0.8676017213978032,0.13239827860219675
Registration→Admission,наивная MLE,0.24362362735908608,0.8697261052441561,0.1302738947558439
Registration→Admission,наивная MLE,0.24555714821114233,0.8718164024938078,0.1281835975061922
Registration→Admission,наивная MLE,0.24749066906319855,0.8738731600799675,0.1261268399200325
Registration→Admission,наивная MLE,0.24942418991525478,0.8758969161600801,0.12410308383991989
Registration→Admission,наивная MLE,0.251357710767311,0.8778882002566373,0.12211179974336271
Registration→Admission,наивная MLE,0.2532912316193673,0.8798475333957283,0.12015246660427176
Registration→Admission,наивная MLE,0.2552247524714235,0.8817754282433681,0.11822457175663191
Registration→Admission,наивная MLE,0.25715827332347974,0.883672389239639,0.11632761076036102
Registration→Admission,наивная MLE,0.25909179417553596,0.885538912730678,0.11446108726932203
Registration→Admission,наивная MLE,0.26102531502759224,0.8873754870985482,0.11262451290145177
Registration→Admission,наивная MLE,0.26295883587964847,0.8891825928890251,0.11081740711097487
Registration→Admission,наивная MLE,0.2648923567317047,0.8909607029373332,0.10903929706266681
Registration→Admission,наивная MLE,0.2668258775837609,0.8927102824918649,0.10728971750813507
Registration→Admission,наивная MLE,0.2687593984358172,0.8944317893359144,0.10556821066408564
Registration→Admission,наивная MLE,0.2706929192878734,0.8961256739074577,0.1038743260925423
Registration→Admission,наивная MLE,0.27262644013992965,0.897792379417012,0.102207620582988
Registration→Admission,наивная MLE,0.2745599609919859,0.8994323419636024,0.10056765803639751
Registration→Admission,наивная MLE,0.27649348184404215,0.9010459906488696,0.09895400935113037
Registration→Admission,наивная MLE,0.2784270026960984,0.9026337476893445,0.0973662523106555
Registration→Admission,наивная MLE,0.2803605235481546,0.9041960285269236,0.09580397147307643
Registration→Admission,наивная MLE,0.28229404440021083,0.9057332419375704,0.0942667580624296
Registration→Admission,наивная MLE,0.2842275652522671,0.907245790138273,0.09275420986172696
Registration→Admission,наивная MLE,0.28616108610432334,0.9087340688922856,0.09126593110771447
Registration→Admission,наивная MLE,0.28809460695637956,0.9101984676126808,0.08980153238731929
Registration→Admission,наивная MLE,0.2900281278084358,0.9116393694642414,0.08836063053575863
Registration→Admission,наивная MLE,0.29196164866049207,0.9130571514637168,0.08694284853628323
Registration→Admission,наивная MLE,0.2938951695125483,0.9144521845784699,0.08554781542153007
Registration→Admission,наивная MLE,0.2958286903646045,0.915824833823543,0.08417516617645704
Registration→Admission,наивная MLE,0.29776221121666074,0.9171754583571641,0.08282454164283591
Registration→Admission,наивная MLE,0.299695732068717,0.9185044115747227,0.08149558842527722
Registration→Admission,наивная MLE,0.30162925292077325,0.9198120412012367,0.08018795879876328
Registration→Admission,наивная MLE,0.3035627737728295,0.9210986893823353,0.07890131061766469
Registration→Admission,наивная MLE,0.3054962946248857,0.9223646927737831,0.0776353072262169
Registration→Admission,наивная MLE,0.307429815476942,0.9236103826295671,0.07638961737043289
Registration→Admission,наивная MLE,0.3093633363289982,0.92483608488857,0.0751639151114299
Registration→Admission,наивная MLE,0.31129685718105443,0.9260421202598541,0.07395787974014593
Registration→Admission,наивная MLE,0.31323037803311066,0.9272288043065745,0.07277119569342551
Registration→Admission,наивная MLE,0.3151638988851669,0.9283964475285486,0.07160355247145142
Registration→Admission,наивная MLE,0.31709741973722316,0.9295453554434987,0.0704546445565013
Registration→Admission,наивная MLE,0.3190309405892794,0.9306758286669918,0.06932417133300822
Registration→Admission,наивная MLE,0.3209644614413356,0.9317881629910968,0.06821183700890322
Registration→Admission,наивная MLE,0.32289798229339184,0.9328826494617793,0.06711735053822064
Registration→Admission,наивная MLE,0.3248315031454481,0.9339595744550552,0.06604042554494484
Registration→Admission,наивная MLE,0.32676502399750434,0.935019219751921,0.064980780248079
Registration→Admission,наивная MLE,0.32869854484956057,0.9360618626120838,0.06393813738791622
Registration→Admission,наивная MLE,0.3306320657016168,0.9370877758465065,0.06291222415349354
Registration→Admission,наивная MLE,0.3325655865536731,0.93809722788879,0.061902772111209974
Registration→Admission,наивная MLE,0.3344991074057293,0.9390904828654097,0.06090951713459028
Registration→Admission,наивная MLE,0.3364326282577855,0.9400678006648251,0.05993219933517495
Registration→Admission,наивная MLE,0.33836614910984175,0.9410294370054801,0.058970562994519894
Registration→Admission,наивная MLE,0.34029966996189803,0.9419756435027133,0.05802435649728668
Registration→Admission,наивная MLE,0.34223319081395426,0.9429066677345934,0.057093332265406596
Registration→Admission,наивная MLE,0.3441667116660105,0.943822753306699,0.05617724669330105
Registration→Admission,наивная MLE,0.3461002325180667,0.9447241399158588,0.05527586008414125
Registration→Admission,наивная MLE,0.348033753370123,0.9456110634128692,0.054388936587130884
Registration→Admission,наивная MLE,0.3499672742221792,0.9464837558642051,0.05351624413579496
Registration→Admission,наивная MLE,0.35190079507423544,0.9473424456127413,0.052657554387258665
Registration→Admission,наивная MLE,0.35383431592629166,0.948187357337499,0.051812642662500935
Registration→Admission,наивная MLE,0.35576783677834795,0.9490187121124338,0.05098128788756622
Registration→Admission,наивная MLE,0.35770135763040417,0.94983672746428,0.05016327253572
Registration→Admission,наивная MLE,0.3596348784824604,0.9506416174294681,0.049358382570531975
Registration→Admission,наивная MLE,0.3615683993345166,0.9514335926101273,0.048566407389872765
Registration→Admission,наивная MLE,0.3635019201865729,0.9522128602291907,0.04778713977080926
Registration→Admission,наивная MLE,0.3654354410386291,0.952979624184616,0.04702037581538404
Registration→Admission,наивная MLE,0.36736896189068535,0.9537340851027354,0.046265914897264636
Registration→Admission,наивная MLE,0.3693024827427416,0.9544764403907509,0.04552355960924919
Registration→Admission,наивная MLE,0.3712360035947978,0.955206884288386,0.04479311571161406
Registration→Admission,наивная MLE,0.3731695244468541,0.9559256079187095,0.04407439208129044
Registration→Admission,наивная MLE,0.3751030452989103,0.9566327993381436,0.04336720066185638
Registration→Admission,наивная MLE,0.37703656615096653,0.9573286435856689,0.04267135641433108
Registration→Admission,наивная MLE,0.37897008700302276,0.9580133227312411,0.04198667726875899
Registration→Admission,наивная MLE,0.38090360785507904,0.9586870159234295,0.04131298407657042
Registration→Admission,наивная MLE,0.38283712870713527,0.959349899436293,0.040650100563706965
Registration→Admission,наивная MLE,0.3847706495591915,0.9600021467155014,0.039997853284498584
Registration→Admission,наивная MLE,0.3867041704112477,0.9606439284237189,0.039356071576281036
Registration→Admission,наивная MLE,0.388637691263304,0.9612754124852585,0.03872458751474148
Registration→Admission,наивная MLE,0.3905712121153602,0.9618967641300195,0.038103235869980545
Registration→Admission,наивная MLE,0.39250473296741645,0.9625081459367208,0.03749185406327919
Registration→Admission,наивная MLE,0.3944382538194727,0.9631097178754403,0.0368902821245597
Registration→Admission,наивная MLE,0.39637177467152895,0.9637016373494712,0.03629836265052874
Registration→Admission,наивная MLE,0.3983052955235852,0.9642840592365075,0.03571594076349251
Registration→Admission,наивная MLE,0.4002388163756414,0.9648571359291678,0.03514286407083226
Registration→Admission,наивная MLE,0.40217233722769763,0.9654210173748696,0.03457898262513035
Registration→Admission,наивная MLE,0.4041058580797539,0.965975851115064,0.034024148884936045
Registration→Admission,наивная MLE,0.40603937893181014,0.9665217823238392,0.033478217676160785
Registration→Admission,наивная MLE,0.40797289978386636,0.9670589538459072,0.032941046154092817
Registration→Admission,наивная MLE,0.4099064206359226,0.9675875062339785,0.032412493766021545
Registration→Admission,наивная MLE,0.41183994148797887,0.9681075777855387,0.03189242221446129
Registration→Admission,наивная MLE,0.4137734623400351,0.9686193045790346,0.031380695420965485
Registration→Admission,наивная MLE,0.4157069831920913,0.9691228205094788,0.030877179490521132
Registration→Admission,наивная MLE,0.41764050404414754,0.9696182573234853,0.030381742676514754
Registration→Admission,наивная MLE,0.4195740248962038,0.9701057446537394,0.02989425534626055
Registration→Admission,наивная MLE,0.42150754574826005,0.9705854100529185,0.029414589947081488
Registration→Admission,наивная MLE,0.4234410666003163,0.9710573790270652,0.02894262097293475
Registration→Admission,наивная MLE,0.4253745874523725,0.9715217750684273,0.028478224931572666
Registration→Admission,наивная MLE,0.4273081083044288,0.9719787196877695,0.028021280312230504
Registration→Admission,наивная MLE,0.429241629156485,0.9724283324461671,0.027571667553832918
Registration→Admission,наивная MLE,0.43117515000854123,0.9728707309862898,0.02712926901371019
Registration→Admission,наивная MLE,0.43310867086059746,0.9733060310631831,0.026693968936816814
Registration→Admission,наивная MLE,0.4350421917126537,0.9737343465745563,0.02626565342544372
Registration→Admission,наивная MLE,0.43697571256470996,0.9741557895905835,0.02584421040941654
Registration→Admission,наивная MLE,0.4389092334167662,0.9745704703832279,0.02542952961677217
Registration→Admission,наивная MLE,0.4408427542688224,0.9749784974550944,0.02502150254490566
Registration→Admission,наивная MLE,0.44277627512087864,0.9753799775678199,0.02462002243218014
Registration→Admission,наивная MLE,0.4447097959729349,0.9757750157700076,0.024224984229992363
Registration→Admission,наивная MLE,0.44664331682499114,0.9761637154247137,0.023836284575286318
Registration→Admission,наивная MLE,0.44857683767704737,0.976546178236492,0.02345382176350798
Registration→Admission,наивная MLE,0.4505103585291036,0.9769225042780061,0.023077495721993965
Registration→Admission,наивная MLE,0.4524438793811599,0.9772927920162129,0.022707207983787156
Registration→Admission,наивная MLE,0.4543774002332161,0.9776571383381274,0.022342861661872587
Registration→Admission,наивная MLE,0.4563109210852723,0.9780156385761735,0.021984361423826506
Registration→Admission,наивная MLE,0.45824444193732855,0.9783683865331275,0.021631613466872444
Registration→Admission,наивная MLE,0.46017796278938483,0.9787154745066626,0.02128452549333734
Registration→Admission,наивная MLE,0.46211148364144106,0.9790569933134984,0.02094300668650157
Registration→Admission,наивная MLE,0.4640450044934973,0.9793930323131635,0.02060696768683647
Registration→Admission,наивная MLE,0.4659785253455535,0.979723679431377,0.020276320568623083
Registration→Admission,наивная MLE,0.4679120461976098,0.9800490211830539,0.019950978816946095
Registration→Admission,наивная MLE,0.469845567049666,0.980369142694943,0.019630857305057012
Registration→Admission,наивная MLE,0.47177908790172224,0.9806841277278997,0.01931587227210033
Registration→Admission,наивная MLE,0.47371260875377846,0.9809940586988026,0.01900594130119733
Registration→Admission,наивная MLE,0.47564612960583474,0.9812990167021186,0.018700983297881384
Registration→Admission,наивная MLE,0.47757965045789097,0.9815990815311206,0.018400918468879333
Registration→Admission,наивная MLE,0.4795131713099472,0.9818943316987667,0.01810566830123332
Registration→Admission,наивная MLE,0.4814466921620034,0.9821848444582424,0.017815155541757572
Registration→Admission,наивная MLE,0.4833802130140597,0.9824706958231751,0.017529304176824904
Registration→Admission,наивная MLE,0.4853137338661159,0.9827519605875226,0.017248039412477472
Registration→Admission,наивная MLE,0.48724725471817215,0.9830287123451433,0.016971287654856688
Registration→Admission,наивная MLE,0.4891807755702284,0.9833010235090529,0.016698976490947134
Registration→Admission,наивная MLE,0.49111429642228466,0.9835689653303705,0.016431034669629484
Registration→Admission,наивная MLE,0.4930478172743409,0.9838326079169626,0.016167392083037385
Registration→Admission,наивная MLE,0.4949813381263971,0.9840920202517864,0.01590797974821351
Registration→Admission,наивная MLE,0.49691485897845333,0.98434727021094,0.015652729789059957
Registration→Admission,наивная MLE,0.49884837983050956,0.9845984245814218,0.015401575418578185
Registration→Admission,наивная MLE,0.5007819006825658,0.984845549078606,0.015154450921394051
Registration→Admission,наивная MLE,0.502715421534622,0.9850887083634369,0.014911291636563118
Registration→Admission,наивная MLE,0.5046489423866783,0.9853279660593481,0.014672033940651903
Registration→Admission,наивная MLE,0.5065824632387346,0.9855633847689094,0.01443661523109064
Registration→Admission,наивная MLE,0.5085159840907908,0.985795026090207,0.014204973909793051
Registration→Admission,наивная MLE,0.510449504942847,0.986022950632961,0.013977049367039009
Registration→Admission,наивная MLE,0.5123830257949032,0.9862472180343842,0.01375278196561585
Registration→Admission,наивная MLE,0.5143165466469595,0.9864678869747859,0.013532113025214064
Registration→Admission,наивная MLE,0.5162500674990157,0.9866850151929266,0.013314984807073401
Registration→Admission,наивная MLE,0.5181835883510719,0.9868986595011247,0.013101340498875352
Registration→Admission,наивная MLE,0.5201171092031283,0.9871088758001221,0.01289112419987795
Registration→Admission,наивная MLE,0.5220506300551845,0.9873157190937107,0.012684280906289275
Registration→Admission,наивная MLE,0.5239841509072407,0.9875192435031246,0.012480756496875422
Registration→Admission,наивная MLE,0.5259176717592969,0.9877195022812004,0.012280497718799544
Registration→Admission,наивная MLE,0.5278511926113532,0.9879165478263119,0.01208345217368808
Registration→Admission,наивная MLE,0.5297847134634094,0.9881104316960795,0.011889568303920498
Registration→Admission,наивная MLE,0.5317182343154656,0.9883012046208609,0.011698795379139143
Registration→Admission,наивная MLE,0.5336517551675218,0.9884889165170245,0.011511083482975425
Registration→Admission,наивная MLE,0.5355852760195782,0.988673616500011,0.011326383499989032
Registration→Admission,наивная MLE,0.5375187968716344,0.9888553528971832,0.011144647102816768
Registration→Admission,наивная MLE,0.5394523177236906,0.9890341732604726,0.010965826739527434
Registration→Admission,наивная MLE,0.5413858385757468,0.9892101243788202,0.010789875621179813
Registration→Admission,наивная MLE,0.5433193594278031,0.9893832522904199,0.010616747709580134
Registration→Admission,наивная MLE,0.5452528802798593,0.989553602294764,0.010446397705236032
Registration→Admission,наивная MLE,0.5471864011319155,0.9897212189644962,0.010278781035503805
Registration→Admission,наивная MLE,0.5491199219839717,0.9898861461570743,0.010113853842925789
Registration→Admission,наивная MLE,0.5510534428360281,0.9900484270262451,0.009951572973754957
Registration→Admission,наивная MLE,0.5529869636880843,0.9902081040333364,0.009791895966663598
Registration→Admission,наивная MLE,0.5549204845401405,0.9903652189583668,0.009634781041633124
Registration→Admission,наивная MLE,0.5568540053921968,0.9905198129109778,0.009480187089022228
Registration→Admission,наивная MLE,0.558787526244253,0.9906719263411896,0.009328073658810406
Registration→Admission,наивная MLE,0.5607210470963092,0.990821599049986,0.009178400950014043
Registration→Admission,наивная MLE,0.5626545679483654,0.9909688701997276,0.009031129800272403
Registration→Admission,наивная MLE,0.5645880888004217,0.9911137783243994,0.008886221675600634
Registration→Admission,наивная MLE,0.5665216096524779,0.9912563613396927,0.008743638660307236
Registration→Admission,наивная MLE,0.5684551305045342,0.9913966565529267,0.008603343447073288
Registration→Admission,наивная MLE,0.5703886513565904,0.9915347006728091,0.008465299327190862
Registration→Admission,наивная MLE,0.5723221722086467,0.9916705298190419,0.008329470180958084
Registration→Admission,наивная MLE,0.5742556930607029,0.9918041795317717,0.008195820468228272
Registration→Admission,наивная MLE,0.5761892139127591,0.9919356847808892,0.008064315219110756
Registration→Admission,наивная MLE,0.5781227347648153,0.9920650799751791,0.007934920024820886
Registration→Admission,с учётом цензуры,0.0,0.0,1.0
Registration→Admission,с учётом цензуры,0.0019335208520562387,0.016041937575460356,0.9839580624245396
Registration→Admission,с учётом цензуры,0.0038670417041124774,0.03182653138974575,0.9681734686102542
Registration→Admission,с учётом цензуры,0.005800562556168716,0.04735790973540837,0.9526420902645917
Registration→Admission,с учётом цензуры,0.007734083408224955,0.06264013467918902,0.937359865320811
Registration→Admission,с учётом цензуры,0.009667604260281194,0.07767720312440742,0.9223227968755926
Registration→Admission,с учётом цензуры,0.011601125112337431,0.09247304785630964,0.9075269521436904
Registration→Admission,с учётом цензуры,0.01353464596439367,0.10703153857064655,0.8929684614293535
Registration→Admission,с учётом цензуры,0.01546816681644991,0.12135648288575109,0.8786435171142489
Registration→Admission,с учётом цензуры,0.01740168766850615,0.13545162733838084,0.8645483726616192
Registration→Admission,с учётом цензуры,0.019335208520562388,0.14932065836358438,0.8506793416364157
Registration→Admission,с учётом цензуры,0.021268729372618627,0.16296720325884945,0.8370327967411505
Registration→Admission,с учётом цензуры,0.023202250224674863,0.17639483113278398,0.823605168867216
Registration→Admission,с учётом цензуры,0.025135771076731102,0.18960705383857832,0.8103929461614217
Registration→Admission,с учётом цензуры,0.02706929192878734,0.2026073268924933,0.7973926731075067
Registration→Admission,с учётом цензуры,0.02900281278084358,0.21539905037761334,0.7846009496223867
Registration→Admission,с учётом цензуры,0.03093633363289982,0.22798556983310259,0.7720144301668974
Registration→Admission,с учётом цензуры,0.03286985448495606,0.24037017712919462,0.7596298228708054
Registration→Admission,с учётом цензуры,0.0348033753370123,0.25255611132814604,0.747443888671854
Registration→Admission,с учётом цензуры,0.03673689618906854,0.2645465595313793,0.7354534404686207
Registration→Admission,с учётом цензуры,0.038670417041124776,0.27634465771303446,0.7236553422869656
Registration→Admission,с учётом цензуры,0.040603937893181015,0.2879534915401504,0.7120465084598496
Registration→Admission,с учётом цензуры,0.042537458745237254,0.2993760971796878,0.7006239028203123
Registration→Admission,с учётом цензуры,0.04447097959729349,0.31061546209260654,0.6893845379073934
Registration→Admission,с учётом цензуры,0.046404500449349725,0.32167452581520456,0.6783254741847955
Registration→Admission,с учётом цензуры,0.048338021301405965,0.3325561807279216,0.6674438192720784
Registration→Admission,с учётом цензуры,0.050271542153462204,0.3432632728118111,0.6567367271881889
Registration→Admission,с учётом цензуры,0.05220506300551844,0.3537986023928762,0.6462013976071238
Registration→Admission,с учётом цензуры,0.05413858385757468,0.36416492487446483,0.635835075125535
Registration→Admission,с учётом цензуры,0.05607210470963092,0.37436495145791693,0.6256350485420831
Registration→Admission,с учётом цензуры,0.05800562556168716,0.3844013498516491,0.6155986501483509
Registration→Admission,с учётом цензуры,0.0599391464137434,0.39427674496886667,0.6057232550311333
Registration→Admission,с учётом цензуры,0.06187266726579964,0.4039937196140807,0.5960062803859193
Registration→Admission,с учётом цензуры,0.06380618811785588,0.41355481515861403,0.586445184841386
Registration→Admission,с учётом цензуры,0.06573970896991212,0.4229625322052688,0.5770374677947312
Registration→Admission,с учётом цензуры,0.06767322982196836,0.4322193312423336,0.5677806687576664
Registration→Admission,с учётом цензуры,0.0696067506740246,0.44132763328709723,0.5586723667129028
Registration→Admission,с учётом цензуры,0.07154027152608083,0.4502898205190403,0.5497101794809597
Registration→Admission,с учётом цензуры,0.07347379237813707,0.45910823690286895,0.540891763097131
Registration→Admission,с учётом цензуры,0.07540731323019331,0.46778518880155384,0.5322148111984462
Registration→Admission,с учётом цензуры,0.07734083408224955,0.4763229455795347,0.5236770544204653
Registration→Admission,с учётом цензуры,0.07927435493430579,0.48472374019624875,0.5152762598037512
Registration→Admission,с учётом цензуры,0.08120787578636203,0.4929897697901372,0.5070102302098628
Registration→Admission,с учётом цензуры,0.08314139663841827,0.5011231962532836,0.49887680374671634
Registration→Admission,с учётом цензуры,0.08507491749047451,0.5091261467968337,0.49087385320316634
Registration→Admission,с учётом цензуры,0.08700843834253075,0.5170007145073445,0.4829992854926554
Registration→Admission,с учётом цензуры,0.08894195919458699,0.5247489588942097,0.4752510411057903
Registration→Admission,с учётом цензуры,0.09087548004664323,0.5323729064283014,0.4676270935716987
Registration→Admission,с учётом цензуры,0.09280900089869945,0.5398745510719725,0.4601254489280276
Registration→Admission,с учётом цензуры,0.09474252175075569,0.5472558548005566,0.45274414519944345
Registration→Admission,с учётом цензуры,0.09667604260281193,0.5545187481155012,0.4454812518844989
Registration→Admission,с учётом цензуры,0.09860956345486817,0.5616651305492703,0.43833486945072975
Registration→Admission,с учётом цензуры,0.10054308430692441,0.5686968711621464,0.4313031288378536
Registration→Admission,с учётом цензуры,0.10247660515898065,0.5756158090310639,0.42438419096893604
Registration→Admission,с учётом цензуры,0.10441012601103689,0.5824237537305998,0.4175762462694001
Registration→Admission,с учётом цензуры,0.10634364686309312,0.5891224858062487,0.4108775141937513
Registration→Admission,с учётом цензуры,0.10827716771514936,0.5957137572401052,0.40428624275989483
Registration→Admission,с учётом цензуры,0.1102106885672056,0.6021992919090768,0.39780070809092316
Registration→Admission,с учётом цензуры,0.11214420941926184,0.6085807860357453,0.39141921396425466
Registration→Admission,с учётом цензуры,0.11407773027131808,0.6148599086319957,0.3851400913680043
Registration→Admission,с учётом цензуры,0.11601125112337432,0.6210383019355283,0.3789616980644717
Registration→Admission,с учётом цензуры,0.11794477197543056,0.627117581839369,0.372882418160631
Registration→Admission,с учётом цензуры,0.1198782928274868,0.6330993383144885,0.36690066168551144
Registration→Admission,с учётом цензуры,0.12181181367954304,0.6389851358256426,0.36101486417435735
Registration→Admission,с учётом цензуры,0.12374533453159928,0.644776513740541,0.35522348625945904
Registration→Admission,с учётом цензуры,0.1256788553836555,0.6504749867324526,0.3495250132675474
Registration→Admission,с учётом цензуры,0.12761237623571176,0.6560820451763526,0.3439179548236474
Registration→Admission,с учётом цензуры,0.12954589708776798,0.6615991555387135,0.33840084446128654
Registration→Admission,с учётом цензуры,0.13147941793982423,0.6670277607610445,0.33297223923895547
Registration→Admission,с учётом цензуры,0.13341293879188046,0.6723692806372771,0.3276307193627229
Registration→Admission,с учётом цензуры,0.1353464596439367,0.6776251121850971,0.32237488781490287
Registration→Admission,с учётом цензуры,0.13727998049599294,0.6827966300113197,0.31720336998868026
Registration→Admission,с учётом цензуры,0.1392135013480492,0.6878851866714039,0.31211481332859614
Registration→Admission,с учётом цензуры,0.14114702220010542,0.6928921130231976,0.30710788697680236
Registration→Admission,с учётом цензуры,0.14308054305216167,0.6978187185750111,0.3021812814249889
Registration→Admission,с учётом цензуры,0.1450140639042179,0.7026662918281034,0.29733370817189664
Registration→Admission,с учётом цензуры,0.14694758475627415,0.7074361006136771,0.29256389938632293
Registration→Admission,с учётом цензуры,0.14888110560833037,0.7121293924244657,0.2878706075755343
Registration→Admission,с учётом цензуры,0.15081462646038662,0.7167473947410024,0.2832526052589977
Registration→Admission,с учётом цензуры,0.15274814731244285,0.7212913153526537,0.2787086846473463
Registration→Admission,с учётом цензуры,0.1546816681644991,0.725762342673505,0.27423765732649497
Registration→Admission,с учётом цензуры,0.15661518901655533,0.7301616460531771,0.2698383539468229
Registration→Admission,с учётом цензуры,0.15854870986861158,0.7344903760826571,0.2655096239173429
Registration→Admission,с учётом цензуры,0.1604822307206678,0.738749664895223,0.26125033510477697
Registration→Admission,с учётом цензуры,0.16241575157272406,0.742940626462542,0.25705937353745806
Registration→Admission,с учётом цензуры,0.16434927242478028,0.7470643568860168,0.2529356431139832
Registration→Admission,с учётом цензуры,0.16628279327683654,0.7511219346834603,0.24887806531653972
Registration→Admission,с учётом цензуры,0.16821631412889276,0.7551144210711696,0.24488557892883045
Registration→Admission,с учётом цензуры,0.17014983498094902,0.7590428602414763,0.2409571397585237
Registration→Admission,с учётом цензуры,0.17208335583300524,0.762908279635844,0.237091720364156
Registration→Admission,с учётом цензуры,0.1740168766850615,0.7667116902135843,0.23328830978641565
Registration→Admission,с учётом цензуры,0.17595039753711772,0.7704540867162627,0.22954591328373733
Registration→Admission,с учётом цензуры,0.17788391838917397,0.7741364479278624,0.2258635520721376
Registration→Admission,с учётом цензуры,0.1798174392412302,0.7777597369307754,0.22224026306922465
Registration→Admission,с учётом цензуры,0.18175096009328645,0.7813249013576857,0.21867509864231421
Registration→Admission,с учётом цензуры,0.18368448094534268,0.7848328736394135,0.21516712636058657
Registration→Admission,с учётом цензуры,0.1856180017973989,0.788284571248781,0.21171542875121893
Registration→Admission,с учётом цензуры,0.18755152264945515,0.79168089694057,0.20831910305943002
Registration→Admission,с учётом цензуры,0.18948504350151138,0.7950227389876252,0.20497726101237476
Registration→Admission,с учётом цензуры,0.19141856435356763,0.7983109714131746,0.20168902858682536
Registration→Admission,с учётом цензуры,0.19335208520562386,0.8015464542194197,0.19845354578058033
Registration→Admission,с учётом цензуры,0.1952856060576801,0.8047300336124605,0.19526996638753946
Registration→Admission,с учётом цензуры,0.19721912690973634,0.8078625422236116,0.19213745777638833
Registration→Admission,с учётом цензуры,0.1991526477617926,0.8109447993271682,0.1890552006728318
Registration→Admission,с учётом цензуры,0.20108616861384881,0.8139776110546778,0.18602238894532216
Registration→Admission,с учётом цензуры,0.20301968946590507,0.8169617706057768,0.18303822939422326
Registration→Admission,с учётом цензуры,0.2049532103179613,0.8198980584556417,0.18010194154435835
Registration→Admission,с учётом цензуры,0.20688673117001755,0.8227872425591155,0.17721275744088452
Registration→Admission,с учётом цензуры,0.20882025202207377,0.8256300785515573,0.17436992144844268
Registration→Admission,с учётом цензуры,0.21075377287413002,0.8284273099464712,0.17157269005352882
Registration→Admission,с учётом цензуры,0.21268729372618625,0.8311796683299637,0.16882033167003632
Registration→Admission,с учётом цензуры,0.2146208145782425,0.8338878735520829,0.16611212644791706
Registration→Admission,с учётом цензуры,0.21655433543029873,0.8365526339150874,0.16344736608491264
Registration→Admission,с учётом цензуры,0.21848785628235498,0.839174646358695,0.160825353641305
Registration→Admission,с учётом цензуры,0.2204213771344112,0.8417545966423601,0.15824540335763987
Registration→Admission,с учётом цензуры,0.22235489798646746,0.8442931595246269,0.15570684047537306
Registration→Admission,с учётом цензуры,0.22428841883852368,0.846790998939605,0.15320900106039498
Registration→Admission,с учётом цензуры,0.22622193969057994,0.8492487681706146,0.15075123182938546
Registration→Admission,с учётом цензуры,0.22815546054263616,0.8516671100210453,0.14833288997895472
Registration→Admission,с учётом цензуры,0.23008898139469242,0.8540466569824753,0.1459533430175247
Registration→Admission,с учётом цензуры,0.23202250224674864,0.8563880314000922,0.14361196859990782
Registration→Admission,с учётом цензуры,0.2339560230988049,0.8586918456354609,0.1413081543645391
Registration→Admission,с учётом цензуры,0.23588954395086112,0.8609587022266804,0.13904129777331967
Registration→Admission,с учётом цензуры,0.23782306480291737,0.8631891940459709,0.13681080595402906
Registration→Admission,с учётом цензуры,0.2397565856549736,0.8653839044547339,0.1346160955452661
Registration→Admission,с учётом цензуры,0.24169010650702985,0.8675434074561232,0.13245659254387673
Registration→Admission,с учётом цензуры,0.24362362735908608,0.8696682678451703,0.1303317321548297
Registration→Admission,с учётом цензуры,0.24555714821114233,0.8717590413564997,0.12824095864350027
Registration→Admission,с учётом цензуры,0.24749066906319855,0.8738162748096759,0.1261837251903241
Registration→Admission,с учётом цензуры,0.24942418991525478,0.8758405062522181,0.12415949374778185
Registration→Admission,с учётом цензуры,0.251357710767311,0.8778322651003208,0.1221677348996792
Registration→Admission,с учётом цензуры,0.2532912316193673,0.8797920722773168,0.12020792772268314
Registration→Admission,с учётом цензуры,0.2552247524714235,0.8817204403499196,0.11827955965008038
Registration→Admission,с учётом цензуры,0.25715827332347974,0.8836178736622791,0.11638212633772088
Registration→Admission,с учётом цензуры,0.25909179417553596,0.8854848684678881,0.11451513153211186
Registration→Admission,с учётом цензуры,0.26102531502759224,0.887321913059372,0.11267808694062802
Registration→Admission,с учётом цензуры,0.26295883587964847,0.8891294878961958,0.1108705121038042
Registration→Admission,с учётом цензуры,0.2648923567317047,0.8909080657303243,0.10909193426967563
Registration→Admission,с учётом цензуры,0.2668258775837609,0.8926581117298646,0.1073418882701353
Registration→Admission,с учётом цензуры,0.2687593984358172,0.8943800836007263,0.10561991639927373
Registration→Admission,с учётом цензуры,0.2706929192878734,0.8960744317063287,0.10392556829367122
Registration→Admission,с учётом цензуры,0.27262644013992965,0.8977415991853901,0.10225840081460993
Registration→Admission,с учётом цензуры,0.2745599609919859,0.8993820220678244,0.10061797793217558
Registration→Admission,с учётом цензуры,0.27649348184404215,0.9009961293887815,0.09900387061121851
Registration→Admission,с учётом цензуры,0.2784270026960984,0.9025843433008556,0.09741565669914443
Registration→Admission,с учётом цензуры,0.2803605235481546,0.9041470791844958,0.09585292081550426
Registration→Admission,с учётом цензуры,0.28229404440021083,0.9056847457566436,0.09431525424335642
Registration→Admission,с учётом цензуры,0.2842275652522671,0.9071977451776292,0.09280225482237081
Registration→Admission,с учётом цензуры,0.28616108610432334,0.9086864731563516,0.09131352684364835
Registration→Admission,с учётом цензуры,0.28809460695637956,0.9101513190537726,0.08984868094622744
Registration→Admission,с учётом цензуры,0.2900281278084358,0.9115926659847494,0.0884073340152506
Registration→Admission,с учётом цензуры,0.29196164866049207,0.913010890918235,0.08698910908176506
Registration→Admission,с учётом цензуры,0.2938951695125483,0.9144063647758696,0.0855936352241305
Registration→Admission,с учётом цензуры,0.2958286903646045,0.9157794525289917,0.08422054747100825
Registration→Admission,с учётом цензуры,0.29776221121666074,0.9171305132940928,0.08286948670590727
Registration→Admission,с учётом цензуры,0.299695732068717,0.9184599004267393,0.08154009957326065
Registration→Admission,с учётом цензуры,0.30162925292077325,0.9197679616139904,0.08023203838600956
Registration→Admission,с учётом цензуры,0.3035627737728295,0.9210550389653307,0.07894496103466929
Registration→Admission,с учётом цензуры,0.3054962946248857,0.9223214691021461,0.07767853089785395
Registration→Admission,с учётом цензуры,0.307429815476942,0.9235675832457629,0.0764324167542371
Registration→Admission,с учётом цензуры,0.3093633363289982,0.924793707304076,0.07520629269592408
Registration→Admission,с учётом цензуры,0.31129685718105443,0.9260001619567857,0.07399983804321425
Registration→Admission,с учётом цензуры,0.31323037803311066,0.9271872627392691,0.07281273726073086
Registration→Admission,с учётом цензуры,0.3151638988851669,0.9283553201251041,0.07164467987489583
Registration→Admission,с учётом цензуры,0.31709741973722316,0.9295046396072711,0.07049536039272887
Registration→Admission,с учётом цензуры,0.3190309405892794,0.9306355217780509,0.06936447822194915
Registration→Admission,с учётом цензуры,0.3209644614413356,0.9317482624076417,0.06825173759235825
Registration→Admission,с учётом цензуры,0.32289798229339184,0.9328431525215151,0.06715684747848495
Registration→Admission,с учётом цензуры,0.3248315031454481,0.9339204784765296,0.06607952152347038
Registration→Admission,с учётом цензуры,0.32676502399750434,0.9349805220358254,0.06501947796417457
Registration→Admission,с учётом цензуры,0.32869854484956057,0.9360235604425158,0.06397643955748428
Registration→Admission,с учётом цензуры,0.3306320657016168,0.9370498664921971,0.06295013350780292
Registration→Admission,с учётом цензуры,0.3325655865536731,0.9380597086042962,0.06194029139570381
Registration→Admission,с учётом цензуры,0.3344991074057293,0.9390533508922718,0.060946649107728124
Registration→Admission,с учётом цензуры,0.3364326282577855,0.9400310532326915,0.05996894676730845
Registration→Admission,с учётом цензуры,0.33836614910984175,0.9409930713331988,0.0590069286668012
Registration→Admission,с учётом цензуры,0.34029966996189803,0.9419396567993913,0.058060343200608724
Registration→Admission,с учётом цензуры,0.34223319081395426,0.9428710572006253,0.05712894279937474
Registration→Admission,с учётом цензуры,0.3441667116660105,0.9437875161347649,0.05621248386523514
Registration→Admission,с учётом цензуры,0.3461002325180667,0.9446892732918926,0.05531072670810749
Registration→Admission,с учётом цензуры,0.348033753370123,0.9455765645169973,0.054423435483002644
Registration→Admission,с учётом цензуры,0.3499672742221792,0.9464496218716578,0.053550378128342235
Registration→Admission,с учётом цензуры,0.35190079507423544,0.9473086736947349,0.05269132630526506
Registration→Admission,с учётом цензуры,0.35383431592629166,0.9481539446620922,0.0518460553379078
Registration→Admission,с учётом цензуры,0.35576783677834795,0.9489856558453568,0.05101434415464321
Registration→Admission,с учётом цензуры,0.35770135763040417,0.9498040247697386,0.05019597523026137
Registration→Admission,с учётом цензуры,0.3596348784824604,0.9506092654709218,0.049390734529078176
Registration→Admission,с учётом цензуры,0.3615683993345166,0.9514015885510434,0.04859841144895658
Registration→Admission,с учётом цензуры,0.3635019201865729,0.9521812012337741,0.04781879876622585
Registration→Admission,с учётом цензуры,0.3654354410386291,0.9529483074185154,0.04705169258148457
Registration→Admission,с учётом цензуры,0.36736896189068535,0.9537031077337274,0.046296892266272635
Registration→Admission,с учётом цензуры,0.3693024827427416,0.9544457995894007,0.04555420041059929
Registration→Admission,с учётом цензуры,0.3712360035947978,0.9551765772286875,0.04482342277131245
Registration→Admission,с учётом цензуры,0.3731695244468541,0.9558956317787034,0.04410436822129657
Registration→Admission,с учётом цензуры,0.3751030452989103,0.9566031513005145,0.04339684869948542
Registration→Admission,с учётом цензуры,0.37703656615096653,0.9572993208383234,0.04270067916167659
Registration→Admission,с учётом цензуры,0.37897008700302276,0.9579843224678648,0.042015677532135205
Registration→Admission,с учётом цензуры,0.38090360785507904,0.958658335344026,0.04134166465597401
Registration→Admission,с учётом цензуры,0.38283712870713527,0.9593215357477027,0.04067846425229726
Registration→Admission,с учётом цензуры,0.3847706495591915,0.9599740971319037,0.04002590286809632
Registration→Admission,с учётом цензуры,0.3867041704112477,0.9606161901671151,0.03938380983288489
Registration→Admission,с учётом цензуры,0.388637691263304,0.961247982785938,0.03875201721406192
Registration→Admission,с учётом цензуры,0.3905712121153602,0.9618696402270093,0.038130359772990785
Registration→Admission,с учётом цензуры,0.39250473296741645,0.9624813250782174,0.03751867492178264
Registration→Admission,с учётом цензуры,0.3944382538194727,0.9630831973192266,0.0369168026807734
Registration→Admission,с учётом цензуры,0.39637177467152895,0.9636754143633172,0.03632458563668284
Registration→Admission,с учётом цензуры,0.3983052955235852,0.9642581310985553,0.03574186890144471
Registration→Admission,с учётом цензуры,0.4002388163756414,0.9648314999283025,0.03516850007169745
Registration→Admission,с учётом цензуры,0.40217233722769763,0.9653956708110752,0.03460432918892472
Registration→Admission,с учётом цензуры,0.4041058580797539,0.9659507912997647,0.034049208700235284
Registration→Admission,с учётом цензуры,0.40603937893181014,0.9664970065802277,0.033502993419772295
Registration→Admission,с учётом цензуры,0.40797289978386636,0.9670344595092587,0.03296554049074126
Registration→Admission,с учётом цензуры,0.4099064206359226,0.9675632906519526,0.032436709348047474
Registration→Admission,с учётом цензуры,0.41183994148797887,0.9680836383184672,0.03191636168153274
Registration→Admission,с учётом цензуры,0.4137734623400351,0.9685956386001983,0.03140436139980177
Registration→Admission,с учётом цензуры,0.4157069831920913,0.9690994254053711,0.03090057459462896
Registration→Admission,с учётом цензуры,0.41764050404414754,0.9695951304940639,0.030404869505936075
Registration→Admission,с учётом цензуры,0.4195740248962038,0.9700828835126681,0.029917116487331814
Registration→Admission,с учётом цензуры,0.42150754574826005,0.9705628120277957,0.02943718797220427
Registration→Admission,с учётом цензуры,0.4234410666003163,0.9710350415596429,0.02896495844035707
Registration→Admission,с учётом цензуры,0.4253745874523725,0.971499695614819,0.028500304385181065
Registration→Admission,с учётом цензуры,0.4273081083044288,0.9719568957186476,0.028043104281352368
Registration→Admission,с учётом цензуры,0.429241629156485,0.9724067614469513,0.027593238553048783
Registration→Admission,с учётом цензуры,0.43117515000854123,0.972849410457324,0.027150589542675997
Registration→Admission,с учётом цензуры,0.43310867086059746,0.9732849585199046,0.026715041480095448
Registration→Admission,с учётом цензуры,0.4350421917126537,0.9737135195476541,0.02628648045234592
Registration→Admission,с учётом цензуры,0.43697571256470996,0.9741352056261492,0.025864794373850822
Registration→Admission,с учётом цензуры,0.4389092334167662,0.9745501270428966,0.025449872957103385
Registration→Admission,с учётом цензуры,0.4408427542688224,0.9749583923161779,0.02504160768382214
Registration→Admission,с учётом цензуры,0.44277627512087864,0.9753601082234309,0.024639891776569105
Registration→Admission,с учётом цензуры,0.4447097959729349,0.9757553798291767,0.02424462017082327
Registration→Admission,с учётом цензуры,0.44664331682499114,0.9761443105124978,0.023855689487502184
Registration→Admission,с учётом цензуры,0.44857683767704737,0.9765270019940759,0.023472998005924114
Registration→Admission,с учётом цензуры,0.4505103585291036,0.9769035543627959,0.023096445637204168
Registration→Admission,с учётом цензуры,0.4524438793811599,0.9772740661019229,0.022725933898077123
Registration→Admission,с учётом цензуры,0.4543774002332161,0.9776386341148599,0.02236136588514013
Registration→Admission,с учётом цензуры,0.4563109210852723,0.9779973537504913,0.022002646249508685
Registration→Admission,с учётом цензуры,0.45824444193732855,0.9783503188281208,0.021649681171879136
Registration→Admission,с учётом цензуры,0.46017796278938483,0.9786976216620088,0.02130237833799122
Registration→Admission,с учётом цензуры,0.46211148364144106,0.9790393530855157,0.02096064691448433
Registration→Admission,с учётом цензуры,0.4640450044934973,0.9793756024748591,0.020624397525140913
Registration→Admission,с учётом цензуры,0.4659785253455535,0.9797064577724889,0.020293542227511122
Registration→Admission,с учётом цензуры,0.4679120461976098,0.9800320055100876,0.019967994489912416
Registration→Admission,с учётом цензуры,0.469845567049666,0.9803523308312019,0.0196476691687981
Registration→Admission,с учётом цензуры,0.47177908790172224,0.980667517513511,0.019332482486488948
Registration→Admission,с учётом цензуры,0.47371260875377846,0.9809776479907379,0.019022352009262018
Registration→Admission,с учётом цензуры,0.47564612960583474,0.981282803374209,0.018717196625790994
Registration→Admission,с учётом цензуры,0.47757965045789097,0.9815830634740675,0.018416936525932442
Registration→Admission,с учётом цензуры,0.4795131713099472,0.9818785068201478,0.018121493179852215
Registration→Admission,с учётом цензуры,0.4814466921620034,0.9821692106825131,0.017830789317486908
Registration→Admission,с учётом цензуры,0.4833802130140597,0.9824552510916654,0.01754474890833458
Registration→Admission,с учётом цензуры,0.4853137338661159,0.9827367028584301,0.01726329714156996
Registration→Admission,с учётом цензуры,0.48724725471817215,0.9830136395935217,0.01698636040647827
Registration→Admission,с учётом цензуры,0.4891807755702284,0.9832861337267967,0.01671386627320327
Registration→Admission,с учётом цензуры,0.49111429642228466,0.9835542565261961,0.01644574347380395
Registration→Admission,с учётом цензуры,0.4930478172743409,0.9838180781163849,0.016181921883615148
Registration→Admission,с учётом цензуры,0.4949813381263971,0.9840776674970928,0.01592233250290723
Registration→Admission,с учётом цензуры,0.49691485897845333,0.9843330925611601,0.015666907438839868
Registration→Admission,с учётом цензуры,0.49884837983050956,0.9845844201122945,0.015415579887705479
Registration→Admission,с учётом цензуры,0.5007819006825658,0.9848317158825426,0.015168284117457397
Registration→Admission,с учётом цензуры,0.502715421534622,0.9850750445494817,0.014924955450518296
Registration→Admission,с учётом цензуры,0.5046489423866783,0.9853144697531354,0.01468553024686454
Registration→Admission,с учётом цензуры,0.5065824632387346,0.9855500541126182,0.014449945887381814
Registration→Admission,с учётом цензуры,0.5085159840907908,0.9857818592425124,0.014218140757487651
Registration→Admission,с учётом цензуры,0.510449504942847,0.986009945768983,0.013990054231016924
Registration→Admission,с учётом цензуры,0.5123830257949032,0.9862343733456344,0.013765626654365655
Registration→Admission,с учётом цензуры,0.5143165466469595,0.9864552006691107,0.013544799330889225
Registration→Admission,с учётом цензуры,0.5162500674990157,0.9866724854944491,0.01332751450555096
Registration→Admission,с учётом цензуры,0.5181835883510719,0.9868862846501831,0.01311371534981688
Registration→Admission,с учётом цензуры,0.5201171092031283,0.9870966540532072,0.012903345946792748
Registration→Admission,с учётом цензуры,0.5220506300551845,0.9873036487234003,0.012696351276599727
Registration→Admission,с учётом цензуры,0.5239841509072407,0.9875073227980156,0.012492677201984395
Registration→Admission,с учётом цензуры,0.5259176717592969,0.9877077295458402,0.012292270454159794
Registration→Admission,с учётом цензуры,0.5278511926113532,0.9879049213811265,0.012095078618873484
Registration→Admission,с учётом цензуры,0.5297847134634094,0.9880989498773007,0.011901050122699229
Registration→Admission,с учётом цензуры,0.5317182343154656,0.9882898657804515,0.011710134219548472
Registration→Admission,с учётом цензуры,0.5336517551675218,0.9884777190226018,0.01152228097739821
Registration→Admission,с учётом цензуры,0.5355852760195782,0.9886625587347682,0.011337441265231863
Registration→Admission,с учётом цензуры,0.5375187968716344,0.9888444332598104,0.011155566740189573
Registration→Admission,с учётом цензуры,0.5394523177236906,0.9890233901650755,0.010976609834924569
Registration→Admission,с учётом цензуры,0.5413858385757468,0.9891994762548375,0.010800523745162521
Registration→Admission,с учётом цензуры,0.5433193594278031,0.9893727375825396,0.010627262417460355
Registration→Admission,с учётом цензуры,0.5452528802798593,0.9895432194628386,0.010456780537161418
Registration→Admission,с учётом цензуры,0.5471864011319155,0.989710966483456,0.010289033516543984
Registration→Admission,с учётом цензуры,0.5491199219839717,0.9898760225168403,0.010123977483159774
Registration→Admission,с учётом цензуры,0.5510534428360281,0.9900384307316404,0.009961569268359548
Registration→Admission,с учётом цензуры,0.5529869636880843,0.9901982336039971,0.009801766396002899
Registration→Admission,с учётом цензуры,0.5549204845401405,0.990355472928651,0.009644527071348974
Registration→Admission,с учётом цензуры,0.5568540053921968,0.9905101898298745,0.009489810170125563
Registration→Admission,с учётом цензуры,0.558787526244253,0.9906624247722265,0.009337575227773438
Registration→Admission,с учётом цензуры,0.5607210470963092,0.9908122175711367,0.009187782428863329
Registration→Admission,с учётом цензуры,0.5626545679483654,0.9909596074033175,0.009040392596682599
Registration→Admission,с учётом цензуры,0.5645880888004217,0.991104632817011,0.00889536718298896
Registration→Admission,с учётом цензуры,0.5665216096524779,0.9912473317420714,0.008752668257928652
Registration→Admission,с учётом цензуры,0.5684551305045342,0.9913877414998837,0.008612258500116246
Registration→Admission,с учётом цензуры,0.5703886513565904,0.9915258988131264,0.008474101186873651
Registration→Admission,с учётом цензуры,0.5723221722086467,0.9916618398153743,0.008338160184625689
Registration→Admission,с учётом цензуры,0.5742556930607029,0.9917956000605502,0.00820439993944974
Registration→Admission,с учётом цензуры,0.5761892139127591,0.991927214532223,0.008072785467776976
Registration→Admission,с учётом цензуры,0.5781227347648153,0.9920567176527572,0.007943282347242812
Registration→Examination,наивная MLE,0.0,0.0,1.0
Registration→Examination,наивная MLE,0.00023360149143235805,1.1346164078548017e-12,0.9999999999988654
Registration→Examination,наивная MLE,0.0004672029828647161,2.1664672447052068e-09,0.9999999978335328
Registration→Examination,наивная MLE,0.0007008044742970741,9.929773876933247e-08,0.9999999007022612
Registration→Examination,наивная MLE,0.0009344059657294322,1.1502533857040504e-06,0.9999988497466143
Registration→Examination,наивная MLE,0.0011680074571617902,6.618183777173142e-06,0.9999933818162229
Registration→Examination,наивная MLE,0.0014016089485941483,2.509395426311129e-05,0.9999749060457369
Registration→Examination,наивная MLE,0.0016352104400265063,7.237393778134822e-05,0.9999276260622186
Registration→Examination,наивная MLE,0.0018688119314588644,0.00017235029260624158,0.9998276497073938
Registration→Examination,наивная MLE,0.0021024134228912225,0.0003566137981953491,0.9996433862018046
Registration→Examination,наивная MLE,0.0023360149143235804,0.0006630671295296168,0.9993369328704704
Registration→Examination,наивная MLE,0.0025696164057559387,0.0011339687235465622,0.9988660312764535
Registration→Examination,наивная MLE,0.0028032178971882965,0.0018137874113210446,0.9981862125886789
Registration→Examination,наивная MLE,0.003036819388620655,0.002747146068014051,0.9972528539319859
Registration→Examination,наивная MLE,0.0032704208800530127,0.003977025779332148,0.9960229742206679
Registration→Examination,наивная MLE,0.003504022371485371,0.005543314591290071,0.9944566854087099
Registration→Examination,наивная MLE,0.003737623862917729,0.007481722591830739,0.9925182774081692
Registration→Examination,наивная MLE,0.003971225354350087,0.009823045420768315,0.9901769545792317
Registration→Examination,наивная MLE,0.004204826845782445,0.012592736189215359,0.9874072638107847
Registration→Examination,наивная MLE,0.004438428337214803,0.015810735991681434,0.9841892640083185
Registration→Examination,наивная MLE,0.004672029828647161,0.019491511382345814,0.9805084886176542
Registration→Examination,наивная MLE,0.004905631320079519,0.023644250125204963,0.976355749874795
Registration→Examination,наивная MLE,0.005139232811511877,0.028273171962186764,0.9717268280378132
Registration→Examination,наивная MLE,0.005372834302944236,0.033377917594377325,0.9666220824056226
Registration→Examination,наивная MLE,0.005606435794376593,0.03895398562526913,0.9610460143747309
Registration→Examination,наивная MLE,0.005840037285808951,0.04499319334920004,0.9550068066508
Registration→Examination,наивная MLE,0.00607363877724131,0.051484142720126684,0.9485158572798733
Registration→Examination,наивная MLE,0.006307240268673667,0.05841267750701523,0.9415873224929847
Registration→Examination,наивная MLE,0.006540841760106025,0.06576232153243795,0.934237678467562
Registration→Examination,наивная MLE,0.006774443251538384,0.07351469105518964,0.9264853089448104
Registration→Examination,наивная MLE,0.007008044742970742,0.08164987687721764,0.9183501231227824
Registration→Examination,наивная MLE,0.007241646234403099,0.09014679372033402,0.909853206279666
Registration→Examination,наивная MLE,0.007475247725835458,0.09898349591833533,0.9010165040816647
Registration→Examination,наивная MLE,0.007708849217267816,0.1081374595878638,0.8918625404121362
Registration→Examination,наивная MLE,0.007942450708700173,0.11758583224977842,0.8824141677502215
Registration→Examination,наивная MLE,0.008176052200132532,0.12730565143502487,0.8726943485649752
Registration→Examination,наивная MLE,0.00840965369156489,0.13727403417807899,0.8627259658219211
Registration→Examination,наивная MLE,0.008643255182997248,0.147468339520961,0.8525316604790389
Registration→Examination,наивная MLE,0.008876856674429607,0.15786630625746684,0.8421336937425332
Registration→Examination,наивная MLE,0.009110458165861965,0.16844616816953056,0.8315538318304694
Registration→Examination,наивная MLE,0.009344059657294321,0.17918674896857256,0.8208132510314274
Registration→Examination,наивная MLE,0.00957766114872668,0.19006753907241725,0.8099324609275828
Registration→Examination,наивная MLE,0.009811262640159038,0.2010687562370227,0.7989312437629773
Registration→Examination,наивная MLE,0.010044864131591396,0.21217139193270657,0.7878286080672934
Registration→Examination,наивная MLE,0.010278465623023755,0.22335724521502082,0.7766427547849792
Registration→Examination,наивная MLE,0.010512067114456113,0.23460894569708346,0.7653910543029165
Registration→Examination,наивная MLE,0.010745668605888471,0.2459099670875023,0.7540900329124978
Registration→Examination,наивная MLE,0.010979270097320828,0.25724463261925806,0.7427553673807419
Registration→Examination,наивная MLE,0.011212871588753186,0.26859811356223173,0.7314018864377683
Registration→Examination,наивная MLE,0.011446473080185544,0.27995642188691594,0.7200435781130841
Registration→Examination,наивная MLE,0.011680074571617903,0.2913063980300843,0.7086936019699157
Registration→Examination,наивная MLE,0.011913676063050261,0.3026356946052145,0.6973643053947856
Registration→Examination,наивная MLE,0.01214727755448262,0.313932756801363,0.686067243198637
Registration→Examination,наивная MLE,0.012380879045914978,0.3251868001238194,0.6748131998761806
Registration→Examination,наивная MLE,0.012614480537347334,0.3363877860479234,0.6636122139520766
Registration→Examination,наивная MLE,0.012848082028779692,0.3475263960834828,0.6524736039165172
Registration→Examination,наивная MLE,0.01308168352021205,0.3585940046808082,0.6414059953191917
Registration→Examination,наивная MLE,0.013315285011644409,0.3695826513499513,0.6304173486500487
Registration→Examination,наивная MLE,0.013548886503076767,0.38048501231175613,0.6195149876882439
Registration→Examination,наивная MLE,0.013782487994509126,0.3912943719522858,0.6087056280477142
Registration→Examination,наивная MLE,0.014016089485941484,0.4020045943105267,0.5979954056894733
Registration→Examination,наивная MLE,0.01424969097737384,0.4126100947925219,0.587389905207478
Registration→Examination,наивная MLE,0.014483292468806199,0.42310581227275246,0.5768941877272475
Registration→Examination,наивная MLE,0.014716893960238557,0.4334871817152407,0.5665128182847593
Registration→Examination,наивная MLE,0.014950495451670915,0.44375010742207527,0.5562498925779247
Registration→Examination,наивная MLE,0.015184096943103274,0.4538909369954811,0.5461090630045189
Registration→Examination,наивная MLE,0.015417698434535632,0.46390643608082505,0.536093563919175
Registration→Examination,наивная MLE,0.01565129992596799,0.4737937639417538,0.5262062360582461
Registration→Examination,наивная MLE,0.015884901417400347,0.48355044990470786,0.5164495500952921
Registration→Examination,наивная MLE,0.016118502908832707,0.49317437069809317,0.5068256293019069
Registration→Examination,наивная MLE,0.016352104400265063,0.502663728701181,0.4973362712988189
Registration→Examination,наивная MLE,0.016585705891697423,0.5120170311091468,0.48798296889085324
Registration→Examination,наивная MLE,0.01681930738312978,0.5212330700133415,0.47876692998665854
Registration→Examination,наивная MLE,0.017052908874562137,0.5303109033897833,0.46968909661021674
Registration→Examination,наивная MLE,0.017286510365994497,0.5392498369837647,0.4607501630162353
Registration→Examination,наивная MLE,0.017520111857426853,0.5480494070743077,0.4519505929256923
Registration→Examination,наивная MLE,0.017753713348859213,0.5567093640988119,0.4432906359011881
Registration→Examination,наивная MLE,0.01798731484029157,0.5652296571155377,0.43477034288446226
Registration→Examination,наивная MLE,0.01822091633172393,0.5736104190794651,0.42638958092053497
Registration→Examination,наивная MLE,0.018454517823156286,0.5818519529054573,0.4181480470945426
Registration→Examination,наивная MLE,0.018688119314588643,0.5899547182915136,0.4100452817084864
Registration→Examination,наивная MLE,0.018921720806021003,0.5979193192740868,0.4020806807259132
Registration→Examination,наивная MLE,0.01915532229745336,0.6057464924869922,0.39425350751300786
Registration→Examination,наивная MLE,0.01938892378888572,0.6134370960952206,0.38656290390477943
Registration→Examination,наивная MLE,0.019622525280318076,0.6209920993750009,0.37900790062499917
Registration→Examination,наивная MLE,0.019856126771750436,0.6284125729116767,0.3715874270883233
Registration→Examination,наивная MLE,0.020089728263182793,0.6356996793873289,0.36430032061267115
Registration→Examination,наивная MLE,0.02032332975461515,0.6428546649305884,0.3571453350694116
Registration→Examination,наивная MLE,0.02055693124604751,0.6498788510016822,0.3501211489983178
Registration→Examination,наивная MLE,0.020790532737479866,0.6567736267864503,0.3432263732135496
Registration→Examination,наивная MLE,0.021024134228912226,0.6635404420738316,0.33645955792616844
Registration→Examination,наивная MLE,0.021257735720344582,0.6701808005921086,0.32981919940789145
Registration→Examination,наивная MLE,0.021491337211776942,0.6766962537800596,0.3233037462199404
Registration→Examination,наивная MLE,0.0217249387032093,0.6830883949700131,0.316911605029987
Registration→Examination,наивная MLE,0.021958540194641656,0.6893588539606929,0.31064114603930715
Registration→Examination,наивная MLE,0.022192141686074016,0.6955092919586199,0.3044907080413802
Registration→Examination,наивная MLE,0.022425743177506372,0.701541396867722,0.298458603132278
Registration→Examination,наивная MLE,0.022659344668938732,0.7074568789076849,0.29254312109231506
Registration→Examination,наивная MLE,0.02289294616037109,0.7132574665424372,0.28674253345756284
Registration→Examination,наивная MLE,0.02312654765180345,0.7189449027010189,0.2810550972989812
Registration→Examination,наивная MLE,0.023360149143235805,0.724520941273912,0.2754790587260881
Registration→Examination,наивная MLE,0.023593750634668162,0.7299873438687244,0.27001265613127556
Registration→Examination,наивная MLE,0.023827352126100522,0.7353458768099042,0.26465412319009585
Registration→Examination,наивная MLE,0.02406095361753288,0.7405983083679252,0.2594016916320748
Registration→Examination,наивная MLE,0.02429455510896524,0.745746406204127,0.254253593795873
Registration→Examination,наивная MLE,0.024528156600397595,0.7507919350180938,0.24920806498190623
Registration→Examination,наивная MLE,0.024761758091829955,0.7557366543851507,0.2442633456148493
Registration→Examination,наивная MLE,0.02499535958326231,0.7605823167722063,0.23941768322779367
Registration→Examination,наивная MLE,0.025228961074694668,0.7653306657208049,0.23466933427919512
Registration→Examination,наивная MLE,0.02546256256612703,0.7699834341868497,0.23001656581315033
Registration→Examination,наивная MLE,0.025696164057559385,0.7745423430270413,0.22545765697295878
Registration→Examination,наивная MLE,0.025929765548991745,0.7790090996226207,0.22099090037737928
Registration→Examination,наивная MLE,0.0261633670404241,0.7833853966315347,0.21661460336846522
Registration→Examination,наивная MLE,0.02639696853185646,0.7876729108606397,0.21232708913936033
Registration→Examination,наивная MLE,0.026630570023288818,0.7918733022500368,0.20812669774996323
Registration→Examination,наивная MLE,0.026864171514721175,0.7959882129620865,0.2040117870379135
Registration→Examination,наивная MLE,0.027097773006153535,0.800019266568075,0.19998073343192502
Registration→Examination,наивная MLE,0.02733137449758589,0.803968067325919,0.19603193267408103
Registration→Examination,наивная MLE,0.02756497598901825,0.8078361995426808,0.19216380045731912
Registration→Examination,наивная MLE,0.027798577480450608,0.8116252270160326,0.18837477298396743
Registration→Examination,наивная MLE,0.028032178971882968,0.8153366925491549,0.18466330745084514
Registration→Examination,наивная MLE,0.028265780463315324,0.8189721175338893,0.18102788246611062
Registration→Examination,наивная MLE,0.02849938195474768,0.8225330015972723,0.17746699840272778
Registration→Examination,наивная MLE,0.02873298344618004,0.8260208223068704,0.1739791776931297
Registration→Examination,наивная MLE,0.028966584937612398,0.8294370349306248,0.17056296506937518
Registration→Examination,наивная MLE,0.029200186429044758,0.8327830722471661,0.16721692775283387
Registration→Examination,наивная MLE,0.029433787920477114,0.8360603444028136,0.16393965559718643
Registration→Examination,наивная MLE,0.029667389411909474,0.8392702388117111,0.16072976118828886
Registration→Examination,наивная MLE,0.02990099090334183,0.8424141200957675,0.1575858799042325
Registration→Examination,наивная MLE,0.030134592394774187,0.8454933300612824,0.1545066699387177
Registration→Examination,наивная MLE,0.030368193886206547,0.848509187709334,0.1514908122906659
Registration→Examination,наивная MLE,0.030601795377638904,0.8514629892771928,0.14853701072280728
Registration→Examination,наивная MLE,0.030835396869071264,0.8543560083081951,0.1456439916918048
Registration→Examination,наивная MLE,0.03106899836050362,0.8571894957476867,0.1428105042523134
Registration→Examination,наивная MLE,0.03130259985193598,0.8599646800627848,0.14003531993721519
Registration→Examination,наивная MLE,0.03153620134336834,0.8626827673838724,0.13731723261612755
Registration→Examination,наивная MLE,0.031769802834800694,0.8653449416658594,0.13465505833414054
Registration→Examination,наивная MLE,0.032003404326233054,0.8679523648673866,0.13204763513261336
Registration→Examination,наивная MLE,0.032237005817665414,0.870506177146263,0.12949382285373695
Registration→Examination,наивная MLE,0.03247060730909777,0.8730074970695456,0.12699250293045433
Registration→Examination,наивная MLE,0.03270420880053013,0.8754574218367766,0.1245425781632235
Registration→Examination,наивная MLE,0.03293781029196249,0.8778570275149926,0.12214297248500738
Registration→Examination,наивная MLE,0.03317141178339485,0.8802073692842209,0.11979263071577911
Registration→Examination,наивная MLE,0.0334050132748272,0.8825094816922596,0.11749051830774032
Registration→Examination,наивная MLE,0.03363861476625956,0.8847643789176287,0.11523562108237129
Registration→Examination,наивная MLE,0.03387221625769192,0.8869730550396527,0.11302694496034726
Registration→Examination,наивная MLE,0.03410581774912427,0.8891364843147147,0.1108635156852853
Registration→Examination,наивная MLE,0.03433941924055663,0.8912556214577851,0.1087443785422148
Registration→Examination,наивная MLE,0.03457302073198899,0.8933314019283981,0.1066685980716019
Registration→Examination,наивная MLE,0.03480662222342135,0.8953647422203053,0.10463525777969473
Registration→Examination,наивная MLE,0.035040223714853706,0.8973565401541002,0.1026434598458999
Registration→Examination,наивная MLE,0.035273825206286066,0.8993076751721496,0.1006923248278504
Registration→Examination,наивная MLE,0.035507426697718426,0.9012190086352304,0.09878099136476959
Registration→Examination,наивная MLE,0.03574102818915078,0.9030913841203074,0.09690861587969257
Registration→Examination,наивная MLE,0.03597462968058314,0.9049256277189377,0.09507437228106225
Registration→Examination,наивная MLE,0.0362082311720155,0.9067225483358248,0.09327745166417523
Registration→Examination,наивная MLE,0.03644183266344786,0.908482937987087,0.09151706201291299
Registration→Examination,наивная MLE,0.03667543415488021,0.910207572097838,0.08979242790216202
Registration→Examination,наивная MLE,0.03690903564631257,0.9118972097987118,0.0881027902012882
Registration→Examination,наивная MLE,0.03714263713774493,0.9135525942209972,0.08644740577900273
Registration→Examination,наивная MLE,0.037376238629177286,0.9151744527900757,0.0848255472099243
Registration→Examination,наивная MLE,0.037609840120609646,0.9167634975168808,0.0832365024831192
Registration→Examination,наивная MLE,0.037843441612042006,0.9183204252871289,0.08167957471287118
Registration→Examination,наивная MLE,0.038077043103474366,0.9198459181480889,0.08015408185191103
Registration→Examination,наивная MLE,0.03831064459490672,0.9213406435926861,0.07865935640731386
Registration→Examination,наивная MLE,0.03854424608633908,0.9228052548407493,0.07719474515925077
Registration→Examination,наивная MLE,0.03877784757777144,0.9242403911172389,0.07575960888276108
Registration→Examination,наивная MLE,0.03901144906920379,0.9256466779273036,0.07435332207269639
Registration→Examination,наивная MLE,0.03924505056063615,0.9270247273280326,0.07297527267196735
Registration→Examination,наивная MLE,0.03947865205206851,0.9283751381967884,0.07162486180321162
Registration→Examination,наивная MLE,0.03971225354350087,0.9296984964960161,0.07030150350398387
Registration→Examination,наивная MLE,0.039945855034933225,0.9309953755344406,0.06900462446555945
Registration→Examination,наивная MLE,0.040179456526365585,0.9322663362245749,0.06773366377542511
Registration→Examination,наивная MLE,0.040413058017797945,0.9335119273364746,0.06648807266352545
Registration→Examination,наивная MLE,0.0406466595092303,0.9347326857476839,0.06526731425231619
Registration→Examination,наивная MLE,0.04088026100066266,0.935929136689329,0.06407086331067104
Registration→Examination,наивная MLE,0.04111386249209502,0.9371017939883236,0.0628982060116764
Registration→Examination,наивная MLE,0.04134746398352738,0.9382511603056596,0.06174883969434037
Registration→Examination,наивная MLE,0.04158106547495973,0.939377727370764,0.060622272629236036
Registration→Examination,наивная MLE,0.04181466696639209,0.9404819762119101,0.05951802378808993
Registration→Examination,наивная MLE,0.04204826845782445,0.9415643773826787,0.058435622617321235
Registration→Examination,наивная MLE,0.042281869949256805,0.94262539118447,0.057374608815530054
Registration→Examination,наивная MLE,0.042515471440689165,0.9436654678850709,0.05633453211492917
Registration→Examination,наивная MLE,0.042749072932121525,0.9446850479332933,0.05531495206670671
Registration→Examination,наивная MLE,0.042982674423553885,0.9456845621696968,0.05431543783030322
Registration→Examination,наивная MLE,0.04321627591498624,0.9466644320334167,0.05333556796658332
Registration→Examination,наивная MLE,0.0434498774064186,0.9476250697651243,0.05237493023487574
Registration→Examination,наивная MLE,0.04368347889785096,0.9485668786061447,0.0514331213938552
Registration→Examination,наивная MLE,0.04391708038928331,0.9494902529937665,0.0505097470062334
Registration→Examination,наивная MLE,0.04415068188071567,0.9503955787527748,0.04960442124722515
Registration→Examination,наивная MLE,0.04438428337214803,0.951283233283247,0.04871676671675297
Registration→Examination,наивная MLE,0.04461788486358039,0.9521535857446497,0.047846414255350286
Registration→Examination,наивная MLE,0.044851486355012744,0.9530069972362781,0.04699300276372191
Registration→Examination,наивная MLE,0.045085087846445104,0.9538438209740813,0.046156179025918696
Registration→Examination,наивная MLE,0.045318689337877464,0.9546644024639188,0.04533559753608121
Registration→Examination,наивная MLE,0.04555229082930982,0.9554690796712945,0.04453092032870553
Registration→Examination,наивная MLE,0.04578589232074218,0.9562581831876158,0.043741816812384184
Registration→Examination,наивная MLE,0.04601949381217454,0.9570320363930273,0.04296796360697276
Registration→Examination,наивная MLE,0.0462530953036069,0.957790955615867,0.04220904438413297
Registration→Examination,наивная MLE,0.04648669679503925,0.9585352502887994,0.04146474971120067
Registration→Examination,наивная MLE,0.04672029828647161,0.9592652231016712,0.04073477689832885
Registration→Examination,наивная MLE,0.04695389977790397,0.959981170151147,0.04001882984885297
Registration→Examination,наивная MLE,0.047187501269336324,0.9606833810871735,0.0393166189128265
Registration→Examination,наивная MLE,0.047421102760768684,0.9613721392563253,0.03862786074367478
Registration→Examination,наивная MLE,0.047654704252201044,0.962047721842086,0.03795227815791401
Registration→Examination,наивная MLE,0.047888305743633404,0.9627104000021169,0.03728959999788302
Registration→Examination,наивная MLE,0.04812190723506576,0.9633604390025653,0.036639560997434685
Registration→Examination,наивная MLE,0.04835550872649812,0.9639980983494656,0.036001901650534435
Registration→Examination,наивная MLE,0.04858911021793048,0.9646236319172862,0.0353763680827138
Registration→Examination,наивная MLE,0.04882271170936283,0.9652372880746748,0.03476271192532525
Registration→Examination,наивная MLE,0.04905631320079519,0.965839309807452,0.03416069019254794
Registration→Examination,наивная MLE,0.04928991469222755,0.9664299348389088,0.0335700651610912
Registration→Examination,наивная MLE,0.04952351618365991,0.9670093957474548,0.0329906042525452
Registration→Examination,наивная MLE,0.04975711767509226,0.9675779200816732,0.032422079918326845
Registration→Examination,наивная MLE,0.04999071916652462,0.9681357304728285,0.03186426952717147
Registration→Examination,наивная MLE,0.05022432065795698,0.9686830447448808,0.031316955255119266
Registration→Examination,наивная MLE,0.050457922149389337,0.9692200760220527,0.03077992397794726
Registration→Examination,наивная MLE,0.0506915236408217,0.9697470328340023,0.03025296716599765
Registration→Examination,наивная MLE,0.05092512513225406,0.9702641192186455,0.02973588078135447
Registration→Examination,наивная MLE,0.05115872662368642,0.9707715348226799,0.029228465177320116
Registration→Examination,наивная MLE,0.05139232811511877,0.9712694749998553,0.0287305250001447
Registration→Examination,наивная MLE,0.05162592960655113,0.9717581309070381,0.02824186909296189
Registration→Examination,наивная MLE,0.05185953109798349,0.9722376895981149,0.02776231040188513
Registration→Examination,наивная MLE,0.05209313258941584,0.9727083341157815,0.027291665884218486
Registration→Examination,наивная MLE,0.0523267340808482,0.9731702435812616,0.026829756418738422
Registration→Examination,наивная MLE,0.05256033557228056,0.9736235932819982,0.02637640671800178
Registration→Examination,наивная MLE,0.05279393706371292,0.974068554757363,0.025931445242636998
Registration→Examination,наивная MLE,0.053027538555145276,0.9745052958824236,0.025494704117576334
Registration→Examination,наивная MLE,0.053261140046577636,0.9749339809498134,0.025066019050186617
Registration→Examination,наивная MLE,0.053494741538009996,0.9753547707497419,0.024645229250258163
Registration→Examination,наивная MLE,0.05372834302944235,0.9757678226481893,0.024232177351810692
Registration→Examination,наивная MLE,0.05396194452087471,0.9761732906633227,0.023826709336677323
Registration→Examination,наивная MLE,0.05419554601230707,0.976571325540173,0.023428674459826975
Registration→Examination,наивная MLE,0.05442914750373943,0.9769620748236127,0.023037925176387242
Registration→Examination,наивная MLE,0.05466274899517178,0.9773456829296698,0.02265431707033019
Registration→Examination,наивная MLE,0.05489635048660414,0.977722291215216,0.022277708784784
Registration→Examination,наивная MLE,0.0551299519780365,0.9780920380460655,0.021907961953934494
Registration→Examination,наивная MLE,0.055363553469468856,0.978455058863519,0.02154494113648103
Registration→Examination,наивная MLE,0.055597154960901216,0.9788114862493885,0.021188513750611527
Registration→Examination,наивная MLE,0.055830756452333576,0.9791614499895364,0.02083855001046361
Registration→Examination,наивная MLE,0.056064357943765936,0.9795050771359629,0.020494922864037136
Registration→Examination,наивная MLE,0.05629795943519829,0.979842492067474,0.020157507932526044
Registration→Examination,наивная MLE,0.05653156092663065,0.9801738165489623,0.0198261834510377
Registration→Examination,наивная MLE,0.05676516241806301,0.9804991697893326,0.019500830210667373
Registration→Examination,наивная MLE,0.05699876390949536,0.980818668498102,0.019181331501898078
Registration→Examination,наивная MLE,0.05723236540092772,0.9811324269407051,0.01886757305929482
Registration→Examination,наивная MLE,0.05746596689236008,0.9814405569925359,0.01855944300746417
Registration→Examination,наивная MLE,0.05769956838379244,0.9817431681917498,0.01825683180825019
Registration→Examination,наивная MLE,0.057933169875224795,0.982040367790862,0.017959632209138026
Registration→Examination,наивная MLE,0.058166771366657155,0.9823322608071617,0.01766773919283829
Registration→Examination,наивная MLE,0.058400372858089515,0.9826189500719759,0.017381049928024105
Registration→Examination,наивная MLE,0.05863397434952187,0.9829005362788048,0.017099463721195248
Registration→Examination,наивная MLE,0.05886757584095423,0.9831771180303572,0.01682288196964277
Registration→Examination,наивная MLE,0.05910117733238659,0.983448791884511,0.01655120811548903
Registration→Examination,наивная MLE,0.05933477882381895,0.9837156523992217,0.016284347600778376
Registration→Examination,наивная MLE,0.0595683803152513,0.9839777921764062,0.016022207823593804
Registration→Examination,наивная MLE,0.05980198180668366,0.9842353019048236,0.015764698095176485
Registration→Examination,наивная MLE,0.06003558329811602,0.9844882704019756,0.015511729598024356
Registration→Examination,наивная MLE,0.060269184789548375,0.9847367846550527,0.015263215344947373
Registration→Examination,наивная MLE,0.060502786280980735,0.9849809298609428,0.0150190701390572
Registration→Examination,наивная MLE,0.060736387772413095,0.9852207894653303,0.01477921053466965
Registration→Examination,наивная MLE,0.060969989263845455,0.9854564452009014,0.014543554799098675
Registration→Examination,наивная MLE,0.06120359075527781,0.9856879771246789,0.01431202287532102
Registration→Examination,наивная MLE,0.06143719224671017,0.9859154636545084,0.014084536345491573
Registration→Examination,наивная MLE,0.06167079373814253,0.9861389816047105,0.013861018395289505
Registration→Examination,наивная MLE,0.06190439522957488,0.9863586062209243,0.013641393779075674
Registration→Examination,наивная MLE,0.06213799672100724,0.9865744112141573,0.013425588785842695
Registration→Examination,наивная MLE,0.0623715982124396,0.986786468794061,0.013213531205939018
Registration→Examination,наивная MLE,0.06260519970387196,0.986994849701451,0.013005150298548946
Registration→Examination,наивная MLE,0.06283880119530431,0.9871996232400887,0.012800376759911272
Registration→Examination,наивная MLE,0.06307240268673668,0.9874008573077413,0.012599142692258689
Registration→Examination,наивная MLE,0.06330600417816903,0.987598618426538,0.01240138157346206
Registration→Examination,наивная MLE,0.06353960566960139,0.9877929717726379,0.012207028227362086
Registration→Examination,наивная MLE,0.06377320716103375,0.9879839812052267,0.012016018794773316
Registration→Examination,наивная MLE,0.06400680865246611,0.9881717092948561,0.011828290705143936
Registration→Examination,наивная MLE,0.06424041014389846,0.9883562173511432,0.011643782648856764
Registration→Examination,наивная MLE,0.06447401163533083,0.9885375654498441,0.011462434550155961
Registration→Examination,наивная MLE,0.06470761312676318,0.9887158124593148,0.011284187540685145
Registration→Examination,наивная MLE,0.06494121461819553,0.9888910160663774,0.011108983933622626
Registration→Examination,наивная MLE,0.0651748161096279,0.9890632328016005,0.010936767198399585
Registration→Examination,наивная MLE,0.06540841760106025,0.9892325180640119,0.010767481935988048
Registration→Examination,наивная MLE,0.0656420190924926,0.9893989261452552,0.010601073854744833
Registration→Examination,наивная MLE,0.06587562058392497,0.9895625102532011,0.010437489746798931
Registration→Examination,наивная MLE,0.06610922207535733,0.9897233225350305,0.01027667746496957
Registration→Examination,наивная MLE,0.0663428235667897,0.9898814140997977,0.010118585900202265
Registration→Examination,наивная MLE,0.06657642505822205,0.9900368350404887,0.009963164959511332
Registration→Examination,наивная MLE,0.0668100265496544,0.9901896344555834,0.009810365544416557
Registration→Examination,наивная MLE,0.06704362804108677,0.9903398604701371,0.009660139529862864
Registration→Examination,наивная MLE,0.06727722953251912,0.9904875602563884,0.009512439743611599
Registration→Examination,наивная MLE,0.06751083102395147,0.9906327800539076,0.009367219946092388
Registration→Examination,наивная MLE,0.06774443251538384,0.990775565189295,0.009224434810705052
Registration→Examination,наивная MLE,0.0679780340068162,0.990915960095439,0.00908403990456095
Registration→Examination,наивная MLE,0.06821163549824855,0.9910540083303464,0.008945991669653566
Registration→Examination,наивная MLE,0.06844523698968091,0.9911897525955515,0.008810247404448438
Registration→Examination,наивная MLE,0.06867883848111327,0.9913232347541173,0.008676765245882661
Registration→Examination,наивная MLE,0.06891243997254562,0.9914544958482356,0.008545504151764412
Registration→Examination,наивная MLE,0.06914604146397799,0.9915835761164367,0.008416423883563328
Registration→Examination,наивная MLE,0.06937964295541034,0.9917105150104175,0.008289484989582539
Registration→Examination,наивная MLE,0.0696132444468427,0.9918353512114964,0.008164648788503658
Registration→Examination,наивная MLE,0.06984684593827506,0.991958122646704,0.008041877353296001
Registration→Examination,с учётом цензуры,0.0,0.0,1.0
Registration→Examination,с учётом цензуры,0.00023360149143235805,1.1346882921881914e-12,0.9999999999988654
Registration→Examination,с учётом цензуры,0.0004672029828647161,2.1665646002754568e-09,0.9999999978334354
Registration→Examination,с учётом цензуры,0.0007008044742970741,9.930127917966748e-08,0.9999999006987208
Registration→Examination,с учётом цензуры,0.0009344059657294322,1.150287587979534e-06,0.999998849712412
Registration→Examination,с учётом цензуры,0.0011680074571617902,6.618352693613298e-06,0.9999933816473063
Registration→Examination,с учётом цензуры,0.0014016089485941483,2.5094514569421907e-05,0.9999749054854306
Registration→Examination,с учётом цензуры,0.0016352104400265063,7.23753707647917e-05,0.9999276246292352
Registration→Examination,с учётом цензуры,0.0018688119314588644,0.00017235334955526191,0.9998276466504448
Registration→Examination,с учётом цензуры,0.0021024134228912225,0.0003566195094743306,0.9996433804905257
Registration→Examination,с учётом цензуры,0.0023360149143235804,0.0006630767791850552,0.9993369232208149
Registration→Examination,с учётом цензуры,0.0025696164057559387,0.0011339837978189026,0.9988660162021811
Registration→Examination,с учётом цензуры,0.0028032178971882965,0.001813809531491152,0.9981861904685089
Registration→Examination,с учётом цензуры,0.003036819388620655,0.002747176917276095,0.9972528230827239
Registration→Examination,с учётом цензуры,0.0032704208800530127,0.003977067031348465,0.9960229329686515
Registration→Examination,с учётом цензуры,0.003504022371485371,0.005543367845727243,0.9944566321542727
Registration→Examination,с учётом цензуры,0.003737623862917729,0.007481789320025689,0.9925182106799744
Registration→Examination,с учётом цензуры,0.003971225354350087,0.009823126922945992,0.990176873077054
Registration→Examination,с учётом цензуры,0.004204826845782445,0.012592833563416617,0.9874071664365833
Registration→Examination,с учётом цензуры,0.004438428337214803,0.01581085011371487,0.9841891498862851
Registration→Examination,с учётом цензуры,0.004672029828647161,0.01949164289557114,0.9805083571044289
Registration→Examination,с учётом цензуры,0.004905631320079519,0.0236443994387027,0.9763556005612973
Registration→Examination,с учётом цензуры,0.005139232811511877,0.028273339255796878,0.9717266607442031
Registration→Examination,с учётом цензуры,0.005372834302944236,0.033378102829134726,0.9666218971708653
Registration→Examination,с учётом цензуры,0.005606435794376593,0.038954188557882845,0.9610458114421172
Registration→Examination,с учётом цензуры,0.005840037285808951,0.04499341354937903,0.955006586450621
Registration→Examination,с учётом цензуры,0.00607363877724131,0.05148437958972745,0.9485156204102726
Registration→Examination,с учётом цензуры,0.006307240268673667,0.05841293030015779,0.9415870696998422
Registration→Examination,с учётом цензуры,0.006540841760106025,0.06576258937589903,0.9342374106241009
Registration→Examination,с учётом цензуры,0.006774443251538384,0.07351497296852659,0.9264850270314734
Registration→Examination,с учётом цензуры,0.007008044742970742,0.08165017179220807,0.918349828207792
Registration→Examination,с учётом цензуры,0.007241646234403099,0.09014710049942237,0.9098528995005777
Registration→Examination,с учётом цензуры,0.007475247725835458,0.09898381337187484,0.9010161866281252
Registration→Examination,с учётом цензуры,0.007708849217267816,0.1081377864900141,0.8918622135099858
Registration→Examination,с учётом цензуры,0.007942450708700173,0.11758616735298322,0.8824138326470168
Registration→Examination,с учётом цензуры,0.008176052200132532,0.12730599348304406,0.872694006516956
Registration→Examination,с учётом цензуры,0.00840965369156489,0.1372743819175819,0.8627256180824181
Registration→Examination,с учётом цензуры,0.008643255182997248,0.147468691711724,0.852531308288276
Registration→Examination,с учётом цензуры,0.008876856674429607,0.15786666168123215,0.8421333383187679
Registration→Examination,с учётом цензуры,0.009110458165861965,0.16844652563760287,0.8315534743623971
Registration→Examination,с учётом цензуры,0.009344059657294321,0.17918710732823578,0.8208128926717642
Registration→Examination,с учётом цензуры,0.00957766114872668,0.19006789721226314,0.8099321027877369
Registration→Examination,с учётом цензуры,0.009811262640159038,0.20106911309128112,0.7989308869087188
Registration→Examination,с учётом цензуры,0.010044864131591396,0.21217174648467013,0.7878282535153298
Registration→Examination,с учётом цензуры,0.010278465623023755,0.22335759649965448,0.7766424035003455
Registration→Examination,с учётом цензуры,0.010512067114456113,0.23460929280290338,0.7653907071970967
Registration→Examination,с учётом цензуры,0.010745668605888471,0.24591030915780848,0.7540896908421915
Registration→Examination,с учётом цензуры,0.010979270097320828,0.25724496885279624,0.7427550311472038
Registration→Examination,с учётом цензуры,0.011212871588753186,0.2685984432133574,0.7314015567866425
Registration→Examination,с учётом цензуры,0.011446473080185544,0.279956744265327,0.720043255734673
Registration→Examination,с учётом цензуры,0.011680074571617903,0.29130671250018314,0.7086932874998169
Registration→Examination,с учётом цензуры,0.011913676063050261,0.30263600058515516,0.6973639994148448
Registration→Examination,с учётом цензуры,0.01214727755448262,0.3139330537618344,0.6860669462381657
Registration→Examination,с учётом цензуры,0.012380879045914978,0.3251870875866094,0.6748129124133906
Registration→Examination,с учётом цензуры,0.012614480537347334,0.3363880635843047,0.6636119364156954
Registration→Examination,с учётом цензуры,0.012848082028779692,0.3475266633124572,0.6524733366875428
Registration→Examination,с учётом цензуры,0.01308168352021205,0.358594261267242,0.6414057387327581
Registration→Examination,с учётом цензуры,0.013315285011644409,0.36958289700262803,0.630417102997372
Registration→Examination,с учётом цензуры,0.013548886503076767,0.38048524678137546,0.6195147532186245
Registration→Examination,с учётом цензуры,0.013782487994509126,0.3912945950294263,0.6087054049705737
Registration→Examination,с учётом цензуры,0.014016089485941484,0.4020048058235941,0.5979951941764059
Registration→Examination,с учётом цензуры,0.01424969097737384,0.41261029460569787,0.5873897053943021
Registration→Examination,с учётом цензуры,0.014483292468806199,0.42310600028395867,0.5768939997160414
Registration→Examination,с учётом цензуры,0.014716893960238557,0.43348735785412884,0.5665126421458712
Registration→Examination,с учётом цензуры,0.014950495451670915,0.4437502716480541,0.5562497283519459
Registration→Examination,с учётом цензуры,0.015184096943103274,0.4538910892957877,0.5461089107042123
Registration→Examination,с учётом цензуры,0.015417698434535632,0.4639065764686477,0.5360934235313524
Registration→Examination,с учётом цензуры,0.01565129992596799,0.47379389245441167,0.5262061075455883
Registration→Examination,с учётом цензуры,0.015884901417400347,0.4835505666018917,0.5164494333981083
Registration→Examination,с учётом цензуры,0.016118502908832707,0.49317447566016986,0.5068255243398301
Registration→Examination,с учётом цензуры,0.016352104400265063,0.5026638220275652,0.4973361779724348
Registration→Examination,с учётом цензуры,0.016585705891697423,0.5120171129167396,0.48798288708326043
Registration→Examination,с учётом цензуры,0.01681930738312978,0.5212331404350389,0.47876685956496107
Registration→Examination,с учётом цензуры,0.017052908874562137,0.5303109625730533,0.4696890374269466
Registration→Examination,с учётом цензуры,0.017286510365994497,0.5392498850892935,0.46075011491070644
Registration→Examination,с учётом цензуры,0.017520111857426853,0.5480494442747137,0.4519505557252863
Registration→Examination,с учётом цензуры,0.017753713348859213,0.5567093905774273,0.44329060942257276
Registration→Examination,с учётом цензуры,0.01798731484029157,0.5652296730652564,0.4347703269347436
Registration→Examination,с учётом цензуры,0.01822091633172393,0.5736104247016538,0.4263895752983462
Registration→Examination,с учётом цензуры,0.018454517823156286,0.5818519484089314,0.4181480515910686
Registration→Examination,с учётом цензуры,0.018688119314588643,0.5899547038915716,0.41004529610842844
Registration→Examination,с учётом цензуры,0.018921720806021003,0.5979192951916055,0.4020807048083946
Registration→Examination,с учётом цензуры,0.01915532229745336,0.6057464589475773,0.3942535410524227
Registration→Examination,с учётом цензуры,0.01938892378888572,0.6134370533284128,0.38656294667158714
Registration→Examination,с учётом цензуры,0.019622525280318076,0.6209920476135343,0.3790079523864657
Registration→Examination,с учётом цензуры,0.019856126771750436,0.6284125123907868,0.37158748760921323
Registration→Examination,с учётом цензуры,0.020089728263182793,0.6356996103441096,0.3643003896558904
Registration→Examination,с учётом цензуры,0.02032332975461515,0.6428545876033942,0.3571454123966058
Registration→Examination,с учётом цензуры,0.02055693124604751,0.6498787656295741,0.3501212343704259
Registration→Examination,с учётом цензуры,0.020790532737479866,0.656773533608684,0.34322646639131604
Registration→Examination,с учётом цензуры,0.021024134228912226,0.6635403413293836,0.33645965867061645
Registration→Examination,с учётом цензуры,0.021257735720344582,0.6701806925192418,0.32981930748075816
Registration→Examination,с учётом цензуры,0.021491337211776942,0.6766961386159229,0.3233038613840771
Registration→Examination,с учётом цензуры,0.0217249387032093,0.6830882729502744,0.3169117270497256
Registration→Examination,с учётом цензуры,0.021958540194641656,0.6893587253192051,0.31064127468079494
Registration→Examination,с учётом цензуры,0.022192141686074016,0.695509156927115,0.304490843072885
Registration→Examination,с учётом цензуры,0.022425743177506372,0.7015412556755347,0.29845874432446523
Registration→Examination,с учётом цензуры,0.022659344668938732,0.7074567317815024,0.2925432682184976
Registration→Examination,с учётом цензуры,0.02289294616037109,0.7132573137060728,0.2867426862939272
Registration→Examination,с учётом цензуры,0.02312654765180345,0.7189447443752105,0.2810552556247895
Registration→Examination,с учётом цензуры,0.023360149143235805,0.7245207776761416,0.27547922232385835
Registration→Examination,с учётом цензуры,0.023593750634668162,0.7299871752130584,0.2700128247869416
Registration→Examination,с учётом цензуры,0.023827352126100522,0.7353457033068517,0.2646542966931483
Registration→Examination,с учётом цензуры,0.02406095361753288,0.7405981302243165,0.2594018697756834
Registration→Examination,с учётом цензуры,0.02429455510896524,0.7457462236230067,0.2542537763769933
Registration→Examination,с учётом цензуры,0.024528156600397595,0.7507917481986301,0.2492082518013699
Registration→Examination,с учётом цензуры,0.024761758091829955,0.7557364635225596,0.2442635364774403
Registration→Examination,с учётом цензуры,0.02499535958326231,0.7605821220576892,0.2394178779423109
Registration→Examination,с учётом цензуры,0.025228961074694668,0.7653304673414972,0.23466953265850277
Registration→Examination,с учётом цензуры,0.02546256256612703,0.7699832323257834,0.23001676767421658
Registration→Examination,с учётом цензуры,0.025696164057559385,0.7745421378631163,0.22545786213688362
Registration→Examination,с учётом цензуры,0.025929765548991745,0.7790088913305873,0.2209911086694128
Registration→Examination,с учётом цензуры,0.0261633670404241,0.7833851853819833,0.21661481461801668
Registration→Examination,с учётом цензуры,0.02639696853185646,0.7876726968200013,0.2123273031799987
Registration→Examination,с учётом цензуры,0.026630570023288818,0.7918730855805898,0.20812691441941028
Registration→Examination,с учётом цензуры,0.026864171514721175,0.7959879938219704,0.20401200617802961
Registration→Examination,с учётом цензуры,0.027097773006153535,0.8000190451113111,0.19998095488868894
Registration→Examination,с учётом цензуры,0.02733137449758589,0.8039678437024368,0.1960321562975632
Registration→Examination,с учётом цензуры,0.02756497598901825,0.80783597389835,0.19216402610165
Registration→Examination,с учётом цензуры,0.027798577480450608,0.8116249994926988,0.18837500050730116
Registration→Examination,с учётом цензуры,0.028032178971882968,0.8153364632846816,0.18466353671531838
Registration→Examination,с учётом цензуры,0.028265780463315324,0.8189718866622024,0.1810281133377976
Registration→Examination,с учётом цензуры,0.02849938195474768,0.8225327692484077,0.17746723075159226
Registration→Examination,с учётом цензуры,0.02873298344618004,0.8260205886070271,0.17397941139297296
Registration→Examination,с учётом цензуры,0.028966584937612398,0.8294368000022181,0.17056319999778186
Registration→Examination,с учётом цензуры,0.029200186429044758,0.8327828362088852,0.1672171637911148
Registration→Examination,с учётом цензуры,0.029433787920477114,0.8360601073696798,0.16393989263032016
Registration→Examination,с учётом цензуры,0.029667389411909474,0.8392700008951396,0.1607299991048604
Registration→Examination,с учётом цензуры,0.02990099090334183,0.8424138814036295,0.15758611859637056
Registration→Examination,с учётом цензуры,0.030134592394774187,0.8454930906979685,0.15450690930203143
Registration→Examination,с учётом цензуры,0.030368193886206547,0.8485089477758206,0.15149105222417936
Registration→Examination,с учётом цензуры,0.030601795377638904,0.8514627488711063,0.1485372511288937
Registration→Examination,с учётом цензуры,0.030835396869071264,0.8543557675238802,0.14564423247611974
Registration→Examination,с учётом цензуры,0.03106899836050362,0.8571892546762723,0.14281074532372767
Registration→Examination,с учётом цензуры,0.03130259985193598,0.8599644387922526,0.1400355612077474
Registration→Examination,с учётом цензуры,0.03153620134336834,0.8626825259991241,0.1373174740008759
Registration→Examination,с учётом цензуры,0.031769802834800694,0.8653447002487851,0.13465529975121499
Registration→Examination,с учётом цензуры,0.032003404326233054,0.8679521234969321,0.13204787650306787
Registration→Examination,с учётом цензуры,0.032237005817665414,0.8705059358984982,0.12949406410150177
Registration→Examination,с учётом цензуры,0.03247060730909777,0.8730072560177318,0.12699274398226817
Registration→Examination,с учётом цензуры,0.03270420880053013,0.8754571810514329,0.12454281894856706
Registration→Examination,с учётом цензуры,0.03293781029196249,0.8778567870639638,0.12214321293603625
Registration→Examination,с учётом цензуры,0.03317141178339485,0.8802071292327425,0.11979287076725748
Registration→Examination,с учётом цензуры,0.0334050132748272,0.8825092421030241,0.11749075789697594
Registration→Examination,с учётом цензуры,0.03363861476625956,0.8847641398508497,0.11523586014915027
Registration→Examination,с учётом цензуры,0.03387221625769192,0.8869728165531297,0.1130271834468704
Registration→Examination,с учётом цензуры,0.03410581774912427,0.8891362464638954,0.11086375353610461
Registration→Examination,с учётом цензуры,0.03433941924055663,0.8912553842958294,0.1087446157041706
Registration→Examination,с учётом цензуры,0.03457302073198899,0.8933311655062379,0.10666883449376208
Registration→Examination,с учётом цензуры,0.03480662222342135,0.8953645065867071,0.10463549341329298
Registration→Examination,с учётом цензуры,0.035040223714853706,0.8973563053557226,0.10264369464427736
Registration→Examination,с учётом цензуры,0.035273825206286066,0.8993074412536043,0.10069255874639571
Registration→Examination,с учётом цензуры,0.035507426697718426,0.9012187756391383,0.09878122436086162
Registration→Examination,с учётом цензуры,0.03574102818915078,0.9030911520873562,0.09690884791264376
Registration→Examination,с учётом цензуры,0.03597462968058314,0.9049253966879369,0.09507460331206302
Registration→Examination,с учётом цензуры,0.0362082311720155,0.9067223183437613,0.09327768165623873
Registration→Examination,с учётом цензуры,0.03644183266344786,0.9084827090691778,0.09151729093082211
Registration→Examination,с учётом цензуры,0.03667543415488021,0.9102073442875833,0.08979265571241674
Registration→Examination,с учётом цензуры,0.03690903564631257,0.911896983127946,0.08810301687205407
Registration→Examination,с учётом цензуры,0.03714263713774493,0.9135523687199396,0.08644763128006044
Registration→Examination,с учётом цензуры,0.037376238629177286,0.9151742284873796,0.08482577151262033
Registration→Examination,с учётом цензуры,0.037609840120609646,0.9167632744396823,0.08323672556031769
Registration→Examination,с учётом цензуры,0.037843441612042006,0.9183202034610932,0.08167979653890678
Registration→Examination,с учётом цензуры,0.038077043103474366,0.9198456975974572,0.08015430240254284
Registration→Examination,с учётом цензуры,0.03831064459490672,0.9213404243403198,0.07865957565968024
Registration→Examination,с учётом цензуры,0.03854424608633908,0.9228050369081746,0.07719496309182533
Registration→Examination,с учётом цензуры,0.03877784757777144,0.9242401745246901,0.07575982547530989
Registration→Examination,с учётом цензуры,0.03901144906920379,0.925646462693764,0.07435353730623594
Registration→Examination,с учётом цензуры,0.03924505056063615,0.9270245134712762,0.07297548652872377
Registration→Examination,с учётом цензуры,0.03947865205206851,0.9283749257334196,0.07162507426658042
Registration→Examination,с учётом цензуры,0.03971225354350087,0.9296982854415083,0.07030171455849168
Registration→Examination,с учётом цензуры,0.039945855034933225,0.9309951659031745,0.06900483409682544
Registration→Examination,с учётом цензуры,0.040179456526365585,0.9322661280298755,0.06773387197012448
Registration→Examination,с учётом цензуры,0.040413058017797945,0.9335117205906468,0.0664882794093532
Registration→Examination,с учётом цензуры,0.0406466595092303,0.9347324804620477,0.06526751953795226
Registration→Examination,с учётом цензуры,0.04088026100066266,0.9359289328742538,0.06407106712574613
Registration→Examination,с учётом цензуры,0.04111386249209502,0.9371015916532616,0.06289840834673846
Registration→Examination,с учётом цензуры,0.04134746398352738,0.9382509594591772,0.06174904054082274
Registration→Examination,с учётом цензуры,0.04158106547495973,0.9393775280205743,0.06062247197942571
Registration→Examination,с учётом цензуры,0.04181466696639209,0.940481778364903,0.059518221635096985
Registration→Examination,с учётом цензуры,0.04204826845782445,0.9415641810449509,0.05843581895504914
Registration→Examination,с учётом цензуры,0.042281869949256805,0.9426251963613532,0.05737480363864672
Registration→Examination,с учётом цензуры,0.042515471440689165,0.9436652745811611,0.056334725418838855
Registration→Examination,с учётом цензуры,0.042749072932121525,0.9446848561524774,0.05531514384752262
Registration→Examination,с учётом цензуры,0.042982674423553885,0.9456843719151788,0.05431562808482117
Registration→Examination,с учётом цензуры,0.04321627591498624,0.9466642433077443,0.05333575669225565
Registration→Examination,с учётом цензуры,0.0434498774064186,0.9476248825702134,0.05237511742978664
Registration→Examination,с учётом цензуры,0.04368347889785096,0.948566692943304,0.05143330705669603
Registration→Examination,с учётом цензуры,0.04391708038928331,0.9494900688637206,0.05050993113627944
Registration→Examination,с учётом цензуры,0.04415068188071567,0.9503953961556876,0.04960460384431244
Registration→Examination,с учётом цензуры,0.04438428337214803,0.9512830522187439,0.04871694778125615
Registration→Examination,с учётом цензуры,0.04461788486358039,0.952153406211839,0.047846593788161064
Registration→Examination,с учётом цензуры,0.044851486355012744,0.9530068192337717,0.04699318076622827
Registration→Examination,с учётом цензуры,0.045085087846445104,0.9538436445000156,0.04615635549998443
Registration→Examination,с учётом цензуры,0.045318689337877464,0.9546642275159738,0.04533577248402622
Registration→Examination,с учётом цензуры,0.04555229082930982,0.955468906246713,0.044531093753287
Registration→Examination,с учётом цензуры,0.04578589232074218,0.9562580112832222,0.04374198871677776
Registration→Examination,с учётом цензуры,0.04601949381217454,0.9570318660052449,0.04296813399475508
Registration→Examination,с учётом цензуры,0.0462530953036069,0.9577907867407361,0.04220921325926388
Registration→Examination,с учётом цензуры,0.04648669679503925,0.9585350829219933,0.041464917078006744
Registration→Examination,с учётом цензуры,0.04672029828647161,0.9592650572385131,0.040734942761486946
Registration→Examination,с учётом цензуры,0.04695389977790397,0.9599810057866256,0.0400189942133744
Registration→Examination,с учётом цензуры,0.047187501269336324,0.960683218215958,0.03931678178404195
Registration→Examination,с учётом цензуры,0.047421102760768684,0.9613719778727806,0.03862802212721938
Registration→Examination,с учётом цензуры,0.047654704252201044,0.9620475619402868,0.0379524380597132
Registration→Examination,с учётом цензуры,0.047888305743633404,0.9627102415758615,0.03728975842413849
Registration→Examination,с учётом цензуры,0.04812190723506576,0.9633602820453888,0.036639717954611156
Registration→Examination,с учётом цензуры,0.04835550872649812,0.9639979428546533,0.036002057145346704
Registration→Examination,с учётом цензуры,0.04858911021793048,0.9646234778778859,0.035376522122114056
Registration→Examination,с учётом цензуры,0.04882271170936283,0.9652371354835088,0.034762864516491195
Registration→Examination,с учётом цензуры,0.04905631320079519,0.9658391586571291,0.034160841342870854
Registration→Examination,с учётом цензуры,0.04928991469222755,0.9664297851218352,0.03357021487816482
Registration→Examination,с учётом цензуры,0.04952351618365991,0.9670092474558454,0.03299075254415457
Registration→Examination,с учётом цензуры,0.04975711767509226,0.967577773207562,0.03242222679243799
Registration→Examination,с учётом цензуры,0.04999071916652462,0.9681355850080791,0.031864414991921
Registration→Examination,с учётом цензуры,0.05022432065795698,0.9686829006811954,0.03131709931880455
Registration→Examination,с учётом цензуры,0.050457922149389337,0.969219933350983,0.030780066649016988
Registration→Examination,с учётом цензуры,0.0506915236408217,0.9697468915469575,0.03025310845304254
Registration→Examination,с учётом цензуры,0.05092512513225406,0.9702639793069016,0.029736020693098476
Registration→Examination,с учётом цензуры,0.05115872662368642,0.9707713962773883,0.029228603722611737
Registration→Examination,с учётом цензуры,0.05139232811511877,0.971269337812051,0.02873066218794894
Registration→Examination,с учётом цензуры,0.05162592960655113,0.9717579950676479,0.028242004932352033
Registration→Examination,с учётом цензуры,0.05185953109798349,0.9722375550979648,0.02776244490203516
Registration→Examination,с учётом цензуры,0.05209313258941584,0.9727082009456043,0.02729179905439572
Registration→Examination,с учётом цензуры,0.0523267340808482,0.9731701117317036,0.02682988826829635
Registration→Examination,с учётом цензуры,0.05256033557228056,0.9736234627436269,0.026376537256373116
Registration→Examination,с учётом цензуры,0.05279393706371292,0.9740684255206729,0.025931574479327098
Registration→Examination,с учётом цензуры,0.053027538555145276,0.9745051679378431,0.025494832062156813
Registration→Examination,с учётом цензуры,0.053261140046577636,0.974933854287711,0.025066145712289097
Registration→Examination,с учётом цензуры,0.053494741538009996,0.9753546453604315,0.024645354639568465
Registration→Examination,с учётом цензуры,0.05372834302944235,0.9757676985219369,0.024232301478063087
Registration→Examination,с учётом цензуры,0.05396194452087471,0.976173167790351,0.023826832209649026
Registration→Examination,с учётом цензуры,0.05419554601230707,0.9765712039106671,0.02342879608933287
Registration→Examination,с учётом цензуры,0.05442914750373943,0.9769619544277252,0.023038045572274818
Registration→Examination,с учётом цензуры,0.05466274899517178,0.9773455637575253,0.022654436242474655
Registration→Examination,с учётом цензуры,0.05489635048660414,0.9777221732569165,0.022277826743083574
Registration→Examination,с учётом цензуры,0.0551299519780365,0.9780919212916941,0.021908078708305943
Registration→Examination,с учётом цензуры,0.055363553469468856,0.9784549433031449,0.02154505669685517
Registration→Examination,с учётом цензуры,0.055597154960901216,0.9788113718730707,0.021188628126929388
Registration→Examination,с учётом цензуры,0.055830756452333576,0.9791613367873279,0.020838663212672134
Registration→Examination,с учётом цензуры,0.056064357943765936,0.9795049650979145,0.020495034902085433
Registration→Examination,с учётом цензуры,0.05629795943519829,0.9798423811836382,0.020157618816361838
Registration→Examination,с учётом цензуры,0.05653156092663065,0.9801737068093963,0.019826293190603642
Registration→Examination,с учётом цензуры,0.05676516241806301,0.9804990611841022,0.019500938815897782
Registration→Examination,с учётом цензуры,0.05699876390949536,0.9808185610172844,0.01918143898271567
Registration→Examination,с учётом цензуры,0.05723236540092772,0.9811323205743925,0.018867679425607565
Registration→Examination,с учётом цензуры,0.05746596689236008,0.9814404517308376,0.018559548269162448
Registration→Examination,с учётом цензуры,0.05769956838379244,0.9817430640247963,0.018256935975203763
Registration→Examination,с учётом цензуры,0.057933169875224795,0.9820402647088063,0.017959735291193622
Registration→Examination,с учётом цензуры,0.058166771366657155,0.9823321588001833,0.017667841199816636
Registration→Examination,с учётом цензуры,0.058400372858089515,0.9826188491302822,0.0173811508697178
Registration→Examination,с учётом цензуры,0.05863397434952187,0.9829004363926338,0.0170995636073662
Registration→Examination,с учётом цензуры,0.05886757584095423,0.98317701918998,0.016822980810020004
Registration→Examination,с учётом цензуры,0.05910117733238659,0.9834486940802335,0.016551305919766546
Registration→Examination,с учётом цензуры,0.05933477882381895,0.9837155556213869,0.016284444378613042
Registration→Examination,с учётом цензуры,0.0595683803152513,0.9839776964153965,0.016022303584603534
Registration→Examination,с учётом цензуры,0.05980198180668366,0.9842352071510617,0.015764792848938294
Registration→Examination,с учётом цензуры,0.06003558329811602,0.9844881766459275,0.01551182335407257
Registration→Examination,с учётом цензуры,0.060269184789548375,0.9847366918872279,0.015263308112772057
Registration→Examination,с учётом цензуры,0.060502786280980735,0.9849808380718975,0.015019161928102528
Registration→Examination,с учётом цензуры,0.060736387772413095,0.9852206986456676,0.014779301354332353
Registration→Examination,с учётом цензуры,0.060969989263845455,0.9854563553412733,0.014543644658726658
Registration→Examination,с учётом цензуры,0.06120359075527781,0.985687888215788,0.014312111784212022
Registration→Examination,с учётом цензуры,0.06143719224671017,0.9859153756871081,0.014084624312891902
Registration→Examination,с учётом цензуры,0.06167079373814253,0.9861388945696072,0.013861105430392791
Registration→Examination,с учётом цензуры,0.06190439522957488,0.9863585201089782,0.013641479891021794
Registration→Examination,с учётом цензуры,0.06213799672100724,0.9865743260162834,0.013425673983716621
Registration→Examination,с учётом цензуры,0.0623715982124396,0.98678638450123,0.013213615498769947
Registration→Examination,с учётом цензуры,0.06260519970387196,0.9869947663046907,0.013005233695309247
Registration→Examination,с учётом цензуры,0.06283880119530431,0.9871995407304844,0.012800459269515606
Registration→Examination,с учётом цензуры,0.06307240268673668,0.9874007756764367,0.01259922432356332
Registration→Examination,с учётом цензуры,0.06330600417816903,0.987598537664736,0.012401462335263912
Registration→Examination,с учётом цензуры,0.06353960566960139,0.9877928918716018,0.012207108128398203
Registration→Examination,с учётом цензуры,0.06377320716103375,0.98798390215628,0.012016097843720009
Registration→Examination,с учётом цензуры,0.06400680865246611,0.9881716310893837,0.011828368910616364
Registration→Examination,с учётом цензуры,0.06424041014389846,0.9883561399805918,0.011643860019408255
Registration→Examination,с учётом цензуры,0.06447401163533083,0.9885374889057225,0.011462511094277523
Registration→Examination,с учётом цензуры,0.06470761312676318,0.988715736733195,0.011284263266805001
Registration→Examination,с учётом цензуры,0.06494121461819553,0.9888909411498943,0.011109058850105765
Registration→Examination,с учётом цензуры,0.0651748161096279,0.9890631586864526,0.01093684131354741
Registration→Examination,с учётом цензуры,0.06540841760106025,0.9892324447419619,0.010767555258038025
Registration→Examination,с учётом цензуры,0.0656420190924926,0.98939885360813,0.010601146391870094
Registration→Examination,с учётом цензуры,0.06587562058392497,0.9895624384928918,0.010437561507108142
Registration→Examination,с учётом цензуры,0.06610922207535733,0.9897232515434935,0.010276748456506552
Registration→Examination,с учётом цензуры,0.0663428235667897,0.9898813438690541,0.010118656130945923
Registration→Examination,с учётом цензуры,0.06657642505822205,0.9900367655626247,0.00996323443737536
Registration→Examination,с учётом цензуры,0.0668100265496544,0.9901895657227506,0.009810434277249373
Registration→Examination,с учётом цензуры,0.06704362804108677,0.9903397924745525,0.009660207525447469
Registration→Examination,с учётом цензуры,0.06727722953251912,0.9904874929903345,0.0095125070096655
Registration→Examination,с учётом цензуры,0.06751083102395147,0.9906327135097325,0.009367286490267572
Registration→Examination,с учётом цензуры,0.06774443251538384,0.9907754993594121,0.009224500640587887
Registration→Examination,с учётом цензуры,0.0679780340068162,0.9909158949723278,0.00908410502767226
Registration→Examination,с учётом цензуры,0.06821163549824855,0.9910539439065514,0.008946056093448595
Registration→Examination,с учётом цензуры,0.06844523698968091,0.9911896888636831,0.008810311136316903
Registration→Examination,с учётом цензуры,0.06867883848111327,0.9913231717068511,0.008676828293148846
Registration→Examination,с учётом цензуры,0.06891243997254562,0.9914544334783127,0.008545566521687264
Registration→Examination,с учётом цензуры,0.06914604146397799,0.9915835144166635,0.008416485583336498
Registration→Examination,с учётом цензуры,0.06937964295541034,0.9917104539736654,0.008289546026334594
Registration→Examination,с учётом цензуры,0.0696132444468427,0.9918352908307019,0.008164709169298168
Registration→Examination,с учётом цензуры,0.06984684593827506,0.9919580629148683,0.008041937085131713
Registration→Treatment,наивная MLE,0.0,0.0,1.0
Registration→Treatment,наивная MLE,0.00027602570369978085,0.00010714292014394486,0.9998928570798561
Registration→Treatment,наивная MLE,0.0005520514073995617,0.0015269543503446251,0.9984730456496553
Registration→Treatment,наивная MLE,0.0008280771110993426,0.005706362755254801,0.9942936372447452
Registration→Treatment,наивная MLE,0.0011041028147991234,0.013109008248929287,0.9868909917510708
Registration→Treatment,наивная MLE,0.0013801285184989042,0.023573997195700143,0.9764260028042998
Registration→Treatment,наивная MLE,0.0016561542221986852,0.0366860477189166,0.9633139522810834
Registration→Treatment,наивная MLE,0.001932179925898466,0.05196458813379829,0.9480354118662017
Registration→Treatment,наивная MLE,0.0022082056295982468,0.06894753394950677,0.9310524660504932
Registration→Treatment,наивная MLE,0.0024842313332980276,0.08722371964692094,0.912776280353079
Registration→Treatment,наивная MLE,0.0027602570369978084,0.1064415811846049,0.8935584188153951
Registration→Treatment,наивная MLE,0.003036282740697589,0.12630739438900057,0.8736926056109995
Registration→Treatment,наивная MLE,0.0033123084443973704,0.14657937970288476,0.8534206202971153
Registration→Treatment,наивная MLE,0.003588334148097151,0.16706061589086185,0.8329393841091381
Registration→Treatment,наивная MLE,0.003864359851796932,0.1875920825713745,0.8124079174286255
Registration→Treatment,наивная MLE,0.004140385555496713,0.20804637033729612,0.7919536296627039
Registration→Treatment,наивная MLE,0.0044164112591964936,0.22832222590292683,0.7716777740970732
Registration→Treatment,наивная MLE,0.004692436962896274,0.24833992940506355,0.7516600705949364
Registration→Treatment,наивная MLE,0.004968462666596055,0.2680374293016588,0.7319625706983413
Registration→Treatment,наивная MLE,0.005244488370295836,0.28736713642548484,0.7126328635745152
Registration→Treatment,наивная MLE,0.005520514073995617,0.3062932772523872,0.6937067227476128
Registration→Treatment,наивная MLE,0.0057965397776953975,0.32478971464191186,0.6752102853580881
Registration→Treatment,наивная MLE,0.006072565481395178,0.3428381559425546,0.6571618440574454
Registration→Treatment,наивная MLE,0.006348591185094959,0.36042668043605536,0.6395733195639446
Registration→Treatment,наивная MLE,0.006624616888794741,0.37754852929664867,0.6224514707033513
Registration→Treatment,наивная MLE,0.0069006425924945216,0.39420111106521627,0.6057988889347837
Registration→Treatment,наивная MLE,0.007176668296194302,0.41038518399205925,0.5896148160079407
Registration→Treatment,наивная MLE,0.007452693999894083,0.4261041835765432,0.5738958164234568
Registration→Treatment,наивная MLE,0.007728719703593864,0.4413636693902117,0.5586363306097883
Registration→Treatment,наивная MLE,0.008004745407293644,0.4561708699920328,0.5438291300079672
Registration→Treatment,наивная MLE,0.008280771110993426,0.47053430860136136,0.5294656913986386
Registration→Treatment,наивная MLE,0.008556796814693205,0.4844634953378623,0.5155365046621377
Registration→Treatment,наивная MLE,0.008832822518392987,0.49796867439783343,0.5020313256021666
Registration→Treatment,наивная MLE,0.009108848222092769,0.5110606166214774,0.4889393833785226
Registration→Treatment,наивная MLE,0.009384873925792549,0.5237504496050175,0.47624955039498246
Registration→Treatment,наивная MLE,0.00966089962949233,0.5360495188980046,0.46395048110199544
Registration→Treatment,наивная MLE,0.00993692533319211,0.5479692749589156,0.4520307250410845
Registration→Treatment,наивная MLE,0.010212951036891892,0.5595211814691055,0.4404788185308945
Registration→Treatment,наивная MLE,0.010488976740591672,0.5707166413650219,0.42928335863497813
Registration→Treatment,наивная MLE,0.010765002444291454,0.5815669375725931,0.4184330624274068
Registration→Treatment,наивная MLE,0.011041028147991233,0.5920831859410773,0.4079168140589227
Registration→Treatment,наивная MLE,0.011317053851691015,0.6022762982967986,0.39772370170320137
Registration→Treatment,наивная MLE,0.011593079555390795,0.6121569538866151,0.387843046113385
Registration→Treatment,наивная MLE,0.011869105259090577,0.6217355777700022,0.3782644222299978
Registration→Treatment,наивная MLE,0.012145130962790357,0.6310223249581677,0.3689776750418323
Registration→Treatment,наивная MLE,0.012421156666490138,0.64002706929744,0.35997293070256
Registration→Treatment,наивная MLE,0.012697182370189918,0.6487593962594865,0.35124060374051347
Registration→Treatment,наивная MLE,0.0129732080738897,0.6572285989385792,0.3427714010614208
Registration→Treatment,наивная MLE,0.013249233777589482,0.6654436766709219,0.33455632332907814
Registration→Treatment,наивная MLE,0.013525259481289261,0.673413335786928,0.32658666421307203
Registration→Treatment,наивная MLE,0.013801285184989043,0.6811459920874944,0.3188540079125056
Registration→Treatment,наивная MLE,0.014077310888688823,0.6886497747024283,0.3113502252975718
Registration→Treatment,наивная MLE,0.014353336592388605,0.6959325310454219,0.3040674689545782
Registration→Treatment,наивная MLE,0.014629362296088385,0.7030018326271498,0.29699816737285023
Registration→Treatment,наивная MLE,0.014905387999788166,0.7098649815276713,0.2901350184723287
Registration→Treatment,наивная MLE,0.015181413703487946,0.7165290173626013,0.28347098263739867
Registration→Treatment,наивная MLE,0.015457439407187728,0.7230007246054926,0.2769992753945074
Registration→Treatment,наивная MLE,0.01573346511088751,0.7292866401524005,0.2707133598475994
Registration→Treatment,наивная MLE,0.016009490814587288,0.7353930610344064,0.2646069389655937
Registration→Treatment,наивная MLE,0.01628551651828707,0.7413260522005278,0.25867394779947217
Registration→Treatment,наивная MLE,0.01656154222198685,0.7470914543074703,0.2529085456925297
Registration→Treatment,наивная MLE,0.016837567925686633,0.7526948914644616,0.2473051085355385
Registration→Treatment,наивная MLE,0.01711359362938641,0.7581417788913312,0.24185822110866884
Registration→Treatment,наивная MLE,0.017389619333086193,0.7634373304563303,0.23656266954366967
Registration→Treatment,наивная MLE,0.017665645036785974,0.768586566067182,0.23141343393281794
Registration→Treatment,наивная MLE,0.017941670740485756,0.7735943188947214,0.22640568110527853
Registration→Treatment,наивная MLE,0.018217696444185538,0.7784652424133967,0.22153475758660335
Registration→Treatment,наивная MLE,0.018493722147885316,0.7832038172470048,0.21679618275299517
Registration→Treatment,наивная MLE,0.018769747851585097,0.7878143578114594,0.21218564218854064
Registration→Treatment,наивная MLE,0.01904577355528488,0.7923010187492284,0.20769898125077157
Registration→Treatment,наивная MLE,0.01932179925898466,0.7966678011524373,0.20333219884756276
Registration→Treatment,наивная MLE,0.01959782496268444,0.8009185585735699,0.1990814414264302
Registration→Treatment,наивная MLE,0.01987385066638422,0.8050570028242945,0.1949429971757055
Registration→Treatment,наивная MLE,0.020149876370084002,0.8090867095642358,0.19091329043576427
Registration→Treatment,наивная MLE,0.020425902073783784,0.8130111236825579,0.18698887631744204
Registration→Treatment,наивная MLE,0.020701927777483562,0.8168335644760667,0.18316643552393336
Registration→Treatment,наивная MLE,0.020977953481183344,0.8205572306281854,0.17944276937181458
Registration→Treatment,наивная MLE,0.021253979184883125,0.8241852049936829,0.17581479500631708
Registration→Treatment,наивная MLE,0.021530004888582907,0.8277204591944015,0.17227954080559849
Registration→Treatment,наивная MLE,0.021806030592282685,0.8311658580315242,0.1688341419684758
Registration→Treatment,наивная MLE,0.022082056295982467,0.8345241637201045,0.16547583627989548
Registration→Treatment,наивная MLE,0.02235808199968225,0.8377980399517031,0.1622019600482969
Registration→Treatment,наивная MLE,0.02263410770338203,0.8409900557910364,0.1590099442089637
Registration→Treatment,наивная MLE,0.022910133407081812,0.844102689412545,0.15589731058745498
Registration→Treatment,наивная MLE,0.02318615911078159,0.8471383316827663,0.1528616683172337
Registration→Treatment,наивная MLE,0.023462184814481372,0.8500992895943191,0.14990071040568087
Registration→Treatment,наивная MLE,0.023738210518181153,0.852987789557226,0.14701221044277396
Registration→Treatment,наивная MLE,0.024014236221880935,0.8558059805531804,0.1441940194468196
Registration→Treatment,наивная MLE,0.024290261925580713,0.8585559371582343,0.1414440628417657
Registration→Treatment,наивная MLE,0.024566287629280495,0.8612396624392444,0.13876033756075556
Registration→Treatment,наивная MLE,0.024842313332980277,0.8638590907292556,0.1361409092707444
Registration→Treatment,наивная MLE,0.025118339036680058,0.8664160902868471,0.13358390971315293
Registration→Treatment,наивная MLE,0.025394364740379836,0.8689124658442993,0.13108753415570074
Registration→Treatment,наивная MLE,0.025670390444079618,0.871349961049273,0.12865003895072696
Registration→Treatment,наивная MLE,0.0259464161477794,0.873730260804528,0.12626973919547202
Registration→Treatment,наивная MLE,0.02622244185147918,0.8760549935100369,0.1239450064899631
Registration→Treatment,наивная MLE,0.026498467555178963,0.8783257332116879,0.12167426678831206
Registration→Treatment,наивная MLE,0.02677449325887874,0.880544001660605,0.11945599833939496
Registration→Treatment,наивная MLE,0.027050518962578523,0.8827112702869522,0.11728872971304777
Registration→Treatment,наивная MLE,0.027326544666278305,0.8848289620919342,0.11517103790806582
Registration→Treatment,наивная MLE,0.027602570369978086,0.8868984534615503,0.11310154653844973
Registration→Treatment,наивная MLE,0.027878596073677864,0.8889210759055112,0.11107892409448883
Registration→Treatment,наивная MLE,0.028154621777377646,0.8908981177245805,0.10910188227541945
Registration→Treatment,наивная MLE,0.028430647481077428,0.8928308256094672,0.10716917439053275
Registration→Treatment,наивная MLE,0.02870667318477721,0.894720406174258,0.10527959382574203
Registration→Treatment,наивная MLE,0.028982698888476988,0.8965680274272465,0.10343197257275355
Registration→Treatment,наивная MLE,0.02925872459217677,0.898374820181894,0.10162517981810598
Registration→Treatment,наивная MLE,0.02953475029587655,0.9001418794105341,0.09985812058946586
Registration→Treatment,наивная MLE,0.029810775999576333,0.9018702655433166,0.09812973445668344
Registration→Treatment,наивная MLE,0.03008680170327611,0.9035610057147752,0.09643899428522479
Registration→Treatment,наивная MLE,0.030362827406975892,0.9052150949603008,0.09478490503969916
Registration→Treatment,наивная MLE,0.030638853110675674,0.9068334973646903,0.09316650263530973
Registration→Treatment,наивная MLE,0.030914878814375456,0.9084171471648547,0.09158285283514533
Registration→Treatment,наивная MLE,0.031190904518075237,0.9099669498086664,0.09003305019133362
Registration→Treatment,наивная MLE,0.03146693022177502,0.911483782971843,0.0885162170281571
Registration→Treatment,наивная MLE,0.0317429559254748,0.9129684975346735,0.08703150246532654
Registration→Treatment,наивная MLE,0.032018981629174575,0.9144219185203182,0.08557808147968188
Registration→Treatment,наивная MLE,0.03229500733287436,0.9158448459963242,0.08415515400367585
Registration→Treatment,наивная MLE,0.03257103303657414,0.9172380559409382,0.08276194405906179
Registration→Treatment,наивная MLE,0.032847058740273924,0.9186023010757131,0.08139769892428694
Registration→Treatment,наивная MLE,0.0331230844439737,0.9199383116658455,0.08006168833415456
Registration→Treatment,наивная MLE,0.03339911014767348,0.9212467962896139,0.07875320371038608
Registration→Treatment,наивная MLE,0.033675135851373265,0.9225284425782254,0.0774715574217746
Registration→Treatment,наивная MLE,0.033951161555073044,0.9237839179273175,0.07621608207268245
Registration→Treatment,наивная MLE,0.03422718725877282,0.9250138701813109,0.07498612981868917
Registration→Treatment,наивная MLE,0.03450321296247261,0.926218928291748,0.07378107170825203
Registration→Treatment,наивная MLE,0.034779238666172385,0.9273997029507085,0.07260029704929148
Registration→Treatment,наивная MLE,0.03505526436987217,0.9285567872003371,0.07144321279966294
Registration→Treatment,наивная MLE,0.03533129007357195,0.9296907570194773,0.07030924298052263
Registration→Treatment,наивная MLE,0.03560731577727173,0.9308021718883601,0.06919782811163994
Registration→Treatment,наивная MLE,0.03588334148097151,0.931891575332249,0.068108424667751
Registration→Treatment,наивная MLE,0.03615936718467129,0.9329594954449119,0.06704050455508817
Registration→Treatment,наивная MLE,0.036435392888371075,0.9340064453927414,0.06599355460725866
Registration→Treatment,наивная MLE,0.03671141859207085,0.9350329239003176,0.06496707609968247
Registration→Treatment,наивная MLE,0.03698744429577063,0.9360394157181656,0.06396058428183435
Registration→Treatment,наивная MLE,0.03726346999947042,0.9370263920734321,0.06297360792656792
Registration→Treatment,наивная MLE,0.037539495703170195,0.937994311104168,0.062005688895831974
Registration→Treatment,наивная MLE,0.03781552140686997,0.9389436182778811,0.06105638172211889
Registration→Treatment,наивная MLE,0.03809154711056976,0.939874746794986,0.06012525320501404
Registration→Treatment,наивная MLE,0.038367572814269536,0.9407881179777563,0.05921188202224372
Registration→Treatment,наивная MLE,0.03864359851796932,0.9416841416453581,0.05831585835464197
Registration→Treatment,наивная MLE,0.0389196242216691,0.9425632164755129,0.05743678352448712
Registration→Treatment,наивная MLE,0.03919564992536888,0.943425730353323,0.05657426964667705
Registration→Treatment,наивная MLE,0.03947167562906866,0.9442720607077612,0.0557279392922389
Registration→Treatment,наивная MLE,0.03974770133276844,0.945102574836311,0.054897425163688965
Registration→Treatment,наивная MLE,0.040023727036468226,0.9459176302182206,0.05408236978177941
Registration→Treatment,наивная MLE,0.040299752740168004,0.9467175748168115,0.053282425183188466
Registration→Treatment,наивная MLE,0.04057577844386778,0.9475027473712702,0.05249725262872981
Registration→Treatment,наивная MLE,0.04085180414756757,0.9482734776783263,0.05172652232167378
Registration→Treatment,наивная MLE,0.041127829851267346,0.9490300868642084,0.05096991313579163
Registration→Treatment,наивная MLE,0.041403855554967124,0.94977288764725,0.050227112352750014
Registration→Treatment,наивная MLE,0.04167988125866691,0.9505021845915026,0.04949781540849741
Registration→Treatment,наивная MLE,0.04195590696236669,0.951218274351699,0.04878172564830102
Registration→Treatment,наивная MLE,0.04223193266606647,0.9519214459098948,0.04807855409010524
Registration→Treatment,наивная MLE,0.04250795836976625,0.9526119808041019,0.04738801919589805
Registration→Treatment,наивная MLE,0.04278398407346603,0.9532901533492171,0.0467098466507829
Registration→Treatment,наивная MLE,0.043060009777165814,0.9539562308505324,0.046043769149467666
Registration→Treatment,наивная MLE,0.04333603548086559,0.9546104738101063,0.04538952618989363
Registration→Treatment,наивная MLE,0.04361206118456537,0.9552531361262622,0.04474686387373787
Registration→Treatment,наивная MLE,0.043888086888265156,0.9558844652864649,0.04411553471353513
Registration→Treatment,наивная MLE,0.044164112591964934,0.956504702553826,0.043495297446173926
Registration→Treatment,наивная MLE,0.04444013829566472,0.9571140831474674,0.04288591685253264
Registration→Treatment,наивная MLE,0.0447161639993645,0.9577128364169701,0.04228716358302985
Registration→Treatment,наивная MLE,0.044992189703064275,0.9583011860111263,0.04169881398887364
Registration→Treatment,наивная MLE,0.04526821540676406,0.9588793500411982,0.04112064995880187
Registration→Treatment,наивная MLE,0.04554424111046384,0.9594475412388855,0.040552458761114414
Registration→Treatment,наивная MLE,0.045820266814163624,0.960005967109194,0.03999403289080609
Registration→Treatment,наивная MLE,0.0460962925178634,0.9605548300783829,0.03944516992161704
Registration→Treatment,наивная MLE,0.04637231822156318,0.9610943276371761,0.038905672362823954
Registration→Treatment,наивная MLE,0.046648343925262965,0.9616246524793974,0.038375347520602524
Registration→Treatment,наивная MLE,0.046924369628962743,0.9621459926362012,0.037854007363798826
Registration→Treatment,наивная MLE,0.04720039533266252,0.9626585316060466,0.03734146839395339
Registration→Treatment,наивная MLE,0.04747642103636231,0.9631624484805731,0.03683755151942693
Registration→Treatment,наивная MLE,0.047752446740062085,0.9636579180665157,0.03634208193348433
Registration→Treatment,наивная MLE,0.04802847244376187,0.9641451110038028,0.0358548889961971
Registration→Treatment,наивная MLE,0.04830449814746165,0.964624193879968,0.035375806120031945
Registration→Treatment,наивная MLE,0.048580523851161427,0.9650953293410043,0.034904670658995746
Registration→Treatment,наивная MLE,0.04885654955486121,0.9655586761987849,0.034441323801215104
Registration→Treatment,наивная MLE,0.04913257525856099,0.9660143895351696,0.03398561046483037
Registration→Treatment,наивная MLE,0.049408600962260775,0.966462620802909,0.033537379197091044
Registration→Treatment,наивная MLE,0.04968462666596055,0.9669035179234581,0.03309648207654193
Registration→Treatment,наивная MLE,0.04996065236966033,0.967337225381805,0.03266277461819499
Registration→Treatment,наивная MLE,0.050236678073360116,0.9677638843184153,0.03223611568158471
Registration→Treatment,наивная MLE,0.050512703777059895,0.9681836326183907,0.03181636738160933
Registration→Treatment,наивная MLE,0.05078872948075967,0.968596604997936,0.031403395002063995
Registration→Treatment,наивная MLE,0.05106475518445946,0.9690029330882258,0.03099706691177421
Registration→Treatment,наивная MLE,0.051340780888159236,0.9694027455167565,0.03059725448324341
Registration→Treatment,наивная MLE,0.05161680659185902,0.9697961679862703,0.03020383201372965
Registration→Treatment,наивная MLE,0.0518928322955588,0.9701833233513288,0.029816676648671138
Registration→Treatment,наивная MLE,0.05216885799925858,0.9705643316926185,0.029435668307381587
Registration→Treatment,наивная MLE,0.05244488370295836,0.9709393103890586,0.02906068961094144
Registration→Treatment,наивная MLE,0.05272090940665814,0.9713083741877883,0.028691625812211737
Registration→Treatment,наивная MLE,0.052996935110357926,0.9716716352720992,0.028328364727900804
Registration→Treatment,наивная MLE,0.053272960814057704,0.9720292033273829,0.027970796672617124
Registration→Treatment,наивная MLE,0.05354898651775748,0.9723811856051571,0.027618814394842876
Registration→Treatment,наивная MLE,0.05382501222145727,0.9727276869852337,0.027272313014766323
Registration→Treatment,наивная MLE,0.054101037925157046,0.973068810036088,0.02693118996391198
Registration→Treatment,наивная MLE,0.054377063628856824,0.9734046550734886,0.026595344926511395
Registration→Treatment,наивная MLE,0.05465308933255661,0.9737353202174422,0.02626467978255774
Registration→Treatment,наивная MLE,0.05492911503625639,0.9740609014475093,0.025939098552490613
Registration→Treatment,наивная MLE,0.05520514073995617,0.9743814926565411,0.02561850734345894
Registration→Treatment,наивная MLE,0.05548116644365595,0.9746971857028887,0.02530281429711134
Registration→Treatment,наивная MLE,0.05575719214735573,0.9750080704611341,0.02499192953886587
Registration→Treatment,наивная MLE,0.056033217851055514,0.9753142348713879,0.024685765128612064
Registration→Treatment,наивная MLE,0.05630924355475529,0.9756157649871997,0.024384235012800265
Registration→Treatment,наивная MLE,0.05658526925845507,0.9759127450221255,0.02408725497787445
Registration→Treatment,наивная MLE,0.056861294962154856,0.9762052573949934,0.023794742605006598
Registration→Treatment,наивная MLE,0.057137320665854634,0.976493382773908,0.02350661722609207
Registration→Treatment,наивная MLE,0.05741334636955442,0.9767772001190336,0.02322279988096645
Registration→Treatment,наивная MLE,0.0576893720732542,0.9770567867241937,0.022943213275806253
Registration→Treatment,наивная MLE,0.057965397776953975,0.9773322182573232,0.022667781742676783
Registration→Treatment,наивная MLE,0.05824142348065376,0.9776035687998081,0.022396431200191833
Registration→Treatment,наивная MLE,0.05851744918435354,0.9778709108847489,0.02212908911525108
Registration→Treatment,наивная MLE,0.058793474888053324,0.9781343155341778,0.021865684465822183
Registration→Treatment,наивная MLE,0.0590695005917531,0.9783938522952642,0.021606147704735804
Registration→Treatment,наивная MLE,0.05934552629545288,0.9786495892755375,0.02135041072446251
Registration→Treatment,наивная MLE,0.059621551999152665,0.9789015931771577,0.02109840682284223
Registration→Treatment,наивная MLE,0.05989757770285244,0.9791499293302629,0.02085007066973709
Registration→Treatment,наивная MLE,0.06017360340655222,0.97939466172542,0.020605338274579995
Registration→Treatment,наивная MLE,0.06044962911025201,0.979635853045208,0.02036414695479201
Registration→Treatment,наивная MLE,0.060725654813951785,0.979873564694957,0.020126435305042933
Registration→Treatment,наивная MLE,0.06100168051765157,0.980107856832671,0.019892143167329023
Registration→Treatment,наивная MLE,0.06127770622135135,0.980338788398155,0.01966121160184495
Registration→Treatment,наивная MLE,0.061553731925051126,0.9805664171413753,0.01943358285862476
Registration→Treatment,наивная MLE,0.06182975762875091,0.980790799650069,0.01920920034993103
Registration→Treatment,наивная MLE,0.06210578333245069,0.9810119913766316,0.018988008623368333
Registration→Treatment,наивная MLE,0.062381809036150475,0.9812300466642988,0.018769953335701205
Registration→Treatment,наивная MLE,0.06265783473985025,0.9814450187726447,0.018554981227355327
Registration→Treatment,наивная MLE,0.06293386044355004,0.981656959902418,0.018343040097581996
Registration→Treatment,наивная MLE,0.06320988614724982,0.9818659212197332,0.01813407878026686
Registration→Treatment,наивная MLE,0.0634859118509496,0.982071952879636,0.01792804712036405
Registration→Treatment,наивная MLE,0.06376193755464937,0.9822751040490622,0.017724895950937843
Registration→Treatment,наивная MLE,0.06403796325834915,0.9824754229292059,0.017524577070794092
Registration→Treatment,наивная MLE,0.06431398896204894,0.9826729567773154,0.017327043222684677
Registration→Treatment,наивная MLE,0.06459001466574872,0.9828677519279313,0.017132248072068746
Registration→Treatment,наивная MLE,0.0648660403694485,0.9830598538135856,0.016940146186414387
Registration→Treatment,наивная MLE,0.06514206607314828,0.9832493069849743,0.016750693015025738
Registration→Treatment,наивная MLE,0.06541809177684806,0.9834361551306193,0.01656384486938072
Registration→Treatment,наивная MLE,0.06569411748054785,0.9836204410960354,0.016379558903964545
Registration→Treatment,наивная MLE,0.06597014318424763,0.9838022069024147,0.016197793097585338
Registration→Treatment,наивная MLE,0.0662461688879474,0.9839814937648417,0.01601850623515834
Registration→Treatment,наивная MLE,0.06652219459164718,0.9841583421100546,0.015841657889945404
Registration→Treatment,наивная MLE,0.06679822029534696,0.9843327915937627,0.015667208406237202
Registration→Treatment,наивная MLE,0.06707424599904675,0.9845048811175342,0.01549511888246577
Registration→Treatment,наивная MLE,0.06735027170274653,0.9846746488452647,0.015325351154735335
Registration→Treatment,наивная MLE,0.06762629740644631,0.9848421322192398,0.015157867780760236
Registration→Treatment,наивная MLE,0.06790232311014609,0.9850073679758019,0.014992632024198094
Registration→Treatment,наивная MLE,0.06817834881384587,0.9851703921606321,0.014829607839367941
Registration→Treatment,наивная MLE,0.06845437451754564,0.9853312401436576,0.014668759856342448
Registration→Treatment,наивная MLE,0.06873040022124544,0.9854899466335959,0.01451005336640406
Registration→Treatment,наивная MLE,0.06900642592494521,0.9856465456921448,0.01435345430785514
Registration→Treatment,наивная MLE,0.06928245162864499,0.9858010707478275,0.014198929252172515
Registration→Treatment,наивная MLE,0.06955847733234477,0.9859535546095028,0.014046445390497103
Registration→Treatment,наивная MLE,0.06983450303604455,0.9861040294795506,0.013895970520449429
Registration→Treatment,наивная MLE,0.07011052873974434,0.9862525269667375,0.01374747303326254
Registration→Treatment,наивная MLE,0.07038655444344412,0.9863990780987766,0.013600921901223377
Registration→Treatment,наивная MLE,0.0706625801471439,0.9865437133345851,0.013456286665414853
Registration→Treatment,наивная MLE,0.07093860585084368,0.98668646257625,0.013313537423749973
Registration→Treatment,наивная MLE,0.07121463155454345,0.9868273551807092,0.01317264481929084
Registration→Treatment,наивная MLE,0.07149065725824325,0.9869664199711553,0.013033580028844725
Registration→Treatment,наивная MLE,0.07176668296194302,0.9871036852481705,0.01289631475182956
Registration→Treatment,наивная MLE,0.0720427086656428,0.9872391788005976,0.012760821199402306
Registration→Treatment,наивная MLE,0.07231873436934258,0.987372927916157,0.0126270720838429
Registration→Treatment,наивная MLE,0.07259476007304236,0.9875049593918129,0.012495040608187066
Registration→Treatment,наивная MLE,0.07287078577674215,0.9876352995438982,0.012364700456101788
Registration→Treatment,наивная MLE,0.07314681148044193,0.9877639742180033,0.012236025781996685
Registration→Treatment,наивная MLE,0.0734228371841417,0.9878910087986346,0.012108991201365382
Registration→Treatment,наивная MLE,0.07369886288784148,0.988016428218649,0.011983571781351031
Registration→Treatment,наивная MLE,0.07397488859154126,0.9881402569684702,0.011859743031529797
Registration→Treatment,наивная MLE,0.07425091429524104,0.9882625191050929,0.011737480894907124
Registration→Treatment,наивная MLE,0.07452693999894083,0.988383238260879,0.01161676173912092
Registration→Treatment,наивная MLE,0.07480296570264061,0.9885024376521534,0.011497562347846588
Registration→Treatment,наивная MLE,0.07507899140634039,0.9886201400876014,0.011379859912398687
Registration→Treatment,наивная MLE,0.07535501711004017,0.988736367976476,0.011263632023524033
Registration→Treatment,наивная MLE,0.07563104281373995,0.9888511433366183,0.01114885666338176
Registration→Treatment,наивная MLE,0.07590706851743974,0.988964487802295,0.011035512197705061
Registration→Treatment,наивная MLE,0.07618309422113952,0.9890764226318595,0.010923577368140508
Registration→Treatment,наивная MLE,0.0764591199248393,0.9891869687152399,0.010813031284760093
Registration→Treatment,наивная MLE,0.07673514562853907,0.9892961465812581,0.01070385341874192
Registration→Treatment,наивная MLE,0.07701117133223885,0.989403976404785,0.01059602359521502
Registration→Treatment,наивная MLE,0.07728719703593864,0.9895104780137355,0.010489521986264506
Registration→Treatment,наивная MLE,0.07756322273963842,0.9896156708959071,0.010384329104092888
Registration→Treatment,наивная MLE,0.0778392484433382,0.9897195742056666,0.010280425794333446
Registration→Treatment,наивная MLE,0.07811527414703798,0.9898222067704876,0.010177793229512363
Registration→Treatment,наивная MLE,0.07839129985073776,0.9899235870973444,0.010076412902655579
Registration→Treatment,наивная MLE,0.07866732555443755,0.9900237333789632,0.009976266621036805
Registration→Treatment,наивная MLE,0.07894335125813733,0.9901226634999366,0.009877336500063429
Registration→Treatment,наивная MLE,0.0792193769618371,0.9902203950427034,0.009779604957296581
Registration→Treatment,наивная MLE,0.07949540266553688,0.9903169452933974,0.009683054706602535
Registration→Treatment,наивная MLE,0.07977142836923666,0.9904123312475682,0.00958766875243175
Registration→Treatment,наивная MLE,0.08004745407293645,0.9905065696157772,0.009493430384222765
Registration→Treatment,наивная MLE,0.08032347977663623,0.9905996768290722,0.009400323170927781
Registration→Treatment,наивная MLE,0.08059950548033601,0.990691669044343,0.009308330955656995
Registration→Treatment,наивная MLE,0.08087553118403579,0.9907825621495612,0.009217437850438813
Registration→Treatment,наивная MLE,0.08115155688773557,0.9908723717689069,0.009127628231093145
Registration→Treatment,наивная MLE,0.08142758259143534,0.9909611132677849,0.009038886732215083
Registration→Treatment,наивная MLE,0.08170360829513514,0.9910488017577338,0.008951198242266246
Registration→Treatment,наивная MLE,0.08197963399883491,0.9911354521012287,0.008864547898771318
Registration→Treatment,наивная MLE,0.08225565970253469,0.9912210789163829,0.008778921083617122
Registration→Treatment,наивная MLE,0.08253168540623447,0.9913056965815481,0.008694303418451947
Registration→Treatment,с учётом цензуры,0.0,0.0,1.0
Registration→Treatment,с учётом цензуры,0.00027602570369978085,0.00010625580146720008,0.9998937441985328
Registration→Treatment,с учётом цензуры,0.0005520514073995617,0.0015182643548893506,0.9984817356451107
Registration→Treatment,с учётом цензуры,0.0008280771110993426,0.005681191278144796,0.9943188087218552
Registration→Treatment,с учётом цензуры,0.0011041028147991234,0.013061715929110625,0.9869382840708893
Registration→Treatment,с учётом цензуры,0.0013801285184989042,0.02350224055773253,0.9764977594422675
Registration→Treatment,с учётом цензуры,0.0016561542221986852,0.036589869650739494,0.9634101303492605
Registration→Treatment,с учётом цензуры,0.001932179925898466,0.0518455170124398,0.9481544829875602
Registration→Treatment,с учётом цензуры,0.0022082056295982468,0.06880791828321031,0.9311920817167897
Registration→Treatment,с учётом цензуры,0.0024842313332980276,0.08706628378375669,0.9129337162162433
Registration→Treatment,с учётом цензуры,0.0027602570369978084,0.10626914458918357,0.8937308554108164
Registration→Treatment,с учётом цензуры,0.003036282740697589,0.1261227024836773,0.8738772975163227
Registration→Treatment,с учётом цензуры,0.0033123084443973704,0.14638500795373788,0.8536149920462621
Registration→Treatment,с учётом цензуры,0.003588334148097151,0.16685892084811182,0.8331410791518882
Registration→Treatment,с учётом цензуры,0.003864359851796932,0.18738518238186386,0.8126148176181361
Registration→Treatment,с учётом цензуры,0.004140385555496713,0.20783614328770028,0.7921638567122997
Registration→Treatment,с учётом цензуры,0.0044164112591964936,0.2281103195819555,0.7718896804180445
Registration→Treatment,с учётом цензуры,0.004692436962896274,0.24812777572714667,0.7518722242728533
Registration→Treatment,с учётом цензуры,0.004968462666596055,0.2678262623725528,0.7321737376274472
Registration→Treatment,с учётом цензуры,0.005244488370295836,0.2871580113643788,0.7128419886356212
Registration→Treatment,с учётом цензуры,0.005520514073995617,0.30608708882297675,0.6939129111770233
Registration→Treatment,с учётом цензуры,0.0057965397776953975,0.32458721502294974,0.6754127849770503
Registration→Treatment,с учётом цензуры,0.006072565481395178,0.3426399712759689,0.6573600287240311
Registration→Treatment,с учётом цензуры,0.006348591185094959,0.3602333259864441,0.6397666740135559
Registration→Treatment,с учётом цензуры,0.006624616888794741,0.37736042317829444,0.6226395768217056
Registration→Treatment,с учётом цензуры,0.0069006425924945216,0.39401858656705857,0.6059814134329414
Registration→Treatment,с учётом цензуры,0.007176668296194302,0.4102085005740431,0.5897914994259569
Registration→Treatment,с учётом цензуры,0.007452693999894083,0.42593353663349176,0.5740664633665082
Registration→Treatment,с учётом цензуры,0.007728719703593864,0.44119919888916787,0.5588008011108321
Registration→Treatment,с учётом цензуры,0.008004745407293644,0.45601266809071855,0.5439873319092814
Registration→Treatment,с учётом цензуры,0.008280771110993426,0.4703824263522055,0.5296175736477945
Registration→Treatment,с учётом цензуры,0.008556796814693205,0.48431794857604293,0.5156820514239571
Registration→Treatment,с учётом цензуры,0.008832822518392987,0.4978294489043247,0.5021705510956753
Registration→Treatment,с учётом цензуры,0.009108848222092769,0.5109276726440575,0.4890723273559425
Registration→Treatment,с учётом цензуры,0.009384873925792549,0.5236237258121269,0.47637627418787304
Registration→Treatment,с учётом цензуры,0.00966089962949233,0.5359289358325727,0.46407106416742727
Registration→Treatment,с учётом цензуры,0.00993692533319211,0.5478547380519805,0.45214526194801946
Registration→Treatment,с учётом цензуры,0.010212951036891892,0.5594125836663396,0.4405874163336604
Registration→Treatment,с учётом цензуры,0.010488976740591672,0.5706138654131647,0.4293861345868353
Registration→Treatment,с учётом цензуры,0.010765002444291454,0.581469858007297,0.418530141992703
Registration→Treatment,с учётом цензуры,0.011041028147991233,0.5919916708127431,0.40800832918725694
Registration→Treatment,с учётом цензуры,0.011317053851691015,0.6021902106666046,0.3978097893333954
Registration→Treatment,с учётом цензуры,0.011593079555390795,0.6120761531210562,0.38792384687894377
Registration→Treatment,с учётом цензуры,0.011869105259090577,0.6216599206588256,0.3783400793411744
Registration→Treatment,с учётом цензуры,0.012145130962790357,0.6309516666775651,0.3690483333224349
Registration→Treatment,с учётом цензуры,0.012421156666490138,0.6399612642376931,0.36003873576230694
Registration→Treatment,с учётом цензуры,0.012697182370189918,0.6486982987339192,0.35130170126608085
Registration→Treatment,с учётом цензуры,0.0129732080738897,0.6571720637886116,0.34282793621138835
Registration→Treatment,с учётом цензуры,0.013249233777589482,0.6653915597802162,0.33460844021978375
Registration→Treatment,с учётом цензуры,0.013525259481289261,0.6733654945160292,0.32663450548397077
Registration→Treatment,с учётом цензуры,0.013801285184989043,0.6811022856389785,0.31889771436102154
Registration→Treatment,с учётом цензуры,0.014077310888688823,0.688610064425349,0.31138993557465106
Registration→Treatment,с учётом цензуры,0.014353336592388605,0.6958966806867787,0.3041033193132213
Registration→Treatment,с учётом цензуры,0.014629362296088385,0.7029697085371559,0.2970302914628441
Registration→Treatment,с учётом цензуры,0.014905387999788166,0.7098364528247799,0.2901635471752201
Registration→Treatment,с учётом цензуры,0.015181413703487946,0.7165039560635214,0.28349604393647865
Registration→Treatment,с учётом цензуры,0.015457439407187728,0.7229790057247912,0.27702099427520877
Registration→Treatment,с учётом цензуры,0.01573346511088751,0.7292681417757301,0.27073185822426993
Registration→Treatment,с учётом цензуры,0.016009490814587288,0.7353776643689034,0.26462233563109666
Registration→Treatment,с учётом цензуры,0.01628551651828707,0.7413136416054997,0.2586863583945003
Registration→Treatment,с учётом цензуры,0.01656154222198685,0.7470819173081069,0.2529180826918931
Registration→Treatment,с учётом цензуры,0.016837567925686633,0.7526881187509744,0.2473118812490256
Registration→Treatment,с учётом цензуры,0.01711359362938641,0.7581376643056301,0.24186233569436988
Registration→Treatment,с учётом цензуры,0.017389619333086193,0.7634357709680888,0.23656422903191127
Registration→Treatment,с учётом цензуры,0.017665645036785974,0.7685874617409142,0.2314125382590858
Registration→Treatment,с учётом цензуры,0.017941670740485756,0.7735975728492961,0.22640242715070386
Registration→Treatment,с учётом цензуры,0.018217696444185538,0.778470760775234,0.22152923922476597
Registration→Treatment,с учётом цензуры,0.018493722147885316,0.7832115090980465,0.21678849090195346
Registration→Treatment,с учётом цензуры,0.018769747851585097,0.7878241351328694,0.21217586486713064
Registration→Treatment,с учётом цензуры,0.01904577355528488,0.7923127963616554,0.2076872036383446
Registration→Treatment,с учётом цензуры,0.01932179925898466,0.7966814966535685,0.20331850334643148
Registration→Treatment,с учётом цензуры,0.01959782496268444,0.8009340922736081,0.19906590772639182
Registration→Treatment,с учётом цензуры,0.01987385066638422,0.8050742976799116,0.19492570232008843
Registration→Treatment,с учётом цензуры,0.020149876370084002,0.8091056911114773,0.19089430888852266
Registration→Treatment,с учётом цензуры,0.020425902073783784,0.8130317199691169,0.18696828003088306
Registration→Treatment,с учётом цензуры,0.020701927777483562,0.8168557059932798,0.18314429400672017
Registration→Treatment,с учётом цензуры,0.020977953481183344,0.8205808502430632,0.17941914975693685
Registration→Treatment,с учётом цензуры,0.021253979184883125,0.8242102378812326,0.17578976211876735
Registration→Treatment,с учётом цензуры,0.021530004888582907,0.827746842770473,0.17225315722952705
Registration→Treatment,с учётом цензуры,0.021806030592282685,0.831193531886365,0.16880646811363498
Registration→Treatment,с учётом цензуры,0.022082056295982467,0.8345530695527881,0.16544693044721193
Registration→Treatment,с учётом цензуры,0.02235808199968225,0.8378281215055641,0.16217187849443593
Registration→Treatment,с учётом цензуры,0.02263410770338203,0.8410212587902239,0.15897874120977606
Registration→Treatment,с учётом цензуры,0.022910133407081812,0.844134961499788,0.155865038500212
Registration→Treatment,с учётом цензуры,0.02318615911078159,0.8471716223584209,0.15282837764157903
Registration→Treatment,с учётом цензуры,0.023462184814481372,0.85013355015676,0.1498664498432401
Registration→Treatment,с учётом цензуры,0.023738210518181153,0.8530229730446245,0.1469770269553755
Registration→Treatment,с учётом цензуры,0.024014236221880935,0.8558420416867032,0.14415795831329675
Registration→Treatment,с учётом цензуры,0.024290261925580713,0.8585928322866858,0.14140716771331413
Registration→Treatment,с учётом цензуры,0.024566287629280495,0.8612773494851653,0.13872265051483462
Registration→Treatment,с учётом цензуры,0.024842313332980277,0.8638975291364858,0.13610247086351424
Registration→Treatment,с учётом цензуры,0.025118339036680058,0.866455240969551,0.1335447590304491
Registration→Treatment,с учётом цензуры,0.025394364740379836,0.8689522911374475,0.13104770886255246
Registration→Treatment,с учётом цензуры,0.025670390444079618,0.8713904246605716,0.1286095753394284
Registration→Treatment,с учётом цензуры,0.0259464161477794,0.8737713277677766,0.12622867223222345
Registration→Treatment,с учётом цензуры,0.02622244185147918,0.8760966301398994,0.12390336986010059
Registration→Treatment,с учётом цензуры,0.026498467555178963,0.8783679070598547,0.12163209294014526
Registration→Treatment,с учётом цензуры,0.02677449325887874,0.8805866814733199,0.11941331852668008
Registration→Treatment,с учётом цензуры,0.027050518962578523,0.8827544259638811,0.11724557403611896
Registration→Treatment,с учётом цензуры,0.027326544666278305,0.8848725646463451,0.11512743535365483
Registration→Treatment,с учётом цензуры,0.027602570369978086,0.8869424749817794,0.1130575250182207
Registration→Treatment,с учётом цензуры,0.027878596073677864,0.8889654895176792,0.11103451048232083
Registration→Treatment,с учётом цензуры,0.028154621777377646,0.8909428975565353,0.10905710244346467
Registration→Treatment,с учётом цензуры,0.028430647481077428,0.8928759467559166,0.10712405324408336
Registration→Treatment,с учётом цензуры,0.02870667318477721,0.8947658446630629,0.10523415533693709
Registration→Treatment,с учётом цензуры,0.028982698888476988,0.8966137601868431,0.10338623981315687
Registration→Treatment,с учётом цензуры,0.02925872459217677,0.8984208250098127,0.10157917499018726
Registration→Treatment,с учётом цензуры,0.02953475029587655,0.9001881349429838,0.09981186505701622
Registration→Treatment,с учётом цензуры,0.029810775999576333,0.901916751225802,0.0980832487741981
Registration→Treatment,с учётом цензуры,0.03008680170327611,0.903607701773719,0.09639229822628098
Registration→Treatment,с учётом цензуры,0.030362827406975892,0.9052619823756364,0.09473801762436362
Registration→Treatment,с учётом цензуры,0.030638853110675674,0.9068805578433974,0.09311944215660256
Registration→Treatment,с учётом цензуры,0.030914878814375456,0.9084643631154077,0.09153563688459232
Registration→Treatment,с учётом цензуры,0.031190904518075237,0.9100143043163649,0.08998569568363513
Registration→Treatment,с учётом цензуры,0.03146693022177502,0.9115312597749989,0.08846874022500112
Registration→Treatment,с учётом цензуры,0.0317429559254748,0.9130160810016241,0.08698391899837588
Registration→Treatment,с учётом цензуры,0.032018981629174575,0.9144695936272389,0.0855304063727611
Registration→Treatment,с учётом цензуры,0.03229500733287436,0.9158925983058158,0.08410740169418418
Registration→Treatment,с учётом цензуры,0.03257103303657414,0.9172858715813603,0.08271412841863962
Registration→Treatment,с учётом цензуры,0.032847058740273924,0.9186501667212402,0.08134983327875978
Registration→Treatment,с учётом цензуры,0.0331230844439737,0.9199862145172211,0.08001378548277899
Registration→Treatment,с учётом цензуры,0.03339911014767348,0.9212947240555786,0.07870527594442145
Registration→Treatment,с учётом цензуры,0.033675135851373265,0.9225763834575955,0.07742361654240451
Registration→Treatment,с учётом цензуры,0.033951161555073044,0.9238318605916928,0.0761681394083072
Registration→Treatment,с учётом цензуры,0.03422718725877282,0.9250618037583883,0.07493819624161166
Registration→Treatment,с учётом цензуры,0.03450321296247261,0.926266842349222,0.07373315765077804
Registration→Treatment,с учётом цензуры,0.034779238666172385,0.9274475874807355,0.07255241251926446
Registration→Treatment,с учётом цензуры,0.03505526436987217,0.9286046326045467,0.07139536739545327
Registration→Treatment,с учётом цензуры,0.03533129007357195,0.9297385540945092,0.07026144590549079
Registration→Treatment,с учётом цензуры,0.03560731577727173,0.9308499118119088,0.06915008818809122
Registration→Treatment,с учётом цензуры,0.03588334148097151,0.9319392496495993,0.06806075035040077
Registration→Treatment,с учётом цензуры,0.03615936718467129,0.9330070960559462,0.0669929039440538
Registration→Treatment,с учётом цензуры,0.036435392888371075,0.9340539645394041,0.06594603546059587
Registration→Treatment,с учётом цензуры,0.03671141859207085,0.9350803541545183,0.06491964584548165
Registration→Treatment,с учётом цензуры,0.03698744429577063,0.9360867499701078,0.06391325002989222
Registration→Treatment,с учётом цензуры,0.03726346999947042,0.9370736235203494,0.06292637647965064
Registration→Treatment,с учётом цензуры,0.037539495703170195,0.9380414332394571,0.06195856676054285
Registration→Treatment,с учётом цензуры,0.03781552140686997,0.9389906248806144,0.06100937511938569
Registration→Treatment,с учётом цензуры,0.03809154711056976,0.9399216319197907,0.06007836808020932
Registration→Treatment,с учётом цензуры,0.038367572814269536,0.9408348759450494,0.05916512405495053
Registration→Treatment,с учётом цензуры,0.03864359851796932,0.9417307670319213,0.05826923296807877
Registration→Treatment,с учётом цензуры,0.0389196242216691,0.9426097041053972,0.05739029589460278
Registration→Treatment,с учётом цензуры,0.03919564992536888,0.9434720752890714,0.056527924710928594
Registration→Treatment,с учётом цензуры,0.03947167562906866,0.9443182582419372,0.0556817417580628
Registration→Treatment,с учётом цензуры,0.03974770133276844,0.9451486204833229,0.054851379516677026
Registration→Treatment,с учётом цензуры,0.040023727036468226,0.9459635197064301,0.054036480293569875
Registration→Treatment,с учётом цензуры,0.040299752740168004,0.9467633040809176,0.05323669591908239
Registration→Treatment,с учётом цензуры,0.04057577844386778,0.9475483125449577,0.0524516874550423
Registration→Treatment,с учётом цензуры,0.04085180414756757,0.9483188750871703,0.051681124912829696
Registration→Treatment,с учётом цензуры,0.041127829851267346,0.9490753130188248,0.05092468698117528
Registration→Treatment,с учётом цензуры,0.041403855554967124,0.9498179392366835,0.050182060763316494
Registration→Treatment,с учётом цензуры,0.04167988125866691,0.9505470584768452,0.04945294152315486
Registration→Treatment,с учётом цензуры,0.04195590696236669,0.9512629675599281,0.04873703244007188
Registration→Treatment,с учётом цензуры,0.04223193266606647,0.9519659556279257,0.0480340443720743
Registration→Treatment,с учётом цензуры,0.04250795836976625,0.9526563043730456,0.04734369562695437
Registration→Treatment,с учётом цензуры,0.04278398407346603,0.9533342882588366,0.04666571174116338
Registration→Treatment,с учётом цензуры,0.043060009777165814,0.9540001747338906,0.0459998252661094
Registration→Treatment,с учётом цензуры,0.04333603548086559,0.9546542244383988,0.04534577556160122
Registration→Treatment,с учётом цензуры,0.04361206118456537,0.9552966914038272,0.04470330859617276
Registration→Treatment,с учётом цензуры,0.043888086888265156,0.955927823245967,0.04407217675403299
Registration→Treatment,с учётом цензуры,0.044164112591964934,0.9565478613516039,0.04345213864839614
Registration→Treatment,с учётом цензуры,0.04444013829566472,0.9571570410590423,0.04284295894095767
Registration→Treatment,с учётом цензуры,0.0447161639993645,0.9577555918327095,0.04224440816729049
Registration→Treatment,с учётом цензуры,0.044992189703064275,0.9583437374320549,0.041656262567945086
Registration→Treatment,с учётом цензуры,0.04526821540676406,0.958921696074954,0.04107830392504591
Registration→Treatment,с учётом цензуры,0.04554424111046384,0.9594896805958149,0.04051031940418514
Registration→Treatment,с учётом цензуры,0.045820266814163624,0.9600478985985784,0.03995210140142154
Registration→Treatment,с учётом цензуры,0.0460962925178634,0.960596552604798,0.03940344739520194
Registration→Treatment,с учётом цензуры,0.04637231822156318,0.9611358401969728,0.03886415980302714
Registration→Treatment,с учётом цензуры,0.046648343925262965,0.9616659541573054,0.03833404584269463
Registration→Treatment,с учётом цензуры,0.046924369628962743,0.9621870826020463,0.03781291739795368
Registration→Treatment,с учётом цензуры,0.04720039533266252,0.9626994091115831,0.037300590888416904
Registration→Treatment,с учётом цензуры,0.04747642103636231,0.9632031128564218,0.036796887143578184
Registration→Treatment,с учётом цензуры,0.047752446740062085,0.9636983687192081,0.03630163128079188
Registration→Treatment,с учётом цензуры,0.04802847244376187,0.9641853474129254,0.03581465258707466
Registration→Treatment,с учётом цензуры,0.04830449814746165,0.9646642155954035,0.03533578440459647
Registration→Treatment,с учётом цензуры,0.048580523851161427,0.9651351359802685,0.03486486401973153
Registration→Treatment,с учётом цензуры,0.04885654955486121,0.9655982674444528,0.03440173255554729
Registration→Treatment,с учётом цензуры,0.04913257525856099,0.9660537651323895,0.033946234867610496
Registration→Treatment,с учётом цензуры,0.049408600962260775,0.9665017805570019,0.03349821944299815
Registration→Treatment,с учётом цензуры,0.04968462666596055,0.9669424616975981,0.03305753830240192
Registration→Treatment,с учётом цензуры,0.04996065236966033,0.967375953094779,0.03262404690522105
Registration→Treatment,с учётом цензуры,0.050236678073360116,0.9678023959424586,0.03219760405754132
Registration→Treatment,с учётом цензуры,0.050512703777059895,0.968221928177097,0.03177807182290306
Registration→Treatment,с учётом цензуры,0.05078872948075967,0.9686346845642374,0.031365315435762646
Registration→Treatment,с учётом цензуры,0.05106475518445946,0.9690407967824421,0.030959203217557855
Registration→Treatment,с учётом цензуры,0.051340780888159236,0.9694403935047113,0.03055960649528865
Registration→Treatment,с учётом цензуры,0.05161680659185902,0.9698336004774699,0.030166399522530092
Registration→Treatment,с учётом цензуры,0.0518928322955588,0.9702205405972044,0.02977945940279564
Registration→Treatment,с учётом цензуры,0.05216885799925858,0.9706013339848268,0.029398666015173127
Registration→Treatment,с учётом цензуры,0.05244488370295836,0.970976098057842,0.02902390194215793
Registration→Treatment,с учётом цензуры,0.05272090940665814,0.971344947600389,0.028655052399610935
Registration→Treatment,с учётом цензуры,0.052996935110357926,0.9717079948312284,0.028292005168771617
Registration→Treatment,с учётом цензуры,0.053272960814057704,0.9720653494697415,0.027934650530258502
Registration→Treatment,с учётом цензуры,0.05354898651775748,0.9724171188000074,0.027582881199992672
Registration→Treatment,с учётом цензуры,0.05382501222145727,0.972763407733019,0.02723659226698108
Registration→Treatment,с учётом цензуры,0.054101037925157046,0.9731043188670999,0.02689568113290012
Registration→Treatment,с учётом цензуры,0.054377063628856824,0.9734399525465792,0.02656004745342076
Registration→Treatment,с учётом цензуры,0.05465308933255661,0.9737704069187808,0.026229593081219162
Registration→Treatment,с учётом цензуры,0.05492911503625639,0.9740957779893806,0.02590422201061933
Registration→Treatment,с учётом цензуры,0.05520514073995617,0.9744161596761853,0.025583840323814673
Registration→Treatment,с учётом цензуры,0.05548116644365595,0.9747316438613811,0.025268356138618935
Registration→Treatment,с учётом цензуры,0.05575719214735573,0.9750423204423024,0.024957679557697548
Registration→Treatment,с учётом цензуры,0.056033217851055514,0.9753482773807672,0.024651722619232742
Registration→Treatment,с учётом цензуры,0.05630924355475529,0.9756496007510231,0.024350399248976907
Registration→Treatment,с учётом цензуры,0.05658526925845507,0.975946374786349,0.024053625213650915
Registration→Treatment,с учётом цензуры,0.056861294962154856,0.9762386819243549,0.02376131807564508
Registration→Treatment,с учётом цензуры,0.057137320665854634,0.9765266028510179,0.023473397148982098
Registration→Treatment,с учётом цензуры,0.05741334636955442,0.9768102165434973,0.023189783456502664
Registration→Treatment,с учётом цензуры,0.0576893720732542,0.9770896003117641,0.02291039968823596
Registration→Treatment,с учётом цензуры,0.057965397776953975,0.9773648298390817,0.022635170160918296
Registration→Treatment,с учётом цензуры,0.05824142348065376,0.9776359792213755,0.022364020778624528
Registration→Treatment,с учётом цензуры,0.05851744918435354,0.9779031210055218,0.022096878994478163
Registration→Treatment,с учётом цензуры,0.058793474888053324,0.9781663262265929,0.02183367377340703
Registration→Treatment,с учётом цензуры,0.0590695005917531,0.9784256644440873,0.021574335555912694
Registration→Treatment,с учётом цензуры,0.05934552629545288,0.9786812037771772,0.02131879622282281
Registration→Treatment,с учётом цензуры,0.059621551999152665,0.9789330109390035,0.021066989060996508
Registration→Treatment,с учётом цензуры,0.05989757770285244,0.9791811512700457,0.020818848729954292
Registration→Treatment,с учётом цензуры,0.06017360340655222,0.9794256887705959,0.020574311229404122
Registration→Treatment,с учётом цензуры,0.06044962911025201,0.9796666861323625,0.02033331386763744
Registration→Treatment,с учётом цензуры,0.060725654813951785,0.9799042047692315,0.020095795230768546
Registration→Treatment,с учётом цензуры,0.06100168051765157,0.9801383048472075,0.01986169515279248
Registration→Treatment,с учётом цензуры,0.06127770622135135,0.9803690453135631,0.019630954686436965
Registration→Treatment,с учётом цензуры,0.061553731925051126,0.9805964839252149,0.01940351607478504
Registration→Treatment,с учётом цензуры,0.06182975762875091,0.9808206772763547,0.019179322723645354
Registration→Treatment,с учётом цензуры,0.06210578333245069,0.9810416808253515,0.018958319174648484
Registration→Treatment,с учётом цензуры,0.062381809036150475,0.9812595489209526,0.01874045107904748
Registration→Treatment,с учётом цензуры,0.06265783473985025,0.9814743348277974,0.018525665172202548
Registration→Treatment,с учётом цензуры,0.06293386044355004,0.9816860907512703,0.018313909248729637
Registration→Treatment,с учётом цензуры,0.06320988614724982,0.9818948678617064,0.018105132138293612
Registration→Treatment,с учётом цензуры,0.0634859118509496,0.9821007163179725,0.01789928368202748
Registration→Treatment,с учётом цензуры,0.06376193755464937,0.9823036852904405,0.017696314709559475
Registration→Treatment,с учётом цензуры,0.06403796325834915,0.9825038229833694,0.0174961770166306
Registration→Treatment,с учётом цензуры,0.06431398896204894,0.9827011766567144,0.017298823343285585
Registration→Treatment,с учётом цензуры,0.06459001466574872,0.9828957926473793,0.017104207352620773
Registration→Treatment,с учётом цензуры,0.0648660403694485,0.9830877163899265,0.01691228361007341
Registration→Treatment,с учётом цензуры,0.06514206607314828,0.9832769924367637,0.016723007563236313
Registration→Treatment,с учётом цензуры,0.06541809177684806,0.9834636644778162,0.016536335522183837
Registration→Treatment,с учётом цензуры,0.06569411748054785,0.9836477753597063,0.016352224640293785
Registration→Treatment,с учётом цензуры,0.06597014318424763,0.9838293671044478,0.016170632895552203
Registration→Treatment,с учётом цензуры,0.0662461688879474,0.9840084809276735,0.015991519072326505
Registration→Treatment,с учётом цензуры,0.06652219459164718,0.9841851572564051,0.015814842743594862
Registration→Treatment,с учётом цензуры,0.06679822029534696,0.9843594357463817,0.01564056425361829
Registration→Treatment,с учётом цензуры,0.06707424599904675,0.9845313552989567,0.0154686447010433
Registration→Treatment,с учётом цензуры,0.06735027170274653,0.9847009540775763,0.015299045922423695
Registration→Treatment,с учётом цензуры,0.06762629740644631,0.984868269523851,0.015131730476148991
Registration→Treatment,с учётом цензуры,0.06790232311014609,0.9850333383732309,0.01496666162676911
Registration→Treatment,с учётом цензуры,0.06817834881384587,0.985196196670296,0.014803803329703939
Registration→Treatment,с учётом цензуры,0.06845437451754564,0.9853568797836729,0.014643120216327113
Registration→Treatment,с учётом цензуры,0.06873040022124544,0.9855154224205855,0.014484577579414498
Registration→Treatment,с учётом цензуры,0.06900642592494521,0.9856718586410536,0.014328141358946483
Registration→Treatment,с учётом цензуры,0.06928245162864499,0.985826221871745,0.014173778128255073
Registration→Treatment,с учётом цензуры,0.06955847733234477,0.9859785449194937,0.01402145508050633
Registration→Treatment,с учётом цензуры,0.06983450303604455,0.986128859984491,0.01387114001550906
Registration→Treatment,с учётом цензуры,0.07011052873974434,0.9862771986731593,0.013722801326840667
Registration→Treatment,с учётом цензуры,0.07038655444344412,0.9864235920107176,0.013576407989282443
Registration→Treatment,с учётом цензуры,0.0706625801471439,0.9865680704534451,0.013431929546554956
Registration→Treatment,с учётом цензуры,0.07093860585084368,0.9867106639006537,0.013289336099346323
Registration→Treatment,с учётом цензуры,0.07121463155454345,0.9868514017063748,0.013148598293625266
Registration→Treatment,с учётом цензуры,0.07149065725824325,0.9869903126907686,0.013009687309231367
Registration→Treatment,с учётом цензуры,0.07176668296194302,0.9871274251512647,0.012872574848735248
Registration→Treatment,с учётом цензуры,0.0720427086656428,0.9872627668734385,0.01273723312656147
Registration→Treatment,с учётом цензуры,0.07231873436934258,0.9873963651416326,0.012603634858367343
Registration→Treatment,с учётом цензуры,0.07259476007304236,0.987528246749329,0.012471753250670911
Registration→Treatment,с учётом цензуры,0.07287078577674215,0.9876584380092788,0.012341561990721278
Registration→Treatment,с учётом цензуры,0.07314681148044193,0.9877869647633943,0.012213035236605711
Registration→Treatment,с учётом цензуры,0.0734228371841417,0.9879138523924137,0.012086147607586252
Registration→Treatment,с учётом цензуры,0.07369886288784148,0.988039125825339,0.011960874174660959
Registration→Treatment,с учётом цензуры,0.07397488859154126,0.9881628095486568,0.011837190451343264
Registration→Treatment,с учётом цензуры,0.07425091429524104,0.988284927615346,0.011715072384653986
Registration→Treatment,с учётом цензуры,0.07452693999894083,0.9884055036536792,0.011594496346320815
Registration→Treatment,с учётом цензуры,0.07480296570264061,0.9885245608758206,0.011475439124179391
Registration→Treatment,с учётом цензуры,0.07507899140634039,0.9886421220862287,0.011357877913771294
Registration→Treatment,с учётом цензуры,0.07535501711004017,0.9887582096898663,0.011241790310133734
Registration→Treatment,с учётом цензуры,0.07563104281373995,0.9888728457002239,0.011127154299776017
Registration→Treatment,с учётом цензуры,0.07590706851743974,0.9889860517471619,0.011013948252838072
Registration→Treatment,с учётом цензуры,0.07618309422113952,0.9890978490845734,0.010902150915426527
Registration→Treatment,с учётом цензуры,0.0764591199248393,0.9892082585978763,0.01079174140212373
Registration→Treatment,с учётом цензуры,0.07673514562853907,0.9893173008113346,0.010682699188665348
Registration→Treatment,с учётом цензуры,0.07701117133223885,0.9894249958952176,0.010575004104782371
Registration→Treatment,с учётом цензуры,0.07728719703593864,0.9895313636727965,0.01046863632720354
Registration→Treatment,с учётом цензуры,0.07756322273963842,0.9896364236271863,0.010363576372813722
Registration→Treatment,с учётом цензуры,0.0778392484433382,0.989740194908035,0.010259805091965037
Registration→Treatment,с учётом цензуры,0.07811527414703798,0.9898426963380638,0.0101573036619362
Registration→Treatment,с учётом цензуры,0.07839129985073776,0.9899439464194628,0.010056053580537131
Registration→Treatment,с учётом цензуры,0.07866732555443755,0.9900439633401455,0.009956036659854466
Registration→Treatment,с учётом цензуры,0.07894335125813733,0.9901427649798646,0.009857235020135333
Registration→Treatment,с учётом цензуры,0.0792193769618371,0.9902403689161947,0.009759631083805306
Registration→Treatment,с учётом цензуры,0.07949540266553688,0.9903367924303825,0.009663207569617437
Registration→Treatment,с учётом цензуры,0.07977142836923666,0.9904320525130704,0.009567947486929563
Registration→Treatment,с учётом цензуры,0.08004745407293645,0.990526165869894,0.00947383413010607
Registration→Treatment,с учётом цензуры,0.08032347977663623,0.9906191489269583,0.009380851073041626
Registration→Treatment,с учётом цензуры,0.08059950548033601,0.9907110178361963,0.00928898216380372
Registration→Treatment,с учётом цензуры,0.08087553118403579,0.9908017884806088,0.009198211519391127
Registration→Treatment,с учётом цензуры,0.08115155688773557,0.9908914764793946,0.009108523520605472
Registration→Treatment,с учётом цензуры,0.08142758259143534,0.9909800971929668,0.00901990280703327
Registration→Treatment,с учётом цензуры,0.08170360829513514,0.9910676657278642,0.008932334272135767
Registration→Treatment,с учётом цензуры,0.08197963399883491,0.991154196941556,0.00884580305844392
Registration→Treatment,с учётом цензуры,0.08225565970253469,0.991239705447144,0.008760294552855966
Registration→Treatment,с учётом цензуры,0.08253168540623447,0.9913242056179645,0.008675794382035456
Treatment→Admission,наивная MLE,0.0,0.0,1.0
Treatment→Admission,наивная MLE,0.0014180080214127712,0.1722995051983263,0.8277004948016737
Treatment→Admission,наивная MLE,0.0028360160428255424,0.22923392843079937,0.7707660715692006
Treatment→Admission,наивная MLE,0.004254024064238314,0.2705399597124433,0.7294600402875566
Treatment→Admission,наивная MLE,0.005672032085651085,0.3040040732428377,0.6959959267571623
Treatment→Admission,наивная MLE,0.007090040107063856,0.33254906146747093,0.6674509385325291
Treatment→Admission,наивная MLE,0.008508048128476628,0.3576441531694193,0.6423558468305808
Treatment→Admission,наивная MLE,0.009926056149889399,0.38014949298855455,0.6198505070114455
Treatment→Admission,наивная MLE,0.01134406417130217,0.4006192298198067,0.5993807701801933
Treatment→Admission,наивная MLE,0.01276207219271494,0.41943482354517536,0.5805651764548246
Treatment→Admission,наивная MLE,0.014180080214127712,0.43687197594346266,0.5631280240565373
Treatment→Admission,наивная MLE,0.015598088235540482,0.45313755425374364,0.5468624457462563
Treatment→Admission,наивная MLE,0.017016096256953255,0.4683914562338847,0.5316085437661153
Treatment→Admission,наивная MLE,0.018434104278366024,0.4827602958177717,0.5172397041822283
Treatment→Admission,наивная MLE,0.019852112299778797,0.49634636007238775,0.5036536399276123
Treatment→Admission,наивная MLE,0.021270120321191566,0.5092336907754242,0.49076630922457576
Treatment→Admission,наивная MLE,0.02268812834260434,0.5214923429230536,0.4785076570769464
Treatment→Admission,наивная MLE,0.024106136364017112,0.5331814459366245,0.46681855406337547
Treatment→Admission,наивная MLE,0.02552414438542988,0.5443514545236365,0.45564854547636346
Treatment→Admission,наивная MLE,0.026942152406842654,0.5550458366295783,0.4449541633704217
Treatment→Admission,наивная MLE,0.028360160428255423,0.5653023613705764,0.43469763862942357
Treatment→Admission,наивная MLE,0.029778168449668196,0.5751540969457188,0.42484590305428116
Treatment→Admission,наивная MLE,0.031196176471080965,0.5846301945020932,0.4153698054979068
Treatment→Admission,наивная MLE,0.03261418449249374,0.5937565114873791,0.40624348851262093
Treatment→Admission,наивная MLE,0.03403219251390651,0.6025561128975295,0.3974438871024705
Treatment→Admission,наивная MLE,0.03545020053531928,0.611049678424284,0.38895032157571596
Treatment→Admission,наивная MLE,0.03686820855673205,0.619255836224101,0.38074416377589904
Treatment→Admission,наивная MLE,0.03828621657814482,0.6271914388474469,0.3728085611525531
Treatment→Admission,наивная MLE,0.039704224599557594,0.6348717931243198,0.36512820687568015
Treatment→Admission,наивная MLE,0.04112223262097037,0.6423108530615739,0.35768914693842613
Treatment→Admission,наивная MLE,0.04254024064238313,0.6495213827761893,0.3504786172238107
Treatment→Admission,наивная MLE,0.043958248663795906,0.6565150949653012,0.34348490503469875
Treatment→Admission,наивная MLE,0.04537625668520868,0.6633027692591924,0.3366972307408076
Treatment→Admission,наивная MLE,0.04679426470662145,0.6698943539196417,0.3301056460803583
Treatment→Admission,наивная MLE,0.048212272728034224,0.6762990536632353,0.3237009463367647
Treatment→Admission,наивная MLE,0.04963028074944699,0.6825254058571756,0.3174745941428242
Treatment→Admission,наивная MLE,0.05104828877085976,0.6885813469172095,0.31141865308279043
Treatment→Admission,наивная MLE,0.052466296792272535,0.6944742704064881,0.30552572959351204
Treatment→Admission,наивная MLE,0.05388430481368531,0.7002110780705355,0.29978892192946466
Treatment→Admission,наивная MLE,0.05530231283509807,0.7057982248319211,0.2942017751680785
Treatment→Admission,наивная MLE,0.056720320856510846,0.7112417585974081,0.2887582414025919
Treatment→Admission,наивная MLE,0.05813832887792362,0.7165473555915729,0.2834526444084271
Treatment→Admission,наивная MLE,0.05955633689933639,0.7217203518175673,0.2782796481824326
Treatment→Admission,наивная MLE,0.060974344920749164,0.726765771152581,0.2732342288474186
Treatment→Admission,наивная MLE,0.06239235294216193,0.7316883505087606,0.2683116494912395
Treatment→Admission,наивная MLE,0.0638103609635747,0.7364925624266078,0.2635074375733923
Treatment→Admission,наивная MLE,0.06522836898498748,0.7411826354148189,0.2588173645851812
Treatment→Admission,наивная MLE,0.06664637700640025,0.7457625723060872,0.254237427693913
Treatment→Admission,наивная MLE,0.06806438502781302,0.7502361668610902,0.24976383313890985
Treatment→Admission,наивная MLE,0.0694823930492258,0.7546070188213966,0.2453929811786034
Treatment→Admission,наивная MLE,0.07090040107063857,0.758878547585367,0.24112145241463315
Treatment→Admission,наивная MLE,0.07231840909205133,0.7630540046584801,0.23694599534152017
Treatment→Admission,наивная MLE,0.0737364171134641,0.767136485010191,0.232863514989809
Treatment→Admission,наивная MLE,0.07515442513487687,0.7711289374529048,0.228871062547095
Treatment→Admission,наивная MLE,0.07657243315628964,0.7750341741444599,0.2249658258555398
Treatment→Admission,наивная MLE,0.07799044117770242,0.7788548793033058,0.22114512069669442
Treatment→Admission,наивная MLE,0.07940844919911519,0.7825936172150092,0.21740638278499086
Treatment→Admission,наивная MLE,0.08082645722052796,0.7862528395996009,0.2137471604003989
Treatment→Admission,наивная MLE,0.08224446524194073,0.7898348924013275,0.21016510759867232
Treatment→Admission,наивная MLE,0.0836624732633535,0.7933420220554896,0.2066579779445104
Treatment→Admission,наивная MLE,0.08508048128476627,0.7967763812810118,0.20322361871898798
Treatment→Admission,наивная MLE,0.08649848930617904,0.8001400344421234,0.1998599655578763
Treatment→Admission,наивная MLE,0.08791649732759181,0.8034349625179027,0.19656503748209705
Treatment→Admission,наивная MLE,0.08933450534900458,0.8066630677143798,0.19333693228562
Treatment→Admission,наивная MLE,0.09075251337041736,0.809826177750314,0.19017382224968613
Treatment→Admission,наивная MLE,0.09217052139183013,0.812926049844595,0.18707395015540465
Treatment→Admission,наивная MLE,0.0935885294132429,0.8159643744304415,0.18403562556955852
Treatment→Admission,наивная MLE,0.09500653743465567,0.8189427786190623,0.18105722138093747
Treatment→Admission,наивная MLE,0.09642454545606845,0.821862829433291,0.17813717056670908
Treatment→Admission,наивная MLE,0.0978425534774812,0.8247260368296973,0.17527396317030244
Treatment→Admission,наивная MLE,0.09926056149889398,0.8275338565259852,0.17246614347401476
Treatment→Admission,наивная MLE,0.10067856952030675,0.830287692648883,0.16971230735111661
Treatment→Admission,наивная MLE,0.10209657754171952,0.832988900216385,0.16701109978361509
Treatment→Admission,наивная MLE,0.1035145855631323,0.8356387874669098,0.1643612125330899
Treatment→Admission,наивная MLE,0.10493259358454507,0.8382386180468703,0.16176138195312945
Treatment→Admission,наивная MLE,0.10635060160595784,0.8407896130670957,0.1592103869329041
Treatment→Admission,наивная MLE,0.10776860962737062,0.8432929530376817,0.15670704696231832
Treatment→Admission,наивная MLE,0.10918661764878339,0.8457497796900032,0.15425022030999663
Treatment→Admission,наивная MLE,0.11060462567019615,0.8481611976939003,0.15183880230609972
Treatment→Admission,наивная MLE,0.11202263369160892,0.8505282762773748,0.1494717237226252
Treatment→Admission,наивная MLE,0.11344064171302169,0.8528520507555398,0.1471479492444598
Treatment→Admission,наивная MLE,0.11485864973443446,0.8551335239750137,0.14486647602498623
Treatment→Admission,наивная MLE,0.11627665775584724,0.8573736676794502,0.14262633232054944
Treatment→Admission,наивная MLE,0.11769466577726001,0.8595734238014638,0.14042657619853577
Treatment→Admission,наивная MLE,0.11911267379867278,0.8617337056857732,0.13826629431422677
Treatment→Admission,наивная MLE,0.12053068182008556,0.8638553992480362,0.13614460075196372
Treatment→Admission,наивная MLE,0.12194868984149833,0.8659393640735003,0.1340606359265002
Treatment→Admission,наивная MLE,0.12336669786291109,0.8679864344592733,0.1320135655407267
Treatment→Admission,наивная MLE,0.12478470588432386,0.8699974204037603,0.1300025795962397
Treatment→Admission,наивная MLE,0.12620271390573665,0.871973108546516,0.12802689145348425
Treatment→Admission,наивная MLE,0.1276207219271494,0.8739142630615617,0.1260857369384379
Treatment→Admission,наивная MLE,0.1290387299485622,0.8758216265069789,0.12417837349302108
Treatment→Admission,наивная MLE,0.13045673796997495,0.8776959206333789,0.12230407936662113
Treatment→Admission,наивная MLE,0.1318747459913877,0.879537847153701,0.12046215284629896
Treatment→Admission,наивная MLE,0.1332927540128005,0.8813480884765844,0.11865191152341555
Treatment→Admission,наивная MLE,0.13471076203421326,0.883127308405425,0.11687269159457503
Treatment→Admission,наивная MLE,0.13612877005562604,0.8848761528050807,0.11512384719491929
Treatment→Admission,наивная MLE,0.1375467780770388,0.8865952502380541,0.11340474976194596
Treatment→Admission,наивная MLE,0.1389647860984516,0.8882852125718613,0.11171478742813866
Treatment→Admission,наивная MLE,0.14038279411986435,0.8899466355591832,0.11005336444081677
Treatment→Admission,наивная MLE,0.14180080214127713,0.8915800993922908,0.10841990060770923
Treatment→Admission,наивная MLE,0.1432188101626899,0.8931861692331385,0.1068138307668615
Treatment→Admission,наивная MLE,0.14463681818410265,0.8947653957204358,0.10523460427956423
Treatment→Admission,наивная MLE,0.14605482620551544,0.8963183154549141,0.10368168454508583
Treatment→Admission,наивная MLE,0.1474728342269282,0.8978454514639462,0.10215454853605374
Treatment→Admission,наивная MLE,0.14889084224834098,0.8993473136465787,0.10065268635342128
Treatment→Admission,наивная MLE,0.15030885026975374,0.9008243992000023,0.0991756007999977
Treatment→Admission,наивная MLE,0.15172685829116653,0.9022771930284016,0.0977228069715984
Treatment→Admission,наивная MLE,0.1531448663125793,0.9037061681350732,0.09629383186492675
Treatment→Admission,наивная MLE,0.15456287433399207,0.9051117859986535,0.09488821400134649
Treatment→Admission,наивная MLE,0.15598088235540483,0.9064944969342457,0.09350550306575438
Treatment→Admission,наивная MLE,0.1573988903768176,0.907854740440179,0.09214525955982102
Treatment→Admission,наивная MLE,0.15881689839823038,0.9091929455311214,0.09080705446887861
Treatment→Admission,наивная MLE,0.16023490641964314,0.9105095310581696,0.08949046894183041
Treatment→Admission,наивная MLE,0.16165291444105592,0.9118049060165769,0.08819509398342303
Treatment→Admission,наивная MLE,0.16307092246246868,0.913079469841673,0.08692053015832704
Treatment→Admission,наивная MLE,0.16448893048388147,0.9143336126935475,0.08566638730645247
Treatment→Admission,наивная MLE,0.16590693850529423,0.9155677157310179,0.08443228426898211
Treatment→Admission,наивная MLE,0.167324946526707,0.9167821513753662,0.08321784862463373
Treatment→Admission,наивная MLE,0.16874295454811977,0.9179772835643222,0.08202271643567785
Treatment→Admission,наивная MLE,0.17016096256953253,0.9191534679967324,0.08084653200326763
Treatment→Admission,наивная MLE,0.17157897059094532,0.9203110523683288,0.07968894763167121
Treatment→Admission,наивная MLE,0.17299697861235808,0.9214503765989976,0.07854962340100238
Treatment→Admission,наивная MLE,0.17441498663377086,0.9225717730519228,0.07742822694807718
Treatment→Admission,наивная MLE,0.17583299465518362,0.9236755667449572,0.07632443325504279
Treatment→Admission,наивная MLE,0.1772510026765964,0.9247620755545628,0.07523792444543721
Treatment→Admission,наивная MLE,0.17866901069800917,0.9258316104126331,0.07416838958736689
Treatment→Admission,наивная MLE,0.18008701871942195,0.9268844754965129,0.07311552450348711
Treatment→Admission,наивная MLE,0.1815050267408347,0.9279209684124886,0.0720790315875114
Treatment→Admission,наивная MLE,0.18292303476224747,0.9289413803730346,0.07105861962696539
Treatment→Admission,наивная MLE,0.18434104278366026,0.9299459963680723,0.07005400363192767
Treatment→Admission,наивная MLE,0.18575905080507302,0.9309350953304875,0.06906490466951253
Treatment→Admission,наивная MLE,0.1871770588264858,0.9319089502961411,0.06809104970385892
Treatment→Admission,наивная MLE,0.18859506684789856,0.9328678285586021,0.06713217144139796
Treatment→Admission,наивная MLE,0.19001307486931135,0.9338119918188088,0.06618800818119125
Treatment→Admission,наивная MLE,0.1914310828907241,0.9347416963298675,0.06525830367013251
Treatment→Admission,наивная MLE,0.1928490909121369,0.9356571930371754,0.0643428069628246
Treatment→Admission,наивная MLE,0.19426709893354965,0.9365587277140596,0.06344127228594042
Treatment→Admission,наивная MLE,0.1956851069549624,0.937446541093099,0.06255345890690102
Treatment→Admission,наивная MLE,0.1971031149763752,0.9383208689933064,0.06167913100669365
Treatment→Admission,наивная MLE,0.19852112299778796,0.939181942443319,0.06081805755668106
Treatment→Admission,наивная MLE,0.19993913101920074,0.9400299878007613,0.05997001219923871
Treatment→Admission,наивная MLE,0.2013571390406135,0.9408652268679173,0.05913477313208273
Treatment→Admission,наивная MLE,0.2027751470620263,0.941687877003855,0.05831212299614496
Treatment→Admission,наивная MLE,0.20419315508343905,0.9424981512331351,0.057501848766864934
Treatment→Admission,наивная MLE,0.20561116310485184,0.9432962583512308,0.05670374164876919
Treatment→Admission,наивная MLE,0.2070291711262646,0.9440824030267794,0.0559175969732206
Treatment→Admission,наивная MLE,0.20844717914767735,0.9448567859007837,0.05514321409921629
Treatment→Admission,наивная MLE,0.20986518716909014,0.9456196036828692,0.05438039631713076
Treatment→Admission,наивная MLE,0.2112831951905029,0.9463710492447103,0.05362895075528968
Treatment→Admission,наивная MLE,0.21270120321191568,0.9471113117107219,0.05288868828927802
Treatment→Admission,наивная MLE,0.21411921123332844,0.9478405765461151,0.05215942345388491
Treatment→Admission,наивная MLE,0.21553721925474123,0.9485590256424098,0.051440974357590194
Treatment→Admission,наивная MLE,0.216955227276154,0.9492668374004956,0.050733162599504424
Treatment→Admission,наивная MLE,0.21837323529756678,0.9499641868113238,0.05003581318867625
Treatment→Admission,наивная MLE,0.21979124331897953,0.9506512455343127,0.049348754465687365
Treatment→Admission,наивная MLE,0.2212092513403923,0.9513281819735488,0.04867181802645112
Treatment→Admission,наивная MLE,0.22262725936180508,0.9519951613518537,0.048004838648146336
Treatment→Admission,наивная MLE,0.22404526738321784,0.9526523457827911,0.04734765421720886
Treatment→Admission,наивная MLE,0.22546327540463063,0.9532998943406885,0.046700105659311535
Treatment→Admission,наивная MLE,0.22688128342604338,0.9539379631287294,0.04606203687127064
Treatment→Admission,наивная MLE,0.22829929144745617,0.9545667053451921,0.045433294654808
Treatment→Admission,наивная MLE,0.22971729946886893,0.9551862713478871,0.04481372865211288
Treatment→Admission,наивная MLE,0.23113530749028172,0.9557968087168583,0.04420319128314168
Treatment→Admission,наивная MLE,0.23255331551169448,0.9563984623154013,0.04360153768459875
Treatment→Admission,наивная MLE,0.23397132353310723,0.9569913743494546,0.043008625650545404
Treatment→Admission,наивная MLE,0.23538933155452002,0.9575756844254176,0.04242431557458234
Treatment→Admission,наивная MLE,0.23680733957593278,0.9581515296064423,0.041848470393557644
Treatment→Admission,наивная MLE,0.23822534759734557,0.9587190444672513,0.041280955532748645
Treatment→Admission,наивная MLE,0.23964335561875832,0.9592783611475258,0.0407216388524742
Treatment→Admission,наивная MLE,0.2410613636401711,0.9598296094039102,0.04017039059608989
Treatment→Admission,наивная MLE,0.24247937166158387,0.9603729166606763,0.0396270833393237
Treatment→Admission,наивная MLE,0.24389737968299666,0.9609084080590888,0.039091591940911205
Treatment→Admission,наивная MLE,0.24531538770440942,0.9614362065055111,0.03856379349448887
Treatment→Admission,наивная MLE,0.24673339572582217,0.9619564327182919,0.038043567281708095
Treatment→Admission,наивная MLE,0.24815140374723496,0.9624692052734688,0.037530794726531154
Treatment→Admission,наивная MLE,0.24956941176864772,0.9629746406493257,0.03702535935067435
Treatment→Admission,наивная MLE,0.2509874197900605,0.9634728532698366,0.03652714673016342
Treatment→Admission,наивная MLE,0.2524054278114733,0.9639639555470321,0.03603604445296789
Treatment→Admission,наивная MLE,0.253823435832886,0.9644480579223184,0.03555194207768161
Treatment→Admission,наивная MLE,0.2552414438542988,0.9649252689067813,0.03507473109321868
Treatment→Admission,наивная MLE,0.2566594518757116,0.9653956951205038,0.03460430487949621
Treatment→Admission,наивная MLE,0.2580774598971244,0.9658594413309287,0.03414055866907132
Treatment→Admission,наивная MLE,0.2594954679185371,0.9663166104902905,0.033683389509709546
Treatment→Admission,наивная MLE,0.2609134759399499,0.9667673037721471,0.033232696227852875
Treatment→Admission,наивная MLE,0.2623314839613627,0.9672116206070356,0.032788379392964376
Treatment→Admission,наивная MLE,0.2637494919827754,0.9676496587172766,0.0323503412827234
Treatment→Admission,наивная MLE,0.2651675000041882,0.9680815141509532,0.03191848584904674
Treatment→Admission,наивная MLE,0.266585508025601,0.9685072813150871,0.03149271868491283
Treatment→Admission,наивная MLE,0.2680035160470138,0.9689270530080342,0.031072946991965833
Treatment→Admission,наивная MLE,0.2694215240684265,0.9693409204511219,0.030659079548878178
Treatment→Admission,наивная MLE,0.2708395320898393,0.9697489733195503,0.030251026680449617
Treatment→Admission,наивная MLE,0.2722575401112521,0.9701512997725765,0.029848700227423485
Treatment→Admission,наивная MLE,0.2736755481326648,0.970547986483001,0.029452013516998964
Treatment→Admission,наивная MLE,0.2750935561540776,0.9709391186659789,0.029060881334021113
Treatment→Admission,наивная MLE,0.2765115641754904,0.9713247801071702,0.02867521989282981
Treatment→Admission,наивная MLE,0.2779295721969032,0.9717050531902502,0.028294946809749713
Treatment→Admission,наивная MLE,0.2793475802183159,0.9720800189237957,0.02791998107620431
Treatment→Admission,наивная MLE,0.2807655882397287,0.9724497569675647,0.027550243032435237
Treatment→Admission,наивная MLE,0.2821835962611415,0.9728143456581858,0.02718565434181415
Treatment→Admission,наивная MLE,0.28360160428255426,0.973173862034272,0.026826137965727942
Treatment→Admission,наивная MLE,0.285019612303967,0.9735283818609762,0.026471618139023784
Treatment→Admission,наивная MLE,0.2864376203253798,0.9738779796540008,0.02612202034599919
Treatment→Admission,наивная MLE,0.28785562834679257,0.974222728703078,0.02577727129692193
Treatment→Admission,наивная MLE,0.2892736363682053,0.9745627010949333,0.025437298905066724
Treatment→Admission,наивная MLE,0.2906916443896181,0.9748979677357448,0.02510203226425522
Treatment→Admission,наивная MLE,0.2921096524110309,0.975228598373115,0.024771401626884983
Treatment→Admission,наивная MLE,0.29352766043244366,0.9755546616175631,0.024445338382436933
Treatment→Admission,наивная MLE,0.2949456684538564,0.9758762249635529,0.024123775036447123
Treatment→Admission,наивная MLE,0.2963636764752692,0.9761933548100682,0.023806645189931794
Treatment→Admission,наивная MLE,0.29778168449668196,0.9765061164807455,0.023493883519254515
Treatment→Admission,наивная MLE,0.2991996925180947,0.9768145742435771,0.023185425756422948
Treatment→Admission,наивная MLE,0.3006177005395075,0.9771187913301939,0.022881208669806183
Treatment→Admission,наивная MLE,0.30203570856092027,0.9774188299547399,0.022581170045260047
Treatment→Admission,наивная MLE,0.30345371658233306,0.9777147513323476,0.022285248667652312
Treatment→Admission,наивная MLE,0.3048717246037458,0.978006615697224,0.021993384302776014
Treatment→Admission,наивная MLE,0.3062897326251586,0.9782944823203575,0.021705517679642426
Treatment→Admission,наивная MLE,0.30770774064657136,0.978578409526856,0.021421590473143966
Treatment→Admission,наивная MLE,0.30912574866798415,0.9788584547129222,0.021141545287077828
Treatment→Admission,наивная MLE,0.3105437566893969,0.9791346743624783,0.020865325637521696
Treatment→Admission,наивная MLE,0.31196176471080966,0.9794071240634472,0.020592875936552835
Treatment→Admission,наивная MLE,0.31337977273222245,0.9796758585236975,0.020324141476302442
Treatment→Admission,наивная MLE,0.3147977807536352,0.979940931586663,0.020059068413337086
Treatment→Admission,наивная MLE,0.31621578877504797,0.9802023962466409,0.0197976037533591
Treatment→Admission,наивная MLE,0.31763379679646075,0.9804603046637812,0.019539695336218785
Treatment→Admission,наивная MLE,0.31905180481787354,0.9807147081787694,0.019285291821230652
Treatment→Admission,наивная MLE,0.32046981283928627,0.9809656573272133,0.019034342672786666
Treatment→Admission,наивная MLE,0.32188782086069906,0.9812132018537408,0.01878679814625912
Treatment→Admission,наивная MLE,0.32330582888211185,0.9814573907258131,0.01854260927418696
Treatment→Admission,наивная MLE,0.3247238369035246,0.9816982721472616,0.01830172785273841
Treatment→Admission,наивная MLE,0.32614184492493736,0.9819358935715564,0.01806410642844357
Treatment→Admission,наивная MLE,0.32755985294635015,0.9821703017148093,0.017829698285190657
Treatment→Admission,наивная MLE,0.32897786096776294,0.9824015425685197,0.01759845743148022
Treatment→Admission,наивная MLE,0.33039586898917567,0.9826296614120694,0.017370338587930537
Treatment→Admission,наивная MLE,0.33181387701058845,0.9828547028249706,0.017145297175029394
Treatment→Admission,наивная MLE,0.33323188503200124,0.9830767106988743,0.01692328930112572
Treatment→Admission,наивная MLE,0.334649893053414,0.9832957282493435,0.016704271750656464
Treatment→Admission,наивная MLE,0.33606790107482676,0.9835117980273975,0.016488201972602496
Treatment→Admission,наивная MLE,0.33748590909623954,0.9837249619308308,0.016275038069169138
Treatment→Admission,наивная MLE,0.33890391711765233,0.9839352612153142,0.016064738784685853
Treatment→Admission,наивная MLE,0.34032192513906506,0.9841427365052801,0.01585726349471995
Treatment→Admission,наивная MLE,0.34173993316047785,0.9843474278045996,0.015652572195400432
Treatment→Admission,наивная MLE,0.34315794118189064,0.984549374507054,0.015450625492945949
Treatment→Admission,наивная MLE,0.3445759492033034,0.9847486154066062,0.015251384593393771
Treatment→Admission,наивная MLE,0.34599395722471615,0.9849451887074758,0.01505481129252419
Treatment→Admission,наивная MLE,0.34741196524612894,0.9851391320340235,0.014860867965976474
Treatment→Admission,наивная MLE,0.3488299732675417,0.9853304824404473,0.01466951755955272
Treatment→Admission,наивная MLE,0.35024798128895446,0.9855192764202958,0.014480723579704249
Treatment→Admission,наивная MLE,0.35166598931036724,0.9857055499158023,0.014294450084197746
Treatment→Admission,наивная MLE,0.35308399733178003,0.9858893383270432,0.014110661672956855
Treatment→Admission,наивная MLE,0.3545020053531928,0.9860706765209252,0.013929323479074865
Treatment→Admission,наивная MLE,0.35592001337460555,0.986249598840004,0.013750401159996038
Treatment→Admission,наивная MLE,0.35733802139601833,0.9864261391111397,0.013573860888860303
Treatment→Admission,наивная MLE,0.3587560294174311,0.9866003306539903,0.013399669346009616
Treatment→Admission,наивная MLE,0.3601740374388439,0.9867722062893488,0.013227793710651222
Treatment→Admission,наивная MLE,0.36159204546025664,0.9869417983473251,0.013058201652674855
Treatment→Admission,наивная MLE,0.3630100534816694,0.9871091386753792,0.012890861324620808
Treatment→Admission,наивная MLE,0.3644280615030822,0.9872742586462043,0.012725741353795662
Treatment→Admission,наивная MLE,0.36584606952449494,0.9874371891654676,0.012562810834532366
Treatment→Admission,наивная MLE,0.36726407754590773,0.9875979606794085,0.012402039320591498
Treatment→Admission,наивная MLE,0.3686820855673205,0.9877566031822985,0.012243396817701499
Treatment→Admission,наивная MLE,0.3701000935887333,0.9879131462237659,0.012086853776234092
Treatment→Admission,наивная MLE,0.37151810161014603,0.9880676189159874,0.011932381084012587
Treatment→Admission,наивная MLE,0.3729361096315588,0.9882200499407497,0.011779950059250227
Treatment→Admission,наивная MLE,0.3743541176529716,0.988370467556384,0.011629532443615942
Treatment→Admission,наивная MLE,0.3757721256743844,0.9885188996045754,0.011481100395424578
Treatment→Admission,наивная MLE,0.3771901336957971,0.9886653735170504,0.011334626482949634
Treatment→Admission,наивная MLE,0.3786081417172099,0.9888099163221447,0.01119008367785537
Treatment→Admission,наивная MLE,0.3800261497386227,0.9889525546512536,0.011047445348746347
Treatment→Admission,наивная MLE,0.38144415776003543,0.9890933147451684,0.01090668525483164
Treatment→Admission,наивная MLE,0.3828621657814482,0.9892322224602982,0.010767777539701835
Treatment→Admission,наивная MLE,0.384280173802861,0.989369303274784,0.010630696725215947
Treatment→Admission,наивная MLE,0.3856981818242738,0.9895045822945033,0.010495417705496717
Treatment→Admission,наивная MLE,0.3871161898456865,0.9896380842589685,0.010361915741031513
Treatment→Admission,наивная MLE,0.3885341978670993,0.9897698335471229,0.010230166452877158
Treatment→Admission,наивная MLE,0.3899522058885121,0.9898998541830336,0.010100145816966343
Treatment→Admission,наивная MLE,0.3913702139099248,0.9900281698414861,0.009971830158513863
Treatment→Admission,наивная MLE,0.3927882219313376,0.9901548038534798,0.00984519614652025
Treatment→Admission,наивная MLE,0.3942062299527504,0.9902797792116285,0.009720220788371495
Treatment→Admission,наивная MLE,0.3956242379741632,0.9904031185754675,0.009596881424532477
Treatment→Admission,наивная MLE,0.3970422459955759,0.9905248442766675,0.009475155723332448
Treatment→Admission,наивная MLE,0.3984602540169887,0.9906449783241593,0.009355021675840725
Treatment→Admission,наивная MLE,0.3998782620384015,0.9907635424091691,0.009236457590830896
Treatment→Admission,наивная MLE,0.4012962700598143,0.9908805579101682,0.009119442089831821
Treatment→Admission,наивная MLE,0.402714278081227,0.9909960458977364,0.009003954102263581
Treatment→Admission,наивная MLE,0.4041322861026398,0.9911100271393432,0.008889972860656821
Treatment→Admission,наивная MLE,0.4055502941240526,0.9912225221040458,0.008777477895954126
Treatment→Admission,наивная MLE,0.4069683021454653,0.9913335509671086,0.008666449032891358
Treatment→Admission,наивная MLE,0.4083863101668781,0.9914431336145422,0.008556866385457834
Treatment→Admission,наивная MLE,0.4098043181882909,0.9915512896475663,0.008448710352433638
Treatment→Admission,наивная MLE,0.41122232620970367,0.9916580383869973,0.008341961613002687
Treatment→Admission,наивная MLE,0.4126403342311164,0.99176339887756,0.008236601122439987
Treatment→Admission,наивная MLE,0.4140583422525292,0.9918673898921282,0.00813261010787183
Treatment→Admission,наивная MLE,0.415476350273942,0.9919700299358927,0.008029970064107364
Treatment→Admission,наивная MLE,0.4168943582953547,0.9920713372504596,0.007928662749540457
Treatment→Admission,наивная MLE,0.4183123663167675,0.9921713298178798,0.00782867018212017
Treatment→Admission,наивная MLE,0.4197303743381803,0.9922700253646112,0.007729974635388864
Treatment→Admission,наивная MLE,0.42114838235959307,0.9923674413654134,0.007632558634586556
Treatment→Admission,наивная MLE,0.4225663903810058,0.9924635950471798,0.007536404952820198
Treatment→Admission,наивная MLE,0.4239843984024186,0.9925585033927031,0.00744149660729684
Treatment→Admission,с учётом цензуры,0.0,0.0,1.0
Treatment→Admission,с учётом цензуры,0.0014180080214127712,0.1610547721139892,0.8389452278860108
Treatment→Admission,с учётом цензуры,0.0028360160428255424,0.2162687914695959,0.7837312085304041
Treatment→Admission,с учётом цензуры,0.004254024064238314,0.256624603896549,0.743375396103451
Treatment→Admission,с учётом цензуры,0.005672032085651085,0.28947626438352375,0.7105237356164762
Treatment→Admission,с учётом цензуры,0.007090040107063856,0.3175999654807012,0.6824000345192989
Treatment→Admission,с учётом цензуры,0.008508048128476628,0.34239659868600303,0.657603401313997
Treatment→Admission,с учётом цензуры,0.009926056149889399,0.3646887257327139,0.6353112742672862
Treatment→Admission,с учётом цензуры,0.01134406417130217,0.3850075678704709,0.614992432129529
Treatment→Admission,с учётом цензуры,0.01276207219271494,0.4037195578638227,0.5962804421361774
Treatment→Admission,с учётом цензуры,0.014180080214127712,0.4210900149706998,0.5789099850293002
Treatment→Admission,с учётом цензуры,0.015598088235540482,0.4373183364107296,0.5626816635892704
Treatment→Admission,с учётом цензуры,0.017016096256953255,0.4525588700499455,0.5474411299500546
Treatment→Admission,с учётом цензуры,0.018434104278366024,0.4669339975428274,0.5330660024571726
Treatment→Admission,с учётом цензуры,0.019852112299778797,0.48054270798457754,0.5194572920154225
Treatment→Admission,с учётом цензуры,0.021270120321191566,0.4934664260762908,0.5065335739237091
Treatment→Admission,с учётом цензуры,0.02268812834260434,0.5057730976011336,0.49422690239886635
Treatment→Admission,с учётом цензуры,0.024106136364017112,0.5175201291931918,0.4824798708068082
Treatment→Admission,с учётом цензуры,0.02552414438542988,0.5287565519277572,0.47124344807224283
Treatment→Admission,с учётом цензуры,0.026942152406842654,0.5395246452488982,0.4604753547511018
Treatment→Admission,с учётом цензуры,0.028360160428255423,0.5498611770720041,0.4501388229279959
Treatment→Admission,с учётом цензуры,0.029778168449668196,0.5597983653847112,0.44020163461528883
Treatment→Admission,с учётом цензуры,0.031196176471080965,0.5693646341466354,0.4306353658533646
Treatment→Admission,с учётом цензуры,0.03261418449249374,0.5785852148248988,0.4214147851751012
Treatment→Admission,с учётом цензуры,0.03403219251390651,0.5874826304218744,0.41251736957812557
Treatment→Admission,с учётом цензуры,0.03545020053531928,0.5960770888867754,0.40392291111322465
Treatment→Admission,с учётом цензуры,0.03686820855673205,0.604386805821624,0.39561319417837604
Treatment→Admission,с учётом цензуры,0.03828621657814482,0.6124282714214019,0.3875717285785981
Treatment→Admission,с учётом цензуры,0.039704224599557594,0.6202164729960107,0.3797835270039893
Treatment→Admission,с учётом цензуры,0.04112223262097037,0.6277650817903514,0.3722349182096486
Treatment→Admission,с учётом цензуры,0.04254024064238313,0.6350866108671328,0.3649133891328672
Treatment→Admission,с учётом цензуры,0.043958248663795906,0.6421925493527091,0.3578074506472909
Treatment→Admission,с учётом цензуры,0.04537625668520868,0.649093477235799,0.350906522764201
Treatment→Admission,с учётом цензуры,0.04679426470662145,0.6557991640585362,0.3442008359414638
Treatment→Admission,с учётом цензуры,0.048212272728034224,0.6623186541819953,0.3376813458180047
Treatment→Admission,с учётом цензуры,0.04963028074944699,0.668660340795903,0.331339659204097
Treatment→Admission,с учётом цензуры,0.05104828877085976,0.6748320304395666,0.32516796956043337
Treatment→Admission,с учётом цензуры,0.052466296792272535,0.6808409994821777,0.3191590005178226
Treatment→Admission,с учётом цензуры,0.05388430481368531,0.686694043756409,0.31330595624359114
Treatment→Admission,с учётом цензуры,0.05530231283509807,0.692397522335103,0.30760247766489673
Treatment→Admission,с учётом цензуры,0.056720320856510846,0.6979573962759883,0.3020426037240116
Treatment→Admission,с учётом цензуры,0.05813832887792362,0.703379263025381,0.2966207369746192
Treatment→Admission,с учётом цензуры,0.05955633689933639,0.7086683870623582,0.29133161293764165
Treatment→Admission,с учётом цензуры,0.060974344920749164,0.7138297272749524,0.2861702727250475
Treatment→Admission,с учётом цензуры,0.06239235294216193,0.7188679614856509,0.281132038514349
Treatment→Admission,с учётом цензуры,0.0638103609635747,0.7237875084819037,0.27621249151809635
Treatment→Admission,с учётом цензуры,0.06522836898498748,0.7285925478559794,0.27140745214402057
Treatment→Admission,с учётом цензуры,0.06664637700640025,0.7332870379155537,0.2667129620844459
Treatment→Admission,с учётом цензуры,0.06806438502781302,0.7378747318902884,0.2621252681097116
Treatment→Admission,с учётом цензуры,0.0694823930492258,0.7423591926291805,0.2576408073708194
Treatment→Admission,с учётом цензуры,0.07090040107063857,0.7467438059576619,0.25325619404233823
Treatment→Admission,с учётом цензуры,0.07231840909205133,0.7510317928414619,0.2489682071585382
Treatment→Admission,с учётом цензуры,0.0737364171134641,0.7552262204855533,0.24477377951444668
Treatment→Admission,с учётом цензуры,0.07515442513487687,0.7593300124804622,0.24066998751953778
Treatment→Admission,с учётом цензуры,0.07657243315628964,0.7633459580944796,0.23665404190552022
Treatment→Admission,с учётом цензуры,0.07799044117770242,0.7672767207984673,0.23272327920153255
Treatment→Admission,с учётом цензуры,0.07940844919911519,0.7711248460997118,0.22887515390028795
Treatment→Admission,с учётом цензуры,0.08082645722052796,0.7748927687524323,0.22510723124756765
Treatment→Admission,с учётом цензуры,0.08224446524194073,0.7785828194048378,0.22141718059516227
Treatment→Admission,с учётом цензуры,0.0836624732633535,0.7821972307359413,0.2178027692640587
Treatment→Admission,с учётом цензуры,0.08508048128476627,0.785738143129478,0.2142618568705221
Treatment→Admission,с учётом цензуры,0.08649848930617904,0.789207609927158,0.2107923900728419
Treatment→Admission,с учётом цензуры,0.08791649732759181,0.792607602298999,0.20739239770100093
Treatment→Admission,с учётом цензуры,0.08933450534900458,0.7959400137645237,0.20405998623547603
Treatment→Admission,с учётом цензуры,0.09075251337041736,0.7992066643951452,0.20079333560485477
Treatment→Admission,с учётом цензуры,0.09217052139183013,0.802409304724973,0.19759069527502707
Treatment→Admission,с учётом цензуры,0.0935885294132429,0.8055496193945759,0.1944503806054243
Treatment→Admission,с учётом цензуры,0.09500653743465567,0.8086292305498082,0.1913707694501916
Treatment→Admission,с учётом цензуры,0.09642454545606845,0.8116497010156858,0.18835029898431413
Treatment→Admission,с учётом цензуры,0.0978425534774812,0.8146125372633747,0.18538746273662549
Treatment→Admission,с учётом цензуры,0.09926056149889398,0.8175191921866782,0.18248080781332182
Treatment→Admission,с учётом цензуры,0.10067856952030675,0.8203710677028778,0.17962893229712198
Treatment→Admission,с учётом цензуры,0.10209657754171952,0.8231695171914314,0.17683048280856836
Treatment→Admission,с учётом цензуры,0.1035145855631323,0.8259158477828199,0.17408415221718004
Treatment→Admission,с учётом цензуры,0.10493259358454507,0.8286113225087425,0.17138867749125733
Treatment→Admission,с учётом цензуры,0.10635060160595784,0.8312571623238795,0.1687428376761206
Treatment→Admission,с учётом цензуры,0.10776860962737062,0.8338545480085564,0.16614545199144365
Treatment→Admission,с учётом цензуры,0.10918661764878339,0.8364046219608591,0.16359537803914065
Treatment→Admission,с учётом цензуры,0.11060462567019615,0.838908489886016,0.16109151011398398
Treatment→Admission,с учётом цензуры,0.11202263369160892,0.8413672223902247,0.15863277760977512
Treatment→Admission,с учётом цензуры,0.11344064171302169,0.8437818564855165,0.15621814351448346
Treatment→Admission,с учётом цензуры,0.11485864973443446,0.8461533970117022,0.15384660298829766
Treatment→Admission,с учётом цензуры,0.11627665775584724,0.8484828179809824,0.15151718201901765
Treatment→Admission,с учётом цензуры,0.11769466577726001,0.8507710638503441,0.14922893614965577
Treatment→Admission,с учётом цензуры,0.11911267379867278,0.8530190507264841,0.14698094927351585
Treatment→Admission,с учётом цензуры,0.12053068182008556,0.8552276675076206,0.1447723324923794
Treatment→Admission,с учётом цензуры,0.12194868984149833,0.857397776966234,0.14260222303376607
Treatment→Admission,с учётом цензуры,0.12336669786291109,0.8595302167764668,0.1404697832235333
Treatment→Admission,с учётом цензуры,0.12478470588432386,0.8616258004896383,0.13837419951036137
Treatment→Admission,с учётом цензуры,0.12620271390573665,0.8636853184610795,0.13631468153892062
Treatment→Admission,с учётом цензуры,0.1276207219271494,0.8657095387312481,0.13429046126875172
Treatment→Admission,с учётом цензуры,0.1290387299485622,0.8676992078638965,0.13230079213610316
Treatment→Admission,с учётом цензуры,0.13045673796997495,0.8696550517438371,0.1303449482561629
Treatment→Admission,с учётом цензуры,0.1318747459913877,0.8715777763366928,0.1284222236633073
Treatment→Admission,с учётом цензуры,0.1332927540128005,0.8734680684128568,0.12653193158714313
Treatment→Admission,с учётом цензуры,0.13471076203421326,0.8753265962377105,0.12467340376228955
Treatment→Admission,с учётом цензуры,0.13612877005562604,0.8771540102300344,0.12284598976996568
Treatment→Admission,с учётом цензуры,0.1375467780770388,0.8789509435904037,0.12104905640959629
Treatment→Admission,с учётом цензуры,0.1389647860984516,0.8807180129012432,0.11928198709875686
Treatment→Admission,с учётом цензуры,0.14038279411986435,0.8824558187001061,0.11754418129989383
Treatment→Admission,с учётом цензуры,0.14180080214127713,0.884164946027643,0.11583505397235706
Treatment→Admission,с учётом цензуры,0.1432188101626899,0.8858459649516265,0.11415403504837347
Treatment→Admission,с учётом цензуры,0.14463681818410265,0.8874994310683142,0.11250056893168583
Treatment→Admission,с учётом цензуры,0.14605482620551544,0.889125885982355,0.11087411401764496
Treatment→Admission,с учётом цензуры,0.1474728342269282,0.8907258577663548,0.10927414223364522
Treatment→Admission,с учётом цензуры,0.14889084224834098,0.8922998614011693,0.10770013859883067
Treatment→Admission,с учётом цензуры,0.15030885026975374,0.8938483991979042,0.10615160080209583
Treatment→Admission,с учётом цензуры,0.15172685829116653,0.8953719612025656,0.10462803879743443
Treatment→Admission,с учётом цензуры,0.1531448663125793,0.896871025584222,0.103128974415778
Treatment→Admission,с учётом цензуры,0.15456287433399207,0.8983460590075144,0.10165394099248556
Treatment→Admission,с учётом цензуры,0.15598088235540483,0.899797516990278,0.10020248300972205
Treatment→Admission,с учётом цензуры,0.1573988903768176,0.9012258442470129,0.09877415575298706
Treatment→Admission,с учётом цензуры,0.15881689839823038,0.9026314750188844,0.09736852498111558
Treatment→Admission,с учётом цензуры,0.16023490641964314,0.9040148333909098,0.09598516660909019
Treatment→Admission,с учётом цензуры,0.16165291444105592,0.905376333596924,0.09462366640307592
Treatment→Admission,с учётом цензуры,0.16307092246246868,0.9067163803129278,0.09328361968707226
Treatment→Admission,с учётом цензуры,0.16448893048388147,0.9080353689393337,0.09196463106066638
Treatment→Admission,с учётом цензуры,0.16590693850529423,0.9093336858726468,0.0906663141273532
Treatment→Admission,с учётом цензуры,0.167324946526707,0.9106117087670528,0.08938829123294718
Treatment→Admission,с учётом цензуры,0.16874295454811977,0.9118698067863772,0.08813019321362277
Treatment→Admission,с учётом цензуры,0.17016096256953253,0.9131083408468504,0.08689165915314952
Treatment→Admission,с учётом цензуры,0.17157897059094532,0.9143276638510927,0.08567233614890732
Treatment→Admission,с учётом цензуры,0.17299697861235808,0.9155281209137001,0.08447187908629994
Treatment→Admission,с учётом цензуры,0.17441498663377086,0.9167100495788117,0.08328995042118828
Treatment→Admission,с учётом цензуры,0.17583299465518362,0.9178737800299986,0.08212621997000133
Treatment→Admission,с учётом цензуры,0.1772510026765964,0.9190196352928148,0.08098036470718513
Treatment→Admission,с учётом цензуры,0.17866901069800917,0.9201479314303173,0.07985206856968274
Treatment→Admission,с учётом цензуры,0.18008701871942195,0.9212589777318586,0.07874102226814136
Treatment→Admission,с учётом цензуры,0.1815050267408347,0.9223530768954362,0.07764692310456374
Treatment→Admission,с учётом цензуры,0.18292303476224747,0.923430525203866,0.076569474796134
Treatment→Admission,с учётом цензуры,0.18434104278366026,0.924491612695034,0.07550838730496601
Treatment→Admission,с учётом цензуры,0.18575905080507302,0.9255366233264788,0.07446337667352122
Treatment→Admission,с учётом цензуры,0.1871770588264858,0.926565835134526,0.07343416486547405
Treatment→Admission,с учётом цензуры,0.18859506684789856,0.9275795203882028,0.07242047961179718
Treatment→Admission,с учётом цензуры,0.19001307486931135,0.9285779457381358,0.07142205426186421
Treatment→Admission,с учётом цензуры,0.1914310828907241,0.9295613723606423,0.07043862763935767
Treatment→Admission,с учётом цензуры,0.1928490909121369,0.9305300560971904,0.06946994390280958
Treatment→Admission,с учётом цензуры,0.19426709893354965,0.9314842475894282,0.06851575241057184
Treatment→Admission,с учётом цензуры,0.1956851069549624,0.9324241924099362,0.06757580759006379
Treatment→Admission,с учётом цензуры,0.1971031149763752,0.9333501311888823,0.06664986881111762
Treatment→Admission,с учётом цензуры,0.19852112299778796,0.9342622997367307,0.06573770026326935
Treatment→Admission,с учётом цензуры,0.19993913101920074,0.9351609291631529,0.06483907083684717
Treatment→Admission,с учётом цензуры,0.2013571390406135,0.9360462459922922,0.06395375400770771
Treatment→Admission,с учётом цензуры,0.2027751470620263,0.9369184722745095,0.0630815277254905
Treatment→Admission,с учётом цензуры,0.20419315508343905,0.9377778256947468,0.062222174305253244
Treatment→Admission,с учётом цензуры,0.20561116310485184,0.9386245196776358,0.06137548032236417
Treatment→Admission,с учётом цензуры,0.2070291711262646,0.9394587634894623,0.06054123651053763
Treatment→Admission,с учётом цензуры,0.20844717914767735,0.9402807623371113,0.059719237662888655
Treatment→Admission,с учётом цензуры,0.20986518716909014,0.9410907174640952,0.05890928253590483
Treatment→Admission,с учётом цензуры,0.2112831951905029,0.9418888262437725,0.05811117375622759
Treatment→Admission,с учётом цензуры,0.21270120321191568,0.9426752822698576,0.05732471773014231
Treatment→Admission,с учётом цензуры,0.21411921123332844,0.9434502754443185,0.05654972455568156
Treatment→Admission,с учётом цензуры,0.21553721925474123,0.9442139920627485,0.05578600793725152
Treatment→Admission,с учётом цензуры,0.216955227276154,0.9449666148973109,0.05503338510268904
Treatment→Admission,с учётом цензуры,0.21837323529756678,0.9457083232773308,0.05429167672266919
Treatment→Admission,с учётом цензуры,0.21979124331897953,0.9464392931676203,0.053560706832379686
Treatment→Admission,с учётом цензуры,0.2212092513403923,0.9471596972446139,0.05284030275538604
Treatment→Admission,с учётом цензуры,0.22262725936180508,0.9478697049703902,0.05213029502960974
Treatment→Admission,с учётом цензуры,0.22404526738321784,0.9485694826646462,0.051430517335353775
Treatment→Admission,с учётом цензуры,0.22546327540463063,0.9492591935746993,0.050740806425300614
Treatment→Admission,с учётом цензуры,0.22688128342604338,0.9499389979435797,0.05006100205642023
Treatment→Admission,с учётом цензуры,0.22829929144745617,0.9506090530762751,0.04939094692372493
Treatment→Admission,с учётом цензуры,0.22971729946886893,0.9512695134041922,0.048730486595807754
Treatment→Admission,с учётом цензуры,0.23113530749028172,0.9519205305478907,0.04807946945210928
Treatment→Admission,с учётом цензуры,0.23255331551169448,0.9525622533781468,0.04743774662185323
Treatment→Admission,с учётом цензуры,0.23397132353310723,0.9531948280753997,0.04680517192460032
Treatment→Admission,с учётом цензуры,0.23538933155452002,0.953818398187634,0.046181601812366
Treatment→Admission,с учётом цензуры,0.23680733957593278,0.9544331046867482,0.04556689531325181
Treatment→Admission,с учётом цензуры,0.23822534759734557,0.9550390860234542,0.044960913976545745
Treatment→Admission,с учётом цензуры,0.23964335561875832,0.9556364781807596,0.04436352181924047
Treatment→Admission,с учётом цензуры,0.2410613636401711,0.9562254147260703,0.0437745852739298
Treatment→Admission,с учётом цензуры,0.24247937166158387,0.9568060268619636,0.04319397313803642
Treatment→Admission,с учётом цензуры,0.24389737968299666,0.9573784434756679,0.04262155652433208
Treatment→Admission,с учётом цензуры,0.24531538770440942,0.9579427911872903,0.04205720881270967
Treatment→Admission,с учётом цензуры,0.24673339572582217,0.9584991943968301,0.04150080560316995
Treatment→Admission,с учётом цензуры,0.24815140374723496,0.9590477753300171,0.04095222466998289
Treatment→Admission,с учётом цензуры,0.24956941176864772,0.9595886540830069,0.040411345916993156
Treatment→Admission,с учётом цензуры,0.2509874197900605,0.9601219486659702,0.039878051334029815
Treatment→Admission,с учётом цензуры,0.2524054278114733,0.9606477750456084,0.03935222495439161
Treatment→Admission,с учётом цензуры,0.253823435832886,0.961166247186626,0.03883375281337398
Treatment→Admission,с учётом цензуры,0.2552414438542988,0.9616774770921938,0.03832252290780629
Treatment→Admission,с учётом цензуры,0.2566594518757116,0.9621815748434284,0.037818425156571626
Treatment→Admission,с учётом цензуры,0.2580774598971244,0.9626786486379209,0.0373213513620792
Treatment→Admission,с учётом цензуры,0.2594954679185371,0.9631688048273389,0.036831195172661084
Treatment→Admission,с учётом цензуры,0.2609134759399499,0.9636521479541317,0.03634785204586833
Treatment→Admission,с учётом цензуры,0.2623314839613627,0.9641287807873605,0.0358712192126395
Treatment→Admission,с учётом цензуры,0.2637494919827754,0.9645988043576839,0.03540119564231614
Treatment→Admission,с учётом цензуры,0.2651675000041882,0.9650623179915173,0.034937682008482684
Treatment→Admission,с учётом цензуры,0.266585508025601,0.9655194193443939,0.03448058065560608
Treatment→Admission,с учётом цензуры,0.2680035160470138,0.9659702044335451,0.03402979556645487
Treatment→Admission,с учётом цензуры,0.2694215240684265,0.9664147676697291,0.033585232330270894
Treatment→Admission,с учётом цензуры,0.2708395320898393,0.9668532018883202,0.03314679811167975
Treatment→Admission,с учётом цензуры,0.2722575401112521,0.9672855983796861,0.032714401620313964
Treatment→Admission,с учётом цензуры,0.2736755481326648,0.9677120469188684,0.03228795308113168
Treatment→Admission,с учётом цензуры,0.2750935561540776,0.9681326357945886,0.03186736420541137
Treatment→Admission,с учётом цензуры,0.2765115641754904,0.9685474518375959,0.031452548162404094
Treatment→Admission,с учётом цензуры,0.2779295721969032,0.9689565804483744,0.031043419551625574
Treatment→Admission,с учётом цензуры,0.2793475802183159,0.9693601056242283,0.03063989437577171
Treatment→Admission,с учётом цензуры,0.2807655882397287,0.9697581099857624,0.030241890014237584
Treatment→Admission,с учётом цензуры,0.2821835962611415,0.9701506748027707,0.029849325197229316
Treatment→Admission,с учётом цензуры,0.28360160428255426,0.9705378800195525,0.02946211998044743
Treatment→Admission,с учётом цензуры,0.285019612303967,0.9709198042796696,0.029080195720330354
Treatment→Admission,с учётом цензуры,0.2864376203253798,0.9712965249501582,0.02870347504984187
Treatment→Admission,с учётом цензуры,0.28785562834679257,0.9716681181452119,0.02833188185478805
Treatment→Admission,с учётом цензуры,0.2892736363682053,0.9720346587493484,0.02796534125065165
Treatment→Admission,с учётом цензуры,0.2906916443896181,0.9723962204400729,0.02760377955992707
Treatment→Admission,с учётом цензуры,0.2921096524110309,0.9727528757100522,0.027247124289947765
Treatment→Admission,с учётом цензуры,0.29352766043244366,0.9731046958888112,0.026895304111188754
Treatment→Admission,с учётом цензуры,0.2949456684538564,0.9734517511639645,0.02654824883603545
Treatment→Admission,с учётом цензуры,0.2963636764752692,0.9737941106019949,0.0262058893980051
Treatment→Admission,с учётом цензуры,0.29778168449668196,0.9741318421685894,0.025868157831410648
Treatment→Admission,с учётом цензуры,0.2991996925180947,0.9744650127485457,0.025534987251454262
Treatment→Admission,с учётом цензуры,0.3006177005395075,0.9747936881652581,0.025206311834741917
Treatment→Admission,с учётом цензуры,0.30203570856092027,0.9751179331997935,0.02488206680020655
Treatment→Admission,с учётом цензуры,0.30345371658233306,0.9754378116095693,0.02456218839043068
Treatment→Admission,с учётом цензуры,0.3048717246037458,0.9757533861466416,0.02424661385335832
Treatment→Admission,с учётом цензуры,0.3062897326251586,0.976064718575613,0.02393528142438691
Treatment→Admission,с учётом цензуры,0.30770774064657136,0.9763718696911706,0.023628130308829414
Treatment→Admission,с учётом цензуры,0.30912574866798415,0.976674899335262,0.02332510066473806
Treatment→Admission,с учётом цензуры,0.3105437566893969,0.9769738664139191,0.02302613358608083
Treatment→Admission,с учётом цензуры,0.31196176471080966,0.9772688289137387,0.02273117108626131
Treatment→Admission,с учётом цензуры,0.31337977273222245,0.9775598439180242,0.022440156081975814
Treatment→Admission,с учётом цензуры,0.3147977807536352,0.9778469676226031,0.02215303237739687
Treatment→Admission,с учётом цензуры,0.31621578877504797,0.9781302553513223,0.02186974464867776
Treatment→Admission,с учётом цензуры,0.31763379679646075,0.9784097615712314,0.021590238428768595
Treatment→Admission,с учётом цензуры,0.31905180481787354,0.9786855399074621,0.021314460092537933
Treatment→Admission,с учётом цензуры,0.32046981283928627,0.9789576431578079,0.021042356842192175
Treatment→Admission,с учётом цензуры,0.32188782086069906,0.9792261233070146,0.020773876692985332
Treatment→Admission,с учётом цензуры,0.32330582888211185,0.9794910315407866,0.02050896845921332
Treatment→Admission,с учётом цензуры,0.3247238369035246,0.9797524182595146,0.020247581740485306
Treatment→Admission,с учётом цензуры,0.32614184492493736,0.9800103330917339,0.019989666908266125
Treatment→Admission,с учётом цензуры,0.32755985294635015,0.9802648249073163,0.019735175092683726
Treatment→Admission,с учётом цензуры,0.32897786096776294,0.9805159418304054,0.019484058169594677
Treatment→Admission,с учётом цензуры,0.33039586898917567,0.9807637312520971,0.01923626874790288
Treatment→Admission,с учётом цензуры,0.33181387701058845,0.981008239842875,0.018991760157124976
Treatment→Admission,с учётом цензуры,0.33323188503200124,0.9812495135648027,0.018750486435197233
Treatment→Admission,с учётом цензуры,0.334649893053414,0.9814875976834817,0.018512402316518326
Treatment→Admission,с учётом цензуры,0.33606790107482676,0.9817225367797775,0.018277463220222542
Treatment→Admission,с учётом цензуры,0.33748590909623954,0.9819543747613214,0.018045625238678607
Treatment→Admission,с учётом цензуры,0.33890391711765233,0.9821831548737915,0.01781684512620856
Treatment→Admission,с учётом цензуры,0.34032192513906506,0.9824089197119775,0.0175910802880225
Treatment→Admission,с учётом цензуры,0.34173993316047785,0.9826317112306364,0.017368288769363617
Treatment→Admission,с учётом цензуры,0.34315794118189064,0.9828515707551406,0.0171484292448594
Treatment→Admission,с учётом цензуры,0.3445759492033034,0.9830685389919255,0.016931461008074498
Treatment→Admission,с учётом цензуры,0.34599395722471615,0.98328265603874,0.016717343961260057
Treatment→Admission,с учётом цензуры,0.34741196524612894,0.9834939613947032,0.016506038605296713
Treatment→Admission,с учётом цензуры,0.3488299732675417,0.9837024939701746,0.016297506029825357
Treatment→Admission,с учётом цензуры,0.35024798128895446,0.9839082920964374,0.016091707903562572
Treatment→Admission,с учётом цензуры,0.35166598931036724,0.984111393535203,0.0158886064647969
Treatment→Admission,с учётом цензуры,0.35308399733178003,0.9843118354879388,0.015688164512061176
Treatment→Admission,с учётом цензуры,0.3545020053531928,0.9845096546050219,0.01549034539497809
Treatment→Admission,с учётом цензуры,0.35592001337460555,0.9847048869947256,0.015295113005274441
Treatment→Admission,с учётом цензуры,0.35733802139601833,0.9848975682320386,0.015102431767961458
Treatment→Admission,с учётом цензуры,0.3587560294174311,0.9850877333673235,0.014912266632676523
Treatment→Admission,с учётом цензуры,0.3601740374388439,0.9852754169348162,0.014724583065183773
Treatment→Admission,с учётом цензуры,0.36159204546025664,0.9854606529609701,0.01453934703902998
Treatment→Admission,с учётом цензуры,0.3630100534816694,0.9856434749726478,0.01435652502735218
Treatment→Admission,с учётом цензуры,0.3644280615030822,0.985823916005166,0.014176083994834067
Treatment→Admission,с учётом цензуры,0.36584606952449494,0.9860020086101916,0.013997991389808409
Treatment→Admission,с учётом цензуры,0.36726407754590773,0.9861777848634983,0.013822215136501696
Treatment→Admission,с учётом цензуры,0.3686820855673205,0.9863512763725814,0.01364872362741861
Treatment→Admission,с учётом цензуры,0.3701000935887333,0.9865225142841365,0.013477485715863487
Treatment→Admission,с учётом цензуры,0.37151810161014603,0.9866915292914046,0.013308470708595442
Treatment→Admission,с учётом цензуры,0.3729361096315588,0.986858351641385,0.013141648358614963
Treatment→Admission,с учётом цензуры,0.3743541176529716,0.987023011141921,0.012976988858079009
Treatment→Admission,с учётом цензуры,0.3757721256743844,0.9871855371686581,0.012814462831341935
Treatment→Admission,с учётом цензуры,0.3771901336957971,0.9873459586718801,0.012654041328119913
Treatment→Admission,с учётом цензуры,0.3786081417172099,0.9875043041832238,0.012495695816776214
Treatment→Admission,с учётом цензуры,0.3800261497386227,0.9876606018222753,0.0123393981777247
Treatment→Admission,с учётом цензуры,0.38144415776003543,0.9878148793030501,0.012185120696949927
Treatment→Admission,с учётом цензуры,0.3828621657814482,0.9879671639403599,0.012032836059640143
Treatment→Admission,с учётом цензуры,0.384280173802861,0.9881174826560675,0.011882517343932482
Treatment→Admission,с учётом цензуры,0.3856981818242738,0.9882658619852329,0.011734138014767043
Treatment→Admission,с учётом цензуры,0.3871161898456865,0.9884123280821521,0.011587671917847943
Treatment→Admission,с учётом цензуры,0.3885341978670993,0.9885569067262905,0.011443093273709494
Treatment→Admission,с учётом цензуры,0.3899522058885121,0.9886996233281148,0.011300376671885196
Treatment→Admission,с учётом цензуры,0.3913702139099248,0.9888405029348225,0.011159497065177522
Treatment→Admission,с учётом цензуры,0.3927882219313376,0.9889795702359735,0.011020429764026531
Treatment→Admission,с учётом цензуры,0.3942062299527504,0.9891168495690246,0.010883150430975404
Treatment→Admission,с учётом цензуры,0.3956242379741632,0.9892523649247688,0.010747635075231191
Treatment→Admission,с учётом цензуры,0.3970422459955759,0.9893861399526815,0.01061386004731842
Treatment→Admission,с учётом цензуры,0.3984602540169887,0.9895181979661756,0.010481802033824372
Treatment→Admission,с учётом цензуры,0.3998782620384015,0.9896485619477663,0.010351438052233727
Treatment→Admission,с учётом цензуры,0.4012962700598143,0.9897772545541488,0.010222745445851247
Treatment→Admission,с учётом цензуры,0.402714278081227,0.9899042981211894,0.010095701878810552
Treatment→Admission,с учётом цензуры,0.4041322861026398,0.9900297146688325,0.009970285331167514
Treatment→Admission,с учётом цензуры,0.4055502941240526,0.9901535259059236,0.009846474094076395
Treatment→Admission,с учётом цензуры,0.4069683021454653,0.9902757532349524,0.009724246765047545
Treatment→Admission,с учётом цензуры,0.4083863101668781,0.9903964177567153,0.009603582243284722
Treatment→Admission,с учётом цензуры,0.4098043181882909,0.9905155402748993,0.009484459725100734
Treatment→Admission,с учётом цензуры,0.41122232620970367,0.9906331413005901,0.009366858699409843
Treatment→Admission,с учётом цензуры,0.4126403342311164,0.9907492410567044,0.009250758943295601
Treatment→Admission,с учётом цензуры,0.4140583422525292,0.9908638594823475,0.009136140517652522
Treatment→Admission,с учётом цензуры,0.415476350273942,0.9909770162370997,0.009022983762900344
Treatment→Admission,с учётом цензуры,0.4168943582953547,0.9910887307052306,0.008911269294769408
Treatment→Admission,с учётом цензуры,0.4183123663167675,0.991199021999844,0.008800978000156013
Treatment→Admission,с учётом цензуры,0.4197303743381803,0.9913079089669539,0.008692091033046188
Treatment→Admission,с учётом цензуры,0.42114838235959307,0.9914154101894931,0.008584589810506886
Treatment→Admission,с учётом цензуры,0.4225663903810058,0.9915215439912569,0.008478456008743033
Treatment→Admission,с учётом цензуры,0.4239843984024186,0.9916263284407804,0.008373671559219606
Treatment→Discharge,наивная MLE,0.0,0.0,1.0
Treatment→Discharge,наивная MLE,0.04800784232921138,0.018921342513490043,0.9810786574865099
Treatment→Discharge,наивная MLE,0.09601568465842276,0.03748466782446729,0.9625153321755328
Treatment→Discharge,наивная MLE,0.14402352698763415,0.055696750099046205,0.9443032499009538
Treatment→Discharge,наивная MLE,0.19203136931684553,0.07356423532702393,0.9264357646729761
Treatment→Discharge,наивная MLE,0.2400392116460569,0.09109364374714837,0.9089063562528517
Treatment→Discharge,наивная MLE,0.2880470539752683,0.1082913722264968,0.8917086277735032
Treatment→Discharge,наивная MLE,0.33605489630447966,0.12516369659483345,0.8748363034051666
Treatment→Discharge,наивная MLE,0.38406273863369106,0.14171677393479815,0.8582832260652019
Treatment→Discharge,наивная MLE,0.43207058096290246,0.15795664482876098,0.842043355171239
Treatment→Discharge,наивная MLE,0.4800784232921138,0.17388923556316435,0.8261107644368356
Treatment→Discharge,наивная MLE,0.5280862656213252,0.18952036029115482,0.8104796397088452
Treatment→Discharge,наивная MLE,0.5760941079505366,0.20485572315429593,0.7951442768457041
Treatment→Discharge,наивная MLE,0.624101950279748,0.2199009203641349,0.7800990796358651
Treatment→Discharge,наивная MLE,0.6721097926089593,0.23466144224438334,0.7653385577556167
Treatment→Discharge,наивная MLE,0.7201176349381707,0.24914267523445785,0.7508573247655421
Treatment→Discharge,наивная MLE,0.7681254772673821,0.26334990385510954,0.7366500961448904
Treatment→Discharge,наивная MLE,0.8161333195965935,0.2772883126368623,0.7227116873631376
Treatment→Discharge,наивная MLE,0.8641411619258049,0.29096298801196263,0.7090370119880374
Treatment→Discharge,наивная MLE,0.9121490042550162,0.3043789201705298,0.6956210798294702
Treatment→Discharge,наивная MLE,0.9601568465842276,0.31754100488158704,0.6824589951184129
Treatment→Discharge,наивная MLE,1.008164688913439,0.3304540452796348,0.6695459547203653
Treatment→Discharge,наивная MLE,1.0561725312426504,0.3431227536174204,0.6568772463825795
Treatment→Discharge,наивная MLE,1.1041803735718618,0.35555175298554353,0.6444482470144565
Treatment→Discharge,наивная MLE,1.1521882159010732,0.36774557899952226,0.6322544210004777
Treatment→Discharge,наивная MLE,1.2001960582302846,0.37970868145494063,0.6202913185450594
Treatment→Discharge,наивная MLE,1.248203900559496,0.3914454259512761,0.6085545740487239
Treatment→Discharge,наивная MLE,1.2962117428887072,0.402960095485003,0.597039904514997
Treatment→Discharge,наивная MLE,1.3442195852179186,0.41425689201255267,0.5857431079874473
Treatment→Discharge,наивная MLE,1.39222742754713,0.4253399379836993,0.5746600620163007
Treatment→Discharge,наивная MLE,1.4402352698763414,0.4362132778459332,0.5637867221540668
Treatment→Discharge,наивная MLE,1.4882431122055528,0.44688087952036815,0.5531191204796319
Treatment→Discharge,наивная MLE,1.5362509545347642,0.4573466358497237,0.5426533641502763
Treatment→Discharge,наивная MLE,1.5842587968639756,0.4676143660189087,0.5323856339810913
Treatment→Discharge,наивная MLE,1.632266639193187,0.4776878169487264,0.5223121830512736
Treatment→Discharge,наивная MLE,1.6802744815223984,0.4875706646632083,0.5124293353367917
Treatment→Discharge,наивная MLE,1.7282823238516098,0.4972665156310758,0.5027334843689242
Treatment→Discharge,наивная MLE,1.7762901661808213,0.5067789080818206,0.4932210919181795
Treatment→Discharge,наивная MLE,1.8242980085100324,0.516111313296882,0.4838886867031181
Treatment→Discharge,наивная MLE,1.8723058508392438,0.5252671368763945,0.4747328631236055
Treatment→Discharge,наивная MLE,1.9203136931684552,0.534249719981966,0.465750280018034
Treatment→Discharge,наивная MLE,1.9683215354976666,0.5430623405559412,0.45693765944405884
Treatment→Discharge,наивная MLE,2.016329377826878,0.5517082145175947,0.44829178548240534
Treatment→Discharge,наивная MLE,2.0643372201560894,0.5601904969366913,0.43980950306330874
Treatment→Discharge,наивная MLE,2.112345062485301,0.5685122831848399,0.43148771681516007
Treatment→Discharge,наивная MLE,2.1603529048145123,0.5766766100650634,0.42332338993493657
Treatment→Discharge,наивная MLE,2.2083607471437237,0.5846864569199941,0.41531354308000595
Treatment→Discharge,наивная MLE,2.256368589472935,0.592544746719102,0.40745525328089804
Treatment→Discharge,наивная MLE,2.3043764318021465,0.6002543471253508,0.3997456528746493
Treatment→Discharge,наивная MLE,2.352384274131358,0.6078180715416706,0.3921819284583294
Treatment→Discharge,наивная MLE,2.4003921164605693,0.6152386801376317,0.3847613198623683
Treatment→Discharge,наивная MLE,2.4483999587897807,0.6225188808566902,0.3774811191433099
Treatment→Discharge,наивная MLE,2.496407801118992,0.6296613304043762,0.3703386695956238
Treatment→Discharge,наивная MLE,2.5444156434482035,0.6366686352177853,0.3633313647822147
Treatment→Discharge,наивная MLE,2.5924234857774144,0.6435433524167233,0.3564566475832767
Treatment→Discharge,наивная MLE,2.640431328106626,0.6502879907368568,0.3497120092631431
Treatment→Discharge,наивная MLE,2.6884391704358372,0.6569050114452056,0.34309498855479437
Treatment→Discharge,наивная MLE,2.7364470127650486,0.6633968292383128,0.33660317076168716
Treatment→Discharge,наивная MLE,2.78445485509426,0.6697658131234214,0.3302341868765786
Treatment→Discharge,наивная MLE,2.8324626974234715,0.6760142872829771,0.3239857127170229
Treatment→Discharge,наивная MLE,2.880470539752683,0.682144531922773,0.3178554680772269
Treatment→Discharge,наивная MLE,2.9284783820818943,0.688158784104048,0.311841215895952
Treatment→Discharge,наивная MLE,2.9764862244111057,0.6940592385598385,0.30594076144016147
Treatment→Discharge,наивная MLE,3.024494066740317,0.6998480484958858,0.3001519515041142
Treatment→Discharge,наивная MLE,3.0725019090695285,0.7055273263763875,0.29447267362361246
Treatment→Discharge,наивная MLE,3.12050975139874,0.7110991446948831,0.2889008553051169
Treatment→Discharge,наивная MLE,3.1685175937279513,0.7165655367305515,0.28343446326944854
Treatment→Discharge,наивная MLE,3.2165254360571627,0.7219284972901998,0.27807150270980013
Treatment→Discharge,наивная MLE,3.264533278386374,0.7271899834362129,0.2728100165637871
Treatment→Discharge,наивная MLE,3.3125411207155855,0.7323519152007272,0.2676480847992728
Treatment→Discharge,наивная MLE,3.360548963044797,0.7374161762862939,0.26258382371370614
Treatment→Discharge,наивная MLE,3.4085568053740083,0.7423846147532829,0.2576153852467172
Treatment→Discharge,наивная MLE,3.4565646477032197,0.7472590436942806,0.25274095630571936
Treatment→Discharge,наивная MLE,3.504572490032431,0.7520412418957282,0.24795875810427181
Treatment→Discharge,наивная MLE,3.5525803323616425,0.7567329544870387,0.24326704551296124
Treatment→Discharge,наивная MLE,3.6005881746908535,0.7613358935774343,0.23866410642256577
Treatment→Discharge,наивная MLE,3.648596017020065,0.7658517388807317,0.23414826111926837
Treatment→Discharge,наивная MLE,3.6966038593492763,0.7702821383283074,0.22971786167169259
Treatment→Discharge,наивная MLE,3.7446117016784877,0.7746287086704641,0.22537129132953596
Treatment→Discharge,наивная MLE,3.792619544007699,0.7788930360664177,0.22110696393358228
Treatment→Discharge,наивная MLE,3.8406273863369105,0.783076676663123,0.21692332333687708
Treatment→Discharge,наивная MLE,3.888635228666122,0.7871811571631445,0.21281884283685548
Treatment→Discharge,наивная MLE,3.9366430709953333,0.7912079753817853,0.20879202461821472
Treatment→Discharge,наивная MLE,3.9846509133245447,0.7951586007936715,0.20484139920632843
Treatment→Discharge,наивная MLE,4.032658755653756,0.799034475068997,0.20096552493100292
Treatment→Discharge,наивная MLE,4.080666597982968,0.8028370125996199,0.19716298740038005
Treatment→Discharge,наивная MLE,4.128674440312179,0.8065676010152054,0.19343239898479458
Treatment→Discharge,наивная MLE,4.17668228264139,0.8102276016896027,0.18977239831039724
Treatment→Discharge,наивная MLE,4.224690124970602,0.8138183502376403,0.18618164976235976
Treatment→Discharge,наивная MLE,4.272697967299813,0.8173411570025205,0.1826588429974795
Treatment→Discharge,наивная MLE,4.3207058096290245,0.8207973075339936,0.17920269246600637
Treatment→Discharge,наивная MLE,4.3687136519582355,0.8241880630574825,0.17581193694251748
Treatment→Discharge,наивная MLE,4.416721494287447,0.827514660934332,0.17248533906566796
Treatment→Discharge,наивная MLE,4.464729336616658,0.830778315113349,0.169221684886651
Treatment→Discharge,наивная MLE,4.51273717894587,0.8339802165737993,0.16601978342620077
Treatment→Discharge,наивная MLE,4.560745021275081,0.8371215337600217,0.1628784662399782
Treatment→Discharge,наивная MLE,4.608752863604293,0.8402034130078204,0.1597965869921796
Treatment→Discharge,наивная MLE,4.656760705933504,0.8432269789627861,0.1567730210372139
Treatment→Discharge,наивная MLE,4.704768548262716,0.8461933349907058,0.15380666500929419
Treatment→Discharge,наивная MLE,4.752776390591927,0.8491035635802042,0.15089643641979575
Treatment→Discharge,наивная MLE,4.8007842329211385,0.8519587267377683,0.14804127326223168
Treatment→Discharge,наивная MLE,4.8487920752503495,0.8547598663752962,0.14524013362470384
Treatment→Discharge,наивная MLE,4.896799917579561,0.8575080046903143,0.14249199530968573
Treatment→Discharge,наивная MLE,4.944807759908772,0.8602041445389994,0.13979585546100057
Treatment→Discharge,наивная MLE,4.992815602237984,0.8628492698021434,0.1371507301978566
Treatment→Discharge,наивная MLE,5.040823444567195,0.8654443457441923,0.1345556542558077
Treatment→Discharge,наивная MLE,5.088831286896407,0.8679903193654932,0.1320096806345068
Treatment→Discharge,наивная MLE,5.136839129225618,0.8704881197478751,0.12951188025212487
Treatment→Discharge,наивная MLE,5.184846971554829,0.8729386583936917,0.12706134160630836
Treatment→Discharge,наивная MLE,5.232854813884041,0.8753428295584482,0.12465717044155179
Treatment→Discharge,наивная MLE,5.280862656213252,0.8777015105771353,0.1222984894228647
Treatment→Discharge,наивная MLE,5.3288704985424635,0.8800155621843878,0.11998443781561222
Treatment→Discharge,наивная MLE,5.3768783408716745,0.8822858288285855,0.11771417117141449
Treatment→Discharge,наивная MLE,5.424886183200886,0.8845131389800114,0.11548686101998858
Treatment→Discharge,наивная MLE,5.472894025530097,0.8866983054331785,0.11330169456682153
Treatment→Discharge,наивная MLE,5.520901867859309,0.8888421256034361,0.11115787439656388
Treatment→Discharge,наивная MLE,5.56890971018852,0.890945381817965,0.109054618182035
Treatment→Discharge,наивная MLE,5.616917552517732,0.8930088416012651,0.10699115839873481
Treatment→Discharge,наивная MLE,5.664925394846943,0.8950332579552427,0.10496674204475731
Treatment→Discharge,наивная MLE,5.712933237176155,0.8970193696339968,0.10298063036600327
Treatment→Discharge,наивная MLE,5.760941079505366,0.898967901413407,0.10103209858659302
Treatment→Discharge,наивная MLE,5.808948921834578,0.9008795643556207,0.09912043564437939
Treatment→Discharge,наивная MLE,5.8569567641637885,0.9027550560685342,0.09724494393146575
Treatment→Discharge,наивная MLE,5.904964606493,0.9045950609603667,0.09540493903963333
Treatment→Discharge,наивная MLE,5.952972448822211,0.9064002504894142,0.0935997495105858
Treatment→Discharge,наивная MLE,6.000980291151423,0.9081712834090809,0.09182871659091912
Treatment→Discharge,наивная MLE,6.048988133480634,0.9099088060082718,0.09009119399172814
Treatment→Discharge,наивная MLE,6.096995975809846,0.9116134523472387,0.08838654765276135
Treatment→Discharge,наивная MLE,6.145003818139057,0.9132858444889614,0.08671415551103857
Treatment→Discharge,наивная MLE,6.193011660468268,0.9149265927261538,0.08507340727384619
Treatment→Discharge,наивная MLE,6.24101950279748,0.9165362958039719,0.08346370419602808
Treatment→Discharge,наивная MLE,6.289027345126691,0.9181155411385096,0.08188445886149044
Treatment→Discharge,наивная MLE,6.3370351874559026,0.9196649050311596,0.08033509496884036
Treatment→Discharge,наивная MLE,6.3850430297851135,0.9211849528789188,0.0788150471210812
Treatment→Discharge,наивная MLE,6.433050872114325,0.9226762393807136,0.07732376061928638
Treatment→Discharge,наивная MLE,6.481058714443536,0.9241393087398223,0.07586069126017773
Treatment→Discharge,наивная MLE,6.529066556772748,0.9255746948624662,0.0744253051375338
Treatment→Discharge,наивная MLE,6.577074399101959,0.9269829215526445,0.07301707844735553
Treatment→Discharge,наивная MLE,6.625082241431171,0.9283645027032813,0.07163549729671873
Treatment→Discharge,наивная MLE,6.673090083760382,0.9297199424837567,0.07028005751624333
Treatment→Discharge,наивная MLE,6.721097926089594,0.9310497355238894,0.06895026447611069
Treatment→Discharge,наивная MLE,6.769105768418805,0.9323543670944375,0.0676456329055625
Treatment→Discharge,наивная MLE,6.817113610748017,0.9336343132841854,0.06636568671581451
Treatment→Discharge,наивная MLE,6.8651214530772275,0.9348900411736784,0.06510995882632162
Treatment→Discharge,наивная MLE,6.913129295406439,0.9361220090056704,0.06387799099432954
Treatment→Discharge,наивная MLE,6.96113713773565,0.9373306663523477,0.06266933364765222
Treatment→Discharge,наивная MLE,7.009144980064862,0.9385164542793872,0.06148354572061278
Treatment→Discharge,наивная MLE,7.057152822394073,0.9396798055069108,0.06032019449308925
Treatment→Discharge,наивная MLE,7.105160664723285,0.9408211445673949,0.05917885543260516
Treatment→Discharge,наивная MLE,7.153168507052496,0.9419408879605915,0.058059112039408535
Treatment→Discharge,наивная MLE,7.201176349381707,0.9430394443055182,0.05696055569448181
Treatment→Discharge,наивная MLE,7.249184191710919,0.9441172144895722,0.055882785510427774
Treatment→Discharge,наивная MLE,7.29719203404013,0.9451745918148229,0.05482540818517708
Treatment→Discharge,наивная MLE,7.345199876369342,0.9462119621415366,0.05378803785846343
Treatment→Discharge,наивная MLE,7.3932077186985525,0.9472297040289851,0.05277029597101489
Treatment→Discharge,наивная MLE,7.441215561027764,0.948228188873591,0.05177181112640908
Treatment→Discharge,наивная MLE,7.489223403356975,0.9492077810444575,0.05079221895554256
Treatment→Discharge,наивная MLE,7.537231245686187,0.9501688380163354,0.04983116198366457
Treatment→Discharge,наивная MLE,7.585239088015398,0.9511117105000735,0.04888828949992646
Treatment→Discharge,наивная MLE,7.63324693034461,0.9520367425706003,0.04796325742939968
Treatment→Discharge,наивная MLE,7.681254772673821,0.9529442717924846,0.04705572820751532
Treatment→Discharge,наивная MLE,7.729262615003033,0.9538346293431208,0.046165370656879215
Treatment→Discharge,наивная MLE,7.777270457332244,0.9547081401335819,0.04529185986641819
Treatment→Discharge,наивная MLE,7.825278299661456,0.9555651229271873,0.044434877072812684
Treatment→Discharge,наивная MLE,7.873286141990667,0.9564058904558268,0.04359410954417318
Treatment→Discharge,наивная MLE,7.921293984319878,0.9572307495340827,0.042769250465917265
Treatment→Discharge,наивная MLE,7.969301826649089,0.9580400011711936,0.041959998828806404
Treatment→Discharge,наивная MLE,8.017309668978301,0.9588339406808991,0.04116605931910091
Treatment→Discharge,наивная MLE,8.065317511307512,0.9596128577892065,0.04038714221079356
Treatment→Discharge,наивная MLE,8.113325353636723,0.9603770367401179,0.03962296325988211
Treatment→Discharge,наивная MLE,8.161333195965936,0.9611267563993576,0.03887324360064242
Treatment→Discharge,наивная MLE,8.209341038295147,0.9618622903561357,0.038137709643864336
Treatment→Discharge,наивная MLE,8.257348880624358,0.9625839070229872,0.03741609297701275
Treatment→Discharge,наивная MLE,8.305356722953569,0.9632918697337218,0.036708130266278116
Treatment→Discharge,наивная MLE,8.35336456528278,0.9639864368395199,0.036013563160480065
Treatment→Discharge,наивная MLE,8.401372407611992,0.9646678618032106,0.0353321381967894
Treatment→Discharge,наивная MLE,8.449380249941203,0.965336393291766,0.03466360670823399
Treatment→Discharge,наивная MLE,8.497388092270414,0.9659922752670455,0.034007724732954596
Treatment→Discharge,наивная MLE,8.545395934599625,0.9666357470748221,0.03336425292517786
Treatment→Discharge,наивная MLE,8.593403776928838,0.9672670435321261,0.03273295646787385
Treatment→Discharge,наивная MLE,8.641411619258049,0.9678863950129339,0.03211360498706606
Treatment→Discharge,наивная MLE,8.68941946158726,0.9684940275322371,0.03150597246776286
Treatment→Discharge,наивная MLE,8.737427303916471,0.9690901628285202,0.030909837171479743
Treatment→Discharge,наивная MLE,8.785435146245684,0.9696750184446781,0.030324981555321946
Treatment→Discharge,наивная MLE,8.833442988574895,0.9702488078074015,0.029751192192598436
Treatment→Discharge,наивная MLE,8.881450830904106,0.9708117403050623,0.02918825969493762
Treatment→Discharge,наивная MLE,8.929458673233317,0.971364021364123,0.02863597863587701
Treatment→Discharge,наивная MLE,8.97746651556253,0.9719058525241014,0.02809414747589858
Treatment→Discharge,наивная MLE,9.02547435789174,0.9724374315111174,0.027562568488882607
Treatment→Discharge,наивная MLE,9.073482200220951,0.972958952310047,0.027041047689952934
Treatment→Discharge,наивная MLE,9.121490042550162,0.9734706052353123,0.02652939476468772
Treatment→Discharge,наивная MLE,9.169497884879375,0.9739725770003306,0.026027422999669456
Treatment→Discharge,наивная MLE,9.217505727208586,0.9744650507856508,0.025534949214349227
Treatment→Discharge,наивная MLE,9.265513569537797,0.9749482063058,0.025051793694199957
Treatment→Discharge,наивная MLE,9.313521411867008,0.9754222198748653,0.024577780125134716
Treatment→Discharge,наивная MLE,9.361529254196219,0.9758872644708342,0.024112735529165798
Treatment→Discharge,наивная MLE,9.409537096525431,0.9763435097987188,0.023656490201281244
Treatment→Discharge,наивная MLE,9.457544938854642,0.9767911223524842,0.023208877647515787
Treatment→Discharge,наивная MLE,9.505552781183853,0.9772302654758065,0.02276973452419346
Treatment→Discharge,наивная MLE,9.553560623513064,0.97766109942168,0.02233890057831995
Treatment→Discharge,наивная MLE,9.601568465842277,0.9780837814108972,0.021916218589102754
Treatment→Discharge,наивная MLE,9.649576308171488,0.9784984656894222,0.021501534310577827
Treatment→Discharge,наивная MLE,9.697584150500699,0.9789053035846782,0.02109469641532183
Treatment→Discharge,наивная MLE,9.74559199282991,0.9793044435607705,0.020695556439229438
Treatment→Discharge,наивная MLE,9.793599835159123,0.9796960312726645,0.0203039687273355
Treatment→Discharge,наивная MLE,9.841607677488334,0.9800802096193376,0.019919790380662397
Treatment→Discharge,наивная MLE,9.889615519817545,0.980457118795927,0.01954288120407296
Treatment→Discharge,наивная MLE,9.937623362146756,0.9808268963448897,0.019173103655110255
Treatment→Discharge,наивная MLE,9.985631204475968,0.9811896772061948,0.01881032279380525
Treatment→Discharge,наивная MLE,10.03363904680518,0.9815455937665657,0.018454406233434358
Treatment→Discharge,наивная MLE,10.08164688913439,0.9818947759077915,0.018105224092208463
Treatment→Discharge,наивная MLE,10.129654731463601,0.9822373510541237,0.017762648945876307
Treatment→Discharge,наивная MLE,10.177662573792814,0.9825734442187756,0.017426555781224477
Treatment→Discharge,наивная MLE,10.225670416122025,0.9829031780495425,0.017096821950457503
Treatment→Discharge,наивная MLE,10.273678258451236,0.9832266728735592,0.016773327126440734
Treatment→Discharge,наивная MLE,10.321686100780447,0.9835440467412094,0.016455953258790547
Treatment→Discharge,наивная MLE,10.369693943109658,0.983855415469205,0.016144584530794984
Treatment→Discharge,наивная MLE,10.41770178543887,0.9841608926828502,0.015839107317149815
Treatment→Discharge,наивная MLE,10.465709627768081,0.984460589857506,0.015539410142494093
Treatment→Discharge,наивная MLE,10.513717470097292,0.9847546163592696,0.015245383640730371
Treatment→Discharge,наивная MLE,10.561725312426503,0.9850430794848855,0.01495692051511455
Treatment→Discharge,наивная MLE,10.609733154755716,0.985326084500899,0.014673915499101018
Treatment→Discharge,наивная MLE,10.657740997084927,0.9856037346820715,0.014396265317928513
Treatment→Discharge,наивная MLE,10.705748839414138,0.985876131349067,0.01412386865093292
Treatment→Discharge,наивная MLE,10.753756681743349,0.986143373905427,0.01385662609457307
Treatment→Discharge,наивная MLE,10.801764524072562,0.9864055598738437,0.013594440126156284
Treatment→Discharge,наивная MLE,10.849772366401773,0.9866627849317499,0.013337215068250157
Treatment→Discharge,наивная MLE,10.897780208730984,0.9869151429462323,0.013084857053767713
Treatment→Discharge,наивная MLE,10.945788051060195,0.9871627260082867,0.012837273991713314
Treatment→Discharge,наивная MLE,10.993795893389407,0.9874056244664234,0.012594375533576585
Treatment→Discharge,наивная MLE,11.041803735718618,0.9876439269596378,0.012356073040362271
Treatment→Discharge,наивная MLE,11.08981157804783,0.9878777204497561,0.012122279550243874
Treatment→Discharge,наивная MLE,11.13781942037704,0.9881070902531706,0.01189290974682944
Treatment→Discharge,наивная MLE,11.185827262706253,0.9883321200719724,0.011667879928027643
Treatment→Discharge,наивная MLE,11.233835105035464,0.9885528920244968,0.011447107975503164
Treatment→Discharge,наивная MLE,11.281842947364675,0.9887694866752902,0.011230513324709762
Treatment→Discharge,наивная MLE,11.329850789693886,0.9889819830645094,0.011018016935490623
Treatment→Discharge,наивная MLE,11.377858632023097,0.9891904587367653,0.010809541263234768
Treatment→Discharge,наивная MLE,11.42586647435231,0.9893949897694206,0.010605010230579396
Treatment→Discharge,наивная MLE,11.47387431668152,0.9895956508003525,0.010404349199647535
Treatment→Discharge,наивная MLE,11.521882159010731,0.989792515055189,0.010207484944811053
Treatment→Discharge,наивная MLE,11.569890001339942,0.989985654374031,0.010014345625968988
Treatment→Discharge,наивная MLE,11.617897843669155,0.9901751392376684,0.009824860762331555
Treatment→Discharge,наивная MLE,11.665905685998366,0.9903610387932998,0.009638961206700129
Treatment→Discharge,наивная MLE,11.713913528327577,0.9905434208797661,0.009456579120233918
Treatment→Discharge,наивная MLE,11.761921370656788,0.990722352052306,0.009277647947694052
Treatment→Discharge,наивная MLE,11.809929212986,0.9908978976068439,0.009102102393156153
Treatment→Discharge,наивная MLE,11.857937055315212,0.9910701216038176,0.008929878396182393
Treatment→Discharge,наивная MLE,11.905944897644423,0.9912390868915556,0.008760913108444408
Treatment→Discharge,наивная MLE,11.953952739973634,0.9914048551292114,0.008595144870788605
Treatment→Discharge,наивная MLE,12.001960582302846,0.9915674868092647,0.008432513190735343
Treatment→Discharge,наивная MLE,12.049968424632057,0.9917270412795961,0.008272958720403923
Treatment→Discharge,наивная MLE,12.097976266961268,0.9918835767651448,0.008116423234855194
Treatment→Discharge,наивная MLE,12.14598410929048,0.992037150389156,0.007962849610844055
Treatment→Discharge,наивная MLE,12.193991951619692,0.9921878181940261,0.007812181805973855
Treatment→Discharge,наивная MLE,12.241999793948903,0.9923356351617546,0.007664364838245373
Treatment→Discharge,наивная MLE,12.290007636278114,0.9924806552340074,0.007519344765992581
Treatment→Discharge,наивная MLE,12.338015478607325,0.9926229313318018,0.007377068668198221
Treatment→Discharge,наивная MLE,12.386023320936536,0.9927625153748183,0.007237484625181705
Treatment→Discharge,наивная MLE,12.434031163265749,0.9928994583003474,0.007100541699652522
Treatment→Discharge,наивная MLE,12.48203900559496,0.993033810081878,0.006966189918122076
Treatment→Discharge,наивная MLE,12.53004684792417,0.9931656197473328,0.006834380252667271
Treatment→Discharge,наивная MLE,12.578054690253381,0.9932949353969609,0.00670506460303912
Treatment→Discharge,наивная MLE,12.626062532582594,0.9934218042208901,0.0065781957791099365
Treatment→Discharge,наивная MLE,12.674070374911805,0.9935462725163474,0.006453727483652601
Treatment→Discharge,наивная MLE,12.722078217241016,0.9936683857045543,0.00633161429544569
Treatment→Discharge,наивная MLE,12.770086059570227,0.9937881883473018,0.006211811652698251
Treatment→Discharge,наивная MLE,12.81809390189944,0.9939057241632118,0.0060942758367882564
Treatment→Discharge,наивная MLE,12.86610174422865,0.9940210360436913,0.0059789639563087036
Treatment→Discharge,наивная MLE,12.914109586557862,0.9941341660685844,0.005865833931415574
Treatment→Discharge,наивная MLE,12.962117428887073,0.994245155521528,0.005754844478472006
Treatment→Discharge,наивная MLE,13.010125271216285,0.994354044905017,0.005645955094982969
Treatment→Discharge,наивная MLE,13.058133113545496,0.994460873955185,0.0055391260448150155
Treatment→Discharge,наивная MLE,13.106140955874707,0.9945656816563043,0.005434318343695676
Treatment→Discharge,наивная MLE,13.154148798203918,0.9946685062550127,0.005331493744987271
Treatment→Discharge,наивная MLE,13.202156640533131,0.9947693852742702,0.005230614725729831
Treatment→Discharge,наивная MLE,13.250164482862342,0.9948683555270518,0.005131644472948196
Treatment→Discharge,наивная MLE,13.298172325191553,0.9949654531297819,0.005034546870218083
Treatment→Discharge,наивная MLE,13.346180167520764,0.9950607135155135,0.004939286484486471
Treatment→Discharge,наивная MLE,13.394188009849975,0.9951541714468588,0.004845828553141249
Treatment→Discharge,наивная MLE,13.442195852179188,0.9952458610286744,0.004754138971325613
Treatment→Discharge,наивная MLE,13.490203694508399,0.9953358157205076,0.004664184279492428
Treatment→Discharge,наивная MLE,13.53821153683761,0.9954240683488059,0.004575931651194119
Treatment→Discharge,наивная MLE,13.58621937916682,0.9955106511188965,0.004489348881103554
Treatment→Discharge,наивная MLE,13.634227221496033,0.9955955956267384,0.004404404373261639
Treatment→Discharge,наивная MLE,13.682235063825244,0.9956789328704527,0.004321067129547241
Treatment→Discharge,наивная MLE,13.730242906154455,0.9957606932616347,0.004239306738365297
Treatment→Discharge,наивная MLE,13.778250748483666,0.9958409066364511,0.00415909336354894
Treatment→Discharge,наивная MLE,13.826258590812879,0.9959196022665283,0.004080397733471646
Treatment→Discharge,наивная MLE,13.87426643314209,0.9959968088696346,0.004003191130365363
Treatment→Discharge,наивная MLE,13.9222742754713,0.9960725546201592,0.003927445379840753
Treatment→Discharge,наивная MLE,13.970282117800512,0.9961468671593943,0.0038531328406057616
Treatment→Discharge,наивная MLE,14.018289960129724,0.9962197736056213,0.0037802263943786823
Treatment→Discharge,наивная MLE,14.066297802458935,0.9962913005640079,0.00370869943599211
Treatment→Discharge,наивная MLE,14.114305644788146,0.9963614741363159,0.003638525863684115
Treatment→Discharge,наивная MLE,14.162313487117357,0.9964303199304269,0.003569680069573158
Treatment→Discharge,наивная MLE,14.21032132944657,0.9964978630696868,0.0035021369303131814
Treatment→Discharge,наивная MLE,14.258329171775781,0.9965641282020744,0.003435871797925585
Treatment→Discharge,наивная MLE,14.306337014104992,0.9966291395091954,0.0033708604908045934
Treatment→Discharge,наивная MLE,14.354344856434203,0.9966929207151071,0.0033070792848928906
Treatment→Discharge,с учётом цензуры,0.0,0.0,1.0
Treatment→Discharge,с учётом цензуры,0.04800784232921138,0.016041937575460356,0.9839580624245396
Treatment→Discharge,с учётом цензуры,0.09601568465842276,0.03182653138974575,0.9681734686102542
Treatment→Discharge,с учётом цензуры,0.14402352698763415,0.04735790973540838,0.9526420902645917
Treatment→Discharge,с учётом цензуры,0.19203136931684553,0.06264013467918902,0.937359865320811
Treatment→Discharge,с учётом цензуры,0.2400392116460569,0.0776772031244074,0.9223227968755926
Treatment→Discharge,с учётом цензуры,0.2880470539752683,0.09247304785630965,0.9075269521436904
Treatment→Discharge,с учётом цензуры,0.33605489630447966,0.10703153857064654,0.8929684614293535
Treatment→Discharge,с учётом цензуры,0.38406273863369106,0.12135648288575109,0.8786435171142489
Treatment→Discharge,с учётом цензуры,0.43207058096290246,0.13545162733838084,0.8645483726616192
Treatment→Discharge,с учётом цензуры,0.4800784232921138,0.14932065836358435,0.8506793416364157
Treatment→Discharge,с учётом цензуры,0.5280862656213252,0.16296720325884942,0.8370327967411506
Treatment→Discharge,с учётом цензуры,0.5760941079505366,0.176394831132784,0.823605168867216
Treatment→Discharge,с учётом цензуры,0.624101950279748,0.18960705383857834,0.8103929461614217
Treatment→Discharge,с учётом цензуры,0.6721097926089593,0.20260732689249328,0.7973926731075067
Treatment→Discharge,с учётом цензуры,0.7201176349381707,0.21539905037761334,0.7846009496223867
Treatment→Discharge,с учётом цензуры,0.7681254772673821,0.22798556983310259,0.7720144301668974
Treatment→Discharge,с учётом цензуры,0.8161333195965935,0.24037017712919462,0.7596298228708054
Treatment→Discharge,с учётом цензуры,0.8641411619258049,0.25255611132814604,0.747443888671854
Treatment→Discharge,с учётом цензуры,0.9121490042550162,0.26454655953137923,0.7354534404686208
Treatment→Discharge,с учётом цензуры,0.9601568465842276,0.2763446577130344,0.7236553422869656
Treatment→Discharge,с учётом цензуры,1.008164688913439,0.2879534915401503,0.7120465084598497
Treatment→Discharge,с учётом цензуры,1.0561725312426504,0.2993760971796877,0.7006239028203123
Treatment→Discharge,с учётом цензуры,1.1041803735718618,0.31061546209260654,0.6893845379073934
Treatment→Discharge,с учётом цензуры,1.1521882159010732,0.32167452581520456,0.6783254741847954
Treatment→Discharge,с учётом цензуры,1.2001960582302846,0.33255618072792165,0.6674438192720784
Treatment→Discharge,с учётом цензуры,1.248203900559496,0.3432632728118112,0.6567367271881889
Treatment→Discharge,с учётом цензуры,1.2962117428887072,0.35379860239287614,0.6462013976071238
Treatment→Discharge,с учётом цензуры,1.3442195852179186,0.3641649248744648,0.6358350751255352
Treatment→Discharge,с учётом цензуры,1.39222742754713,0.37436495145791693,0.6256350485420831
Treatment→Discharge,с учётом цензуры,1.4402352698763414,0.3844013498516491,0.6155986501483509
Treatment→Discharge,с учётом цензуры,1.4882431122055528,0.39427674496886655,0.6057232550311334
Treatment→Discharge,с учётом цензуры,1.5362509545347642,0.4039937196140807,0.5960062803859193
Treatment→Discharge,с учётом цензуры,1.5842587968639756,0.4135548151586139,0.5864451848413861
Treatment→Discharge,с учётом цензуры,1.632266639193187,0.4229625322052688,0.5770374677947312
Treatment→Discharge,с учётом цензуры,1.6802744815223984,0.4322193312423336,0.5677806687576664
Treatment→Discharge,с учётом цензуры,1.7282823238516098,0.44132763328709723,0.5586723667129028
Treatment→Discharge,с учётом цензуры,1.7762901661808213,0.4502898205190402,0.5497101794809598
Treatment→Discharge,с учётом цензуры,1.8242980085100324,0.45910823690286884,0.5408917630971312
Treatment→Discharge,с учётом цензуры,1.8723058508392438,0.46778518880155373,0.5322148111984463
Treatment→Discharge,с учётом цензуры,1.9203136931684552,0.4763229455795347,0.5236770544204653
Treatment→Discharge,с учётом цензуры,1.9683215354976666,0.48472374019624875,0.5152762598037512
Treatment→Discharge,с учётом цензуры,2.016329377826878,0.4929897697901372,0.5070102302098628
Treatment→Discharge,с учётом цензуры,2.0643372201560894,0.5011231962532836,0.4988768037467164
Treatment→Discharge,с учётом цензуры,2.112345062485301,0.5091261467968335,0.4908738532031664
Treatment→Discharge,с учётом цензуры,2.1603529048145123,0.5170007145073445,0.4829992854926555
Treatment→Discharge,с учётом цензуры,2.2083607471437237,0.5247489588942097,0.4752510411057903
Treatment→Discharge,с учётом цензуры,2.256368589472935,0.5323729064283013,0.46762709357169874
Treatment→Discharge,с учётом цензуры,2.3043764318021465,0.5398745510719725,0.46012544892802754
Treatment→Discharge,с учётом цензуры,2.352384274131358,0.5472558548005566,0.45274414519944345
Treatment→Discharge,с учётом цензуры,2.4003921164605693,0.5545187481155012,0.44548125188449883
Treatment→Discharge,с учётом цензуры,2.4483999587897807,0.5616651305492703,0.43833486945072975
Treatment→Discharge,с учётом цензуры,2.496407801118992,0.5686968711621464,0.4313031288378536
Treatment→Discharge,с учётом цензуры,2.5444156434482035,0.5756158090310639,0.42438419096893604
Treatment→Discharge,с учётом цензуры,2.5924234857774144,0.5824237537305998,0.41757624626940015
Treatment→Discharge,с учётом цензуры,2.640431328106626,0.5891224858062487,0.41087751419375135
Treatment→Discharge,с учётом цензуры,2.6884391704358372,0.5957137572401051,0.4042862427598949
Treatment→Discharge,с учётом цензуры,2.7364470127650486,0.6021992919090768,0.3978007080909232
Treatment→Discharge,с учётом цензуры,2.78445485509426,0.6085807860357453,0.39141921396425466
Treatment→Discharge,с учётом цензуры,2.8324626974234715,0.6148599086319957,0.38514009136800437
Treatment→Discharge,с учётом цензуры,2.880470539752683,0.6210383019355283,0.3789616980644717
Treatment→Discharge,с учётом цензуры,2.9284783820818943,0.6271175818393689,0.37288241816063106
Treatment→Discharge,с учётом цензуры,2.9764862244111057,0.6330993383144885,0.3669006616855115
Treatment→Discharge,с учётом цензуры,3.024494066740317,0.6389851358256426,0.36101486417435735
Treatment→Discharge,с учётом цензуры,3.0725019090695285,0.644776513740541,0.35522348625945904
Treatment→Discharge,с учётом цензуры,3.12050975139874,0.6504749867324526,0.3495250132675474
Treatment→Discharge,с учётом цензуры,3.1685175937279513,0.6560820451763525,0.3439179548236475
Treatment→Discharge,с учётом цензуры,3.2165254360571627,0.6615991555387135,0.3384008444612865
Treatment→Discharge,с учётом цензуры,3.264533278386374,0.6670277607610445,0.33297223923895547
Treatment→Discharge,с учётом цензуры,3.3125411207155855,0.6723692806372771,0.3276307193627229
Treatment→Discharge,с учётом цензуры,3.360548963044797,0.677625112185097,0.322374887814903
Treatment→Discharge,с учётом цензуры,3.4085568053740083,0.6827966300113197,0.3172033699886802
Treatment→Discharge,с учётом цензуры,3.4565646477032197,0.6878851866714039,0.31211481332859614
Treatment→Discharge,с учётом цензуры,3.504572490032431,0.6928921130231976,0.30710788697680236
Treatment→Discharge,с учётом цензуры,3.5525803323616425,0.697818718575011,0.302181281424989
Treatment→Discharge,с учётом цензуры,3.6005881746908535,0.7026662918281033,0.2973337081718967
Treatment→Discharge,с учётом цензуры,3.648596017020065,0.707436100613677,0.292563899386323
Treatment→Discharge,с учётом цензуры,3.6966038593492763,0.7121293924244657,0.2878706075755343
Treatment→Discharge,с учётом цензуры,3.7446117016784877,0.7167473947410022,0.28325260525899776
Treatment→Discharge,с учётом цензуры,3.792619544007699,0.7212913153526536,0.27870868464734644
Treatment→Discharge,с учётом цензуры,3.8406273863369105,0.7257623426735049,0.274237657326495
Treatment→Discharge,с учётом цензуры,3.888635228666122,0.7301616460531771,0.2698383539468229
Treatment→Discharge,с учётом цензуры,3.9366430709953333,0.7344903760826571,0.26550962391734295
Treatment→Discharge,с учётом цензуры,3.9846509133245447,0.738749664895223,0.261250335104777
Treatment→Discharge,с учётом цензуры,4.032658755653756,0.7429406264625419,0.2570593735374581
Treatment→Discharge,с учётом цензуры,4.080666597982968,0.7470643568860168,0.2529356431139832
Treatment→Discharge,с учётом цензуры,4.128674440312179,0.7511219346834602,0.24887806531653978
Treatment→Discharge,с учётом цензуры,4.17668228264139,0.7551144210711696,0.2448855789288305
Treatment→Discharge,с учётом цензуры,4.224690124970602,0.7590428602414763,0.24095713975852376
Treatment→Discharge,с учётом цензуры,4.272697967299813,0.762908279635844,0.23709172036415604
Treatment→Discharge,с учётом цензуры,4.3207058096290245,0.7667116902135843,0.2332883097864157
Treatment→Discharge,с учётом цензуры,4.3687136519582355,0.7704540867162626,0.22954591328373739
Treatment→Discharge,с учётом цензуры,4.416721494287447,0.7741364479278624,0.2258635520721376
Treatment→Discharge,с учётом цензуры,4.464729336616658,0.7777597369307753,0.2222402630692247
Treatment→Discharge,с учётом цензуры,4.51273717894587,0.7813249013576857,0.21867509864231427
Treatment→Discharge,с учётом цензуры,4.560745021275081,0.7848328736394133,0.21516712636058663
Treatment→Discharge,с учётом цензуры,4.608752863604293,0.7882845712487812,0.21171542875121888
Treatment→Discharge,с учётом цензуры,4.656760705933504,0.79168089694057,0.20831910305943005
Treatment→Discharge,с учётом цензуры,4.704768548262716,0.7950227389876252,0.20497726101237476
Treatment→Discharge,с учётом цензуры,4.752776390591927,0.7983109714131746,0.20168902858682541
Treatment→Discharge,с учётом цензуры,4.8007842329211385,0.8015464542194197,0.19845354578058028
Treatment→Discharge,с учётом цензуры,4.8487920752503495,0.8047300336124605,0.1952699663875395
Treatment→Discharge,с учётом цензуры,4.896799917579561,0.8078625422236116,0.19213745777638833
Treatment→Discharge,с учётом цензуры,4.944807759908772,0.8109447993271681,0.18905520067283185
Treatment→Discharge,с учётом цензуры,4.992815602237984,0.8139776110546779,0.1860223889453221
Treatment→Discharge,с учётом цензуры,5.040823444567195,0.8169617706057767,0.18303822939422332
Treatment→Discharge,с учётом цензуры,5.088831286896407,0.8198980584556417,0.18010194154435835
Treatment→Discharge,с учётом цензуры,5.136839129225618,0.8227872425591154,0.17721275744088455
Treatment→Discharge,с учётом цензуры,5.184846971554829,0.8256300785515572,0.17436992144844274
Treatment→Discharge,с учётом цензуры,5.232854813884041,0.8284273099464712,0.17157269005352885
Treatment→Discharge,с учётом цензуры,5.280862656213252,0.8311796683299637,0.16882033167003635
Treatment→Discharge,с учётом цензуры,5.3288704985424635,0.8338878735520829,0.1661121264479171
Treatment→Discharge,с учётом цензуры,5.3768783408716745,0.8365526339150873,0.16344736608491267
Treatment→Discharge,с учётом цензуры,5.424886183200886,0.8391746463586949,0.16082535364130507
Treatment→Discharge,с учётом цензуры,5.472894025530097,0.8417545966423601,0.15824540335763992
Treatment→Discharge,с учётом цензуры,5.520901867859309,0.8442931595246269,0.1557068404753731
Treatment→Discharge,с учётом цензуры,5.56890971018852,0.846790998939605,0.15320900106039498
Treatment→Discharge,с учётом цензуры,5.616917552517732,0.8492487681706145,0.1507512318293855
Treatment→Discharge,с учётом цензуры,5.664925394846943,0.8516671100210452,0.14833288997895475
Treatment→Discharge,с учётом цензуры,5.712933237176155,0.8540466569824753,0.14595334301752472
Treatment→Discharge,с учётом цензуры,5.760941079505366,0.8563880314000922,0.14361196859990782
Treatment→Discharge,с учётом цензуры,5.808948921834578,0.8586918456354609,0.1413081543645391
Treatment→Discharge,с учётом цензуры,5.8569567641637885,0.8609587022266803,0.1390412977733197
Treatment→Discharge,с учётом цензуры,5.904964606493,0.8631891940459709,0.13681080595402909
Treatment→Discharge,с учётом цензуры,5.952972448822211,0.8653839044547338,0.13461609554526616
Treatment→Discharge,с учётом цензуры,6.000980291151423,0.8675434074561232,0.1324565925438768
Treatment→Discharge,с учётом цензуры,6.048988133480634,0.8696682678451703,0.1303317321548297
Treatment→Discharge,с учётом цензуры,6.096995975809846,0.8717590413564997,0.12824095864350027
Treatment→Discharge,с учётом цензуры,6.145003818139057,0.8738162748096759,0.1261837251903241
Treatment→Discharge,с учётом цензуры,6.193011660468268,0.8758405062522181,0.1241594937477819
Treatment→Discharge,с учётом цензуры,6.24101950279748,0.8778322651003208,0.1221677348996792
Treatment→Discharge,с учётом цензуры,6.289027345126691,0.8797920722773168,0.1202079277226832
Treatment→Discharge,с учётом цензуры,6.3370351874559026,0.8817204403499196,0.11827955965008044
Treatment→Discharge,с учётом цензуры,6.3850430297851135,0.8836178736622791,0.11638212633772088
Treatment→Discharge,с учётом цензуры,6.433050872114325,0.8854848684678882,0.1145151315321118
Treatment→Discharge,с учётом цензуры,6.481058714443536,0.8873219130593719,0.11267808694062807
Treatment→Discharge,с учётом цензуры,6.529066556772748,0.8891294878961958,0.1108705121038042
Treatment→Discharge,с учётом цензуры,6.577074399101959,0.8909080657303243,0.10909193426967569
Treatment→Discharge,с учётом цензуры,6.625082241431171,0.8926581117298646,0.1073418882701353
Treatment→Discharge,с учётом цензуры,6.673090083760382,0.8943800836007262,0.10561991639927377
Treatment→Discharge,с учётом цензуры,6.721097926089594,0.8960744317063287,0.10392556829367128
Treatment→Discharge,с учётом цензуры,6.769105768418805,0.8977415991853901,0.10225840081460993
Treatment→Discharge,с учётом цензуры,6.817113610748017,0.8993820220678245,0.10061797793217554
Treatment→Discharge,с учётом цензуры,6.8651214530772275,0.9009961293887814,0.09900387061121857
Treatment→Discharge,с учётом цензуры,6.913129295406439,0.9025843433008556,0.09741565669914443
Treatment→Discharge,с учётом цензуры,6.96113713773565,0.9041470791844957,0.0958529208155043
Treatment→Discharge,с учётом цензуры,7.009144980064862,0.9056847457566436,0.09431525424335642
Treatment→Discharge,с учётом цензуры,7.057152822394073,0.9071977451776292,0.09280225482237081
Treatment→Discharge,с учётом цензуры,7.105160664723285,0.9086864731563516,0.0913135268436484
Treatment→Discharge,с учётом цензуры,7.153168507052496,0.9101513190537726,0.08984868094622744
Treatment→Discharge,с учётом цензуры,7.201176349381707,0.9115926659847493,0.08840733401525064
Treatment→Discharge,с учётом цензуры,7.249184191710919,0.9130108909182348,0.0869891090817651
Treatment→Discharge,с учётом цензуры,7.29719203404013,0.9144063647758695,0.08559363522413053
Treatment→Discharge,с учётом цензуры,7.345199876369342,0.9157794525289917,0.0842205474710083
Treatment→Discharge,с учётом цензуры,7.3932077186985525,0.9171305132940928,0.08286948670590727
Treatment→Discharge,с учётом цензуры,7.441215561027764,0.9184599004267393,0.08154009957326065
Treatment→Discharge,с учётом цензуры,7.489223403356975,0.9197679616139904,0.0802320383860096
Treatment→Discharge,с учётом цензуры,7.537231245686187,0.9210550389653307,0.07894496103466929
Treatment→Discharge,с учётом цензуры,7.585239088015398,0.922321469102146,0.077678530897854
Treatment→Discharge,с учётом цензуры,7.63324693034461,0.9235675832457628,0.07643241675423713
Treatment→Discharge,с учётом цензуры,7.681254772673821,0.9247937073040758,0.07520629269592412
Treatment→Discharge,с учётом цензуры,7.729262615003033,0.9260001619567857,0.07399983804321429
Treatment→Discharge,с учётом цензуры,7.777270457332244,0.9271872627392691,0.07281273726073086
Treatment→Discharge,с учётом цензуры,7.825278299661456,0.9283553201251042,0.0716446798748958
Treatment→Discharge,с учётом цензуры,7.873286141990667,0.9295046396072711,0.0704953603927289
Treatment→Discharge,с учётом цензуры,7.921293984319878,0.9306355217780509,0.06936447822194915
Treatment→Discharge,с учётом цензуры,7.969301826649089,0.9317482624076417,0.06825173759235828
Treatment→Discharge,с учётом цензуры,8.017309668978301,0.9328431525215151,0.06715684747848495
Treatment→Discharge,с учётом цензуры,8.065317511307512,0.9339204784765296,0.06607952152347041
Treatment→Discharge,с учётом цензуры,8.113325353636723,0.9349805220358254,0.0650194779641746
Treatment→Discharge,с учётом цензуры,8.161333195965936,0.9360235604425158,0.06397643955748428
Treatment→Discharge,с учётом цензуры,8.209341038295147,0.9370498664921971,0.06295013350780289
Treatment→Discharge,с учётом цензуры,8.257348880624358,0.9380597086042961,0.06194029139570384
Treatment→Discharge,с учётом цензуры,8.305356722953569,0.9390533508922718,0.06094664910772815
Treatment→Discharge,с учётом цензуры,8.35336456528278,0.9400310532326915,0.059968946767308476
Treatment→Discharge,с учётом цензуры,8.401372407611992,0.9409930713331988,0.0590069286668012
Treatment→Discharge,с учётом цензуры,8.449380249941203,0.9419396567993913,0.058060343200608745
Treatment→Discharge,с учётом цензуры,8.497388092270414,0.9428710572006253,0.05712894279937477
Treatment→Discharge,с учётом цензуры,8.545395934599625,0.9437875161347649,0.05621248386523517
Treatment→Discharge,с учётом цензуры,8.593403776928838,0.9446892732918926,0.05531072670810746
Treatment→Discharge,с учётом цензуры,8.641411619258049,0.9455765645169973,0.054423435483002665
Treatment→Discharge,с учётом цензуры,8.68941946158726,0.9464496218716577,0.053550378128342256
Treatment→Discharge,с учётом цензуры,8.737427303916471,0.9473086736947349,0.05269132630526509
Treatment→Discharge,с учётом цензуры,8.785435146245684,0.9481539446620922,0.0518460553379078
Treatment→Discharge,с учётом цензуры,8.833442988574895,0.9489856558453568,0.05101434415464321
Treatment→Discharge,с учётом цензуры,8.881450830904106,0.9498040247697386,0.05019597523026139
Treatment→Discharge,с учётом цензуры,8.929458673233317,0.9506092654709218,0.0493907345290782
Treatment→Discharge,с учётом цензуры,8.97746651556253,0.9514015885510434,0.04859841144895656
Treatment→Discharge,с учётом цензуры,9.02547435789174,0.9521812012337741,0.04781879876622587
Treatment→Discharge,с учётом цензуры,9.073482200220951,0.9529483074185154,0.04705169258148459
Treatment→Discharge,с учётом цензуры,9.121490042550162,0.9537031077337274,0.046296892266272656
Treatment→Discharge,с учётом цензуры,9.169497884879375,0.9544457995894007,0.04555420041059929
Treatment→Discharge,с учётом цензуры,9.217505727208586,0.9551765772286875,0.04482342277131244
Treatment→Discharge,с учётом цензуры,9.265513569537797,0.9558956317787034,0.04410436822129658
Treatment→Discharge,с учётом цензуры,9.313521411867008,0.9566031513005145,0.043396848699485444
Treatment→Discharge,с учётом цензуры,9.361529254196219,0.9572993208383234,0.04270067916167661
Treatment→Discharge,с учётом цензуры,9.409537096525431,0.9579843224678648,0.042015677532135205
Treatment→Discharge,с учётом цензуры,9.457544938854642,0.958658335344026,0.04134166465597403
Treatment→Discharge,с учётом цензуры,9.505552781183853,0.9593215357477027,0.04067846425229727
Treatment→Discharge,с учётом цензуры,9.553560623513064,0.9599740971319036,0.04002590286809633
Treatment→Discharge,с учётом цензуры,9.601568465842277,0.9606161901671151,0.03938380983288487
Treatment→Discharge,с учётом цензуры,9.649576308171488,0.961247982785938,0.03875201721406194
Treatment→Discharge,с учётом цензуры,9.697584150500699,0.9618696402270092,0.038130359772990806
Treatment→Discharge,с учётом цензуры,9.74559199282991,0.9624813250782174,0.03751867492178264
Treatment→Discharge,с учётом цензуры,9.793599835159123,0.9630831973192266,0.0369168026807734
Treatment→Discharge,с учётом цензуры,9.841607677488334,0.9636754143633172,0.03632458563668286
Treatment→Discharge,с учётом цензуры,9.889615519817545,0.9642581310985553,0.03574186890144472
Treatment→Discharge,с учётом цензуры,9.937623362146756,0.9648314999283025,0.035168500071697466
Treatment→Discharge,с учётом цензуры,9.985631204475968,0.9653956708110754,0.0346043291889247
Treatment→Discharge,с учётом цензуры,10.03363904680518,0.9659507912997647,0.0340492087002353
Treatment→Discharge,с учётом цензуры,10.08164688913439,0.9664970065802276,0.033502993419772316
Treatment→Discharge,с учётом цензуры,10.129654731463601,0.9670344595092587,0.03296554049074126
Treatment→Discharge,с учётом цензуры,10.177662573792814,0.9675632906519526,0.032436709348047474
Treatment→Discharge,с учётом цензуры,10.225670416122025,0.9680836383184672,0.03191636168153274
Treatment→Discharge,с учётом цензуры,10.273678258451236,0.9685956386001983,0.03140436139980179
Treatment→Discharge,с учётом цензуры,10.321686100780447,0.969099425405371,0.030900574594628975
Treatment→Discharge,с учётом цензуры,10.369693943109658,0.9695951304940639,0.03040486950593609
Treatment→Discharge,с учётом цензуры,10.41770178543887,0.9700828835126681,0.029917116487331825
Treatment→Discharge,с учётом цензуры,10.465709627768081,0.9705628120277957,0.029437187972204282
Treatment→Discharge,с учётом цензуры,10.513717470097292,0.9710350415596429,0.028964958440357083
Treatment→Discharge,с учётом цензуры,10.561725312426503,0.971499695614819,0.02850030438518108
Treatment→Discharge,с учётом цензуры,10.609733154755716,0.9719568957186476,0.028043104281352368
Treatment→Discharge,с учётом цензуры,10.657740997084927,0.9724067614469512,0.027593238553048797
Treatment→Discharge,с учётом цензуры,10.705748839414138,0.972849410457324,0.027150589542676008
Treatment→Discharge,с учётом цензуры,10.753756681743349,0.9732849585199045,0.026715041480095462
Treatment→Discharge,с учётом цензуры,10.801764524072562,0.9737135195476541,0.02628648045234592
Treatment→Discharge,с учётом цензуры,10.849772366401773,0.9741352056261492,0.025864794373850832
Treatment→Discharge,с учётом цензуры,10.897780208730984,0.9745501270428966,0.025449872957103395
Treatment→Discharge,с учётом цензуры,10.945788051060195,0.9749583923161779,0.025041607683822152
Treatment→Discharge,с учётом цензуры,10.993795893389407,0.9753601082234309,0.024639891776569094
Treatment→Discharge,с учётом цензуры,11.041803735718618,0.9757553798291767,0.02424462017082328
Treatment→Discharge,с учётом цензуры,11.08981157804783,0.9761443105124978,0.023855689487502194
Treatment→Discharge,с учётом цензуры,11.13781942037704,0.9765270019940759,0.023472998005924114
Treatment→Discharge,с учётом цензуры,11.185827262706253,0.9769035543627959,0.023096445637204168
Treatment→Discharge,с учётом цензуры,11.233835105035464,0.9772740661019229,0.022725933898077134
Treatment→Discharge,с учётом цензуры,11.281842947364675,0.9776386341148599,0.022361365885140136
Treatment→Discharge,с учётом цензуры,11.329850789693886,0.9779973537504913,0.022002646249508696
Treatment→Discharge,с учётом цензуры,11.377858632023097,0.9783503188281208,0.021649681171879147
Treatment→Discharge,с учётом цензуры,11.42586647435231,0.9786976216620088,0.02130237833799123
Treatment→Discharge,с учётом цензуры,11.47387431668152,0.9790393530855157,0.020960646914484342
Treatment→Discharge,с учётом цензуры,11.521882159010731,0.9793756024748591,0.020624397525140913
Treatment→Discharge,с учётом цензуры,11.569890001339942,0.9797064577724889,0.02029354222751113
Treatment→Discharge,с учётом цензуры,11.617897843669155,0.9800320055100876,0.019967994489912416
Treatment→Discharge,с учётом цензуры,11.665905685998366,0.9803523308312019,0.01964766916879811
Treatment→Discharge,с учётом цензуры,11.713913528327577,0.980667517513511,0.01933248248648896
Treatment→Discharge,с учётом цензуры,11.761921370656788,0.9809776479907379,0.019022352009262028
Treatment→Discharge,с учётом цензуры,11.809929212986,0.981282803374209,0.018717196625791
Treatment→Discharge,с учётом цензуры,11.857937055315212,0.9815830634740675,0.01841693652593245
Treatment→Discharge,с учётом цензуры,11.905944897644423,0.9818785068201478,0.01812149317985223
Treatment→Discharge,с учётом цензуры,11.953952739973634,0.9821692106825131,0.017830789317486908
Treatment→Discharge,с учётом цензуры,12.001960582302846,0.9824552510916654,0.017544748908334594
Treatment→Discharge,с учётом цензуры,12.049968424632057,0.9827367028584301,0.01726329714156996
Treatment→Discharge,с учётом цензуры,12.097976266961268,0.9830136395935217,0.01698636040647827
Treatment→Discharge,с учётом цензуры,12.14598410929048,0.9832861337267967,0.016713866273203287
Treatment→Discharge,с учётом цензуры,12.193991951619692,0.9835542565261961,0.01644574347380395
Treatment→Discharge,с учётом цензуры,12.241999793948903,0.9838180781163849,0.016181921883615162
Treatment→Discharge,с учётом цензуры,12.290007636278114,0.9840776674970928,0.01592233250290723
Treatment→Discharge,с учётом цензуры,12.338015478607325,0.9843330925611601,0.015666907438839882
Treatment→Discharge,с учётом цензуры,12.386023320936536,0.9845844201122945,0.015415579887705493
Treatment→Discharge,с учётом цензуры,12.434031163265749,0.9848317158825426,0.015168284117457397
Treatment→Discharge,с учётом цензуры,12.48203900559496,0.9850750445494817,0.014924955450518296
Treatment→Discharge,с учётом цензуры,12.53004684792417,0.9853144697531354,0.014685530246864552
Treatment→Discharge,с учётом цензуры,12.578054690253381,0.9855500541126182,0.014449945887381827
Treatment→Discharge,с учётом цензуры,12.626062532582594,0.9857818592425124,0.014218140757487651
Treatment→Discharge,с учётом цензуры,12.674070374911805,0.986009945768983,0.013990054231016937
Treatment→Discharge,с учётом цензуры,12.722078217241016,0.9862343733456344,0.013765626654365655
Treatment→Discharge,с учётом цензуры,12.770086059570227,0.9864552006691107,0.013544799330889225
Treatment→Discharge,с учётом цензуры,12.81809390189944,0.9866724854944491,0.01332751450555096
Treatment→Discharge,с учётом цензуры,12.86610174422865,0.9868862846501831,0.013113715349816868
Treatment→Discharge,с учётом цензуры,12.914109586557862,0.9870966540532072,0.012903345946792759
Treatment→Discharge,с учётом цензуры,12.962117428887073,0.9873036487234003,0.012696351276599738
Treatment→Discharge,с учётом цензуры,13.010125271216285,0.9875073227980156,0.012492677201984407
Treatment→Discharge,с учётом цензуры,13.058133113545496,0.9877077295458402,0.012292270454159794
Treatment→Discharge,с учётом цензуры,13.106140955874707,0.9879049213811265,0.012095078618873484
Treatment→Discharge,с учётом цензуры,13.154148798203918,0.9880989498773007,0.01190105012269924
Treatment→Discharge,с учётом цензуры,13.202156640533131,0.9882898657804515,0.011710134219548462
Treatment→Discharge,с учётом цензуры,13.250164482862342,0.9884777190226018,0.01152228097739821
Treatment→Discharge,с учётом цензуры,13.298172325191553,0.9886625587347682,0.011337441265231873
Treatment→Discharge,с учётом цензуры,13.346180167520764,0.9888444332598104,0.011155566740189582
Treatment→Discharge,с учётом цензуры,13.394188009849975,0.9890233901650755,0.010976609834924577
Treatment→Discharge,с учётом цензуры,13.442195852179188,0.9891994762548375,0.010800523745162532
Treatment→Discharge,с учётом цензуры,13.490203694508399,0.9893727375825396,0.010627262417460355
Treatment→Discharge,с учётом цензуры,13.53821153683761,0.9895432194628386,0.010456780537161418
Treatment→Discharge,с учётом цензуры,13.58621937916682,0.989710966483456,0.010289033516543993
Treatment→Discharge,с учётом цензуры,13.634227221496033,0.9898760225168403,0.010123977483159765
Treatment→Discharge,с учётом цензуры,13.682235063825244,0.9900384307316404,0.009961569268359557
Treatment→Discharge,с учётом цензуры,13.730242906154455,0.9901982336039971,0.009801766396002907
Treatment→Discharge,с учётом цензуры,13.778250748483666,0.990355472928651,0.00964452707134898
Treatment→Discharge,с учётом цензуры,13.826258590812879,0.9905101898298745,0.009489810170125563
Treatment→Discharge,с учётом цензуры,13.87426643314209,0.9906624247722265,0.009337575227773438
Treatment→Discharge,с учётом цензуры,13.9222742754713,0.9908122175711367,0.009187782428863337
Treatment→Discharge,с учётом цензуры,13.970282117800512,0.9909596074033175,0.009040392596682599
Treatment→Discharge,с учётом цензуры,14.018289960129724,0.991104632817011,0.00889536718298896
Treatment→Discharge,с учётом цензуры,14.066297802458935,0.9912473317420714,0.008752668257928652
Treatment→Discharge,с учётом цензуры,14.114305644788146,0.9913877414998837,0.008612258500116246
Treatment→Discharge,с учётом цензуры,14.162313487117357,0.9915258988131264,0.008474101186873658
Treatment→Discharge,с учётом цензуры,14.21032132944657,0.9916618398153743,0.008338160184625696
Treatment→Discharge,с учётом цензуры,14.258329171775781,0.9917956000605502,0.00820439993944974
Treatment→Discharge,с учётом цензуры,14.306337014104992,0.991927214532223,0.008072785467776976
Treatment→Discharge,с учётом цензуры,14.354344856434203,0.9920567176527572,0.007943282347242819
Treatment→Examination,наивная MLE,0.0,0.0,1.0
Treatment→Examination,наивная MLE,0.002418004561214653,0.18960335477925894,0.8103966452207411
Treatment→Examination,наивная MLE,0.004836009122429306,0.31609160282929416,0.6839083971707058
Treatment→Examination,наивная MLE,0.007254013683643959,0.40351465231114986,0.5964853476888501
Treatment→Examination,наивная MLE,0.009672018244858612,0.46893249337033266,0.5310675066296673
Treatment→Examination,наивная MLE,0.012090022806073264,0.5203547209872609,0.4796452790127392
Treatment→Examination,наивная MLE,0.014508027367287919,0.5621578659182885,0.43784213408171146
Treatment→Examination,наивная MLE,0.01692603192850257,0.596986906981704,0.403013093018296
Treatment→Examination,наивная MLE,0.019344036489717224,0.6265573663564276,0.37344263364357244
Treatment→Examination,наивная MLE,0.021762041050931876,0.6520416911810932,0.34795830881890677
Treatment→Examination,наивная MLE,0.02418004561214653,0.6742742071794616,0.3257257928205383
Treatment→Examination,наивная MLE,0.02659805017336118,0.6938680594190543,0.3061319405809458
Treatment→Examination,наивная MLE,0.029016054734575837,0.7112858618766533,0.2887141381233467
Treatment→Examination,наивная MLE,0.03143405929579049,0.7268843944060822,0.2731156055939178
Treatment→Examination,наивная MLE,0.03385206385700514,0.7409439764569732,0.2590560235430268
Treatment→Examination,наивная MLE,0.036270068418219795,0.7536883969534447,0.2463116030465553
Treatment→Examination,наивная MLE,0.03868807297943445,0.7652988095962063,0.23470119040379372
Treatment→Examination,наивная MLE,0.0411060775406491,0.7759236510334732,0.22407634896652684
Treatment→Examination,наивная MLE,0.04352408210186375,0.7856858668009448,0.21431413319905523
Treatment→Examination,наивная MLE,0.045942086663078405,0.7946882716733463,0.20531172832665368
Treatment→Examination,наивная MLE,0.04836009122429306,0.8030175902856538,0.19698240971434627
Treatment→Examination,наивная MLE,0.05077809578550771,0.8107475468700516,0.18925245312994848
Treatment→Examination,наивная MLE,0.05319610034672236,0.8179412585117414,0.18205874148825868
Treatment→Examination,наивная MLE,0.055614104907937015,0.824653110651582,0.17534688934841797
Treatment→Examination,наивная MLE,0.058032109469151674,0.8309302425011573,0.16906975749884273
Treatment→Examination,наивная MLE,0.06045011403036633,0.8368137349457179,0.1631862650542822
Treatment→Examination,наивная MLE,0.06286811859158098,0.8423395689929158,0.1576604310070841
Treatment→Examination,наивная MLE,0.06528612315279562,0.8475394054334243,0.15246059456657568
Treatment→Examination,наивная MLE,0.06770412771401028,0.8524412238700637,0.1475587761299363
Treatment→Examination,наивная MLE,0.07012213227522493,0.8570698501587374,0.14293014984126262
Treatment→Examination,наивная MLE,0.07254013683643959,0.861447394586625,0.13855260541337494
Treatment→Examination,наивная MLE,0.07495814139765423,0.865593618106725,0.13440638189327503
Treatment→Examination,наивная MLE,0.0773761459588689,0.8695262401789186,0.1304737598210815
Treatment→Examination,наивная MLE,0.07979415052008355,0.8732611989035093,0.12673880109649077
Treatment→Examination,наивная MLE,0.0822121550812982,0.8768128719372099,0.12318712806279003
Treatment→Examination,наивная MLE,0.08463015964251286,0.8801942649839807,0.11980573501601932
Treatment→Examination,наивная MLE,0.0870481642037275,0.8834171733306329,0.11658282666936709
Treatment→Examination,наивная MLE,0.08946616876494216,0.886492320859326,0.11350767914067389
Treatment→Examination,наивная MLE,0.09188417332615681,0.8894294801490925,0.11057051985090749
Treatment→Examination,наивная MLE,0.09430217788737147,0.8922375766264403,0.10776242337355962
Treatment→Examination,наивная MLE,0.09672018244858611,0.8949247792033359,0.10507522079666409
Treatment→Examination,наивная MLE,0.09913818700980077,0.8974985794209837,0.10250142057901634
Treatment→Examination,наивная MLE,0.10155619157101542,0.8999658607780634,0.10003413922193666
Treatment→Examination,наивная MLE,0.10397419613223008,0.9023329596457252,0.0976670403542747
Treatment→Examination,наивная MLE,0.10639220069344472,0.9046057189457335,0.09539428105426656
Treatment→Examination,наивная MLE,0.10881020525465938,0.9067895355826103,0.09321046441738973
Treatment→Examination,наивная MLE,0.11122820981587403,0.9088894024675748,0.09111059753242523
Treatment→Examination,наивная MLE,0.11364621437708869,0.9109099458452371,0.0890900541547629
Treatment→Examination,наивная MLE,0.11606421893830335,0.9128554585285156,0.08714454147148448
Treatment→Examination,наивная MLE,0.118482223499518,0.9147299295591187,0.08527007044088131
Treatment→Examination,наивная MLE,0.12090022806073265,0.9165370707370681,0.0834629292629318
Treatment→Examination,наивная MLE,0.1233182326219473,0.9182803404005843,0.08171965959941574
Treatment→Examination,наивная MLE,0.12573623718316196,0.919962964785187,0.08003703521481303
Treatment→Examination,наивная MLE,0.12815424174437662,0.9215879572464246,0.07841204275357538
Treatment→Examination,наивная MLE,0.13057224630559125,0.9231581355928692,0.07684186440713078
Treatment→Examination,наивная MLE,0.1329902508668059,0.9246761377438383,0.07532386225616174
Treatment→Examination,наивная MLE,0.13540825542802057,0.9261444358987798,0.07385556410122021
Treatment→Examination,наивная MLE,0.13782625998923523,0.9275653493816733,0.07243465061832664
Treatment→Examination,наивная MLE,0.14024426455044986,0.9289410563035225,0.07105894369647747
Treatment→Examination,наивная MLE,0.14266226911166452,0.9302736041685392,0.06972639583146077
Treatment→Examination,наивная MLE,0.14508027367287918,0.9315649195345213,0.06843508046547869
Treatment→Examination,наивная MLE,0.14749827823409384,0.9328168168248456,0.06718318317515432
Treatment→Examination,наивная MLE,0.14991628279530847,0.9340310063781456,0.0659689936218544
Treatment→Examination,наивная MLE,0.15233428735652313,0.9352091018118583,0.06479089818814161
Treatment→Examination,наивная MLE,0.1547522919177378,0.936352626767213,0.06364737323278705
Treatment→Examination,наивная MLE,0.15717029647895245,0.9374630210956946,0.0625369789043054
Treatment→Examination,наивная MLE,0.1595883010401671,0.9385416465404273,0.061458353459572755
Treatment→Examination,наивная MLE,0.16200630560138174,0.9395897919601264,0.06041020803987359
Treatment→Examination,наивная MLE,0.1644243101625964,0.9406086781381827,0.05939132186181724
Treatment→Examination,наивная MLE,0.16684231472381106,0.9415994622149555,0.05840053778504454
Treatment→Examination,наивная MLE,0.16926031928502572,0.9425632417773937,0.05743675822260627
Treatment→Examination,наивная MLE,0.17167832384624035,0.9435010586366086,0.056498941363391404
Treatment→Examination,наивная MLE,0.174096328407455,0.9444139023209157,0.05558609767908433
Treatment→Examination,наивная MLE,0.17651433296866967,0.945302713309121,0.05469728669087907
Treatment→Examination,наивная MLE,0.17893233752988433,0.9461683860263802,0.053831613973619755
Treatment→Examination,наивная MLE,0.18135034209109896,0.947011771622785,0.052988228377214903
Treatment→Examination,наивная MLE,0.18376834665231362,0.947833680552893,0.052166319447107
Treatment→Examination,наивная MLE,0.18618635121352828,0.948634884972687,0.051365115027313016
Treatment→Examination,наивная MLE,0.18860435577474294,0.9494161209689042,0.05058387903109581
Treatment→Examination,наивная MLE,0.19102236033595757,0.9501780906342867,0.04982190936571331
Treatment→Examination,наивная MLE,0.19344036489717223,0.9509214640010673,0.04907853599893279
Treatment→Examination,наивная MLE,0.1958583694583869,0.951646880843886,0.048353119156114004
Treatment→Examination,наивная MLE,0.19827637401960155,0.9523549523623343,0.047645047637665784
Treatment→Examination,наивная MLE,0.2006943785808162,0.9530462627524166,0.04695373724758346
Treatment→Examination,наивная MLE,0.20311238314203084,0.9537213706754121,0.04627862932458794
Treatment→Examination,наивная MLE,0.2055303877032455,0.9543808106318799,0.04561918936812015
Treatment→Examination,наивная MLE,0.20794839226446016,0.955025094247892,0.04497490575210807
Treatment→Examination,наивная MLE,0.21036639682567482,0.9556547114799773,0.04434528852002278
Treatment→Examination,наивная MLE,0.21278440138688945,0.9562701317447173,0.043729868255282696
Treatment→Examination,наивная MLE,0.2152024059481041,0.9568718049784419,0.0431281950215581
Treatment→Examination,наивная MLE,0.21762041050931877,0.9574601626320264,0.04253983736797358
Treatment→Examination,наивная MLE,0.22003841507053343,0.9580356186053874,0.04196438139461251
Treatment→Examination,наивная MLE,0.22245641963174806,0.958598570125903,0.04140142987409699
Treatment→Examination,наивная MLE,0.22487442419296272,0.9591493985746489,0.040850601425351185
Treatment→Examination,наивная MLE,0.22729242875417738,0.9596884702640357,0.04031152973596434
Treatment→Examination,наивная MLE,0.22971043331539204,0.9602161371701531,0.039783862829846875
Treatment→Examination,наивная MLE,0.2321284378766067,0.9607327376228709,0.039267262377129054
Treatment→Examination,наивная MLE,0.23454644243782133,0.9612385969565153,0.038761403043484764
Treatment→Examination,наивная MLE,0.236964446999036,0.9617340281237248,0.038265971876275284
Treatment→Examination,наивная MLE,0.23938245156025065,0.962219332274896,0.03778066772510407
Treatment→Examination,наивная MLE,0.2418004561214653,0.9626947993054484,0.03730520069455158
Treatment→Examination,наивная MLE,0.24421846068267994,0.9631607083729767,0.03683929162702329
Treatment→Examination,наивная MLE,0.2466364652438946,0.9636173283862047,0.036382671613795235
Treatment→Examination,наивная MLE,0.24905446980510926,0.9640649184675214,0.03593508153247857
Treatment→Examination,наивная MLE,0.2514724743663239,0.9645037283907472,0.03549627160925279
Treatment→Examination,наивная MLE,0.2538904789275386,0.9649339989956665,0.0350660010043335
Treatment→Examination,наивная MLE,0.25630848348875324,0.9653559625807508,0.03464403741924916
Treatment→Examination,наивная MLE,0.25872648804996784,0.9657698432754007,0.034230156724599246
Treatment→Examination,наивная MLE,0.2611444926111825,0.9661758573929407,0.03382414260705931
Treatment→Examination,наивная MLE,0.26356249717239716,0.9665742137655184,0.033425786234481586
Treatment→Examination,наивная MLE,0.2659805017336118,0.966965114061981,0.03303488593801897
Treatment→Examination,наивная MLE,0.2683985062948265,0.9673487530897289,0.03265124691027109
Treatment→Examination,наивная MLE,0.27081651085604114,0.9677253190814806,0.03227468091851936
Treatment→Examination,наивная MLE,0.2732345154172558,0.968094993967822,0.031905006032178065
Treatment→Examination,наивная MLE,0.27565251997847046,0.9684579536363527,0.031542046363647276
Treatment→Examination,наивная MLE,0.2780705245396851,0.9688143681781951,0.031185631821804862
Treatment→Examination,наивная MLE,0.2804885291008997,0.9691644021225747,0.030835597877425333
Treatment→Examination,наивная MLE,0.2829065336621144,0.9695082146601419,0.030491785339858073
Treatment→Examination,наивная MLE,0.28532453822332904,0.9698459598556599,0.03015404014434004
Treatment→Examination,наивная MLE,0.2877425427845437,0.9701777868506429,0.029822213149357107
Treatment→Examination,наивная MLE,0.29016054734575836,0.9705038400564941,0.029496159943505823
Treatment→Examination,наивная MLE,0.292578551906973,0.9708242593386602,0.029175740661339752
Treatment→Examination,наивная MLE,0.2949965564681877,0.9711391801922824,0.028860819807717545
Treatment→Examination,наивная MLE,0.29741456102940234,0.971448733909801,0.028551266090198993
Treatment→Examination,наивная MLE,0.29983256559061694,0.9717530477409376,0.0282469522590624
Treatment→Examination,наивная MLE,0.3022505701518316,0.9720522450454571,0.027947754954542905
Treatment→Examination,наивная MLE,0.30466857471304626,0.9723464454390853,0.027653554560914683
Treatment→Examination,наивная MLE,0.3070865792742609,0.9726357649329375,0.0273642350670625
Treatment→Examination,наивная MLE,0.3095045838354756,0.9729203160667907,0.02707968393320929
Treatment→Examination,наивная MLE,0.31192258839669024,0.9732002080365149,0.026799791963485094
Treatment→Examination,наивная MLE,0.3143405929579049,0.9734755468159585,0.026524453184041546
Treatment→Examination,наивная MLE,0.31675859751911956,0.9737464352735671,0.026253564726432883
Treatment→Examination,наивная MLE,0.3191766020803342,0.9740129732839995,0.02598702671600045
Treatment→Examination,наивная MLE,0.3215946066415488,0.9742752578349876,0.025724742165012394
Treatment→Examination,наивная MLE,0.3240126112027635,0.9745333831296756,0.025466616870324407
Treatment→Examination,наивная MLE,0.32643061576397814,0.9747874406846596,0.02521255931534037
Treatment→Examination,наивная MLE,0.3288486203251928,0.9750375194239359,0.024962480576064046
Treatment→Examination,наивная MLE,0.33126662488640746,0.9752837057689556,0.024716294231044413
Treatment→Examination,наивная MLE,0.3336846294476221,0.9755260837249715,0.02447391627502849
Treatment→Examination,наивная MLE,0.3361026340088368,0.9757647349638557,0.02423526503614421
Treatment→Examination,наивная MLE,0.33852063857005144,0.9759997389035522,0.02400026109644786
Treatment→Examination,наивная MLE,0.34093864313126604,0.976231172784323,0.023768827215676917
Treatment→Examination,наивная MLE,0.3433566476924807,0.9764591117419404,0.023540888258059535
Treatment→Examination,наивная MLE,0.34577465225369536,0.9766836288779613,0.023316371122038607
Treatment→Examination,наивная MLE,0.34819265681491,0.9769047953272234,0.023095204672776575
Treatment→Examination,наивная MLE,0.3506106613761247,0.9771226803226866,0.022877319677313396
Treatment→Examination,наивная MLE,0.35302866593733934,0.9773373512577423,0.02266264874225763
Treatment→Examination,наивная MLE,0.355446670498554,0.9775488737461041,0.02245112625389584
Treatment→Examination,наивная MLE,0.35786467505976866,0.9777573116793882,0.022242688320611843
Treatment→Examination,наивная MLE,0.3602826796209833,0.9779627272824866,0.022037272717513424
Treatment→Examination,наивная MLE,0.3627006841821979,0.9781651811668324,0.021834818833167593
Treatment→Examination,наивная MLE,0.3651186887434126,0.9783647323816471,0.021635267618352917
Treatment→Examination,наивная MLE,0.36753669330462724,0.9785614384632606,0.021438561536739405
Treatment→Examination,наивная MLE,0.3699546978658419,0.9787553554825869,0.02124464451741315
Treatment→Examination,наивная MLE,0.37237270242705656,0.9789465380908348,0.02105346190916524
Treatment→Examination,наивная MLE,0.3747907069882712,0.9791350395635303,0.02086496043646967
Treatment→Examination,наивная MLE,0.3772087115494859,0.979320911842922,0.020679088157077932
Treatment→Examination,наивная MLE,0.37962671611070054,0.9795042055788385,0.020495794421161496
Treatment→Examination,наивная MLE,0.38204472067191514,0.9796849701680627,0.020315029831937323
Treatment→Examination,наивная MLE,0.3844627252331298,0.9798632537922862,0.020136746207713732
Treatment→Examination,наивная MLE,0.38688072979434446,0.9800391034547022,0.01996089654529777
Treatment→Examination,наивная MLE,0.3892987343555591,0.9802125650152925,0.019787434984707468
Treatment→Examination,наивная MLE,0.3917167389167738,0.9803836832248648,0.019616316775135166
Treatment→Examination,наивная MLE,0.39413474347798844,0.9805525017578892,0.019447498242110835
Treatment→Examination,наивная MLE,0.3965527480392031,0.9807190632441837,0.019280936755816373
Treatment→Examination,наивная MLE,0.39897075260041776,0.9808834092994957,0.01911659070050436
Treatment→Examination,наивная MLE,0.4013887571616324,0.9810455805550234,0.018954419444976525
Treatment→Examination,наивная MLE,0.403806761722847,0.9812056166859201,0.01879438331407992
Treatment→Examination,наивная MLE,0.4062247662840617,0.9813635564388201,0.01863644356117993
Treatment→Examination,наивная MLE,0.40864277084527634,0.9815194376584285,0.018480562341571458
Treatment→Examination,наивная MLE,0.411060775406491,0.9816732973132082,0.018326702686791766
Treatment→Examination,наивная MLE,0.41347877996770566,0.9818251715202012,0.018174828479798805
Treatment→Examination,наивная MLE,0.4158967845289203,0.9819750955690177,0.01802490443098223
Treatment→Examination,наивная MLE,0.418314789090135,0.9821231039450257,0.017876896054974358
Treatment→Examination,наивная MLE,0.42073279365134963,0.9822692303517698,0.017730769648230175
Treatment→Examination,наивная MLE,0.42315079821256424,0.9824135077326526,0.017586492267347376
Treatment→Examination,наивная MLE,0.4255688027737789,0.9825559682919024,0.01744403170809758
Treatment→Examination,наивная MLE,0.42798680733499356,0.9826966435148575,0.01730335648514244
Treatment→Examination,наивная MLE,0.4304048118962082,0.9828355641875918,0.01716443581240828
Treatment→Examination,наивная MLE,0.4328228164574229,0.9829727604159052,0.01702723958409478
Treatment→Examination,наивная MLE,0.43524082101863754,0.9831082616437058,0.016891738356294168
Treatment→Examination,наивная MLE,0.4376588255798522,0.9832420966708021,0.016757903329197927
Treatment→Examination,наивная MLE,0.44007683014106685,0.9833742936701304,0.016625706329869625
Treatment→Examination,наивная MLE,0.4424948347022815,0.983504880204437,0.016495119795562944
Treatment→Examination,наивная MLE,0.4449128392634961,0.9836338832424351,0.0163661167575649
Treatment→Examination,наивная MLE,0.4473308438247108,0.9837613291744548,0.016238670825545195
Treatment→Examination,наивная MLE,0.44974884838592544,0.9838872438276063,0.016112756172393685
Treatment→Examination,наивная MLE,0.4521668529471401,0.9840116524804722,0.01598834751952778
Treatment→Examination,наивная MLE,0.45458485750835476,0.9841345798773464,0.01586542012265352
Treatment→Examination,наивная MLE,0.4570028620695694,0.9842560502420362,0.01574394975796379
Treatment→Examination,наивная MLE,0.4594208666307841,0.9843760872912416,0.015623912708758432
Treatment→Examination,наивная MLE,0.46183887119199873,0.9844947142475289,0.015505285752471102
Treatment→Examination,наивная MLE,0.4642568757532134,0.9846119538519112,0.015388046148088762
Treatment→Examination,наивная MLE,0.466674880314428,0.9847278283760499,0.015272171623950158
Treatment→Examination,наивная MLE,0.46909288487564266,0.9848423596340903,0.015157640365909723
Treatment→Examination,наивная MLE,0.4715108894368573,0.9849555689941452,0.015044431005854812
Treatment→Examination,наивная MLE,0.473928893998072,0.9850674773894365,0.014932522610563586
Treatment→Examination,наивная MLE,0.47634689855928664,0.9851781053291078,0.014821894670892196
Treatment→Examination,наивная MLE,0.4787649031205013,0.9852874729087201,0.014712527091279853
Treatment→Examination,наивная MLE,0.48118290768171595,0.9853955998204388,0.01460440017956118
Treatment→Examination,наивная MLE,0.4836009122429306,0.9855025053629248,0.014497494637075165
Treatment→Examination,наивная MLE,0.4860189168041452,0.9856082084509389,0.014391791549061082
Treatment→Examination,наивная MLE,0.4884369213653599,0.9857127276246685,0.014287272375331422
Treatment→Examination,наивная MLE,0.49085492592657454,0.985816081058787,0.014183918941212962
Treatment→Examination,наивная MLE,0.4932729304877892,0.9859182865712531,0.014081713428746829
Treatment→Examination,наивная MLE,0.49569093504900386,0.9860193616318611,0.013980638368138927
Treatment→Examination,наивная MLE,0.4981089396102185,0.9861193233705471,0.013880676629452951
Treatment→Examination,наивная MLE,0.5005269441714332,0.9862181885854626,0.013781811414537428
Treatment→Examination,наивная MLE,0.5029449487326478,0.9863159737508203,0.013684026249179727
Treatment→Examination,наивная MLE,0.5053629532938625,0.9864126950245208,0.013587304975479244
Treatment→Examination,наивная MLE,0.5077809578550772,0.986508368255567,0.013491631744432969
Treatment→Examination,наивная MLE,0.5101989624162918,0.9866030089912734,0.013396991008726569
Treatment→Examination,наивная MLE,0.5126169669775065,0.9866966324842759,0.013303367515724175
Treatment→Examination,наивная MLE,0.5150349715387211,0.9867892536993491,0.013210746300650899
Treatment→Examination,наивная MLE,0.5174529760999357,0.9868808873200382,0.013119112679961766
Treatment→Examination,наивная MLE,0.5198709806611503,0.9869715477551089,0.013028452244891109
Treatment→Examination,наивная MLE,0.522288985222365,0.9870612491448231,0.012938750855176937
Treatment→Examination,наивная MLE,0.5247069897835797,0.9871500053670453,0.012849994632954718
Treatment→Examination,наивная MLE,0.5271249943447943,0.9872378300431848,0.012762169956815245
Treatment→Examination,наивная MLE,0.529542998906009,0.9873247365439785,0.01267526345602158
Treatment→Examination,наивная MLE,0.5319610034672236,0.9874107379951199,0.01258926200488013
Treatment→Examination,наивная MLE,0.5343790080284383,0.987495847282739,0.012504152717260991
Treatment→Examination,наивная MLE,0.536797012589653,0.9875800770587366,0.012419922941263317
Treatment→Examination,наивная MLE,0.5392150171508676,0.9876634397459791,0.012336560254020898
Treatment→Examination,наивная MLE,0.5416330217120823,0.9877459475433561,0.012254052456643936
Treatment→Examination,наивная MLE,0.5440510262732969,0.9878276124307072,0.012172387569292795
Treatment→Examination,наивная MLE,0.5464690308345116,0.9879084461736202,0.012091553826379815
Treatment→Examination,наивная MLE,0.5488870353957263,0.9879884603281046,0.012011539671895386
Treatment→Examination,наивная MLE,0.5513050399569409,0.9880676662451457,0.01193233375485426
Treatment→Examination,наивная MLE,0.5537230445181556,0.9881460750751409,0.011853924924859116
Treatment→Examination,наивная MLE,0.5561410490793702,0.9882236977722229,0.011776302227777187
Treatment→Examination,наивная MLE,0.5585590536405848,0.9883005450984728,0.011699454901527294
Treatment→Examination,наивная MLE,0.5609770582017994,0.9883766276280265,0.011623372371973532
Treatment→Examination,наивная MLE,0.5633950627630141,0.9884519557510772,0.011548044248922727
Treatment→Examination,наивная MLE,0.5658130673242288,0.9885265396777774,0.011473460322222644
Treatment→Examination,наивная MLE,0.5682310718854434,0.9886003894420422,0.011399610557957848
Treatment→Examination,наивная MLE,0.5706490764466581,0.9886735149052592,0.011326485094740735
Treatment→Examination,наивная MLE,0.5730670810078727,0.9887459257599055,0.01125407424009451
Treatment→Examination,наивная MLE,0.5754850855690874,0.9888176315330741,0.011182368466925895
Treatment→Examination,наивная MLE,0.577903090130302,0.9888886415899151,0.011111358410084905
Treatment→Examination,наивная MLE,0.5803210946915167,0.9889589651369911,0.011041034863008855
Treatment→Examination,наивная MLE,0.5827390992527314,0.9890286112255511,0.010971388774448958
Treatment→Examination,наивная MLE,0.585157103813946,0.9890975887547238,0.010902411245276297
Treatment→Examination,наивная MLE,0.5875751083751607,0.9891659064746343,0.010834093525365658
Treatment→Examination,наивная MLE,0.5899931129363754,0.9892335729894454,0.010766427010554608
Treatment→Examination,наивная MLE,0.59241111749759,0.989300596760324,0.010699403239675997
Treatment→Examination,наивная MLE,0.5948291220588047,0.9893669861083385,0.010633013891661507
Treatment→Examination,наивная MLE,0.5972471266200193,0.9894327492172853,0.010567250782714725
Treatment→Examination,наивная MLE,0.5996651311812339,0.9894978941364485,0.01050210586355146
Treatment→Examination,наивная MLE,0.6020831357424485,0.9895624287832946,0.010437571216705412
Treatment→Examination,наивная MLE,0.6045011403036632,0.989626360946102,0.010373639053898018
Treatment→Examination,наивная MLE,0.6069191448648779,0.9896896982865303,0.010310301713469684
Treatment→Examination,наивная MLE,0.6093371494260925,0.9897524483421282,0.010247551657871872
Treatment→Examination,наивная MLE,0.6117551539873072,0.9898146185287826,0.010185381471217416
Treatment→Examination,наивная MLE,0.6141731585485218,0.9898762161431117,0.01012378385688827
Treatment→Examination,наивная MLE,0.6165911631097365,0.9899372483648016,0.010062751635198458
Treatment→Examination,наивная MLE,0.6190091676709512,0.9899977222588886,0.010002277741111423
Treatment→Examination,наивная MLE,0.6214271722321658,0.9900576447779903,0.009942355222009727
Treatment→Examination,наивная MLE,0.6238451767933805,0.990117022764484,0.009882977235516054
Treatment→Examination,наивная MLE,0.6262631813545951,0.9901758629526358,0.009824137047364229
Treatment→Examination,наивная MLE,0.6286811859158098,0.9902341719706815,0.009765828029318463
Treatment→Examination,наивная MLE,0.6310991904770245,0.9902919563428598,0.0097080436571402
Treatment→Examination,наивная MLE,0.6335171950382391,0.9903492224913993,0.009650777508600654
Treatment→Examination,наивная MLE,0.6359351995994538,0.9904059767384614,0.009594023261538612
Treatment→Examination,наивная MLE,0.6383532041606684,0.9904622253080386,0.00953777469196134
Treatment→Examination,наивная MLE,0.640771208721883,0.9905179743278114,0.00948202567218861
Treatment→Examination,наивная MLE,0.6431892132830976,0.9905732298309624,0.009426770169037637
Treatment→Examination,наивная MLE,0.6456072178443123,0.9906279977579513,0.009372002242048691
Treatment→Examination,наивная MLE,0.648025222405527,0.99068228395825,0.009317716041750008
Treatment→Examination,наивная MLE,0.6504432269667416,0.9907360941920391,0.009263905807960904
Treatment→Examination,наивная MLE,0.6528612315279563,0.9907894341318677,0.00921056586813232
Treatment→Examination,наивная MLE,0.6552792360891709,0.9908423093642763,0.009157690635723694
Treatment→Examination,наивная MLE,0.6576972406503856,0.9908947253913846,0.009105274608615443
Treatment→Examination,наивная MLE,0.6601152452116003,0.9909466876324441,0.009053312367555928
Treatment→Examination,наивная MLE,0.6625332497728149,0.9909982014253579,0.009001798574642136
Treatment→Examination,наивная MLE,0.6649512543340296,0.9910492720281668,0.008950727971833203
Treatment→Examination,наивная MLE,0.6673692588952442,0.9910999046205039,0.00890009537949613
Treatment→Examination,наивная MLE,0.6697872634564589,0.9911501043050174,0.008849895694982571
Treatment→Examination,наивная MLE,0.6722052680176736,0.9911998761087637,0.00880012389123627
Treatment→Examination,наивная MLE,0.6746232725788882,0.9912492249845699,0.008750775015430035
Treatment→Examination,наивная MLE,0.6770412771401029,0.9912981558123681,0.008701844187631914
Treatment→Examination,наивная MLE,0.6794592817013175,0.9913466734005005,0.008653326599499439
Treatment→Examination,наивная MLE,0.6818772862625321,0.9913947824869983,0.00860521751300171
Treatment→Examination,наивная MLE,0.6842952908237467,0.9914424877408319,0.008557512259168142
Treatment→Examination,наивная MLE,0.6867132953849614,0.9914897937631364,0.008510206236863641
Treatment→Examination,наивная MLE,0.6891312999461761,0.9915367050884106,0.008463294911589368
Treatment→Examination,наивная MLE,0.6915493045073907,0.9915832261856915,0.008416773814308536
Treatment→Examination,наивная MLE,0.6939673090686054,0.9916293614597035,0.008370638540296538
Treatment→Examination,наивная MLE,0.69638531362982,0.991675115251985,0.008324884748014995
Treatment→Examination,наивная MLE,0.6988033181910347,0.9917204918419911,0.008279508158008986
Treatment→Examination,наивная MLE,0.7012213227522494,0.9917654954481729,0.00823450455182705
Treatment→Examination,наивная MLE,0.703639327313464,0.9918101302290366,0.008189869770963348
Treatment→Examination,наивная MLE,0.7060573318746787,0.9918544002841787,0.00814559971582127
Treatment→Examination,наивная MLE,0.7084753364358933,0.9918983096553015,0.008101690344698535
Treatment→Examination,наивная MLE,0.710893340997108,0.9919418623272074,0.008058137672792568
Treatment→Examination,наивная MLE,0.7133113455583227,0.9919850622287737,0.008014937771226256
Treatment→Examination,наивная MLE,0.7157293501195373,0.9920279132339067,0.007972086766093263
Treatment→Examination,наивная MLE,0.718147354680752,0.9920704191624774,0.007929580837522588
Treatment→Examination,наивная MLE,0.7205653592419666,0.992112583781238,0.007887416218762
Treatment→Examination,наивная MLE,0.7229833638031812,0.9921544108047204,0.007845589195279556
Treatment→Examination,с учётом цензуры,0.0,0.0,1.0
Treatment→Examination,с учётом цензуры,0.002418004561214653,0.18201806880745064,0.8179819311925494
Treatment→Examination,с учётом цензуры,0.004836009122429306,0.30465412969749733,0.6953458703025026
Treatment→Examination,с учётом цензуры,0.007254013683643959,0.39010645834879326,0.6098935416512068
Treatment→Examination,с учётом цензуры,0.009672018244858612,0.4544519968875884,0.5455480031124116
Treatment→Examination,с учётом цензуры,0.012090022806073264,0.5052932003456189,0.49470679965438114
Treatment→Examination,с учётом цензуры,0.014508027367287919,0.5468070829524766,0.4531929170475234
Treatment→Examination,с учётом цензуры,0.01692603192850257,0.5815296262433921,0.4184703737566079
Treatment→Examination,с учётом цензуры,0.019344036489717224,0.6111121794288197,0.3888878205711803
Treatment→Examination,с учётом цензуры,0.021762041050931876,0.6366872963670691,0.3633127036329309
Treatment→Examination,с учётом цензуры,0.02418004561214653,0.6590634658051441,0.3409365341948559
Treatment→Examination,с учётом цензуры,0.02659805017336118,0.6788365618872617,0.3211634381127383
Treatment→Examination,с учётом цензуры,0.029016054734575837,0.6964573647947425,0.3035426352052575
Treatment→Examination,с учётом цензуры,0.03143405929579049,0.7122743874816791,0.28772561251832085
Treatment→Examination,с учётом цензуры,0.03385206385700514,0.7265620869668802,0.2734379130331198
Treatment→Examination,с учётом цензуры,0.036270068418219795,0.7395400477737186,0.2604599522262813
Treatment→Examination,с учётом цензуры,0.03868807297943445,0.7513863845102182,0.24861361548978178
Treatment→Examination,с учётом цензуры,0.0411060775406491,0.7622473270278836,0.23775267297211639
Treatment→Examination,с учётом цензуры,0.04352408210186375,0.7722442166573895,0.22775578334261048
Treatment→Examination,с учётом цензуры,0.045942086663078405,0.7814787052815124,0.21852129471848758
Treatment→Examination,с учётом цензуры,0.04836009122429306,0.7900366809509513,0.20996331904904875
Treatment→Examination,с учётом цензуры,0.05077809578550771,0.797991274488215,0.20200872551178495
Treatment→Examination,с учётом цензуры,0.05319610034672236,0.8054051919247545,0.19459480807524548
Treatment→Examination,с учётом цензуры,0.055614104907937015,0.8123325450370088,0.1876674549629912
Treatment→Examination,с учётом цензуры,0.058032109469151674,0.8188203032043251,0.18117969679567497
Treatment→Examination,с учётом цензуры,0.06045011403036633,0.8249094560637864,0.17509054393621354
Treatment→Examination,с учётом цензуры,0.06286811859158098,0.8306359528265014,0.16936404717349862
Treatment→Examination,с учётом цензуры,0.06528612315279562,0.8360314673504332,0.16396853264956673
Treatment→Examination,с учётом цензуры,0.06770412771401028,0.8411240259883512,0.1588759740116487
Treatment→Examination,с учётом цензуры,0.07012213227522493,0.8459385264212457,0.15406147357875433
Treatment→Examination,с учётом цензуры,0.07254013683643959,0.8504971691871961,0.14950283081280386
Treatment→Examination,с учётом цензуры,0.07495814139765423,0.8548198187660458,0.14518018123395415
Treatment→Examination,с учётом цензуры,0.0773761459588689,0.8589243074253964,0.14107569257460362
Treatment→Examination,с учётом цензуры,0.07979415052008355,0.8628266922530025,0.13717330774699754
Treatment→Examination,с учётом цензуры,0.0822121550812982,0.8665414736667539,0.13345852633324606
Treatment→Examination,с учётом цензуры,0.08463015964251286,0.8700817820422097,0.12991821795779035
Treatment→Examination,с учётом цензуры,0.0870481642037275,0.8734595378100458,0.12654046218995418
Treatment→Examination,с учётом цензуры,0.08946616876494216,0.8766855893644011,0.12331441063559889
Treatment→Examination,с учётом цензуры,0.09188417332615681,0.8797698323232526,0.12023016767674743
Treatment→Examination,с учётом цензуры,0.09430217788737147,0.8827213130453186,0.1172786869546813
Treatment→Examination,с учётом цензуры,0.09672018244858611,0.8855483187981406,0.11445168120185939
Treatment→Examination,с учётом цензуры,0.09913818700980077,0.8882584565613486,0.11174154343865139
Treatment→Examination,с учётом цензуры,0.10155619157101542,0.8908587221165549,0.10914127788344513
Treatment→Examination,с учётом цензуры,0.10397419613223008,0.8933555608045762,0.10664443919542377
Treatment→Examination,с учётом цензуры,0.10639220069344472,0.89575492110921,0.1042450788907901
Treatment→Examination,с учётом цензуры,0.10881020525465938,0.8980623020447314,0.10193769795526858
Treatment→Examination,с учётом цензуры,0.11122820981587403,0.9002827951739814,0.09971720482601859
Treatment→Examination,с учётом цензуры,0.11364621437708869,0.9024211219592819,0.09757887804071813
Treatment→Examination,с учётом цензуры,0.11606421893830335,0.9044816670446574,0.09551833295534262
Treatment→Examination,с учётом цензуры,0.118482223499518,0.9064685079811243,0.09353149201887567
Treatment→Examination,с учётом цензуры,0.12090022806073265,0.9083854418340491,0.09161455816595082
Treatment→Examination,с учётом цензуры,0.1233182326219473,0.9102360090503281,0.08976399094967197
Treatment→Examination,с учётом цензуры,0.12573623718316196,0.9120235149113876,0.0879764850886125
Treatment→Examination,с учётом цензуры,0.12815424174437662,0.9137510488541474,0.08624895114585257
Treatment→Examination,с учётом цензуры,0.13057224630559125,0.915421501904784,0.08457849809521595
Treatment→Examination,с учётом цензуры,0.1329902508668059,0.9170375824383269,0.08296241756167311
Treatment→Examination,с учётом цензуры,0.13540825542802057,0.9186018304499082,0.08139816955009188
Treatment→Examination,с учётом цензуры,0.13782625998923523,0.9201166305001454,0.0798833694998547
Treatment→Examination,с учётом цензуры,0.14024426455044986,0.9215842234770596,0.07841577652294038
Treatment→Examination,с учётом цензуры,0.14266226911166452,0.9230067172996193,0.0769932827003807
Treatment→Examination,с учётом цензуры,0.14508027367287918,0.9243860966730274,0.07561390332697263
Treatment→Examination,с учётом цензуры,0.14749827823409384,0.9257242319928997,0.07427576800710033
Treatment→Examination,с учётом цензуры,0.14991628279530847,0.9270228874842097,0.07297711251579028
Treatment→Examination,с учётом цензуры,0.15233428735652313,0.9282837286510602,0.07171627134893972
Treatment→Examination,с учётом цензуры,0.1547522919177378,0.9295083291047818,0.07049167089521827
Treatment→Examination,с учётом цензуры,0.15717029647895245,0.9306981768303642,0.06930182316963586
Treatment→Examination,с учётом цензуры,0.1595883010401671,0.9318546799446712,0.06814532005532876
Treatment→Examination,с учётом цензуры,0.16200630560138174,0.9329791719941185,0.06702082800588147
Treatment→Examination,с учётом цензуры,0.1644243101625964,0.9340729168344302,0.06592708316556989
Treatment→Examination,с учётом цензуры,0.16684231472381106,0.9351371131306196,0.06486288686938034
Treatment→Examination,с учётом цензуры,0.16926031928502572,0.936172898511394,0.06382710148860607
Treatment→Examination,с учётом цензуры,0.17167832384624035,0.9371813534086884,0.06281864659131159
Treatment→Examination,с учётом цензуры,0.174096328407455,0.9381635046099498,0.06183649539005022
Treatment→Examination,с учётом цензуры,0.17651433296866967,0.9391203285480345,0.0608796714519655
Treatment→Examination,с учётом цензуры,0.17893233752988433,0.9400527543511524,0.05994724564884754
Treatment→Examination,с учётом цензуры,0.18135034209109896,0.9409616666731111,0.05903833332688892
Treatment→Examination,с учётом цензуры,0.18376834665231362,0.9418479083221745,0.0581520916778255
Treatment→Examination,с учётом цензуры,0.18618635121352828,0.9427122827051241,0.057287717294875924
Treatment→Examination,с учётом цензуры,0.18860435577474294,0.9435555561015552,0.05644444389844481
Treatment→Examination,с учётом цензуры,0.19102236033595757,0.9443784597820589,0.05562154021794111
Treatment→Examination,с учётом цензуры,0.19344036489717223,0.9451816919826928,0.05481830801730725
Treatment→Examination,с учётом цензуры,0.1958583694583869,0.9459659197470263,0.05403408025297379
Treatment→Examination,с учётом цензуры,0.19827637401960155,0.9467317806460421,0.05326821935395782
Treatment→Examination,с учётом цензуры,0.2006943785808162,0.94747988438527,0.05252011561473005
Treatment→Examination,с учётом цензуры,0.20311238314203084,0.9482108143077079,0.05178918569229202
Treatment→Examination,с учётом цензуры,0.2055303877032455,0.94892512880036,0.05107487119964007
Treatment→Examination,с учётом цензуры,0.20794839226446016,0.9496233626115389,0.05037663738846115
Treatment→Examination,с учётом цензуры,0.21036639682567482,0.9503060280854934,0.049693971914506634
Treatment→Examination,с учётом цензуры,0.21278440138688945,0.9509736163203633,0.049026383679636715
Treatment→Examination,с учётом цензуры,0.2152024059481041,0.9516265982549762,0.048373401745023775
Treatment→Examination,с учётом цензуры,0.21762041050931877,0.952265425689548,0.047734574310451985
Treatment→Examination,с учётом цензуры,0.22003841507053343,0.9528905322449404,0.04710946775505962
Treatment→Examination,с учётом цензуры,0.22245641963174806,0.9535023342647584,0.046497665735241646
Treatment→Examination,с учётом цензуры,0.22487442419296272,0.9541012316642297,0.04589876833577028
Treatment→Examination,с учётом цензуры,0.22729242875417738,0.9546876087295024,0.04531239127049754
Treatment→Examination,с учётом цензуры,0.22971043331539204,0.9552618348707118,0.04473816512928817
Treatment→Examination,с учётом цензуры,0.2321284378766067,0.9558242653319137,0.04417573466808631
Treatment→Examination,с учётом цензуры,0.23454644243782133,0.9563752418607439,0.04362475813925619
Treatment→Examination,с учётом цензуры,0.236964446999036,0.9569150933404487,0.043084906659551364
Treatment→Examination,с учётом цензуры,0.23938245156025065,0.9574441363867351,0.042555863613264924
Treatment→Examination,с учётом цензуры,0.2418004561214653,0.9579626759117068,0.042037324088293165
Treatment→Examination,с учётом цензуры,0.24421846068267994,0.9584710056569885,0.041528994343011466
Treatment→Examination,с учётом цензуры,0.2466364652438946,0.9589694086979865,0.041030591302013454
Treatment→Examination,с учётом цензуры,0.24905446980510926,0.9594581579210961,0.04054184207890386
Treatment→Examination,с учётом цензуры,0.2514724743663239,0.9599375164755346,0.04006248352446537
Treatment→Examination,с учётом цензуры,0.2538904789275386,0.9604077382013633,0.03959226179863671
Treatment→Examination,с учётом цензуры,0.25630848348875324,0.9608690680351503,0.039130931964849715
Treatment→Examination,с учётом цензуры,0.25872648804996784,0.961321742394627,0.03867825760537297
Treatment→Examination,с учётом цензуры,0.2611444926111825,0.9617659895435974,0.038234010456402595
Treatment→Examination,с учётом цензуры,0.26356249717239716,0.9622020299382732,0.03779797006172678
Treatment→Examination,с учётом цензуры,0.2659805017336118,0.962630076556131,0.037369923443869045
Treatment→Examination,с учётом цензуры,0.2683985062948265,0.9630503352083102,0.036949664791689846
Treatment→Examination,с учётом цензуры,0.27081651085604114,0.9634630048365082,0.03653699516349188
Treatment→Examination,с учётом цензуры,0.2732345154172558,0.9638682777952607,0.03613172220473923
Treatment→Examination,с учётом цензуры,0.27565251997847046,0.9642663401204428,0.03573365987955721
Treatment→Examination,с учётом цензуры,0.2780705245396851,0.9646573717847662,0.03534262821523386
Treatment→Examination,с учётом цензуры,0.2804885291008997,0.9650415469410051,0.034958453058994934
Treatment→Examination,с учётом цензуры,0.2829065336621144,0.9654190341536312,0.03458096584636883
Treatment→Examination,с учётом цензуры,0.28532453822332904,0.9657899966194967,0.034210003380503305
Treatment→Examination,с учётом цензуры,0.2877425427845437,0.9661545923781667,0.03384540762183328
Treatment→Examination,с учётом цензуры,0.29016054734575836,0.9665129745124609,0.03348702548753913
Treatment→Examination,с учётом цензуры,0.292578551906973,0.9668652913397339,0.03313470866026612
Treatment→Examination,с учётом цензуры,0.2949965564681877,0.967211686594388,0.03278831340561194
Treatment→Examination,с учётом цензуры,0.29741456102940234,0.9675522996020848,0.03244770039791519
Treatment→Examination,с учётом цензуры,0.29983256559061694,0.9678872654460908,0.03211273455390917
Treatment→Examination,с учётом цензуры,0.3022505701518316,0.9682167151261709,0.031783284873829074
Treatment→Examination,с учётом цензуры,0.30466857471304626,0.9685407757104134,0.031459224289586564
Treatment→Examination,с учётом цензуры,0.3070865792742609,0.9688595704803526,0.03114042951964735
Treatment→Examination,с учётом цензуры,0.3095045838354756,0.9691732190697304,0.03082678093026961
Treatment→Examination,с учётом цензуры,0.31192258839669024,0.9694818375972194,0.030518162402780564
Treatment→Examination,с учётом цензуры,0.3143405929579049,0.9697855387934134,0.030214461206586586
Treatment→Examination,с учётом цензуры,0.31675859751911956,0.9700844321223692,0.029915567877630847
Treatment→Examination,с учётом цензуры,0.3191766020803342,0.9703786238979727,0.029621376102027263
Treatment→Examination,с учётом цензуры,0.3215946066415488,0.9706682173953834,0.029331782604616604
Treatment→Examination,с учётом цензуры,0.3240126112027635,0.9709533129577976,0.02904668704220232
Treatment→Examination,с учётом цензуры,0.32643061576397814,0.9712340080987596,0.028765991901240382
Treatment→Examination,с учётом цензуры,0.3288486203251928,0.9715103976002335,0.028489602399766552
Treatment→Examination,с учётом цензуры,0.33126662488640746,0.9717825736066412,0.02821742639335879
Treatment→Examination,с учётом цензуры,0.3336846294476221,0.9720506257150574,0.02794937428494261
Treatment→Examination,с учётом цензуры,0.3361026340088368,0.9723146410617429,0.027685358938257094
Treatment→Examination,с учётом цензуры,0.33852063857005144,0.9725747044051894,0.02742529559481055
Treatment→Examination,с учётом цензуры,0.34093864313126604,0.9728308982058382,0.027169101794161748
Treatment→Examination,с учётом цензуры,0.3433566476924807,0.9730833027026262,0.026916697297373803
Treatment→Examination,с учётом цензуры,0.34577465225369536,0.9733319959865063,0.026668004013493698
Treatment→Examination,с учётом цензуры,0.34819265681491,0.9735770540710804,0.02642294592891955
Treatment→Examination,с учётом цензуры,0.3506106613761247,0.973818550960476,0.026181449039524067
Treatment→Examination,с учётом цензуры,0.35302866593733934,0.97405655871459,0.02594344128541009
Treatment→Examination,с учётом цензуры,0.355446670498554,0.9742911475118206,0.025708852488179446
Treatment→Examination,с учётом цензуры,0.35786467505976866,0.9745223857093959,0.025477614290604095
Treatment→Examination,с учётом цензуры,0.3602826796209833,0.974750339901408,0.025249660098592027
Treatment→Examination,с учётом цензуры,0.3627006841821979,0.9749750749746523,0.02502492502534767
Treatment→Examination,с учётом цензуры,0.3651186887434126,0.9751966541623696,0.024803345837630473
Treatment→Examination,с учётом цензуры,0.36753669330462724,0.9754151390959795,0.024584860904020466
Treatment→Examination,с учётом цензуры,0.3699546978658419,0.9756305898548958,0.02436941014510417
Treatment→Examination,с учётом цензуры,0.37237270242705656,0.9758430650145018,0.024156934985498257
Treatment→Examination,с учётом цензуры,0.3747907069882712,0.9760526216923675,0.0239473783076325
Treatment→Examination,с учётом цензуры,0.3772087115494859,0.9762593155927823,0.023740684407217643
Treatment→Examination,с учётом цензуры,0.37962671611070054,0.9764632010496733,0.023536798950326687
Treatment→Examination,с учётом цензуры,0.38204472067191514,0.9766643310679777,0.023335668932022283
Treatment→Examination,с учётом цензуры,0.3844627252331298,0.9768627573635343,0.023137242636465712
Treatment→Examination,с учётом цензуры,0.38688072979434446,0.9770585304015539,0.02294146959844607
Treatment→Examination,с учётом цензуры,0.3892987343555591,0.977251699433729,0.02274830056627103
Treatment→Examination,с учётом цензуры,0.3917167389167738,0.9774423125340365,0.022557687465963584
Treatment→Examination,с учётом цензуры,0.39413474347798844,0.9776304166332883,0.022369583366711736
Treatment→Examination,с учётом цензуры,0.3965527480392031,0.97781605755248,0.022183942447519932
Treatment→Examination,с учётом цензуры,0.39897075260041776,0.9779992800349857,0.02200071996501431
Treatment→Examination,с учётом цензуры,0.4013887571616324,0.9781801277776444,0.02181987222235562
Treatment→Examination,с учётом цензуры,0.403806761722847,0.9783586434607848,0.021641356539215197
Treatment→Examination,с учётом цензуры,0.4062247662840617,0.9785348687772274,0.021465131222772656
Treatment→Examination,с учётом цензуры,0.40864277084527634,0.9787088444603055,0.021291155539694476
Treatment→Examination,с учётом цензуры,0.411060775406491,0.9788806103109444,0.021119389689055534
Treatment→Examination,с учётом цензуры,0.41347877996770566,0.9790502052238333,0.02094979477616661
Treatment→Examination,с учётом цензуры,0.4158967845289203,0.9792176672127272,0.020782332787272803
Treatment→Examination,с учётом цензуры,0.418314789090135,0.9793830334349103,0.020616966565089725
Treatment→Examination,с учётом цензуры,0.42073279365134963,0.9795463402148552,0.020453659785144795
Treatment→Examination,с учётом цензуры,0.42315079821256424,0.9797076230671067,0.020292376932893354
Treatment→Examination,с учётом цензуры,0.4255688027737789,0.9798669167184197,0.02013308328158031
Treatment→Examination,с учётом цензуры,0.42798680733499356,0.9800242551291811,0.01997574487081892
Treatment→Examination,с учётом цензуры,0.4304048118962082,0.9801796715141398,0.019820328485860225
Treatment→Examination,с учётом цензуры,0.4328228164574229,0.9803331983624731,0.019666801637526838
Treatment→Examination,с учётом цензуры,0.43524082101863754,0.9804848674572129,0.019515132542787195
Treatment→Examination,с учётом цензуры,0.4376588255798522,0.9806347098940541,0.019365290105945853
Treatment→Examination,с учётом цензуры,0.44007683014106685,0.9807827560995721,0.019217243900427932
Treatment→Examination,с учётом цензуры,0.4424948347022815,0.9809290358488645,0.019070964151135468
Treatment→Examination,с учётом цензуры,0.4449128392634961,0.9810735782826449,0.018926421717355184
Treatment→Examination,с учётом цензуры,0.4473308438247108,0.9812164119238023,0.018783588076197743
Treatment→Examination,с учётом цензуры,0.44974884838592544,0.9813575646934507,0.018642435306549247
Treatment→Examination,с учётом цензуры,0.4521668529471401,0.9814970639264833,0.01850293607351667
Treatment→Examination,с учётом цензуры,0.45458485750835476,0.98163493638665,0.018365063613350045
Treatment→Examination,с учётом цензуры,0.4570028620695694,0.9817712082811765,0.018228791718823554
Treatment→Examination,с учётом цензуры,0.4594208666307841,0.9819059052749394,0.018094094725060676
Treatment→Examination,с учётом цензуры,0.46183887119199873,0.9820390525042135,0.017960947495786497
Treatment→Examination,с учётом цензуры,0.4642568757532134,0.9821706745900065,0.017829325409993463
Treatment→Examination,с учётом цензуры,0.466674880314428,0.9823007956509949,0.01769920434900508
Treatment→Examination,с учётом цензуры,0.46909288487564266,0.9824294393160751,0.017570560683924895
Treatment→Examination,с учётом цензуры,0.4715108894368573,0.9825566287365434,0.01744337126345658
Treatment→Examination,с учётом цензуры,0.473928893998072,0.9826823865979168,0.01731761340208314
Treatment→Examination,с учётом цензуры,0.47634689855928664,0.9828067351314074,0.01719326486859258
Treatment→Examination,с учётом цензуры,0.4787649031205013,0.9829296961250616,0.017070303874938318
Treatment→Examination,с учётом цензуры,0.48118290768171595,0.9830512909345767,0.01694870906542333
Treatment→Examination,с учётом цензуры,0.4836009122429306,0.9831715404938032,0.016828459506196845
Treatment→Examination,с учётом цензуры,0.4860189168041452,0.9832904653249467,0.016709534675053327
Treatment→Examination,с учётом цензуры,0.4884369213653599,0.9834080855484766,0.01659191445152347
Treatment→Examination,с учётом цензуры,0.49085492592657454,0.9835244208927518,0.016475579107248128
Treatment→Examination,с учётом цензуры,0.4932729304877892,0.9836394907033752,0.0163605092966248
Treatment→Examination,с учётом цензуры,0.49569093504900386,0.983753313952281,0.01624668604771892
Treatment→Examination,с учётом цензуры,0.4981089396102185,0.9838659092465697,0.016134090753430343
Treatment→Examination,с учётом цензуры,0.5005269441714332,0.9839772948370926,0.016022705162907405
Treatment→Examination,с учётом цензуры,0.5029449487326478,0.9840874886268,0.01591251137320007
Treatment→Examination,с учётом цензуры,0.5053629532938625,0.9841965081788553,0.015803491821144728
Treatment→Examination,с учётом цензуры,0.5077809578550772,0.9843043707245268,0.015695629275473136
Treatment→Examination,с учётом цензуры,0.5101989624162918,0.9844110931708615,0.015588906829138466
Treatment→Examination,с учётом цензуры,0.5126169669775065,0.9845166921081488,0.015483307891851194
Treatment→Examination,с учётом цензуры,0.5150349715387211,0.9846211838171813,0.015378816182818694
Treatment→Examination,с учётом цензуры,0.5174529760999357,0.9847245842763184,0.015275415723681672
Treatment→Examination,с учётом цензуры,0.5198709806611503,0.9848269091683584,0.015173090831641688
Treatment→Examination,с учётом цензуры,0.522288985222365,0.9849281738872266,0.015071826112773336
Treatment→Examination,с учётом цензуры,0.5247069897835797,0.9850283935444843,0.01497160645551565
Treatment→Examination,с учётом цензуры,0.5271249943447943,0.9851275829756627,0.014872417024337297
Treatment→Examination,с учётом цензуры,0.529542998906009,0.9852257567464303,0.014774243253569658
Treatment→Examination,с учётом цензуры,0.5319610034672236,0.9853229291585966,0.014677070841403357
Treatment→Examination,с учётом цензуры,0.5343790080284383,0.9854191142559573,0.014580885744042702
Treatment→Examination,с учётом цензуры,0.536797012589653,0.9855143258299867,0.014485674170013394
Treatment→Examination,с учётом цензуры,0.5392150171508676,0.985608577425381,0.014391422574618968
Treatment→Examination,с учётом цензуры,0.5416330217120823,0.9857018823454586,0.014298117654541375
Treatment→Examination,с учётом цензуры,0.5440510262732969,0.9857942536574186,0.014205746342581416
Treatment→Examination,с учётом цензуры,0.5464690308345116,0.9858857041974654,0.014114295802534652
Treatment→Examination,с учётом цензуры,0.5488870353957263,0.9859762465758009,0.014023753424199155
Treatment→Examination,с учётом цензуры,0.5513050399569409,0.9860658931814891,0.01393410681851088
Treatment→Examination,с учётом цензуры,0.5537230445181556,0.9861546561871972,0.013845343812802726
Treatment→Examination,с учётом цензуры,0.5561410490793702,0.9862425475538157,0.013757452446184315
Treatment→Examination,с учётом цензуры,0.5585590536405848,0.986329579034962,0.013670420965037984
Treatment→Examination,с учётом цензуры,0.5609770582017994,0.9864157621813713,0.01358423781862868
Treatment→Examination,с учётом цензуры,0.5633950627630141,0.9865011083451766,0.013498891654823438
Treatment→Examination,с учётом цензуры,0.5658130673242288,0.9865856286840821,0.013414371315917899
Treatment→Examination,с учётом цензуры,0.5682310718854434,0.9866693341654333,0.013330665834566652
Treatment→Examination,с учётом цензуры,0.5706490764466581,0.9867522355701857,0.013247764429814336
Treatment→Examination,с учётом цензуры,0.5730670810078727,0.9868343434967755,0.01316565650322452
Treatment→Examination,с учётом цензуры,0.5754850855690874,0.9869156683648961,0.013084331635103912
Treatment→Examination,с учётом цензуры,0.577903090130302,0.9869962204191812,0.013003779580818773
Treatment→Examination,с учётом цензуры,0.5803210946915167,0.9870760097327986,0.012923990267201379
Treatment→Examination,с учётом цензуры,0.5827390992527314,0.9871550462109564,0.012844953789043547
Treatment→Examination,с учётом цензуры,0.585157103813946,0.987233339594325,0.012766660405675027
Treatment→Examination,с учётом цензуры,0.5875751083751607,0.9873108994623756,0.012689100537624447
Treatment→Examination,с учётом цензуры,0.5899931129363754,0.9873877352366397,0.012612264763360321
Treatment→Examination,с учётом цензуры,0.59241111749759,0.9874638561838899,0.012536143816110104
Treatment→Examination,с учётом цензуры,0.5948291220588047,0.9875392714192451,0.012460728580754846
Treatment→Examination,с учётом цензуры,0.5972471266200193,0.9876139899092022,0.012386010090797726
Treatment→Examination,с учётом цензуры,0.5996651311812339,0.9876880204745958,0.012311979525404216
Treatment→Examination,с учётом цензуры,0.6020831357424485,0.9877613717934881,0.012238628206511877
Treatment→Examination,с учётом цензуры,0.6045011403036632,0.9878340524039919,0.01216594759600807
Treatment→Examination,с учётом цензуры,0.6069191448648779,0.9879060707070263,0.012093929292973662
Treatment→Examination,с учётом цензуры,0.6093371494260925,0.9879774349690091,0.012022565030990863
Treatment→Examination,с учётом цензуры,0.6117551539873072,0.9880481533244864,0.011951846675513628
Treatment→Examination,с учётом цензуры,0.6141731585485218,0.9881182337787013,0.0118817662212987
Treatment→Examination,с учётом цензуры,0.6165911631097365,0.988187684210104,0.011812315789896055
Treatment→Examination,с учётом цензуры,0.6190091676709512,0.9882565123728032,0.011743487627196778
Treatment→Examination,с учётом цензуры,0.6214271722321658,0.9883247258989629,0.011675274101037095
Treatment→Examination,с учётом цензуры,0.6238451767933805,0.9883923323011431,0.011607667698856933
Treatment→Examination,с учётом цензуры,0.6262631813545951,0.9884593389745883,0.011540661025411732
Treatment→Examination,с учётом цензуры,0.6286811859158098,0.988525753199464,0.011474246800535945
Treatment→Examination,с учётом цензуры,0.6310991904770245,0.9885915821430431,0.011408417856956952
Treatment→Examination,с учётом цензуры,0.6335171950382391,0.9886568328618418,0.011343167138158148
Treatment→Examination,с учётом цензуры,0.6359351995994538,0.9887215123037102,0.011278487696289783
Treatment→Examination,с учётом цензуры,0.6383532041606684,0.9887856273098736,0.011214372690126352
Treatment→Examination,с учётом цензуры,0.640771208721883,0.9888491846169304,0.011150815383069595
Treatment→Examination,с учётом цензуры,0.6431892132830976,0.9889121908588047,0.011087809141195367
Treatment→Examination,с учётом цензуры,0.6456072178443123,0.988974652568656,0.011025347431343951
Treatment→Examination,с учётом цензуры,0.648025222405527,0.9890365761807478,0.010963423819252143
Treatment→Examination,с учётом цензуры,0.6504432269667416,0.9890979680322737,0.010902031967726355
Treatment→Examination,с учётом цензуры,0.6528612315279563,0.9891588343651443,0.010841165634855657
Treatment→Examination,с учётом цензуры,0.6552792360891709,0.9892191813277365,0.010780818672263513
Treatment→Examination,с учётом цензуры,0.6576972406503856,0.9892790149766023,0.010720985023397694
Treatment→Examination,с учётом цензуры,0.6601152452116003,0.989338341278143,0.01066165872185695
Treatment→Examination,с учётом цензуры,0.6625332497728149,0.9893971661102461,0.01060283388975386
Treatment→Examination,с учётом цензуры,0.6649512543340296,0.9894554952638873,0.01054450473611263
Treatment→Examination,с учётом цензуры,0.6673692588952442,0.9895133344446986,0.010486665555301455
Treatment→Examination,с учётом цензуры,0.6697872634564589,0.989570689274502,0.010429310725498032
Treatment→Examination,с учётом цензуры,0.6722052680176736,0.9896275652928122,0.010372434707187825
Treatment→Examination,с учётом цензуры,0.6746232725788882,0.9896839679583059,0.010316032041694102
Treatment→Examination,с учётом цензуры,0.6770412771401029,0.989739902650261,0.01026009734973896
Treatment→Examination,с учётом цензуры,0.6794592817013175,0.9897953746699654,0.010204625330034679
Treatment→Examination,с учётом цензуры,0.6818772862625321,0.9898503892420955,0.010149610757904586
Treatment→Examination,с учётом цензуры,0.6842952908237467,0.9899049515160673,0.010095048483932707
Treatment→Examination,с учётом цензуры,0.6867132953849614,0.9899590665673583,0.010040933432641638
Treatment→Examination,с учётом цензуры,0.6891312999461761,0.9900127393988023,0.009987260601197681
Treatment→Examination,с учётом цензуры,0.6915493045073907,0.990065974941857,0.009934025058143007
Treatment→Examination,с учётом цензуры,0.6939673090686054,0.9901187780578462,0.009881221942153783
Treatment→Examination,с учётом цензуры,0.69638531362982,0.9901711535391761,0.009828846460823892
Treatment→Examination,с учётом цензуры,0.6988033181910347,0.9902231061105263,0.009776893889473628
Treatment→Examination,с учётом цензуры,0.7012213227522494,0.9902746404300174,0.009725359569982587
Treatment→Examination,с учётом цензуры,0.703639327313464,0.9903257610903534,0.009674238909646528
Treatment→Examination,с учётом цензуры,0.7060573318746787,0.9903764726199429,0.009623527380057152
Treatment→Examination,с учётом цензуры,0.7084753364358933,0.9904267794839952,0.009573220516004817
Treatment→Examination,с учётом цензуры,0.710893340997108,0.9904766860855968,0.009523313914403196
Treatment→Examination,с учётом цензуры,0.7133113455583227,0.9905261967667643,0.009473803233235685
Treatment→Examination,с учётом цензуры,0.7157293501195373,0.9905753158094773,0.009424684190522704
Treatment→Examination,с учётом цензуры,0.718147354680752,0.9906240474366901,0.009375952563309958
Treatment→Examination,с учётом цензуры,0.7205653592419666,0.9906723958133236,0.009327604186676445
Treatment→Examination,с учётом цензуры,0.7229833638031812,0.9907203650472374,0.00927963495276258
